Student_ID,Train_Observed_Count,Candidate_Count,Relevant_Count,Missing_Relevant_Count,Train_Observed_In_Candidates,Candidate_Signature
40211101,24,127,2,0,0,4030261|4040103|404D561|4064243|4064253|4065083|4069211|4069432|4069582|409A011|409A012|409A013|409A021|409A023|409A032|409D021|409Q072|409Q082|409Q502|409Q522|409Q702|409R181|409R481|409U053|409U163|409U313|409U403|409Z481|409Z491|409Z501|409Z511|40A8161|40B0291|40B0292|40B8932|40B9431|40B9561|40B9572|40B9651|40B9662|40BA012|40BA022|40BA052|40BA061|40BA062|40BA082|40BA092|40BA101|40BA102|40BA122|40BA131|40BA132|40BA141|40BA142|40BA152|40BA221|40BA222|40BC071|40BD012|40BD032|40BD052|40BQ031|40BQ141|40BQ311|40BQ341|40BQ381|40BQ401|40BQ421|40BQ512|40BR022|40BR032|40BR042|40BR072|40BR082|40BR122|40BR222|40BR242|40BR322|40BR472|40IA301|40IN041|40IN051|40IN101|40IN132|40IN532|40IN662|40IN672|40K0051|40K0052|40KA393|40KA513|40KE011|40KN021|40KN151|40KN152|40KN633|40KT142|40MN111|40PC101|40RQ151|40RR072|40UN010|40UN020|40UN050|40UN080|40UN120|40UN130|40UN160|40WN081|40WN191|430R063|431A241|432N082|432N351|432N442|432N861|433A011|433A012|433A021|433A022|433D012|433N062|433N171|433N262|433Q051|435R021|90B2681
40211102,28,123,3,0,0,4030261|4040103|404D561|4064243|4064253|4065083|4069203|4069211|4069432|4069582|409A011|409A012|409A013|409A021|409A023|409A032|409Q072|409Q082|409Q502|409Q522|409Q702|409R181|409R481|409U163|409U313|409U403|409Z481|409Z491|409Z501|409Z511|40A8161|40B0291|40B0292|40B8932|40B9561|40B9572|40B9651|40BA011|40BA012|40BA022|40BA052|40BA062|40BA082|40BA091|40BA092|40BA102|40BA122|40BA132|40BA142|40BA152|40BA221|40BA222|40BC071|40BD012|40BD032|40BD052|40BQ031|40BQ051|40BQ171|40BQ311|40BQ331|40BQ341|40BQ381|40BQ401|40BQ512|40BR022|40BR032|40BR042|40BR072|40BR082|40BR122|40BR222|40BR242|40BR322|40BR342|40BR372|40BR472|40IA301|40IN041|40IN051|40IN101|40IN132|40IN532|40IN662|40IN672|40K0051|40K0052|40KA393|40KN021|40KN151|40KN152|40KN633|40KT142|40MN111|40PC101|40PQ041|40RQ151|40RR072|40UN010|40UN020|40UN050|40UN070|40UN080|40UN110|40UN120|40UN130|40UN160|40WN191|430R063|431A241|432N082|432N351|432N442|432N861|433A011|433A012|433A021|433A022|433D012|433N171|433N262|435R021|90B2681
40211104,23,128,2,0,0,4030261|4040103|404D561|4064243|4064253|4065083|4069203|4069211|4069432|4069582|409A011|409A012|409A013|409A021|409A023|409A032|409D021|409Q072|409Q082|409Q502|409Q522|409Q702|409R181|409R481|409U053|409U163|409U313|409U403|409Z481|409Z491|409Z501|409Z511|40A8161|40B0292|40B8932|40B9431|40B9561|40B9572|40B9651|40B9662|40BA012|40BA022|40BA052|40BA062|40BA082|40BA092|40BA102|40BA122|40BA132|40BA142|40BA151|40BA152|40BA221|40BA222|40BC051|40BC071|40BD012|40BD032|40BD052|40BQ031|40BQ141|40BQ311|40BQ341|40BQ381|40BQ391|40BQ512|40BR022|40BR032|40BR042|40BR072|40BR082|40BR122|40BR222|40BR242|40BR322|40BR342|40BR372|40BR472|40IA301|40IN041|40IN051|40IN101|40IN132|40IN532|40IN662|40IN672|40K0051|40K0052|40KA393|40KA513|40KE011|40KN021|40KN151|40KN152|40KN633|40KT142|40MN111|40PC101|40PQ041|40RQ151|40RR072|40UN010|40UN020|40UN050|40UN070|40UN080|40UN120|40UN130|40UN160|40WN081|40WN191|430R063|431A241|432N082|432N351|432N442|432N861|433A011|433A012|433A021|433A022|433D012|433N062|433N171|433N262|433Q051|435R021|90B2681
40211105,24,127,1,0,0,4030261|4040103|404D561|4064243|4064253|4065083|4069203|4069211|4069432|4069582|409A011|409A013|409A021|409A023|409A032|409D021|409Q072|409Q502|409Q522|409Q702|409R181|409R481|409U053|409U163|409U313|409U403|409Z481|409Z491|409Z501|409Z511|40A8161|40B0292|40B8932|40B9431|40B9561|40B9572|40B9651|40B9662|40BA012|40BA022|40BA052|40BA061|40BA062|40BA081|40BA082|40BA092|40BA101|40BA102|40BA122|40BA132|40BA142|40BA152|40BA221|40BA222|40BC011|40BC021|40BC071|40BD012|40BD032|40BD052|40BQ031|40BQ311|40BQ321|40BQ331|40BQ341|40BQ381|40BQ391|40BQ512|40BR022|40BR032|40BR042|40BR072|40BR082|40BR122|40BR322|40BR342|40BR372|40BR472|40IA301|40IN041|40IN051|40IN101|40IN132|40IN532|40IN662|40IN672|40K0051|40K0052|40KA393|40KA513|40KE011|40KN021|40KN151|40KN633|40KT142|40MN111|40PC101|40PQ041|40RQ151|40RR072|40UN010|40UN050|40UN070|40UN080|40UN110|40UN120|40UN130|40UN160|40WN081|40WN191|430R063|431A241|432N082|432N351|432N442|432N861|433A011|433A012|433A021|433A022|433D012|433N062|433N171|433N262|433Q051|435R021|90B2681
40211106,25,126,1,0,0,4030261|4040103|404D561|4064243|4064253|4065083|4069203|4069211|4069432|4069582|409A011|409A013|409A021|409A023|409A032|409D021|409Q072|409Q082|409Q502|409Q522|409Q702|409R181|409R481|409U053|409U163|409U313|409U403|409Z481|409Z491|409Z501|409Z511|40A8161|40B0292|40B8932|40B9431|40B9561|40B9572|40B9651|40B9662|40BA012|40BA021|40BA022|40BA052|40BA062|40BA081|40BA082|40BA092|40BA102|40BA122|40BA132|40BA142|40BA152|40BA221|40BA222|40BC071|40BD012|40BD032|40BD052|40BQ031|40BQ171|40BQ311|40BQ341|40BQ381|40BQ391|40BQ512|40BR022|40BR032|40BR042|40BR072|40BR082|40BR122|40BR222|40BR242|40BR322|40BR342|40BR372|40BR472|40IA301|40IN041|40IN051|40IN101|40IN132|40IN532|40IN662|40IN672|40K0051|40K0052|40KA393|40KA513|40KE011|40KN021|40KN151|40KN152|40KN633|40KT142|40MN111|40PC101|40PQ041|40RQ151|40RR072|40UN010|40UN020|40UN050|40UN070|40UN080|40UN110|40UN120|40UN130|40UN160|40WN081|40WN191|430R063|431A241|432N082|432N351|433A011|433A012|433A021|433A022|433D012|433N062|433N171|433N262|433Q051|435R021|90B2681
40211108,25,126,2,0,0,4030261|4040103|404D561|4064243|4064253|4065083|4069203|4069211|4069432|4069582|409A011|409A012|409A013|409A021|409A023|409A032|409D021|409Q072|409Q082|409Q502|409Q522|409Q702|409R181|409R481|409U053|409U163|409U313|409U403|409Z501|409Z511|40A8161|40B0292|40B8932|40B9431|40B9561|40B9572|40B9651|40B9662|40BA012|40BA022|40BA052|40BA062|40BA082|40BA092|40BA101|40BA102|40BA122|40BA131|40BA132|40BA142|40BA152|40BA221|40BA222|40BC021|40BC071|40BD012|40BD032|40BD052|40BQ031|40BQ051|40BQ311|40BQ341|40BQ401|40BQ421|40BQ512|40BR022|40BR032|40BR042|40BR072|40BR082|40BR122|40BR222|40BR242|40BR322|40BR372|40BR472|40IA301|40IN041|40IN051|40IN101|40IN132|40IN532|40IN662|40IN672|40K0051|40K0052|40KA393|40KA513|40KE011|40KN021|40KN151|40KN152|40KN633|40KT142|40MN111|40PC101|40PQ041|40RQ151|40RR072|40UN010|40UN020|40UN050|40UN070|40UN080|40UN120|40UN130|40UN160|40WN081|40WN191|430R063|431A241|432N082|432N351|432N442|432N861|433A011|433A012|433A021|433A022|433D012|433N062|433N171|433N262|433Q051|435R021|90B2681
40211110,28,123,1,0,0,4030261|4040103|404D561|4064243|4064253|4065083|4069203|4069432|4069582|409A011|409A012|409A013|409A021|409A023|409A032|409D021|409Q072|409Q082|409Q502|409Q522|409Q702|409R181|409R481|409U053|409U163|409U313|409U403|409Z481|409Z491|409Z501|409Z511|40A8161|40B0292|40B8932|40B9561|40B9572|40BA011|40BA012|40BA021|40BA022|40BA052|40BA062|40BA082|40BA092|40BA102|40BA122|40BA132|40BA141|40BA142|40BA152|40BA221|40BA222|40BC011|40BC071|40BD012|40BD032|40BD052|40BQ031|40BQ311|40BQ331|40BQ341|40BQ381|40BQ401|40BQ512|40BR022|40BR032|40BR042|40BR072|40BR082|40BR122|40BR222|40BR242|40BR322|40BR342|40BR372|40BR472|40IA301|40IN041|40IN051|40IN101|40IN132|40IN532|40IN662|40IN672|40K0051|40K0052|40KA393|40KA513|40KE011|40KN021|40KN151|40KN152|40KN633|40KT142|40MN111|40PC101|40PQ041|40RQ151|40RR072|40UN010|40UN050|40UN070|40UN110|40UN130|40UN160|40WN081|40WN191|430R063|431A241|432N082|432N351|432N442|432N861|433A011|433A012|433A021|433A022|433D012|433N062|433N262|433Q051|435R021|90B2681
40211112,24,127,2,0,0,4030261|4040103|404D561|4064243|4064253|4065083|4069203|4069211|4069432|4069582|409A011|409A013|409A021|409A023|409A032|409D021|409Q072|409Q082|409Q502|409Q522|409Q702|409R181|409R481|409U053|409U163|409U313|409U403|409Z481|409Z491|409Z501|409Z511|40A8161|40B0292|40B8932|40B9561|40B9572|40B9651|40BA012|40BA022|40BA052|40BA062|40BA082|40BA091|40BA092|40BA102|40BA122|40BA132|40BA142|40BA152|40BA221|40BA222|40BC071|40BD012|40BD032|40BD052|40BQ031|40BQ051|40BQ171|40BQ311|40BQ321|40BQ331|40BQ341|40BQ391|40BQ401|40BQ421|40BQ512|40BR022|40BR032|40BR042|40BR072|40BR082|40BR122|40BR222|40BR242|40BR322|40BR342|40BR372|40BR472|40IA301|40IN041|40IN051|40IN101|40IN132|40IN532|40IN662|40IN672|40K0051|40K0052|40KA393|40KA513|40KE011|40KN021|40KN151|40KN152|40KN633|40KT142|40MN111|40PC101|40PQ041|40RQ151|40RR072|40UN010|40UN020|40UN050|40UN070|40UN080|40UN120|40UN130|40UN160|40WN081|430R063|431A241|432N082|432N351|432N442|432N861|433A011|433A012|433A021|433A022|433D012|433N062|433N171|433N262|433Q051|435R021|90B2681
40211116,25,126,1,0,0,4030261|4040103|404D561|4064243|4064253|4065083|4069203|4069211|4069432|4069582|409A011|409A012|409A013|409A021|409A023|409A032|409D021|409Q072|409Q082|409Q502|409Q522|409Q702|409R181|409R481|409U053|409U163|409U313|409U403|409Z481|409Z491|409Z501|409Z511|40A8161|40B0292|40B8932|40B9431|40B9561|40B9572|40B9651|40B9662|40BA012|40BA022|40BA052|40BA062|40BA082|40BA091|40BA092|40BA102|40BA122|40BA131|40BA132|40BA142|40BA152|40BA221|40BA222|40BC061|40BC071|40BD012|40BD032|40BD052|40BQ031|40BQ141|40BQ311|40BQ321|40BQ341|40BQ512|40BR022|40BR032|40BR042|40BR072|40BR082|40BR122|40BR222|40BR242|40BR322|40BR342|40BR372|40BR472|40IA301|40IN041|40IN051|40IN132|40IN662|40IN672|40K0051|40K0052|40KA393|40KA513|40KE011|40KN021|40KN151|40KN152|40KN633|40KT142|40MN111|40PC101|40PQ041|40RQ151|40RR072|40UN010|40UN020|40UN050|40UN070|40UN080|40UN110|40UN120|40UN130|40UN160|40WN081|40WN191|430R063|431A241|432N082|432N351|432N442|433A011|433A012|433A021|433A022|433D012|433N062|433N171|433N262|433Q051|435R021|90B2681
40211118,25,126,2,0,0,4030261|4040103|404D561|4064243|4064253|4065083|4069203|4069211|4069432|4069582|409A011|409A012|409A013|409A021|409A023|409A032|409D021|409Q072|409Q082|409Q502|409Q522|409Q702|409R181|409R481|409U053|409U163|409U313|409U403|409Z481|409Z491|409Z501|409Z511|40A8161|40B0292|40B8932|40B9561|40B9572|40BA011|40BA012|40BA022|40BA052|40BA061|40BA062|40BA081|40BA082|40BA092|40BA102|40BA122|40BA131|40BA132|40BA142|40BA152|40BA221|40BA222|40BC061|40BC071|40BD012|40BD032|40BD052|40BQ031|40BQ051|40BQ141|40BQ311|40BQ341|40BQ381|40BQ512|40BR022|40BR032|40BR042|40BR072|40BR082|40BR122|40BR222|40BR242|40BR322|40BR342|40BR372|40BR472|40IA301|40IN041|40IN101|40IN132|40IN672|40K0051|40K0052|40KA393|40KA513|40KE011|40KN021|40KN151|40KN152|40KN633|40KT142|40MN111|40PC101|40PQ041|40RQ151|40RR072|40UN010|40UN020|40UN050|40UN070|40UN080|40UN110|40UN120|40UN130|40UN160|40WN081|40WN191|430R063|431A241|432N082|432N351|432N442|432N861|433A011|433A012|433A021|433A022|433D012|433N062|433N171|433N262|433Q051|435R021|90B2681
40211119,22,129,1,0,0,4030261|4040103|404D561|4064243|4064253|4065083|4069203|4069211|4069432|4069582|409A011|409A012|409A013|409A021|409A023|409A032|409D021|409Q072|409Q082|409Q502|409Q522|409Q702|409R181|409R481|409U053|409U163|409U313|409U403|409Z481|409Z491|409Z501|409Z511|40A8161|40B0292|40B8932|40B9431|40B9561|40B9572|40B9651|40B9662|40BA012|40BA022|40BA052|40BA061|40BA062|40BA082|40BA092|40BA102|40BA122|40BA132|40BA142|40BA151|40BA152|40BA221|40BA222|40BC071|40BD012|40BD032|40BD052|40BQ021|40BQ031|40BQ171|40BQ311|40BQ321|40BQ331|40BQ341|40BQ381|40BQ401|40BQ512|40BR022|40BR032|40BR042|40BR072|40BR082|40BR122|40BR222|40BR242|40BR322|40BR342|40BR372|40BR472|40IA301|40IN041|40IN051|40IN101|40IN132|40IN532|40IN662|40IN672|40K0051|40K0052|40KA393|40KA513|40KE011|40KN021|40KN151|40KN152|40KN633|40KT142|40MN111|40PC101|40PQ041|40RQ151|40RR072|40UN010|40UN020|40UN050|40UN070|40UN110|40UN120|40UN130|40UN160|40WN081|40WN191|430R063|431A241|432N082|432N351|432N442|433A011|433A012|433A021|433A022|433D012|433N062|433N262|433Q051|435R021|90B2681
40211120,1,150,1,0,0,4030261|4040103|404D561|4064243|4064253|4065083|4069203|4069211|4069432|4069582|409A011|409A012|409A013|409A021|409A023|409A032|409D021|409Q072|409Q082|409Q502|409Q522|409Q702|409R181|409R481|409U053|409U163|409U313|409U403|409Z481|409Z491|409Z501|409Z511|40A8161|40B0292|40B8932|40B9431|40B9561|40B9572|40B9651|40B9662|40BA011|40BA012|40BA021|40BA022|40BA051|40BA052|40BA061|40BA062|40BA081|40BA082|40BA091|40BA092|40BA101|40BA102|40BA121|40BA122|40BA131|40BA132|40BA141|40BA142|40BA151|40BA152|40BA221|40BA222|40BC011|40BC021|40BC051|40BC061|40BC071|40BD012|40BD032|40BD052|40BQ021|40BQ031|40BQ051|40BQ141|40BQ171|40BQ311|40BQ321|40BQ331|40BQ341|40BQ371|40BQ381|40BQ391|40BQ401|40BQ421|40BQ512|40BR022|40BR032|40BR042|40BR072|40BR082|40BR122|40BR222|40BR242|40BR322|40BR342|40BR372|40BR472|40IA301|40IN041|40IN051|40IN101|40IN132|40IN532|40IN662|40IN672|40K0051|40K0052|40KA393|40KA513|40KE011|40KN021|40KN151|40KN152|40KN633|40KT142|40MN111|40PC101|40PQ041|40RQ151|40RR072|40UN010|40UN020|40UN050|40UN070|40UN080|40UN110|40UN120|40UN130|40UN160|40WN081|40WN191|430R063|431A241|432N082|432N351|432N442|432N861|433A011|433A012|433A021|433A022|433D012|433N062|433N171|433N262|433Q051|435R021|90B2681
40211123,24,127,3,0,0,4030261|4040103|404D561|4064243|4064253|4065083|4069211|4069432|4069582|409A011|409A012|409A013|409A021|409A023|409A032|409D021|409Q072|409Q082|409Q502|409Q522|409Q702|409R181|409R481|409U053|409U163|409U313|409U403|409Z481|409Z491|409Z501|409Z511|40A8161|40B0292|40B8932|40B9431|40B9561|40B9572|40B9651|40B9662|40BA012|40BA021|40BA022|40BA052|40BA062|40BA082|40BA092|40BA102|40BA122|40BA132|40BA142|40BA152|40BA221|40BA222|40BC051|40BC071|40BD012|40BD032|40BD052|40BQ031|40BQ051|40BQ141|40BQ171|40BQ311|40BQ341|40BQ421|40BQ512|40BR022|40BR032|40BR042|40BR072|40BR082|40BR122|40BR222|40BR242|40BR322|40BR342|40BR472|40IA301|40IN041|40IN051|40IN101|40IN132|40IN532|40IN662|40IN672|40K0051|40K0052|40KA393|40KA513|40KE011|40KN021|40KN151|40KN152|40KN633|40KT142|40MN111|40PC101|40PQ041|40RQ151|40RR072|40UN010|40UN020|40UN050|40UN080|40UN110|40UN120|40UN130|40UN160|40WN081|40WN191|430R063|431A241|432N082|432N351|432N442|432N861|433A011|433A012|433A021|433A022|433D012|433N062|433N171|433N262|433Q051|435R021|90B2681
40211125,25,126,2,0,0,4030261|4040103|404D561|4064243|4064253|4065083|4069203|4069211|4069432|4069582|409A011|409A012|409A013|409A021|409A023|409A032|409D021|409Q072|409Q082|409Q502|409Q522|409Q702|409R181|409R481|409U053|409U163|409U313|409U403|409Z481|409Z491|409Z501|409Z511|40A8161|40B0292|40B8932|40B9561|40B9572|40BA012|40BA021|40BA022|40BA052|40BA062|40BA082|40BA092|40BA102|40BA122|40BA132|40BA142|40BA152|40BA221|40BA222|40BC071|40BD012|40BD032|40BD052|40BQ031|40BQ051|40BQ311|40BQ321|40BQ341|40BQ381|40BQ401|40BQ421|40BQ512|40BR022|40BR032|40BR042|40BR072|40BR082|40BR122|40BR222|40BR242|40BR322|40BR342|40BR372|40BR472|40IA301|40IN041|40IN051|40IN101|40IN132|40IN532|40IN662|40IN672|40K0051|40K0052|40KA393|40KA513|40KE011|40KN021|40KN151|40KN152|40KN633|40KT142|40MN111|40PC101|40PQ041|40RQ151|40RR072|40UN010|40UN020|40UN050|40UN070|40UN080|40UN120|40UN130|40UN160|40WN081|40WN191|430R063|431A241|432N082|432N351|432N442|432N861|433A011|433A012|433A021|433A022|433D012|433N062|433N171|433N262|433Q051|435R021|90B2681
40211126,30,121,1,0,0,4030261|4040103|404D561|4064243|4064253|4065083|4069203|4069211|4069432|4069582|409A011|409A012|409A021|409A023|409A032|409Q072|409Q082|409Q502|409Q522|409Q702|409R181|409R481|409U163|409U313|409U403|409Z481|409Z491|409Z501|409Z511|40A8161|40B0292|40B8932|40B9561|40B9572|40BA011|40BA012|40BA021|40BA022|40BA052|40BA062|40BA081|40BA082|40BA092|40BA102|40BA122|40BA132|40BA141|40BA142|40BA152|40BA221|40BA222|40BC071|40BD012|40BD032|40BD052|40BQ021|40BQ031|40BQ051|40BQ171|40BQ311|40BQ321|40BQ331|40BQ341|40BQ381|40BQ391|40BQ421|40BQ512|40BR022|40BR032|40BR042|40BR072|40BR082|40BR122|40BR222|40BR242|40BR322|40BR342|40BR372|40BR472|40IA301|40IN051|40IN101|40IN532|40IN662|40K0051|40K0052|40KA513|40KN021|40KN151|40KN152|40KN633|40KT142|40MN111|40PC101|40PQ041|40RQ151|40RR072|40UN010|40UN020|40UN050|40UN070|40UN080|40UN110|40UN120|40UN130|40WN191|430R063|431A241|432N082|432N351|432N442|432N861|433A011|433A012|433A021|433A022|433D012|433N171|433N262|435R021|90B2681
40211127,25,126,2,0,0,4030261|4040103|404D561|4064243|4064253|4065083|4069203|4069211|4069432|4069582|409A011|409A012|409A013|409A021|409A023|409A032|409D021|409Q072|409Q082|409Q502|409Q522|409Q702|409R181|409R481|409U053|409U163|409U313|409U403|409Z481|409Z491|409Z501|409Z511|40A8161|40B0292|40B8932|40B9561|40B9572|40BA012|40BA022|40BA052|40BA062|40BA082|40BA092|40BA102|40BA121|40BA122|40BA132|40BA141|40BA142|40BA152|40BA221|40BA222|40BC011|40BC051|40BC071|40BD012|40BD032|40BD052|40BQ021|40BQ031|40BQ141|40BQ311|40BQ341|40BQ381|40BQ512|40BR022|40BR032|40BR042|40BR072|40BR082|40BR122|40BR222|40BR242|40BR322|40BR342|40BR372|40BR472|40IA301|40IN041|40IN101|40IN132|40IN662|40IN672|40K0051|40K0052|40KA393|40KA513|40KE011|40KN021|40KN151|40KN152|40KN633|40KT142|40MN111|40PC101|40PQ041|40RQ151|40RR072|40UN010|40UN020|40UN050|40UN070|40UN080|40UN110|40UN120|40UN130|40UN160|40WN081|40WN191|430R063|431A241|432N082|432N351|432N442|432N861|433A011|433A012|433A021|433A022|433D012|433N062|433N171|433N262|433Q051|435R021|90B2681
40211129,24,127,2,0,0,4030261|4040103|404D561|4064243|4064253|4065083|4069203|4069211|4069432|4069582|409A011|409A012|409A013|409A021|409A023|409A032|409Q072|409Q082|409Q502|409Q522|409Q702|409R181|409R481|409U163|409U313|409U403|409Z481|409Z491|409Z501|409Z511|40A8161|40B0291|40B0292|40B8932|40B9431|40B9561|40B9572|40B9651|40B9662|40BA011|40BA012|40BA022|40BA052|40BA062|40BA082|40BA092|40BA102|40BA122|40BA132|40BA142|40BA152|40BA221|40BA222|40BC071|40BD012|40BD032|40BD052|40BQ021|40BQ031|40BQ051|40BQ141|40BQ171|40BQ311|40BQ321|40BQ331|40BQ341|40BQ381|40BQ391|40BQ421|40BQ512|40BR022|40BR032|40BR042|40BR072|40BR082|40BR122|40BR222|40BR242|40BR322|40BR342|40BR372|40BR472|40IA301|40IN041|40IN051|40IN101|40IN132|40IN532|40IN662|40K0051|40K0052|40KN021|40KN151|40KN152|40KN633|40KT142|40MN111|40PC101|40PQ041|40RQ151|40RR072|40UN010|40UN020|40UN050|40UN070|40UN080|40UN110|40UN120|40UN130|40UN160|40WN191|430R063|431A241|432N082|432N351|432N442|432N861|433A011|433A012|433A021|433A022|433D012|433N062|433N171|433N262|435R021|90B2681
40211132,22,129,1,0,0,4030261|4040103|404D561|4064243|4064253|4065083|4069203|4069211|4069432|4069582|409A011|409A012|409A013|409A021|409A023|409A032|409D021|409Q072|409Q082|409Q502|409Q522|409Q702|409R181|409R481|409U053|409U163|409U313|409U403|409Z481|409Z491|409Z501|409Z511|40A8161|40B0292|40B8932|40B9431|40B9561|40B9572|40B9651|40B9662|40BA011|40BA012|40BA021|40BA022|40BA052|40BA061|40BA062|40BA082|40BA092|40BA102|40BA122|40BA132|40BA142|40BA152|40BA221|40BA222|40BC071|40BD012|40BD032|40BD052|40BQ031|40BQ141|40BQ311|40BQ331|40BQ341|40BQ381|40BQ391|40BQ421|40BQ512|40BR022|40BR032|40BR042|40BR072|40BR082|40BR122|40BR222|40BR242|40BR322|40BR342|40BR372|40BR472|40IA301|40IN041|40IN051|40IN101|40IN132|40IN532|40IN662|40IN672|40K0051|40K0052|40KA393|40KA513|40KE011|40KN021|40KN151|40KN152|40MN111|40PC101|40PQ041|40RQ151|40RR072|40UN010|40UN020|40UN050|40UN070|40UN080|40UN120|40UN130|40UN160|40WN081|40WN191|430R063|431A241|432N082|432N351|432N442|432N861|433A011|433A012|433A021|433A022|433D012|433N062|433N171|433N262|433Q051|435R021|90B2681
40211133,25,126,2,0,0,4030261|4040103|404D561|4064243|4064253|4065083|4069203|4069211|4069432|4069582|409A011|409A012|409A013|409A021|409A023|409A032|409D021|409Q072|409Q082|409Q502|409Q522|409Q702|409R181|409R481|409U053|409U163|409U313|409U403|409Z481|409Z491|409Z501|409Z511|40A8161|40B0292|40B8932|40B9431|40B9561|40B9572|40B9651|40B9662|40BA012|40BA022|40BA052|40BA062|40BA082|40BA092|40BA102|40BA121|40BA122|40BA132|40BA142|40BA152|40BA221|40BA222|40BC071|40BD012|40BD032|40BD052|40BQ031|40BQ141|40BQ171|40BQ311|40BQ331|40BQ341|40BQ371|40BQ401|40BQ421|40BQ512|40BR022|40BR032|40BR042|40BR072|40BR082|40BR122|40BR222|40BR242|40BR322|40BR472|40IA301|40IN041|40IN051|40IN101|40IN132|40IN532|40IN662|40IN672|40K0051|40K0052|40KA393|40KA513|40KE011|40KN021|40KN151|40KN152|40KN633|40KT142|40MN111|40PC101|40RQ151|40RR072|40UN010|40UN020|40UN050|40UN080|40UN120|40UN130|40UN160|40WN081|40WN191|430R063|431A241|432N082|432N351|432N442|432N861|433A011|433A012|433A021|433A022|433D012|433N062|433N171|433N262|433Q051|435R021|90B2681
40211134,25,126,1,0,0,4030261|4040103|404D561|4064243|4064253|4065083|4069203|4069211|4069432|4069582|409A011|409A012|409A013|409A021|409A023|409A032|409D021|409Q072|409Q082|409Q502|409Q522|409Q702|409R181|409R481|409U053|409U163|409U313|409U403|409Z481|409Z491|409Z501|409Z511|40A8161|40B0292|40B8932|40B9431|40B9561|40B9572|40B9651|40B9662|40BA012|40BA022|40BA052|40BA062|40BA081|40BA082|40BA092|40BA101|40BA102|40BA122|40BA132|40BA142|40BA152|40BA221|40BA222|40BC021|40BC051|40BC071|40BD012|40BD032|40BD052|40BQ031|40BQ311|40BQ341|40BQ371|40BQ512|40BR022|40BR032|40BR042|40BR072|40BR082|40BR122|40BR222|40BR242|40BR322|40BR342|40BR372|40BR472|40IA301|40IN041|40IN051|40IN132|40IN662|40IN672|40K0051|40K0052|40KA393|40KA513|40KE011|40KN021|40KN151|40KN152|40KN633|40KT142|40MN111|40PC101|40PQ041|40RQ151|40RR072|40UN010|40UN020|40UN050|40UN070|40UN080|40UN110|40UN120|40UN130|40UN160|40WN081|40WN191|430R063|431A241|432N082|432N351|432N442|433A011|433A012|433A021|433A022|433D012|433N062|433N171|433N262|433Q051|435R021|90B2681
40211135,5,146,1,0,0,4030261|4040103|404D561|4064243|4064253|4065083|4069203|4069211|4069432|4069582|409A011|409A012|409A013|409A021|409A023|409A032|409D021|409Q072|409Q082|409Q502|409Q522|409Q702|409R181|409R481|409U053|409U163|409U313|409U403|409Z481|409Z491|409Z501|409Z511|40A8161|40B0292|40B8932|40B9431|40B9561|40B9572|40B9651|40B9662|40BA011|40BA012|40BA022|40BA052|40BA062|40BA081|40BA082|40BA091|40BA092|40BA101|40BA102|40BA121|40BA122|40BA131|40BA132|40BA141|40BA142|40BA151|40BA152|40BA221|40BA222|40BC011|40BC021|40BC051|40BC061|40BC071|40BD012|40BD032|40BD052|40BQ031|40BQ051|40BQ141|40BQ171|40BQ311|40BQ321|40BQ331|40BQ341|40BQ371|40BQ381|40BQ391|40BQ401|40BQ421|40BQ512|40BR022|40BR032|40BR042|40BR072|40BR082|40BR122|40BR222|40BR242|40BR322|40BR342|40BR372|40BR472|40IA301|40IN041|40IN051|40IN101|40IN132|40IN532|40IN662|40IN672|40K0051|40K0052|40KA393|40KA513|40KE011|40KN021|40KN151|40KN152|40KN633|40KT142|40MN111|40PC101|40PQ041|40RQ151|40RR072|40UN010|40UN020|40UN050|40UN070|40UN080|40UN110|40UN120|40UN130|40UN160|40WN081|40WN191|430R063|431A241|432N082|432N351|432N442|432N861|433A011|433A012|433A021|433A022|433D012|433N062|433N171|433N262|433Q051|435R021|90B2681
40211136,25,126,1,0,0,4030261|4040103|404D561|4064243|4064253|4065083|4069211|4069432|4069582|409A011|409A012|409A013|409A021|409A023|409A032|409D021|409Q072|409Q082|409Q502|409Q522|409Q702|409R181|409R481|409U053|409U163|409U313|409U403|409Z481|409Z491|409Z501|409Z511|40A8161|40B0292|40B8932|40B9431|40B9561|40B9572|40B9651|40B9662|40BA012|40BA022|40BA051|40BA052|40BA062|40BA082|40BA092|40BA101|40BA102|40BA122|40BA132|40BA142|40BA152|40BA221|40BA222|40BC061|40BC071|40BD012|40BD032|40BD052|40BQ031|40BQ141|40BQ311|40BQ331|40BQ341|40BQ401|40BQ421|40BQ512|40BR022|40BR032|40BR042|40BR072|40BR082|40BR122|40BR222|40BR242|40BR322|40BR472|40IA301|40IN041|40IN051|40IN101|40IN132|40IN532|40IN662|40IN672|40K0051|40K0052|40KA393|40KA513|40KE011|40KN021|40KN151|40KN152|40KN633|40KT142|40MN111|40PC101|40RQ151|40RR072|40UN010|40UN020|40UN050|40UN070|40UN080|40UN120|40UN130|40UN160|40WN081|40WN191|430R063|431A241|432N082|432N351|432N442|432N861|433A011|433A012|433A021|433A022|433D012|433N062|433N171|433N262|433Q051|435R021|90B2681
40211138,20,131,1,0,0,4030261|4040103|404D561|4064243|4064253|4065083|4069203|4069211|4069432|4069582|409A011|409A012|409A013|409A021|409A023|409A032|409D021|409Q072|409Q082|409Q502|409Q522|409Q702|409R181|409R481|409U053|409U163|409U313|409U403|409Z481|409Z491|409Z501|409Z511|40A8161|40B0292|40B8932|40B9431|40B9561|40B9572|40B9651|40B9662|40BA012|40BA022|40BA051|40BA052|40BA062|40BA082|40BA092|40BA102|40BA122|40BA132|40BA142|40BA152|40BA221|40BA222|40BC051|40BC071|40BD012|40BD032|40BD052|40BQ021|40BQ031|40BQ051|40BQ141|40BQ311|40BQ341|40BQ371|40BQ381|40BQ401|40BQ421|40BQ512|40BR022|40BR032|40BR042|40BR072|40BR082|40BR122|40BR222|40BR242|40BR322|40BR342|40BR472|40IA301|40IN041|40IN051|40IN101|40IN132|40IN532|40IN662|40IN672|40K0051|40K0052|40KA393|40KA513|40KE011|40KN021|40KN151|40KN152|40KN633|40KT142|40MN111|40PC101|40PQ041|40RQ151|40RR072|40UN010|40UN020|40UN050|40UN070|40UN080|40UN120|40UN130|40UN160|40WN081|40WN191|430R063|431A241|432N082|432N351|432N442|432N861|433A011|433A012|433A021|433A022|433D012|433N062|433N171|433N262|433Q051|435R021|90B2681
40211139,24,127,1,0,0,4030261|4040103|404D561|4064243|4064253|4065083|4069203|4069211|4069432|4069582|409A011|409A012|409A013|409A021|409A023|409A032|409D021|409Q072|409Q082|409Q502|409Q522|409Q702|409R181|409R481|409U053|409U163|409U313|409U403|409Z481|409Z491|409Z501|409Z511|40A8161|40B0291|40B0292|40B8932|40B9431|40B9561|40B9572|40B9651|40B9662|40BA012|40BA022|40BA052|40BA061|40BA062|40BA082|40BA092|40BA102|40BA122|40BA132|40BA142|40BA152|40BA221|40BA222|40BC071|40BD012|40BD032|40BD052|40BQ021|40BQ031|40BQ141|40BQ311|40BQ341|40BQ391|40BQ512|40BR022|40BR032|40BR042|40BR072|40BR082|40BR122|40BR222|40BR242|40BR322|40BR342|40BR372|40BR472|40IA301|40IN041|40IN051|40IN101|40IN132|40IN532|40IN662|40IN672|40K0051|40K0052|40KA393|40KA513|40KE011|40KN021|40KN151|40KN152|40KN633|40KT142|40MN111|40PC101|40PQ041|40RQ151|40RR072|40UN010|40UN020|40UN050|40UN070|40UN080|40UN110|40UN120|40UN130|40UN160|40WN081|40WN191|430R063|431A241|432N082|432N351|433A011|433A012|433A021|433A022|433D012|433N062|433N171|433N262|433Q051|435R021|90B2681
40211141,25,126,2,0,0,4030261|4040103|404D561|4064243|4064253|4065083|4069203|4069211|4069432|4069582|409A011|409A012|409A013|409A021|409A023|409A032|409D021|409Q072|409Q082|409Q502|409Q522|409Q702|409R181|409R481|409U053|409U163|409U313|409U403|409Z481|409Z491|409Z501|409Z511|40A8161|40B0291|40B0292|40B8932|40B9561|40B9572|40BA012|40BA022|40BA052|40BA062|40BA082|40BA092|40BA102|40BA121|40BA122|40BA132|40BA142|40BA152|40BA221|40BA222|40BC011|40BC071|40BD012|40BD032|40BD052|40BQ031|40BQ311|40BQ341|40BQ371|40BQ381|40BQ401|40BQ512|40BR022|40BR032|40BR042|40BR072|40BR082|40BR122|40BR222|40BR242|40BR322|40BR342|40BR372|40BR472|40IA301|40IN041|40IN051|40IN101|40IN132|40IN532|40IN662|40IN672|40K0051|40K0052|40KA393|40KA513|40KE011|40KN021|40KN151|40KN152|40KN633|40KT142|40MN111|40PC101|40PQ041|40RQ151|40RR072|40UN010|40UN020|40UN050|40UN070|40UN110|40UN120|40UN130|40UN160|40WN081|40WN191|430R063|431A241|432N082|432N351|432N442|432N861|433A011|433A012|433A021|433A022|433D012|433N062|433N171|433N262|433Q051|435R021|90B2681
40211144,25,126,1,0,0,4030261|4040103|404D561|4064243|4064253|4065083|4069203|4069211|4069432|4069582|409A011|409A012|409A013|409A021|409A023|409A032|409D021|409Q072|409Q082|409Q502|409Q522|409Q702|409R181|409R481|409U053|409U163|409U313|409U403|409Z481|409Z491|409Z501|409Z511|40A8161|40B0292|40B8932|40B9431|40B9561|40B9572|40B9651|40B9662|40BA012|40BA021|40BA022|40BA052|40BA062|40BA082|40BA092|40BA102|40BA122|40BA132|40BA141|40BA142|40BA152|40BA222|40BC071|40BD012|40BD032|40BD052|40BQ031|40BQ141|40BQ311|40BQ341|40BQ391|40BQ512|40BR022|40BR032|40BR042|40BR072|40BR082|40BR122|40BR222|40BR242|40BR322|40BR342|40BR372|40BR472|40IA301|40IN041|40IN051|40IN101|40IN132|40IN532|40IN662|40IN672|40K0051|40K0052|40KA393|40KA513|40KE011|40KN021|40KN151|40KN152|40KN633|40KT142|40MN111|40PC101|40PQ041|40RQ151|40RR072|40UN010|40UN020|40UN050|40UN070|40UN080|40UN120|40UN130|40UN160|40WN081|40WN191|430R063|431A241|432N082|432N351|432N442|432N861|433A011|433A012|433A021|433A022|433D012|433N062|433N171|433N262|433Q051|435R021|90B2681
40211148,24,127,2,0,0,4030261|4040103|404D561|4064243|4064253|4065083|4069203|4069211|4069432|4069582|409A011|409A012|409A013|409A021|409A023|409A032|409D021|409Q072|409Q082|409Q502|409Q522|409Q702|409R181|409U053|409U163|409U313|409U403|409Z481|409Z491|409Z501|409Z511|40A8161|40B0292|40B8932|40B9431|40B9561|40B9572|40B9651|40B9662|40BA012|40BA022|40BA052|40BA062|40BA082|40BA092|40BA102|40BA122|40BA132|40BA142|40BA152|40BA221|40BA222|40BC021|40BC071|40BD012|40BD032|40BD052|40BQ021|40BQ031|40BQ171|40BQ311|40BQ341|40BQ381|40BQ391|40BQ512|40BR022|40BR032|40BR042|40BR072|40BR082|40BR122|40BR222|40BR242|40BR322|40BR342|40BR372|40BR472|40IA301|40IN041|40IN051|40IN101|40IN132|40IN532|40IN662|40IN672|40K0051|40K0052|40KA393|40KA513|40KE011|40KN021|40KN151|40KN152|40KN633|40KT142|40MN111|40PC101|40PQ041|40RQ151|40RR072|40UN010|40UN020|40UN070|40UN080|40UN110|40UN120|40UN130|40UN160|40WN081|40WN191|430R063|431A241|432N082|432N351|432N442|432N861|433A011|433A012|433A021|433A022|433D012|433N062|433N171|433N262|433Q051|435R021|90B2681
40211150,24,127,3,0,0,4030261|4040103|404D561|4064243|4064253|4065083|4069203|4069432|4069582|409A011|409A012|409A013|409A021|409A023|409A032|409D021|409Q072|409Q082|409Q502|409Q522|409Q702|409R181|409R481|409U053|409U163|409U313|409U403|409Z481|409Z491|409Z501|409Z511|40A8161|40B0292|40B8932|40B9431|40B9561|40B9572|40B9651|40B9662|40BA012|40BA022|40BA052|40BA062|40BA082|40BA092|40BA102|40BA121|40BA122|40BA132|40BA142|40BA152|40BA221|40BA222|40BC051|40BC061|40BC071|40BD012|40BD032|40BD052|40BQ031|40BQ051|40BQ141|40BQ311|40BQ331|40BQ341|40BQ381|40BQ391|40BQ512|40BR022|40BR032|40BR042|40BR072|40BR082|40BR122|40BR222|40BR242|40BR322|40BR342|40BR372|40BR472|40IA301|40IN041|40IN051|40IN101|40IN132|40IN532|40IN662|40IN672|40K0051|40K0052|40KA393|40KA513|40KE011|40KN021|40KN151|40KN633|40KT142|40MN111|40PC101|40PQ041|40RQ151|40RR072|40UN010|40UN050|40UN070|40UN110|40UN120|40UN130|40UN160|40WN081|40WN191|430R063|431A241|432N082|432N351|432N442|432N861|433A011|433A012|433A021|433A022|433D012|433N062|433N262|433Q051|435R021|90B2681
40211153,23,128,1,0,0,4030261|4040103|404D561|4064243|4064253|4065083|4069203|4069211|4069432|4069582|409A011|409A012|409A013|409A021|409A023|409A032|409D021|409Q072|409Q082|409Q502|409Q522|409Q702|409R181|409R481|409U053|409U163|409U313|409U403|409Z481|409Z491|409Z501|409Z511|40A8161|40B0292|40B8932|40B9431|40B9561|40B9572|40B9651|40B9662|40BA012|40BA022|40BA052|40BA062|40BA081|40BA082|40BA091|40BA092|40BA101|40BA102|40BA122|40BA132|40BA142|40BA152|40BA221|40BA222|40BC071|40BD012|40BD032|40BD052|40BQ031|40BQ141|40BQ311|40BQ341|40BQ401|40BQ421|40BQ512|40BR022|40BR032|40BR042|40BR072|40BR082|40BR122|40BR222|40BR242|40BR322|40BR342|40BR472|40IA301|40IN041|40IN051|40IN101|40IN132|40IN532|40IN662|40IN672|40K0051|40K0052|40KA393|40KA513|40KE011|40KN021|40KN151|40KN152|40KN633|40KT142|40MN111|40PC101|40PQ041|40RQ151|40RR072|40UN010|40UN020|40UN050|40UN070|40UN080|40UN120|40UN130|40UN160|40WN081|40WN191|430R063|431A241|432N082|432N351|432N442|432N861|433A011|433A012|433A021|433A022|433D012|433N062|433N171|433N262|433Q051|435R021|90B2681
40211156,21,130,1,0,0,4030261|4040103|4064243|4064253|4065083|4069203|4069211|4069432|4069582|409A011|409A012|409A013|409A021|409A023|409A032|409D021|409Q072|409Q082|409Q502|409Q522|409Q702|409R481|409U053|409U163|409U313|409U403|409Z481|409Z491|409Z501|409Z511|40A8161|40B0291|40B0292|40B8932|40B9431|40B9561|40B9572|40B9651|40B9662|40BA011|40BA012|40BA021|40BA052|40BA061|40BA062|40BA081|40BA082|40BA091|40BA092|40BA101|40BA102|40BA122|40BA132|40BA142|40BA152|40BA221|40BA222|40BC071|40BD012|40BD032|40BD052|40BQ021|40BQ031|40BQ051|40BQ311|40BQ321|40BQ341|40BQ512|40BR022|40BR032|40BR042|40BR072|40BR082|40BR122|40BR222|40BR242|40BR322|40BR342|40BR472|40IA301|40IN041|40IN051|40IN101|40IN132|40IN532|40IN662|40IN672|40K0051|40K0052|40KA393|40KA513|40KE011|40KN021|40KN151|40KN152|40KN633|40KT142|40MN111|40PC101|40PQ041|40RQ151|40RR072|40UN010|40UN020|40UN050|40UN070|40UN080|40UN110|40UN120|40UN130|40UN160|40WN081|40WN191|430R063|431A241|432N082|432N351|432N442|432N861|433A011|433A012|433A021|433A022|433D012|433N062|433N171|433N262|433Q051|435R021|90B2681
40211158,22,129,1,0,0,4030261|4040103|4064243|4064253|4065083|4069203|4069211|4069432|4069582|409A011|409A012|409A013|409A021|409A023|409A032|409D021|409Q072|409Q082|409Q502|409Q522|409Q702|409R481|409U053|409U163|409U313|409U403|409Z481|409Z491|409Z501|409Z511|40A8161|40B0291|40B0292|40B8932|40B9431|40B9561|40B9572|40B9651|40B9662|40BA012|40BA021|40BA051|40BA052|40BA061|40BA062|40BA081|40BA082|40BA092|40BA102|40BA122|40BA132|40BA142|40BA152|40BA221|40BA222|40BC071|40BD012|40BD032|40BD052|40BQ021|40BQ031|40BQ051|40BQ171|40BQ311|40BQ321|40BQ341|40BQ381|40BQ401|40BQ512|40BR022|40BR032|40BR042|40BR072|40BR082|40BR122|40BR222|40BR242|40BR322|40BR342|40BR472|40IA301|40IN041|40IN051|40IN101|40IN132|40IN532|40IN662|40IN672|40K0051|40K0052|40KA393|40KA513|40KE011|40KN021|40KN151|40KN152|40KN633|40KT142|40MN111|40PC101|40PQ041|40RQ151|40RR072|40UN010|40UN020|40UN050|40UN070|40UN080|40UN120|40UN130|40UN160|40WN081|40WN191|430R063|431A241|432N082|432N351|432N442|432N861|433A011|433A012|433A021|433A022|433D012|433N062|433N171|433Q051|435R021|90B2681
40211162,17,134,1,0,0,4030261|4040103|404D561|4064243|4064253|4065083|4069203|4069211|4069432|4069582|409A011|409A012|409A013|409A021|409A023|409A032|409D021|409Q072|409Q082|409Q502|409Q522|409Q702|409R181|409R481|409U053|409U163|409U313|409U403|409Z481|409Z491|409Z501|409Z511|40A8161|40B0291|40B0292|40B8932|40B9431|40B9561|40B9572|40B9651|40B9662|40BA012|40BA022|40BA051|40BA052|40BA061|40BA062|40BA081|40BA082|40BA092|40BA101|40BA102|40BA122|40BA132|40BA142|40BA151|40BA152|40BA221|40BA222|40BC071|40BD012|40BD032|40BD052|40BQ021|40BQ031|40BQ141|40BQ311|40BQ331|40BQ341|40BQ381|40BQ401|40BQ512|40BR022|40BR032|40BR042|40BR072|40BR082|40BR122|40BR222|40BR242|40BR322|40BR342|40BR372|40BR472|40IA301|40IN041|40IN051|40IN101|40IN132|40IN532|40IN662|40IN672|40K0051|40K0052|40KA393|40KA513|40KE011|40KN021|40KN151|40KN152|40KN633|40KT142|40MN111|40PC101|40PQ041|40RQ151|40RR072|40UN010|40UN020|40UN050|40UN070|40UN110|40UN120|40UN130|40UN160|40WN081|40WN191|430R063|431A241|432N082|432N351|432N442|432N861|433A011|433A012|433A021|433A022|433D012|433N062|433N171|433N262|433Q051|435R021|90B2681
40211164,12,139,1,0,0,4030261|4040103|404D561|4064243|4064253|4065083|4069203|4069211|4069432|4069582|409A011|409A012|409A013|409A021|409A032|409D021|409Q072|409Q082|409Q502|409Q522|409Q702|409R181|409R481|409U053|409U163|409U313|409Z481|409Z491|409Z501|409Z511|40A8161|40B0291|40B0292|40B8932|40B9431|40B9561|40B9572|40B9651|40B9662|40BA011|40BA012|40BA021|40BA022|40BA051|40BA052|40BA061|40BA062|40BA081|40BA082|40BA091|40BA092|40BA101|40BA121|40BA122|40BA131|40BA132|40BA141|40BA142|40BA152|40BA221|40BA222|40BC011|40BC021|40BC051|40BC071|40BD012|40BD032|40BD052|40BQ021|40BQ031|40BQ051|40BQ141|40BQ171|40BQ321|40BQ331|40BQ341|40BQ401|40BQ421|40BQ512|40BR022|40BR032|40BR042|40BR072|40BR082|40BR122|40BR242|40BR322|40BR372|40BR472|40IA301|40IN041|40IN051|40IN101|40IN132|40IN532|40IN662|40IN672|40K0051|40K0052|40KA393|40KA513|40KE011|40KN021|40KN152|40KN633|40KT142|40MN111|40PC101|40PQ041|40RQ151|40RR072|40UN010|40UN020|40UN050|40UN070|40UN080|40UN110|40UN120|40UN130|40UN160|40WN081|40WN191|430R063|431A241|432N082|432N351|432N442|432N861|433A011|433A012|433A021|433A022|433D012|433N062|433N171|433N262|433Q051|435R021|90B2681
40211165,11,140,1,0,0,4030261|4040103|404D561|4064243|4064253|4065083|4069203|4069211|4069432|4069582|409A011|409A012|409A013|409A021|409A023|409A032|409D021|409Q072|409Q082|409Q502|409Q522|409Q702|409R181|409R481|409U053|409U163|409U313|409U403|409Z481|409Z491|409Z501|409Z511|40A8161|40B0291|40B0292|40B8932|40B9431|40B9561|40B9572|40B9651|40B9662|40BA012|40BA021|40BA022|40BA051|40BA052|40BA061|40BA062|40BA081|40BA082|40BA091|40BA092|40BA102|40BA122|40BA132|40BA142|40BA152|40BA221|40BA222|40BC011|40BC051|40BC071|40BD012|40BD032|40BD052|40BQ021|40BQ031|40BQ051|40BQ171|40BQ311|40BQ321|40BQ331|40BQ341|40BQ381|40BQ401|40BQ421|40BQ512|40BR022|40BR032|40BR042|40BR072|40BR082|40BR122|40BR222|40BR242|40BR322|40BR342|40BR372|40BR472|40IA301|40IN041|40IN051|40IN101|40IN132|40IN532|40IN662|40IN672|40K0051|40K0052|40KA393|40KA513|40KE011|40KN021|40KN151|40KN152|40KN633|40KT142|40MN111|40PC101|40PQ041|40RQ151|40RR072|40UN010|40UN020|40UN050|40UN070|40UN080|40UN110|40UN120|40UN130|40UN160|40WN081|40WN191|430R063|431A241|432N082|432N351|432N442|432N861|433A011|433A012|433A021|433A022|433D012|433N062|433N171|433N262|433Q051|435R021|90B2681
40211201,24,127,2,0,0,4030261|4040103|404D561|4064243|4064253|4065083|4069203|4069211|4069582|409A011|409A012|409A013|409A021|409A023|409A032|409D021|409Q082|409Q502|409Q522|409Q702|409R181|409R481|409U053|409U163|409U403|409Z481|409Z491|409Z501|409Z511|40A8161|40B0291|40B8932|40B9431|40B9651|40B9662|40BA011|40BA021|40BA051|40BA062|40BA081|40BA091|40BA101|40BA121|40BA131|40BA132|40BA141|40BA151|40BA221|40BA222|40BC011|40BC021|40BC051|40BC061|40BC071|40BD052|40BQ021|40BQ031|40BQ051|40BQ141|40BQ171|40BQ311|40BQ321|40BQ331|40BQ341|40BQ371|40BQ381|40BQ391|40BQ401|40BQ421|40BQ512|40BR022|40BR072|40BR222|40BR242|40BR322|40BR342|40BR472|40IA301|40IN041|40IN051|40IN101|40IN132|40IN532|40IN662|40IN672|40K0051|40K0052|40KA393|40KA513|40KE011|40KN021|40KN151|40KN152|40KN633|40KT142|40MN111|40PC101|40PQ041|40RQ151|40RR072|40UN010|40UN020|40UN050|40UN070|40UN080|40UN110|40UN120|40UN130|40UN160|40WN081|40WN191|430R063|431A241|432N351|432N442|432N861|433A011|433A012|433A021|433A022|433D012|433N062|433N171|433N262|433Q051|435R021|90B2681
40211203,24,127,1,0,0,4030261|4040103|404D561|4064243|4064253|4065083|4069203|4069211|4069432|4069582|409A011|409A012|409A013|409A021|409A023|409A032|409D021|409Q072|409Q082|409Q502|409Q522|409Q702|409R181|409R481|409U053|409U163|409U313|409U403|409Z481|409Z491|409Z501|409Z511|40A8161|40B0291|40B8932|40B9431|40B9651|40B9662|40BA011|40BA021|40BA022|40BA051|40BA061|40BA081|40BA091|40BA101|40BA121|40BA131|40BA141|40BA151|40BA221|40BA222|40BC011|40BC021|40BC051|40BC061|40BC071|40BD012|40BD032|40BQ021|40BQ031|40BQ051|40BQ141|40BQ171|40BQ311|40BQ321|40BQ331|40BQ341|40BQ371|40BQ381|40BQ391|40BQ401|40BQ421|40BQ512|40BR022|40BR372|40BR472|40IA301|40IN041|40IN051|40IN101|40IN132|40IN532|40IN662|40IN672|40K0051|40K0052|40KA393|40KA513|40KE011|40KN021|40KN151|40KN152|40KN633|40KT142|40MN111|40PC101|40PQ041|40RQ151|40RR072|40UN010|40UN020|40UN050|40UN080|40UN110|40UN120|40UN130|40UN160|40WN081|40WN191|430R063|431A241|432N082|432N351|432N442|432N861|433A011|433A012|433A021|433A022|433D012|433N062|433N171|433N262|433Q051|435R021|90B2681
40211205,20,131,1,0,0,4030261|4040103|404D561|4064243|4064253|4065083|4069203|4069211|4069432|4069582|409A011|409A012|409A013|409A021|409A023|409A032|409D021|409Q072|409Q082|409Q502|409Q522|409Q702|409R181|409R481|409U053|409U163|409U313|409U403|409Z481|409Z491|409Z501|409Z511|40A8161|40B0291|40B8932|40B9431|40B9561|40B9572|40B9651|40B9662|40BA011|40BA021|40BA051|40BA061|40BA081|40BA091|40BA101|40BA121|40BA131|40BA132|40BA141|40BA151|40BA221|40BA222|40BC011|40BC021|40BC051|40BC061|40BC071|40BQ021|40BQ031|40BQ051|40BQ141|40BQ171|40BQ311|40BQ321|40BQ331|40BQ341|40BQ371|40BQ381|40BQ391|40BQ401|40BQ421|40BQ512|40BR022|40BR072|40BR082|40BR322|40BR372|40BR472|40IA301|40IN041|40IN051|40IN101|40IN132|40IN532|40IN662|40IN672|40K0051|40K0052|40KA393|40KA513|40KE011|40KN021|40KN151|40KN152|40KN633|40KT142|40MN111|40PC101|40PQ041|40RQ151|40RR072|40UN010|40UN020|40UN050|40UN070|40UN080|40UN110|40UN120|40UN130|40UN160|40WN081|40WN191|430R063|431A241|432N082|432N351|432N442|432N861|433A011|433A012|433A021|433A022|433D012|433N062|433N171|433N262|433Q051|435R021|90B2681
40211206,23,128,1,0,0,4030261|4040103|404D561|4064243|4064253|4065083|4069203|4069211|4069432|4069582|409A011|409A012|409A013|409A021|409A023|409A032|409D021|409Q072|409Q082|409Q502|409Q522|409Q702|409R181|409R481|409U053|409U163|409U313|409U403|409Z511|40A8161|40B0291|40B8932|40B9431|40B9561|40B9572|40B9651|40B9662|40BA011|40BA021|40BA051|40BA061|40BA081|40BA091|40BA101|40BA121|40BA122|40BA131|40BA141|40BA151|40BA152|40BA221|40BA222|40BC011|40BC021|40BC051|40BC061|40BC071|40BQ021|40BQ031|40BQ051|40BQ141|40BQ171|40BQ311|40BQ321|40BQ331|40BQ341|40BQ371|40BQ381|40BQ391|40BQ401|40BQ421|40BQ512|40BR022|40BR222|40BR242|40BR372|40BR472|40IA301|40IN041|40IN051|40IN101|40IN132|40IN532|40IN662|40IN672|40K0051|40K0052|40KA393|40KA513|40KE011|40KN021|40KN151|40KN152|40KN633|40KT142|40MN111|40PC101|40PQ041|40RQ151|40RR072|40UN010|40UN020|40UN050|40UN070|40UN080|40UN110|40UN120|40UN130|40UN160|40WN081|40WN191|430R063|431A241|432N082|432N351|432N442|432N861|433A011|433A012|433A021|433A022|433D012|433N062|433N171|433N262|433Q051|435R021|90B2681
40211207,23,128,2,0,0,4030261|4040103|404D561|4064243|4064253|4065083|4069203|4069211|4069432|4069582|409A011|409A012|409A013|409A021|409A023|409A032|409D021|409Q072|409Q082|409Q502|409Q522|409Q702|409R181|409R481|409U053|409U163|409U313|409U403|409Z481|409Z491|409Z501|409Z511|40A8161|40B0291|40B8932|40B9431|40B9561|40B9651|40B9662|40BA011|40BA021|40BA051|40BA061|40BA081|40BA091|40BA101|40BA121|40BA131|40BA141|40BA151|40BA221|40BA222|40BC011|40BC021|40BC051|40BC061|40BC071|40BD032|40BQ021|40BQ031|40BQ051|40BQ141|40BQ171|40BQ311|40BQ321|40BQ331|40BQ341|40BQ371|40BQ381|40BQ391|40BQ401|40BQ421|40BQ512|40BR022|40BR042|40BR122|40BR242|40BR472|40IA301|40IN041|40IN051|40IN101|40IN132|40IN532|40IN662|40IN672|40K0051|40K0052|40KA393|40KA513|40KE011|40KN021|40KN151|40KN152|40KN633|40KT142|40MN111|40PC101|40PQ041|40RQ151|40RR072|40UN010|40UN020|40UN050|40UN070|40UN080|40UN110|40UN120|40UN130|40UN160|40WN081|40WN191|430R063|431A241|432N351|432N442|432N861|433A011|433A012|433A021|433A022|433D012|433N062|433N171|433N262|433Q051|435R021|90B2681
40211211,25,126,3,0,0,4030261|4040103|404D561|4064243|4064253|4065083|4069203|4069211|4069582|409A011|409A012|409A013|409A021|409A023|409A032|409D021|409Q082|409Q502|409Q522|409Q702|409R181|409R481|409U053|409U163|409U403|409Z481|409Z491|409Z501|409Z511|40A8161|40B0291|40B8932|40B9431|40B9651|40B9662|40BA011|40BA021|40BA051|40BA061|40BA062|40BA081|40BA091|40BA101|40BA102|40BA121|40BA131|40BA141|40BA151|40BA221|40BA222|40BC011|40BC021|40BC051|40BC061|40BC071|40BD012|40BD032|40BD052|40BQ021|40BQ031|40BQ051|40BQ141|40BQ171|40BQ311|40BQ321|40BQ331|40BQ341|40BQ371|40BQ381|40BQ391|40BQ401|40BQ421|40BQ512|40BR022|40BR222|40BR242|40BR322|40BR342|40BR472|40IA301|40IN041|40IN051|40IN101|40IN132|40IN532|40IN662|40IN672|40K0051|40K0052|40KA393|40KA513|40KE011|40KN021|40KN151|40KN152|40KN633|40KT142|40MN111|40PC101|40PQ041|40RR072|40UN020|40UN050|40UN070|40UN080|40UN110|40UN120|40UN160|40WN081|40WN191|431A241|432N082|432N351|432N442|432N861|433A011|433A012|433A021|433A022|433D012|433N062|433N171|433N262|433Q051|435R021|90B2681
40211213,24,127,1,0,0,4030261|4040103|404D561|4064243|4064253|4065083|4069203|4069211|4069432|4069582|409A011|409A012|409A013|409A023|409A032|409D021|409Q072|409Q082|409Q502|409Q522|409Q702|409R181|409R481|409U053|409U163|409U313|409U403|409Z481|409Z491|409Z501|409Z511|40A8161|40B0291|40B8932|40B9431|40B9561|40B9651|40B9662|40BA011|40BA021|40BA051|40BA061|40BA081|40BA091|40BA102|40BA121|40BA122|40BA131|40BA141|40BA151|40BA221|40BA222|40BC011|40BC021|40BC051|40BC061|40BC071|40BD032|40BQ021|40BQ031|40BQ051|40BQ141|40BQ171|40BQ311|40BQ321|40BQ331|40BQ341|40BQ371|40BQ381|40BQ391|40BQ401|40BQ512|40BR022|40BR242|40BR372|40BR472|40IA301|40IN041|40IN051|40IN101|40IN132|40IN532|40IN662|40IN672|40K0051|40K0052|40KA393|40KA513|40KE011|40KN021|40KN151|40KN152|40KN633|40KT142|40MN111|40PC101|40PQ041|40RQ151|40RR072|40UN010|40UN020|40UN050|40UN070|40UN080|40UN110|40UN120|40UN130|40UN160|40WN081|40WN191|430R063|431A241|432N082|432N351|432N442|432N861|433A011|433A012|433A021|433A022|433D012|433N062|433N171|433N262|433Q051|435R021|90B2681
40211216,22,129,1,0,0,4030261|4040103|404D561|4064243|4064253|4065083|4069203|4069211|4069432|4069582|409A011|409A012|409A013|409A021|409A023|409A032|409D021|409Q072|409Q082|409Q502|409Q522|409Q702|409R181|409R481|409U053|409U163|409U313|409U403|409Z501|40A8161|40B0291|40B8932|40B9431|40B9561|40B9572|40B9651|40B9662|40BA011|40BA021|40BA051|40BA061|40BA081|40BA091|40BA101|40BA121|40BA131|40BA132|40BA141|40BA151|40BA221|40BA222|40BC011|40BC021|40BC051|40BC061|40BC071|40BD012|40BQ021|40BQ031|40BQ051|40BQ141|40BQ171|40BQ311|40BQ321|40BQ331|40BQ341|40BQ371|40BQ381|40BQ391|40BQ401|40BQ421|40BQ512|40BR022|40BR072|40BR222|40BR242|40BR342|40BR472|40IA301|40IN041|40IN051|40IN101|40IN132|40IN532|40IN662|40IN672|40K0051|40K0052|40KA393|40KA513|40KE011|40KN021|40KN151|40KN152|40KN633|40KT142|40MN111|40PC101|40PQ041|40RQ151|40RR072|40UN010|40UN020|40UN050|40UN070|40UN080|40UN110|40UN120|40UN130|40UN160|40WN081|40WN191|430R063|431A241|432N082|432N351|432N442|432N861|433A011|433A012|433A021|433A022|433D012|433N062|433N171|433N262|433Q051|435R021|90B2681
40211217,24,127,2,0,0,4030261|4040103|404D561|4064243|4064253|4065083|4069203|4069211|4069432|4069582|409A011|409A012|409A013|409A021|409A023|409D021|409Q072|409Q082|409Q502|409Q522|409Q702|409R181|409R481|409U053|409U163|409U313|409U403|409Z481|409Z491|409Z501|409Z511|40A8161|40B0291|40B8932|40B9431|40B9572|40B9651|40B9662|40BA011|40BA021|40BA051|40BA061|40BA081|40BA091|40BA101|40BA121|40BA131|40BA141|40BA151|40BA221|40BA222|40BC011|40BC021|40BC051|40BC061|40BC071|40BD012|40BD032|40BQ021|40BQ031|40BQ051|40BQ141|40BQ171|40BQ311|40BQ321|40BQ331|40BQ341|40BQ371|40BQ381|40BQ391|40BQ401|40BQ421|40BQ512|40BR022|40BR222|40BR472|40IA301|40IN041|40IN051|40IN101|40IN132|40IN532|40IN662|40IN672|40K0051|40K0052|40KA393|40KA513|40KE011|40KN021|40KN151|40KN152|40KN633|40KT142|40MN111|40PC101|40PQ041|40RQ151|40RR072|40UN010|40UN020|40UN050|40UN070|40UN080|40UN110|40UN120|40UN130|40UN160|40WN081|40WN191|430R063|431A241|432N082|432N351|432N442|432N861|433A011|433A012|433A021|433A022|433D012|433N062|433N171|433N262|433Q051|435R021|90B2681
40211219,21,130,2,0,0,4030261|4040103|404D561|4064243|4064253|4065083|4069203|4069211|4069432|4069582|409A011|409A012|409A013|409A021|409A023|409A032|409D021|409Q072|409Q082|409Q502|409Q522|409Q702|409R181|409R481|409U053|409U163|409U313|409U403|409Z481|409Z491|409Z501|409Z511|40A8161|40B0291|40B8932|40B9431|40B9572|40B9651|40B9662|40BA011|40BA021|40BA051|40BA061|40BA081|40BA091|40BA101|40BA102|40BA121|40BA131|40BA141|40BA151|40BA221|40BA222|40BC011|40BC021|40BC051|40BC061|40BC071|40BD032|40BQ021|40BQ031|40BQ051|40BQ141|40BQ171|40BQ311|40BQ321|40BQ331|40BQ341|40BQ371|40BQ381|40BQ391|40BQ401|40BQ421|40BQ512|40BR022|40BR072|40BR082|40BR242|40BR342|40BR472|40IA301|40IN041|40IN051|40IN101|40IN132|40IN532|40IN662|40IN672|40K0051|40K0052|40KA393|40KA513|40KE011|40KN021|40KN151|40KN152|40KN633|40KT142|40MN111|40PC101|40PQ041|40RQ151|40RR072|40UN010|40UN050|40UN070|40UN080|40UN110|40UN120|40UN130|40UN160|40WN081|40WN191|430R063|431A241|432N082|432N351|432N442|432N861|433A011|433A012|433A021|433A022|433D012|433N062|433N171|433N262|433Q051|435R021|90B2681
40211220,23,128,1,0,0,4030261|4040103|404D561|4064243|4064253|4065083|4069203|4069211|4069432|4069582|409A011|409A012|409A013|409A021|409A023|409A032|409D021|409Q072|409Q082|409Q502|409Q522|409Q702|409R181|409R481|409U053|409U163|409U313|409U403|409Z511|40A8161|40B0291|40B8932|40B9431|40B9561|40B9572|40B9651|40B9662|40BA011|40BA021|40BA051|40BA061|40BA062|40BA081|40BA091|40BA101|40BA121|40BA131|40BA141|40BA151|40BA221|40BA222|40BC011|40BC021|40BC051|40BC061|40BC071|40BD032|40BQ021|40BQ031|40BQ051|40BQ141|40BQ171|40BQ311|40BQ321|40BQ331|40BQ341|40BQ371|40BQ381|40BQ391|40BQ401|40BQ512|40BR022|40BR072|40BR242|40BR322|40BR372|40BR472|40IA301|40IN041|40IN051|40IN101|40IN132|40IN532|40IN662|40IN672|40K0051|40K0052|40KA393|40KA513|40KE011|40KN021|40KN151|40KN152|40KN633|40KT142|40MN111|40PC101|40PQ041|40RQ151|40RR072|40UN010|40UN020|40UN050|40UN070|40UN080|40UN110|40UN120|40UN130|40UN160|40WN081|40WN191|430R063|431A241|432N082|432N351|432N442|432N861|433A011|433A012|433A021|433A022|433D012|433N062|433N171|433N262|433Q051|435R021|90B2681
40211222,20,131,1,0,0,4030261|4040103|404D561|4064243|4064253|4065083|4069203|4069211|4069432|4069582|409A011|409A012|409A013|409A021|409A023|409A032|409D021|409Q072|409Q082|409Q502|409Q522|409Q702|409R181|409R481|409U053|409U163|409U313|409U403|409Z481|409Z491|409Z501|409Z511|40A8161|40B0291|40B8932|40B9431|40B9561|40B9572|40B9651|40B9662|40BA011|40BA012|40BA021|40BA051|40BA061|40BA081|40BA091|40BA101|40BA121|40BA131|40BA141|40BA151|40BA152|40BA221|40BA222|40BC011|40BC021|40BC051|40BC061|40BC071|40BQ021|40BQ031|40BQ051|40BQ141|40BQ171|40BQ311|40BQ321|40BQ331|40BQ341|40BQ371|40BQ381|40BQ391|40BQ401|40BQ421|40BQ512|40BR022|40BR042|40BR222|40BR342|40BR472|40IA301|40IN041|40IN051|40IN101|40IN132|40IN532|40IN662|40IN672|40K0051|40K0052|40KA393|40KA513|40KE011|40KN021|40KN151|40KN152|40KN633|40KT142|40MN111|40PC101|40PQ041|40RQ151|40RR072|40UN010|40UN020|40UN050|40UN070|40UN080|40UN110|40UN120|40UN130|40UN160|40WN081|40WN191|430R063|431A241|432N082|432N351|432N442|432N861|433A011|433A012|433A021|433A022|433D012|433N062|433N171|433N262|433Q051|435R021|90B2681
40211223,25,126,2,0,0,4030261|4040103|404D561|4064243|4064253|4065083|4069203|4069211|4069432|4069582|409A011|409A012|409A013|409A021|409A023|409A032|409D021|409Q072|409Q082|409Q502|409Q522|409Q702|409R181|409R481|409U053|409U163|409U313|409U403|409Z481|409Z491|409Z501|409Z511|40A8161|40B0291|40B8932|40B9431|40B9561|40B9572|40BA011|40BA021|40BA051|40BA061|40BA081|40BA091|40BA101|40BA121|40BA122|40BA131|40BA141|40BA151|40BA221|40BA222|40BC011|40BC021|40BC051|40BC061|40BC071|40BQ021|40BQ031|40BQ051|40BQ141|40BQ171|40BQ311|40BQ321|40BQ331|40BQ341|40BQ371|40BQ381|40BQ391|40BQ401|40BQ421|40BQ512|40BR022|40BR072|40BR242|40BR472|40IA301|40IN041|40IN051|40IN101|40IN132|40IN532|40IN662|40IN672|40K0051|40K0052|40KA393|40KA513|40KE011|40KN021|40KN151|40KN152|40KN633|40KT142|40MN111|40PC101|40PQ041|40RQ151|40RR072|40UN010|40UN020|40UN050|40UN080|40UN110|40UN120|40UN130|40UN160|40WN081|40WN191|430R063|431A241|432N082|432N351|432N442|432N861|433A011|433A012|433A021|433A022|433D012|433N062|433N171|433N262|433Q051|435R021|90B2681
40211225,25,126,1,0,0,4030261|4040103|404D561|4064243|4064253|4065083|4069203|4069211|4069432|4069582|409A011|409A012|409A013|409A021|409A023|409A032|409D021|409Q072|409Q082|409Q502|409Q522|409Q702|409R181|409R481|409U053|409U163|409U313|409U403|409Z481|409Z491|409Z501|409Z511|40A8161|40B0291|40B8932|40B9431|40B9651|40B9662|40BA011|40BA021|40BA051|40BA061|40BA081|40BA091|40BA121|40BA122|40BA131|40BA132|40BA141|40BA151|40BA221|40BA222|40BC011|40BC021|40BC051|40BC061|40BC071|40BQ021|40BQ031|40BQ051|40BQ141|40BQ171|40BQ311|40BQ321|40BQ331|40BQ341|40BQ371|40BQ381|40BQ391|40BQ401|40BQ421|40BQ512|40BR022|40BR342|40BR372|40BR472|40IA301|40IN041|40IN051|40IN101|40IN132|40IN532|40IN662|40IN672|40K0051|40K0052|40KA393|40KA513|40KE011|40KN021|40KN151|40KN152|40KN633|40KT142|40MN111|40PC101|40PQ041|40RQ151|40RR072|40UN010|40UN020|40UN050|40UN080|40UN110|40UN120|40UN130|40UN160|40WN081|40WN191|430R063|431A241|432N082|432N351|432N442|432N861|433A011|433A012|433A021|433A022|433D012|433N062|433N171|433N262|433Q051|435R021|90B2681
40211226,19,132,1,0,0,4030261|4040103|404D561|4064243|4064253|4065083|4069203|4069211|4069432|4069582|409A011|409A012|409A013|409A021|409A023|409A032|409D021|409Q072|409Q082|409Q502|409Q522|409Q702|409R181|409R481|409U053|409U163|409U313|409U403|409Z481|409Z491|409Z501|409Z511|40A8161|40B0291|40B8932|40B9431|40B9651|40B9662|40BA011|40BA021|40BA051|40BA061|40BA081|40BA091|40BA101|40BA121|40BA122|40BA131|40BA141|40BA142|40BA151|40BA221|40BA222|40BC011|40BC021|40BC051|40BC061|40BC071|40BQ021|40BQ031|40BQ051|40BQ141|40BQ171|40BQ311|40BQ321|40BQ331|40BQ341|40BQ371|40BQ381|40BQ391|40BQ401|40BQ421|40BQ512|40BR022|40BR032|40BR042|40BR222|40BR242|40BR322|40BR342|40BR472|40IA301|40IN041|40IN051|40IN101|40IN132|40IN532|40IN662|40IN672|40K0051|40K0052|40KA393|40KA513|40KE011|40KN021|40KN151|40KN152|40KN633|40KT142|40MN111|40PC101|40PQ041|40RQ151|40RR072|40UN010|40UN020|40UN050|40UN070|40UN080|40UN110|40UN120|40UN130|40UN160|40WN081|40WN191|430R063|431A241|432N082|432N351|432N442|432N861|433A011|433A012|433A021|433A022|433D012|433N062|433N171|433N262|433Q051|435R021|90B2681
40211227,24,127,2,0,0,4030261|4040103|404D561|4064243|4064253|4065083|4069203|4069211|4069432|4069582|409A011|409A012|409A013|409A021|409A023|409A032|409D021|409Q072|409Q082|409Q502|409Q522|409Q702|409R181|409R481|409U053|409U163|409U313|409U403|409Z481|409Z491|409Z501|409Z511|40A8161|40B0291|40B8932|40B9431|40B9561|40B9651|40B9662|40BA011|40BA021|40BA061|40BA081|40BA091|40BA101|40BA121|40BA122|40BA131|40BA132|40BA141|40BA151|40BA221|40BA222|40BC011|40BC021|40BC051|40BC061|40BC071|40BQ021|40BQ031|40BQ051|40BQ141|40BQ171|40BQ311|40BQ321|40BQ331|40BQ341|40BQ371|40BQ381|40BQ391|40BQ401|40BQ421|40BQ512|40BR022|40BR122|40BR242|40BR342|40BR472|40IA301|40IN041|40IN051|40IN101|40IN132|40IN532|40IN662|40IN672|40K0051|40K0052|40KA393|40KA513|40KE011|40KN021|40KN151|40KN152|40KN633|40KT142|40MN111|40PC101|40PQ041|40RQ151|40RR072|40UN010|40UN020|40UN050|40UN070|40UN080|40UN110|40UN120|40UN130|40UN160|40WN081|40WN191|430R063|431A241|432N351|432N442|432N861|433A012|433A021|433A022|433D012|433N062|433N171|433N262|433Q051|435R021|90B2681
40211228,22,129,1,0,0,4030261|4040103|404D561|4064243|4064253|4065083|4069203|4069211|4069432|4069582|409A011|409A012|409A013|409A021|409A023|409A032|409D021|409Q072|409Q082|409Q502|409Q522|409Q702|409R181|409R481|409U053|409U163|409U313|409U403|40A8161|40B0291|40B8932|40B9431|40B9561|40B9572|40B9651|40B9662|40BA011|40BA021|40BA051|40BA061|40BA081|40BA091|40BA101|40BA121|40BA131|40BA141|40BA151|40BA221|40BA222|40BC011|40BC021|40BC051|40BC061|40BC071|40BD012|40BQ021|40BQ031|40BQ051|40BQ141|40BQ171|40BQ311|40BQ321|40BQ331|40BQ341|40BQ371|40BQ381|40BQ391|40BQ401|40BQ421|40BQ512|40BR022|40BR042|40BR082|40BR222|40BR242|40BR322|40BR342|40BR472|40IA301|40IN041|40IN051|40IN101|40IN132|40IN532|40IN662|40IN672|40K0051|40K0052|40KA393|40KA513|40KE011|40KN021|40KN151|40KN152|40KN633|40KT142|40MN111|40PC101|40PQ041|40RQ151|40RR072|40UN010|40UN020|40UN050|40UN070|40UN080|40UN110|40UN120|40UN130|40UN160|40WN081|40WN191|430R063|431A241|432N082|432N351|432N442|432N861|433A011|433A012|433A021|433A022|433D012|433N062|433N171|433N262|433Q051|435R021|90B2681
40211229,23,128,1,0,0,4030261|4040103|404D561|4064243|4064253|4065083|4069203|4069211|4069432|4069582|409A011|409A012|409A013|409A021|409A023|409A032|409D021|409Q072|409Q082|409Q502|409Q522|409Q702|409R181|409R481|409U053|409U163|409U313|409U403|409Z481|409Z491|409Z501|409Z511|40A8161|40B0291|40B8932|40B9431|40B9561|40B9572|40B9651|40B9662|40BA011|40BA021|40BA051|40BA052|40BA061|40BA081|40BA091|40BA101|40BA121|40BA131|40BA132|40BA141|40BA151|40BA221|40BA222|40BC011|40BC021|40BC051|40BC061|40BC071|40BQ021|40BQ031|40BQ051|40BQ141|40BQ171|40BQ311|40BQ321|40BQ331|40BQ341|40BQ371|40BQ381|40BQ391|40BQ401|40BQ421|40BQ512|40BR022|40BR082|40BR472|40IA301|40IN041|40IN051|40IN101|40IN132|40IN532|40IN662|40IN672|40K0051|40K0052|40KA393|40KA513|40KE011|40KN021|40KN151|40KN152|40KN633|40KT142|40MN111|40PC101|40PQ041|40RQ151|40RR072|40UN010|40UN020|40UN050|40UN070|40UN080|40UN110|40UN120|40UN130|40UN160|40WN081|40WN191|430R063|431A241|432N082|432N351|432N442|432N861|433A011|433A012|433A022|433D012|433N062|433N171|433N262|433Q051|435R021|90B2681
40211230,24,127,2,0,0,4030261|4040103|404D561|4064243|4064253|4065083|4069203|4069211|4069432|4069582|409A011|409A012|409A013|409A021|409A023|409A032|409Q072|409Q082|409Q522|409Q702|409R181|409R481|409U053|409U163|409U313|409U403|40A8161|40B0291|40B8932|40B9431|40B9561|40B9572|40B9651|40B9662|40BA011|40BA021|40BA051|40BA061|40BA081|40BA091|40BA092|40BA101|40BA102|40BA121|40BA122|40BA131|40BA141|40BA151|40BA221|40BA222|40BC011|40BC021|40BC051|40BC061|40BC071|40BQ021|40BQ031|40BQ051|40BQ141|40BQ171|40BQ311|40BQ321|40BQ331|40BQ341|40BQ371|40BQ381|40BQ391|40BQ401|40BQ421|40BQ512|40BR022|40BR082|40BR222|40BR242|40BR322|40BR342|40BR472|40IA301|40IN041|40IN051|40IN101|40IN132|40IN532|40IN662|40IN672|40K0051|40K0052|40KA393|40KA513|40KE011|40KN021|40KN151|40KN152|40KN633|40KT142|40MN111|40PC101|40PQ041|40RQ151|40UN010|40UN020|40UN050|40UN070|40UN080|40UN110|40UN120|40UN130|40UN160|40WN081|40WN191|430R063|431A241|432N082|432N351|432N442|432N861|433A011|433A012|433A021|433A022|433D012|433N062|433N171|433N262|433Q051|435R021|90B2681
40211232,9,142,1,0,0,4030261|4040103|404D561|4064243|4064253|4065083|4069203|4069211|4069432|4069582|409A011|409A012|409A013|409A021|409A023|409A032|409D021|409Q072|409Q082|409Q502|409Q522|409Q702|409R181|409R481|409U053|409U163|409U313|409U403|409Z481|409Z491|409Z501|409Z511|40A8161|40B0291|40B8932|40B9431|40B9561|40B9572|40B9651|40B9662|40BA011|40BA021|40BA051|40BA061|40BA081|40BA082|40BA091|40BA101|40BA121|40BA122|40BA131|40BA132|40BA141|40BA142|40BA151|40BA152|40BA221|40BA222|40BC011|40BC021|40BC051|40BC061|40BC071|40BD012|40BD032|40BD052|40BQ021|40BQ031|40BQ051|40BQ141|40BQ171|40BQ311|40BQ321|40BQ331|40BQ341|40BQ371|40BQ381|40BQ391|40BQ401|40BQ421|40BQ512|40BR022|40BR072|40BR082|40BR122|40BR222|40BR242|40BR322|40BR342|40BR372|40BR472|40IA301|40IN041|40IN051|40IN101|40IN132|40IN532|40IN662|40IN672|40K0051|40K0052|40KA393|40KA513|40KE011|40KN021|40KN151|40KN152|40KN633|40KT142|40MN111|40PC101|40PQ041|40RQ151|40RR072|40UN010|40UN020|40UN050|40UN070|40UN080|40UN110|40UN120|40UN130|40UN160|40WN081|40WN191|430R063|431A241|432N082|432N351|432N442|432N861|433A011|433A012|433A021|433A022|433D012|433N062|433N171|433N262|433Q051|435R021|90B2681
40211234,24,127,1,0,0,4030261|4040103|404D561|4064243|4064253|4065083|4069203|4069211|4069432|4069582|409A011|409A012|409A013|409A021|409A023|409A032|409D021|409Q072|409Q082|409Q502|409Q522|409Q702|409R181|409R481|409U053|409U163|409U313|409U403|409Z481|409Z491|409Z501|409Z511|40A8161|40B0291|40B8932|40B9572|40BA011|40BA021|40BA051|40BA061|40BA081|40BA082|40BA091|40BA101|40BA121|40BA122|40BA131|40BA132|40BA141|40BA151|40BA221|40BA222|40BC011|40BC021|40BC051|40BC061|40BC071|40BQ021|40BQ031|40BQ051|40BQ141|40BQ171|40BQ311|40BQ321|40BQ331|40BQ341|40BQ371|40BQ381|40BQ391|40BQ401|40BQ421|40BQ512|40BR022|40BR032|40BR072|40BR082|40BR242|40BR472|40IA301|40IN041|40IN051|40IN101|40IN132|40IN532|40IN662|40IN672|40K0051|40K0052|40KA393|40KA513|40KE011|40KN021|40KN151|40KN152|40KN633|40KT142|40MN111|40PC101|40PQ041|40RQ151|40RR072|40UN010|40UN020|40UN050|40UN080|40UN110|40UN120|40UN130|40UN160|40WN081|40WN191|430R063|431A241|432N082|432N351|432N442|432N861|433A012|433A021|433A022|433D012|433N062|433N171|433N262|433Q051|435R021|90B2681
40211235,22,129,1,0,0,4030261|4040103|404D561|4064243|4064253|4065083|4069203|4069211|4069432|4069582|409A011|409A012|409A013|409A021|409A023|409A032|409D021|409Q072|409Q082|409Q502|409Q522|409Q702|409R181|409R481|409U053|409U163|409U313|409U403|409Z481|409Z491|409Z501|409Z511|40A8161|40B0291|40B8932|40B9431|40B9561|40B9572|40B9651|40B9662|40BA011|40BA021|40BA051|40BA052|40BA061|40BA081|40BA082|40BA091|40BA101|40BA121|40BA131|40BA141|40BA151|40BA221|40BA222|40BC011|40BC021|40BC051|40BC061|40BC071|40BQ021|40BQ031|40BQ051|40BQ141|40BQ171|40BQ311|40BQ321|40BQ331|40BQ341|40BQ371|40BQ381|40BQ391|40BQ401|40BQ421|40BQ512|40BR022|40BR222|40BR342|40BR472|40IA301|40IN041|40IN051|40IN101|40IN132|40IN532|40IN662|40IN672|40K0051|40K0052|40KA393|40KA513|40KE011|40KN021|40KN151|40KN152|40KN633|40KT142|40MN111|40PC101|40PQ041|40RQ151|40RR072|40UN010|40UN020|40UN050|40UN070|40UN080|40UN110|40UN120|40UN130|40WN081|40WN191|430R063|431A241|432N082|432N351|432N442|432N861|433A011|433A012|433A021|433A022|433D012|433N062|433N171|433N262|433Q051|435R021|90B2681
40211237,23,128,1,0,0,4030261|4040103|404D561|4064243|4064253|4065083|4069203|4069211|4069432|4069582|409A011|409A012|409A013|409A021|409A023|409A032|409D021|409Q072|409Q082|409Q502|409Q522|409Q702|409R181|409R481|409U053|409U163|409U313|409U403|409Z481|409Z491|409Z501|409Z511|40A8161|40B0291|40B8932|40B9431|40B9651|40B9662|40BA011|40BA012|40BA021|40BA051|40BA061|40BA081|40BA091|40BA101|40BA121|40BA131|40BA132|40BA141|40BA151|40BA221|40BA222|40BC011|40BC021|40BC051|40BC061|40BC071|40BQ021|40BQ031|40BQ051|40BQ141|40BQ171|40BQ311|40BQ321|40BQ331|40BQ341|40BQ371|40BQ381|40BQ391|40BQ401|40BQ421|40BQ512|40BR022|40BR032|40BR122|40BR242|40BR342|40BR472|40IA301|40IN041|40IN051|40IN101|40IN132|40IN532|40IN662|40IN672|40K0051|40K0052|40KA393|40KA513|40KE011|40KN021|40KN151|40KN152|40KN633|40KT142|40MN111|40PC101|40PQ041|40RR072|40UN010|40UN020|40UN050|40UN070|40UN080|40UN110|40UN120|40UN130|40UN160|40WN081|40WN191|430R063|431A241|432N351|432N442|432N861|433A011|433A012|433A021|433A022|433D012|433N062|433N171|433N262|433Q051|435R021|90B2681
40211238,24,127,2,0,0,4030261|4040103|404D561|4064243|4064253|4065083|4069203|4069211|4069432|4069582|409A011|409A012|409A013|409A021|409A023|409A032|409D021|409Q072|409Q082|409Q502|409Q522|409Q702|409R181|409R481|409U053|409U163|409U313|409U403|409Z481|409Z491|409Z501|409Z511|40A8161|40B0291|40B8932|40B9431|40B9561|40B9572|40B9651|40B9662|40BA011|40BA021|40BA051|40BA061|40BA062|40BA081|40BA091|40BA101|40BA121|40BA131|40BA141|40BA151|40BA221|40BA222|40BC011|40BC021|40BC051|40BC061|40BC071|40BQ021|40BQ031|40BQ051|40BQ141|40BQ171|40BQ311|40BQ321|40BQ331|40BQ341|40BQ371|40BQ381|40BQ391|40BQ401|40BQ421|40BQ512|40BR022|40BR082|40BR242|40BR472|40IA301|40IN041|40IN051|40IN101|40IN132|40IN532|40IN662|40IN672|40K0051|40K0052|40KA393|40KA513|40KE011|40KN021|40KN151|40KN152|40KN633|40KT142|40MN111|40PC101|40PQ041|40RQ151|40RR072|40UN010|40UN020|40UN050|40UN070|40UN080|40UN110|40UN120|40UN130|40UN160|40WN081|40WN191|430R063|431A241|432N082|432N351|432N442|432N861|433A011|433A022|433D012|433N062|433N171|433N262|433Q051|435R021|90B2681
40211242,23,128,1,0,0,4030261|4040103|404D561|4064243|4064253|4065083|4069203|4069211|4069582|409A011|409A012|409A013|409A021|409A023|409A032|409D021|409Q072|409Q082|409Q522|409Q702|409R181|409R481|409U053|409U163|409U313|409U403|409Z481|409Z491|409Z501|409Z511|40A8161|40B0291|40B8932|40B9431|40B9561|40B9651|40B9662|40BA011|40BA021|40BA051|40BA061|40BA081|40BA091|40BA101|40BA121|40BA131|40BA141|40BA151|40BA221|40BA222|40BC011|40BC021|40BC051|40BC061|40BC071|40BD012|40BQ021|40BQ031|40BQ051|40BQ141|40BQ171|40BQ311|40BQ321|40BQ331|40BQ341|40BQ371|40BQ381|40BQ391|40BQ401|40BQ421|40BQ512|40BR022|40BR122|40BR222|40BR242|40BR322|40BR342|40BR472|40IA301|40IN041|40IN051|40IN101|40IN132|40IN532|40IN662|40IN672|40K0051|40K0052|40KA393|40KA513|40KE011|40KN021|40KN151|40KN152|40KN633|40KT142|40MN111|40PC101|40PQ041|40RQ151|40RR072|40UN010|40UN050|40UN070|40UN080|40UN110|40UN120|40UN130|40UN160|40WN081|40WN191|430R063|431A241|432N082|432N351|432N442|432N861|433A011|433A012|433A021|433A022|433D012|433N062|433N171|433N262|433Q051|435R021|90B2681
40211244,24,127,2,0,0,4030261|4040103|404D561|4064243|4064253|4065083|4069203|4069211|4069432|4069582|409A011|409A012|409A013|409A021|409A023|409A032|409D021|409Q072|409Q082|409Q502|409Q522|409Q702|409R181|409R481|409U053|409U163|409U313|409U403|409Z481|409Z491|409Z501|409Z511|40A8161|40B0291|40B8932|40B9431|40B9572|40B9651|40BA011|40BA021|40BA022|40BA051|40BA061|40BA081|40BA082|40BA091|40BA101|40BA121|40BA131|40BA141|40BA151|40BA221|40BA222|40BC011|40BC021|40BC051|40BC061|40BC071|40BQ021|40BQ031|40BQ051|40BQ141|40BQ171|40BQ311|40BQ321|40BQ331|40BQ341|40BQ371|40BQ381|40BQ391|40BQ401|40BQ512|40BR022|40BR032|40BR072|40BR472|40IA301|40IN041|40IN051|40IN101|40IN132|40IN532|40IN662|40IN672|40K0051|40K0052|40KA393|40KA513|40KE011|40KN021|40KN151|40KN152|40KN633|40KT142|40MN111|40PC101|40PQ041|40RQ151|40RR072|40UN010|40UN020|40UN050|40UN070|40UN080|40UN110|40UN120|40UN130|40UN160|40WN081|40WN191|430R063|431A241|432N082|432N351|432N442|432N861|433A011|433A012|433A021|433A022|433D012|433N062|433N171|433N262|433Q051|435R021|90B2681
40211246,22,129,2,0,0,4030261|4040103|404D561|4064243|4064253|4065083|4069203|4069211|4069432|4069582|409A011|409A012|409A013|409A021|409A023|409A032|409D021|409Q072|409Q082|409Q502|409Q522|409Q702|409R181|409R481|409U053|409U163|409U313|409U403|409Z481|409Z491|409Z501|409Z511|40A8161|40B0291|40B8932|40B9431|40B9561|40B9651|40B9662|40BA011|40BA021|40BA051|40BA052|40BA061|40BA081|40BA091|40BA101|40BA121|40BA131|40BA141|40BA151|40BA221|40BA222|40BC011|40BC021|40BC051|40BC061|40BC071|40BQ021|40BQ031|40BQ051|40BQ141|40BQ171|40BQ311|40BQ321|40BQ331|40BQ341|40BQ371|40BQ381|40BQ391|40BQ401|40BQ421|40BQ512|40BR022|40BR082|40BR242|40BR372|40BR472|40IA301|40IN041|40IN051|40IN101|40IN132|40IN532|40IN662|40IN672|40K0051|40K0052|40KA393|40KA513|40KE011|40KN021|40KN151|40KN152|40KN633|40KT142|40MN111|40PC101|40PQ041|40RQ151|40RR072|40UN010|40UN020|40UN050|40UN070|40UN080|40UN110|40UN120|40UN130|40UN160|40WN081|40WN191|430R063|431A241|432N082|432N351|432N442|432N861|433A011|433A012|433A021|433A022|433D012|433N062|433N171|433N262|433Q051|435R021|90B2681
40211247,25,126,1,0,0,4030261|4040103|404D561|4064243|4064253|4065083|4069203|4069211|4069432|4069582|409A011|409A012|409A013|409A021|409A023|409A032|409D021|409Q072|409Q082|409Q502|409Q522|409Q702|409R181|409R481|409U053|409U163|409U313|409U403|40A8161|40B0291|40B8932|40B9431|40B9561|40B9572|40B9651|40B9662|40BA011|40BA021|40BA051|40BA081|40BA091|40BA092|40BA101|40BA121|40BA131|40BA141|40BA151|40BA152|40BA221|40BA222|40BC011|40BC021|40BC051|40BC061|40BC071|40BQ021|40BQ031|40BQ051|40BQ141|40BQ171|40BQ311|40BQ321|40BQ331|40BQ341|40BQ371|40BQ381|40BQ391|40BQ401|40BQ421|40BQ512|40BR022|40BR042|40BR222|40BR342|40BR472|40IA301|40IN041|40IN051|40IN101|40IN132|40IN532|40IN662|40IN672|40K0051|40K0052|40KA393|40KA513|40KE011|40KN021|40KN151|40KN152|40KN633|40KT142|40MN111|40PC101|40PQ041|40RQ151|40RR072|40UN010|40UN020|40UN050|40UN070|40UN080|40UN110|40UN120|40UN130|40UN160|40WN081|40WN191|430R063|431A241|432N082|432N351|432N442|432N861|433A011|433A012|433A021|433A022|433D012|433N062|433N171|433N262|433Q051|435R021|90B2681
40211248,21,130,2,0,0,4030261|4040103|404D561|4064243|4064253|4065083|4069203|4069211|4069432|4069582|409A011|409A012|409A013|409A021|409A023|409A032|409D021|409Q072|409Q082|409Q502|409Q522|409Q702|409R181|409R481|409U053|409U163|409U313|409U403|409Z481|409Z491|409Z501|409Z511|40A8161|40B0291|40B0292|40B8932|40B9431|40B9561|40B9572|40B9651|40B9662|40BA011|40BA021|40BA022|40BA051|40BA061|40BA081|40BA091|40BA101|40BA121|40BA131|40BA141|40BA151|40BA221|40BA222|40BC011|40BC021|40BC051|40BC061|40BC071|40BQ021|40BQ031|40BQ051|40BQ141|40BQ171|40BQ311|40BQ321|40BQ331|40BQ341|40BQ371|40BQ381|40BQ391|40BQ401|40BQ421|40BQ512|40BR022|40BR072|40BR222|40BR472|40IA301|40IN041|40IN051|40IN101|40IN132|40IN532|40IN662|40IN672|40K0051|40K0052|40KA393|40KA513|40KE011|40KN021|40KN151|40KN152|40KN633|40KT142|40MN111|40PC101|40PQ041|40RQ151|40RR072|40UN010|40UN020|40UN050|40UN070|40UN080|40UN110|40UN120|40UN130|40UN160|40WN081|40WN191|430R063|431A241|432N082|432N351|432N442|432N861|433A011|433A012|433A021|433A022|433D012|433N062|433N171|433N262|433Q051|435R021|90B2681
40211249,23,128,1,0,0,4030261|4040103|404D561|4064243|4064253|4065083|4069203|4069211|4069432|4069582|409A011|409A012|409A013|409A021|409A023|409D021|409Q072|409Q082|409Q502|409Q522|409Q702|409R181|409R481|409U053|409U163|409U313|409U403|409Z481|409Z491|409Z501|409Z511|40A8161|40B0291|40B8932|40B9431|40B9572|40B9651|40B9662|40BA011|40BA012|40BA021|40BA051|40BA061|40BA081|40BA091|40BA101|40BA121|40BA122|40BA131|40BA141|40BA151|40BA221|40BA222|40BC011|40BC021|40BC051|40BC061|40BC071|40BD012|40BQ021|40BQ031|40BQ051|40BQ141|40BQ171|40BQ311|40BQ321|40BQ331|40BQ341|40BQ371|40BQ381|40BQ391|40BQ401|40BQ421|40BQ512|40BR022|40BR042|40BR472|40IA301|40IN041|40IN051|40IN101|40IN132|40IN532|40IN662|40IN672|40K0051|40K0052|40KA393|40KA513|40KE011|40KN021|40KN151|40KN152|40KN633|40KT142|40MN111|40PC101|40PQ041|40RQ151|40RR072|40UN010|40UN020|40UN050|40UN070|40UN080|40UN110|40UN120|40UN130|40UN160|40WN081|40WN191|430R063|431A241|432N082|432N351|432N442|432N861|433A011|433A012|433A021|433A022|433D012|433N062|433N171|433N262|433Q051|435R021|90B2681
40211250,22,129,2,0,0,4030261|4040103|404D561|4064243|4064253|4065083|4069203|4069211|4069432|4069582|409A011|409A012|409A013|409A021|409A023|409A032|409D021|409Q072|409Q082|409Q502|409Q522|409Q702|409R181|409R481|409U053|409U163|409U313|409U403|409Z481|409Z491|409Z501|409Z511|40A8161|40B0291|40B8932|40B9431|40B9561|40B9651|40B9662|40BA011|40BA021|40BA051|40BA061|40BA062|40BA081|40BA091|40BA101|40BA102|40BA121|40BA131|40BA141|40BA151|40BA221|40BA222|40BC011|40BC021|40BC051|40BC061|40BC071|40BQ021|40BQ031|40BQ051|40BQ141|40BQ171|40BQ311|40BQ321|40BQ331|40BQ341|40BQ371|40BQ381|40BQ391|40BQ401|40BQ421|40BQ512|40BR022|40BR032|40BR082|40BR242|40BR472|40IA301|40IN041|40IN051|40IN101|40IN132|40IN532|40IN662|40IN672|40K0051|40K0052|40KA393|40KA513|40KE011|40KN021|40KN151|40KN152|40KN633|40KT142|40MN111|40PC101|40PQ041|40RQ151|40RR072|40UN010|40UN020|40UN050|40UN070|40UN080|40UN110|40UN120|40UN130|40UN160|40WN081|40WN191|430R063|431A241|432N082|432N442|432N861|433A011|433A012|433A021|433A022|433D012|433N062|433N171|433N262|433Q051|435R021|90B2681
40211252,24,127,2,0,0,4030261|4040103|404D561|4064243|4064253|4065083|4069203|4069211|4069432|4069582|409A011|409A012|409A013|409A021|409A023|409A032|409Q072|409Q082|409Q522|409Q702|409R181|409R481|409U053|409U163|409U313|409U403|409Z511|40A8161|40B0291|40B8932|40B9431|40B9561|40B9572|40B9651|40B9662|40BA011|40BA021|40BA051|40BA061|40BA081|40BA091|40BA092|40BA101|40BA121|40BA131|40BA141|40BA151|40BA221|40BA222|40BC011|40BC021|40BC051|40BC061|40BC071|40BD032|40BQ021|40BQ031|40BQ051|40BQ141|40BQ171|40BQ311|40BQ321|40BQ331|40BQ341|40BQ371|40BQ381|40BQ391|40BQ401|40BQ421|40BQ512|40BR022|40BR122|40BR222|40BR242|40BR322|40BR342|40BR472|40IA301|40IN041|40IN051|40IN101|40IN132|40IN532|40IN662|40IN672|40K0051|40K0052|40KA393|40KA513|40KE011|40KN021|40KN151|40KN152|40KN633|40KT142|40MN111|40PC101|40PQ041|40RQ151|40UN010|40UN020|40UN050|40UN070|40UN080|40UN110|40UN120|40UN130|40UN160|40WN081|40WN191|430R063|431A241|432N082|432N351|432N442|432N861|433A011|433A012|433A021|433A022|433D012|433N062|433N171|433N262|433Q051|435R021|90B2681
40211256,23,128,1,0,0,4030261|4040103|404D561|4064243|4064253|4065083|4069203|4069211|4069582|409A011|409A012|409A013|409A021|409A023|409A032|409D021|409Q072|409Q082|409Q522|409Q702|409R181|409R481|409U053|409U163|409U313|409U403|409Z481|409Z491|409Z501|409Z511|40A8161|40B0291|40B8932|40B9431|40B9572|40B9651|40B9662|40BA011|40BA021|40BA022|40BA051|40BA061|40BA062|40BA081|40BA091|40BA101|40BA121|40BA131|40BA132|40BA141|40BA151|40BA221|40BA222|40BC011|40BC021|40BC051|40BC061|40BC071|40BQ021|40BQ031|40BQ051|40BQ141|40BQ171|40BQ311|40BQ321|40BQ331|40BQ341|40BQ371|40BQ381|40BQ391|40BQ401|40BQ421|40BQ512|40BR022|40BR042|40BR242|40BR322|40BR342|40BR472|40IA301|40IN041|40IN051|40IN101|40IN132|40IN532|40IN662|40IN672|40K0051|40K0052|40KA393|40KA513|40KE011|40KN021|40KN151|40KN152|40KN633|40KT142|40MN111|40PC101|40PQ041|40RQ151|40RR072|40UN010|40UN050|40UN070|40UN080|40UN110|40UN120|40UN130|40WN081|40WN191|430R063|431A241|432N082|432N351|432N442|432N861|433A011|433A012|433A021|433A022|433D012|433N062|433N171|433N262|433Q051|435R021|90B2681
40211260,16,135,1,0,0,4030261|4040103|404D561|4064243|4064253|4065083|4069203|4069211|4069432|4069582|409A011|409A012|409A013|409A021|409A023|409A032|409D021|409Q072|409Q082|409Q502|409Q522|409Q702|409R181|409R481|409U053|409U163|409U313|409U403|409Z481|409Z491|409Z501|409Z511|40A8161|40B0291|40B0292|40B8932|40B9431|40B9651|40B9662|40BA011|40BA012|40BA021|40BA051|40BA052|40BA061|40BA081|40BA091|40BA101|40BA102|40BA121|40BA122|40BA131|40BA141|40BA151|40BA221|40BA222|40BC011|40BC021|40BC051|40BC061|40BC071|40BQ021|40BQ031|40BQ051|40BQ141|40BQ171|40BQ311|40BQ321|40BQ331|40BQ341|40BQ371|40BQ381|40BQ391|40BQ401|40BQ421|40BQ512|40BR022|40BR072|40BR222|40BR242|40BR322|40BR342|40BR372|40BR472|40IA301|40IN041|40IN051|40IN101|40IN132|40IN532|40IN662|40IN672|40K0051|40K0052|40KA393|40KA513|40KE011|40KN021|40KN151|40KN152|40KN633|40KT142|40MN111|40PC101|40PQ041|40RQ151|40RR072|40UN010|40UN020|40UN050|40UN070|40UN080|40UN110|40UN120|40UN130|40UN160|40WN081|40WN191|430R063|431A241|432N082|432N351|432N442|432N861|433A011|433A012|433A021|433A022|433D012|433N062|433N171|433N262|433Q051|435R021|90B2681
40211261,21,130,2,0,0,4030261|4040103|404D561|4064243|4064253|4065083|4069203|4069211|4069432|4069582|409A011|409A012|409A013|409A021|409A023|409A032|409D021|409Q072|409Q082|409Q502|409Q522|409Q702|409R181|409R481|409U053|409U163|409U313|409U403|40A8161|40B0291|40B0292|40B8932|40B9431|40B9561|40B9572|40B9651|40B9662|40BA011|40BA012|40BA021|40BA022|40BA051|40BA052|40BA061|40BA081|40BA091|40BA101|40BA121|40BA131|40BA141|40BA151|40BA221|40BA222|40BC011|40BC021|40BC051|40BC061|40BC071|40BQ021|40BQ031|40BQ051|40BQ141|40BQ171|40BQ311|40BQ321|40BQ331|40BQ341|40BQ371|40BQ381|40BQ391|40BQ421|40BQ512|40BR022|40BR072|40BR122|40BR222|40BR342|40BR372|40BR472|40IA301|40IN041|40IN051|40IN101|40IN132|40IN532|40IN662|40IN672|40K0051|40K0052|40KA393|40KA513|40KE011|40KN021|40KN151|40KN152|40KN633|40KT142|40MN111|40PC101|40PQ041|40RQ151|40RR072|40UN010|40UN020|40UN050|40UN070|40UN080|40UN110|40UN120|40UN130|40UN160|40WN081|40WN191|430R063|431A241|432N082|432N351|432N442|432N861|433A011|433A012|433A021|433A022|433D012|433N062|433N171|433N262|433Q051|435R021|90B2681
40211262,20,131,1,0,0,4030261|4040103|404D561|4064243|4064253|4065083|4069203|4069211|4069582|409A011|409A012|409A013|409A021|409A023|409A032|409D021|409Q072|409Q082|409Q502|409Q522|409Q702|409R181|409R481|409U053|409U163|409U313|409U403|409Z481|409Z491|409Z501|409Z511|40A8161|40B0291|40B0292|40B8932|40B9431|40B9572|40B9651|40B9662|40BA011|40BA012|40BA021|40BA022|40BA051|40BA052|40BA061|40BA081|40BA091|40BA101|40BA121|40BA131|40BA141|40BA151|40BA221|40BA222|40BC011|40BC021|40BC051|40BC061|40BC071|40BQ021|40BQ031|40BQ051|40BQ141|40BQ171|40BQ311|40BQ321|40BQ331|40BQ341|40BQ371|40BQ381|40BQ391|40BQ401|40BQ421|40BQ512|40BR022|40BR032|40BR222|40BR242|40BR322|40BR342|40BR472|40IA301|40IN041|40IN051|40IN101|40IN132|40IN532|40IN662|40IN672|40K0051|40K0052|40KA393|40KA513|40KE011|40KN021|40KN151|40KN152|40KN633|40KT142|40MN111|40PC101|40PQ041|40RQ151|40RR072|40UN010|40UN050|40UN070|40UN080|40UN110|40UN120|40UN130|40WN081|40WN191|430R063|431A241|432N082|432N351|432N442|432N861|433A011|433A012|433A021|433A022|433D012|433N062|433N171|433N262|433Q051|435R021|90B2681
40311101,1,150,1,0,0,4030261|4040103|404D561|4064243|4064253|4065083|4069203|4069211|4069432|4069582|409A011|409A012|409A013|409A021|409A023|409A032|409D021|409Q072|409Q082|409Q502|409Q522|409Q702|409R181|409R481|409U053|409U163|409U313|409U403|409Z481|409Z491|409Z501|409Z511|40A8161|40B0291|40B0292|40B8932|40B9431|40B9561|40B9572|40B9651|40B9662|40BA012|40BA021|40BA022|40BA051|40BA052|40BA061|40BA062|40BA081|40BA082|40BA091|40BA092|40BA101|40BA102|40BA121|40BA122|40BA131|40BA132|40BA141|40BA142|40BA151|40BA152|40BA221|40BA222|40BC011|40BC021|40BC051|40BC061|40BC071|40BD012|40BD032|40BD052|40BQ021|40BQ031|40BQ051|40BQ141|40BQ171|40BQ311|40BQ321|40BQ331|40BQ341|40BQ371|40BQ381|40BQ391|40BQ401|40BQ421|40BQ512|40BR022|40BR032|40BR042|40BR072|40BR082|40BR122|40BR222|40BR242|40BR322|40BR342|40BR372|40BR472|40IA301|40IN041|40IN051|40IN101|40IN132|40IN532|40IN662|40IN672|40K0051|40K0052|40KA393|40KA513|40KE011|40KN021|40KN151|40KN152|40KN633|40KT142|40MN111|40PC101|40PQ041|40RQ151|40RR072|40UN010|40UN020|40UN050|40UN070|40UN080|40UN110|40UN120|40UN130|40UN160|40WN081|40WN191|430R063|431A241|432N082|432N351|432N442|432N861|433A011|433A012|433A021|433A022|433D012|433N062|433N171|433N262|433Q051|435R021|90B2681
40311104,17,134,1,0,0,4030261|4040103|404D561|4064243|4064253|4065083|4069203|4069211|4069432|4069582|409A011|409A012|409A013|409A021|409A023|409A032|409D021|409Q072|409Q082|409Q502|409Q522|409Q702|409R181|409R481|409U053|409U163|409U313|409U403|409Z481|409Z491|409Z501|409Z511|40A8161|40B0292|40B8932|40B9431|40B9561|40B9572|40B9651|40B9662|40BA012|40BA022|40BA052|40BA062|40BA081|40BA082|40BA091|40BA092|40BA101|40BA102|40BA122|40BA132|40BA142|40BA151|40BA152|40BA222|40BC011|40BC021|40BC061|40BD012|40BD032|40BD052|40BQ021|40BQ051|40BQ141|40BQ171|40BQ371|40BQ381|40BQ391|40BQ401|40BQ421|40BQ512|40BR022|40BR032|40BR042|40BR072|40BR082|40BR122|40BR222|40BR242|40BR322|40BR342|40BR372|40BR472|40IA301|40IN041|40IN051|40IN101|40IN132|40IN532|40IN662|40IN672|40K0051|40K0052|40KA393|40KA513|40KE011|40KN021|40KN151|40KN152|40KN633|40KT142|40MN111|40PC101|40PQ041|40RQ151|40RR072|40UN010|40UN020|40UN050|40UN070|40UN080|40UN120|40UN130|40UN160|40WN081|40WN191|430R063|431A241|432N082|432N351|432N442|432N861|433A011|433A012|433A021|433A022|433D012|433N062|433N171|433N262|433Q051|435R021|90B2681
40311105,17,134,1,0,0,4030261|4040103|404D561|4064243|4064253|4065083|4069203|4069211|4069432|4069582|409A012|409A013|409A023|409A032|409D021|409Q072|409Q082|409Q502|409Q522|409Q702|409R181|409R481|409U053|409U163|409U313|409U403|409Z481|409Z491|409Z501|409Z511|40A8161|40B0292|40B8932|40B9431|40B9561|40B9572|40B9651|40B9662|40BA011|40BA012|40BA022|40BA052|40BA062|40BA082|40BA091|40BA092|40BA102|40BA122|40BA131|40BA132|40BA142|40BA151|40BA152|40BA222|40BC021|40BC061|40BC071|40BD012|40BD032|40BD052|40BQ021|40BQ051|40BQ171|40BQ331|40BQ341|40BQ371|40BQ381|40BQ391|40BQ401|40BQ421|40BQ512|40BR022|40BR032|40BR042|40BR072|40BR082|40BR122|40BR222|40BR242|40BR322|40BR342|40BR372|40BR472|40IA301|40IN041|40IN051|40IN101|40IN132|40IN532|40IN662|40IN672|40K0051|40K0052|40KA393|40KA513|40KE011|40KN021|40KN151|40KN152|40KN633|40KT142|40MN111|40PC101|40PQ041|40RQ151|40RR072|40UN010|40UN020|40UN050|40UN070|40UN080|40UN110|40UN120|40UN130|40UN160|40WN081|40WN191|430R063|431A241|432N082|432N351|432N442|432N861|433A011|433A012|433A021|433A022|433D012|433N062|433N171|433N262|433Q051|435R021|90B2681
40311106,16,135,1,0,0,4030261|4040103|404D561|4064243|4064253|4065083|4069203|4069211|4069432|4069582|409A011|409A012|409A013|409A021|409A023|409A032|409D021|409Q072|409Q082|409Q502|409Q522|409Q702|409R181|409R481|409U053|409U163|409U313|409U403|409Z481|409Z491|409Z501|409Z511|40A8161|40B0292|40B8932|40B9431|40B9561|40B9572|40B9651|40B9662|40BA011|40BA012|40BA022|40BA052|40BA062|40BA082|40BA091|40BA092|40BA102|40BA122|40BA131|40BA132|40BA142|40BA151|40BA152|40BA222|40BC061|40BD012|40BD032|40BD052|40BQ021|40BQ031|40BQ051|40BQ171|40BQ331|40BQ341|40BQ371|40BQ381|40BQ391|40BQ401|40BQ421|40BQ512|40BR022|40BR032|40BR042|40BR072|40BR082|40BR122|40BR222|40BR242|40BR322|40BR342|40BR372|40BR472|40IA301|40IN041|40IN051|40IN101|40IN132|40IN532|40IN662|40IN672|40K0051|40K0052|40KA393|40KA513|40KE011|40KN021|40KN151|40KN152|40KN633|40KT142|40MN111|40PC101|40PQ041|40RQ151|40RR072|40UN010|40UN020|40UN050|40UN070|40UN080|40UN110|40UN120|40UN130|40UN160|40WN081|40WN191|430R063|431A241|432N082|432N351|432N442|432N861|433A011|433A012|433A021|433A022|433D012|433N062|433N171|433N262|433Q051|435R021|90B2681
40311112,17,134,1,0,0,4030261|4040103|404D561|4064243|4064253|4065083|4069203|4069211|4069432|4069582|409A011|409A012|409A013|409A021|409A023|409A032|409D021|409Q072|409Q082|409Q502|409Q522|409Q702|409R181|409R481|409U053|409U163|409U313|409U403|409Z481|409Z491|409Z501|409Z511|40A8161|40B0292|40B8932|40B9431|40B9561|40B9572|40B9651|40B9662|40BA012|40BA022|40BA052|40BA061|40BA062|40BA081|40BA082|40BA091|40BA092|40BA102|40BA122|40BA132|40BA142|40BA151|40BA152|40BA222|40BC021|40BC061|40BD012|40BD032|40BD052|40BQ021|40BQ031|40BQ051|40BQ171|40BQ371|40BQ381|40BQ391|40BQ401|40BQ421|40BQ512|40BR022|40BR032|40BR042|40BR072|40BR082|40BR122|40BR222|40BR242|40BR322|40BR342|40BR372|40BR472|40IA301|40IN041|40IN051|40IN101|40IN132|40IN532|40IN662|40IN672|40K0051|40K0052|40KA393|40KA513|40KE011|40KN021|40KN151|40KN152|40KN633|40KT142|40MN111|40PC101|40PQ041|40RQ151|40RR072|40UN010|40UN020|40UN050|40UN070|40UN080|40UN110|40UN120|40UN130|40UN160|40WN081|40WN191|430R063|431A241|432N082|432N351|432N442|432N861|433A011|433A012|433A021|433A022|433D012|433N062|433N171|433N262|433Q051|435R021|90B2681
40311114,19,132,1,0,0,4030261|4040103|404D561|4064243|4064253|4065083|4069203|4069211|4069432|4069582|409A011|409A012|409A013|409A021|409A023|409A032|409D021|409Q072|409Q082|409Q502|409Q522|409Q702|409R181|409R481|409U053|409U163|409U313|409U403|409Z481|409Z491|409Z501|409Z511|40A8161|40B0292|40B8932|40B9431|40B9561|40B9572|40B9651|40B9662|40BA011|40BA012|40BA022|40BA052|40BA061|40BA062|40BA082|40BA091|40BA092|40BA102|40BA122|40BA132|40BA142|40BA151|40BA152|40BA222|40BC061|40BD012|40BD032|40BD052|40BQ021|40BQ051|40BQ171|40BQ311|40BQ331|40BQ371|40BQ381|40BQ391|40BQ401|40BQ421|40BQ512|40BR022|40BR032|40BR042|40BR072|40BR082|40BR122|40BR222|40BR242|40BR322|40BR342|40BR372|40BR472|40IN041|40IN051|40IN132|40IN532|40IN662|40IN672|40K0051|40K0052|40KA393|40KA513|40KE011|40KN021|40KN151|40KN152|40KN633|40KT142|40MN111|40PC101|40PQ041|40RQ151|40RR072|40UN010|40UN020|40UN050|40UN070|40UN080|40UN110|40UN120|40UN130|40UN160|40WN081|40WN191|430R063|431A241|432N082|432N351|432N442|432N861|433A011|433A012|433A021|433A022|433D012|433N062|433N171|433N262|433Q051|435R021|90B2681
40311117,17,134,2,0,0,4030261|4040103|404D561|4064243|4064253|4065083|4069203|4069211|4069432|4069582|409A011|409A012|409A013|409A021|409A023|409A032|409D021|409Q072|409Q082|409Q502|409Q522|409Q702|409R181|409R481|409U053|409U163|409U313|409U403|409Z481|409Z491|409Z501|409Z511|40A8161|40B0292|40B8932|40B9431|40B9561|40B9572|40B9651|40B9662|40BA012|40BA021|40BA022|40BA051|40BA052|40BA061|40BA062|40BA082|40BA091|40BA092|40BA122|40BA132|40BA142|40BA151|40BA152|40BA222|40BC061|40BC071|40BD012|40BD032|40BD052|40BQ021|40BQ051|40BQ141|40BQ171|40BQ371|40BQ381|40BQ391|40BQ401|40BQ421|40BQ512|40BR022|40BR032|40BR042|40BR072|40BR082|40BR122|40BR222|40BR242|40BR322|40BR342|40BR372|40BR472|40IA301|40IN041|40IN051|40IN101|40IN132|40IN532|40IN662|40IN672|40K0051|40K0052|40KA393|40KA513|40KE011|40KN021|40KN151|40KN152|40KN633|40KT142|40MN111|40PC101|40PQ041|40RQ151|40RR072|40UN010|40UN020|40UN050|40UN070|40UN080|40UN110|40UN120|40UN130|40UN160|40WN081|40WN191|430R063|431A241|432N082|432N351|432N442|432N861|433A011|433A012|433A021|433A022|433D012|433N062|433N171|433N262|433Q051|435R021|90B2681
40311118,17,134,2,0,0,4030261|4040103|404D561|4064243|4064253|4065083|4069203|4069211|4069432|4069582|409A011|409A012|409A013|409A021|409A023|409A032|409D021|409Q072|409Q082|409Q502|409Q522|409Q702|409R181|409R481|409U053|409U163|409U313|409U403|409Z481|409Z491|409Z501|409Z511|40A8161|40B0292|40B8932|40B9431|40B9561|40B9572|40B9651|40B9662|40BA012|40BA021|40BA022|40BA052|40BA061|40BA062|40BA082|40BA091|40BA092|40BA102|40BA122|40BA132|40BA142|40BA151|40BA152|40BA222|40BC061|40BC071|40BD012|40BD032|40BD052|40BQ021|40BQ051|40BQ141|40BQ171|40BQ311|40BQ371|40BQ381|40BQ391|40BQ401|40BQ421|40BQ512|40BR022|40BR032|40BR042|40BR072|40BR082|40BR122|40BR222|40BR242|40BR322|40BR342|40BR372|40BR472|40IA301|40IN041|40IN051|40IN101|40IN132|40IN532|40IN662|40IN672|40K0051|40K0052|40KA393|40KA513|40KE011|40KN021|40KN151|40KN152|40KN633|40KT142|40MN111|40PC101|40PQ041|40RQ151|40RR072|40UN010|40UN020|40UN050|40UN070|40UN080|40UN120|40UN130|40UN160|40WN081|40WN191|430R063|431A241|432N082|432N351|432N442|432N861|433A011|433A012|433A021|433A022|433D012|433N062|433N171|433N262|433Q051|435R021|90B2681
40311119,16,135,1,0,0,4030261|4040103|404D561|4064243|4064253|4065083|4069203|4069211|4069432|4069582|409A011|409A012|409A013|409A021|409A023|409A032|409D021|409Q072|409Q082|409Q502|409Q522|409Q702|409R181|409R481|409U053|409U163|409U313|409U403|409Z481|409Z491|409Z501|409Z511|40A8161|40B0292|40B8932|40B9431|40B9561|40B9572|40B9651|40B9662|40BA011|40BA012|40BA022|40BA051|40BA052|40BA062|40BA082|40BA091|40BA092|40BA101|40BA102|40BA122|40BA132|40BA142|40BA151|40BA152|40BA222|40BC061|40BD012|40BD032|40BD052|40BQ021|40BQ031|40BQ051|40BQ171|40BQ321|40BQ371|40BQ381|40BQ391|40BQ401|40BQ421|40BQ512|40BR022|40BR032|40BR042|40BR072|40BR082|40BR122|40BR222|40BR242|40BR322|40BR342|40BR372|40BR472|40IA301|40IN041|40IN051|40IN101|40IN132|40IN532|40IN662|40IN672|40K0051|40K0052|40KA393|40KA513|40KE011|40KN021|40KN151|40KN152|40KN633|40KT142|40MN111|40PC101|40PQ041|40RQ151|40RR072|40UN010|40UN020|40UN050|40UN070|40UN080|40UN110|40UN120|40UN130|40UN160|40WN081|40WN191|430R063|431A241|432N082|432N351|432N442|432N861|433A011|433A012|433A021|433A022|433D012|433N062|433N171|433N262|433Q051|435R021|90B2681
40311121,17,134,1,0,0,4030261|4040103|404D561|4064243|4064253|4065083|4069203|4069211|4069432|4069582|409A011|409A012|409A013|409A021|409A023|409A032|409D021|409Q072|409Q082|409Q502|409Q522|409Q702|409R181|409R481|409U053|409U163|409U313|409U403|409Z481|409Z491|409Z501|409Z511|40A8161|40B0292|40B8932|40B9431|40B9561|40B9572|40B9651|40B9662|40BA012|40BA022|40BA052|40BA062|40BA081|40BA082|40BA091|40BA092|40BA102|40BA122|40BA131|40BA132|40BA142|40BA151|40BA152|40BA222|40BC061|40BD012|40BD032|40BD052|40BQ021|40BQ051|40BQ141|40BQ171|40BQ331|40BQ371|40BQ381|40BQ391|40BQ401|40BQ421|40BQ512|40BR022|40BR032|40BR042|40BR072|40BR082|40BR122|40BR222|40BR242|40BR322|40BR342|40BR372|40BR472|40IA301|40IN041|40IN051|40IN101|40IN132|40IN532|40IN662|40IN672|40K0051|40K0052|40KA393|40KA513|40KE011|40KN021|40KN151|40KN152|40KN633|40KT142|40MN111|40PC101|40PQ041|40RQ151|40RR072|40UN010|40UN020|40UN050|40UN070|40UN080|40UN110|40UN120|40UN130|40UN160|40WN081|40WN191|430R063|431A241|432N082|432N351|432N442|432N861|433A011|433A012|433A021|433A022|433D012|433N062|433N171|433N262|433Q051|435R021|90B2681
40311128,16,135,1,0,0,4030261|4040103|404D561|4064243|4064253|4065083|4069203|4069211|4069432|4069582|409A011|409A012|409A013|409A021|409A023|409A032|409D021|409Q072|409Q082|409Q502|409Q522|409Q702|409R181|409R481|409U053|409U163|409U313|409U403|409Z481|409Z491|409Z501|409Z511|40A8161|40B0292|40B8932|40B9431|40B9561|40B9572|40B9651|40B9662|40BA012|40BA022|40BA051|40BA052|40BA062|40BA082|40BA091|40BA092|40BA102|40BA122|40BA132|40BA142|40BA151|40BA152|40BA222|40BC021|40BC061|40BD012|40BD032|40BD052|40BQ021|40BQ051|40BQ141|40BQ171|40BQ331|40BQ341|40BQ371|40BQ381|40BQ391|40BQ401|40BQ421|40BQ512|40BR022|40BR032|40BR042|40BR072|40BR082|40BR122|40BR222|40BR242|40BR322|40BR342|40BR372|40BR472|40IA301|40IN041|40IN051|40IN101|40IN132|40IN532|40IN662|40IN672|40K0051|40K0052|40KA393|40KA513|40KE011|40KN021|40KN151|40KN152|40KN633|40KT142|40MN111|40PC101|40PQ041|40RQ151|40RR072|40UN010|40UN020|40UN050|40UN070|40UN080|40UN110|40UN120|40UN130|40UN160|40WN081|40WN191|430R063|431A241|432N082|432N351|432N442|432N861|433A011|433A012|433A021|433A022|433D012|433N062|433N171|433N262|433Q051|435R021|90B2681
40311135,16,135,1,0,0,4030261|4040103|404D561|4064243|4064253|4065083|4069203|4069211|4069432|4069582|409A011|409A012|409A013|409A021|409A023|409A032|409D021|409Q072|409Q082|409Q502|409Q522|409Q702|409R181|409R481|409U053|409U163|409U313|409U403|409Z481|409Z491|409Z501|409Z511|40A8161|40B0292|40B8932|40B9431|40B9561|40B9572|40B9651|40B9662|40BA012|40BA022|40BA052|40BA062|40BA081|40BA082|40BA091|40BA092|40BA102|40BA122|40BA132|40BA142|40BA151|40BA152|40BC061|40BC071|40BD012|40BD032|40BD052|40BQ021|40BQ031|40BQ051|40BQ141|40BQ171|40BQ331|40BQ341|40BQ371|40BQ381|40BQ391|40BQ401|40BQ421|40BQ512|40BR022|40BR032|40BR042|40BR072|40BR082|40BR122|40BR222|40BR242|40BR322|40BR342|40BR372|40BR472|40IA301|40IN041|40IN051|40IN101|40IN132|40IN532|40IN662|40IN672|40K0051|40K0052|40KA393|40KA513|40KE011|40KN021|40KN151|40KN152|40KN633|40KT142|40MN111|40PC101|40PQ041|40RQ151|40RR072|40UN010|40UN020|40UN050|40UN070|40UN080|40UN110|40UN120|40UN130|40UN160|40WN081|40WN191|430R063|431A241|432N082|432N351|432N442|432N861|433A011|433A012|433A021|433A022|433D012|433N062|433N171|433N262|433Q051|435R021|90B2681
40311136,1,150,1,0,0,4030261|4040103|404D561|4064243|4064253|4065083|4069203|4069211|4069432|4069582|409A011|409A012|409A013|409A021|409A023|409A032|409D021|409Q072|409Q082|409Q502|409Q522|409Q702|409R181|409R481|409U053|409U163|409U313|409U403|409Z481|409Z491|409Z501|409Z511|40A8161|40B0291|40B0292|40B8932|40B9431|40B9561|40B9572|40B9651|40B9662|40BA012|40BA021|40BA022|40BA051|40BA052|40BA061|40BA062|40BA081|40BA082|40BA091|40BA092|40BA101|40BA102|40BA121|40BA122|40BA131|40BA132|40BA141|40BA142|40BA151|40BA152|40BA221|40BA222|40BC011|40BC021|40BC051|40BC061|40BC071|40BD012|40BD032|40BD052|40BQ021|40BQ031|40BQ051|40BQ141|40BQ171|40BQ311|40BQ321|40BQ331|40BQ341|40BQ371|40BQ381|40BQ391|40BQ401|40BQ421|40BQ512|40BR022|40BR032|40BR042|40BR072|40BR082|40BR122|40BR222|40BR242|40BR322|40BR342|40BR372|40BR472|40IA301|40IN041|40IN051|40IN101|40IN132|40IN532|40IN662|40IN672|40K0051|40K0052|40KA393|40KA513|40KE011|40KN021|40KN151|40KN152|40KN633|40KT142|40MN111|40PC101|40PQ041|40RQ151|40RR072|40UN010|40UN020|40UN050|40UN070|40UN080|40UN110|40UN120|40UN130|40UN160|40WN081|40WN191|430R063|431A241|432N082|432N351|432N442|432N861|433A011|433A012|433A021|433A022|433D012|433N062|433N171|433N262|433Q051|435R021|90B2681
40311137,16,135,1,0,0,4030261|4040103|404D561|4064243|4064253|4065083|4069203|4069211|4069432|4069582|409A011|409A012|409A013|409A021|409A023|409A032|409D021|409Q072|409Q082|409Q502|409Q522|409Q702|409R181|409R481|409U053|409U163|409U313|409U403|409Z481|409Z491|409Z501|409Z511|40A8161|40B0292|40B8932|40B9431|40B9561|40B9572|40B9651|40B9662|40BA012|40BA022|40BA052|40BA062|40BA082|40BA091|40BA092|40BA102|40BA122|40BA132|40BA142|40BA151|40BA152|40BA222|40BC011|40BC051|40BC061|40BC071|40BD012|40BD032|40BD052|40BQ021|40BQ031|40BQ051|40BQ141|40BQ171|40BQ371|40BQ381|40BQ391|40BQ401|40BQ421|40BQ512|40BR022|40BR032|40BR042|40BR072|40BR082|40BR122|40BR222|40BR242|40BR322|40BR342|40BR372|40BR472|40IA301|40IN041|40IN051|40IN101|40IN132|40IN532|40IN662|40IN672|40K0051|40K0052|40KA393|40KA513|40KE011|40KN021|40KN151|40KN152|40KN633|40KT142|40MN111|40PC101|40PQ041|40RQ151|40RR072|40UN010|40UN020|40UN050|40UN070|40UN080|40UN110|40UN120|40UN130|40UN160|40WN081|40WN191|430R063|431A241|432N082|432N351|432N442|432N861|433A011|433A012|433A021|433A022|433D012|433N062|433N171|433N262|433Q051|435R021|90B2681
40311138,16,135,1,0,0,4030261|4040103|404D561|4064243|4064253|4065083|4069203|4069211|4069432|4069582|409A012|409A013|409A021|409A023|409A032|409D021|409Q072|409Q082|409Q502|409Q522|409Q702|409R181|409R481|409U053|409U163|409U313|409U403|409Z481|409Z491|409Z501|409Z511|40A8161|40B0291|40B0292|40B8932|40B9431|40B9561|40B9572|40B9651|40B9662|40BA011|40BA012|40BA022|40BA052|40BA062|40BA081|40BA082|40BA091|40BA092|40BA102|40BA122|40BA131|40BA132|40BA142|40BA151|40BA152|40BA222|40BC061|40BD012|40BD032|40BD052|40BQ021|40BQ031|40BQ051|40BQ141|40BQ171|40BQ371|40BQ381|40BQ391|40BQ401|40BQ421|40BQ512|40BR022|40BR032|40BR042|40BR072|40BR082|40BR122|40BR222|40BR242|40BR322|40BR342|40BR372|40BR472|40IA301|40IN041|40IN051|40IN101|40IN132|40IN532|40IN662|40IN672|40K0051|40K0052|40KA393|40KA513|40KE011|40KN021|40KN151|40KN152|40KN633|40KT142|40MN111|40PC101|40PQ041|40RQ151|40RR072|40UN010|40UN020|40UN050|40UN070|40UN080|40UN110|40UN120|40UN130|40UN160|40WN081|40WN191|430R063|431A241|432N082|432N351|432N442|432N861|433A011|433A012|433A021|433A022|433D012|433N062|433N171|433N262|433Q051|435R021|90B2681
40311140,17,134,1,0,0,4030261|4040103|404D561|4064243|4064253|4065083|4069203|4069211|4069432|4069582|409A011|409A012|409A013|409A021|409A023|409A032|409D021|409Q072|409Q082|409Q502|409Q522|409Q702|409R181|409R481|409U053|409U163|409U313|409U403|409Z481|409Z491|409Z501|409Z511|40A8161|40B0292|40B8932|40B9431|40B9561|40B9572|40B9651|40B9662|40BA012|40BA022|40BA052|40BA062|40BA082|40BA091|40BA092|40BA102|40BA122|40BA132|40BA141|40BA142|40BA151|40BA152|40BA222|40BC061|40BD012|40BD032|40BD052|40BQ021|40BQ031|40BQ051|40BQ171|40BQ321|40BQ331|40BQ371|40BQ381|40BQ391|40BQ401|40BQ421|40BQ512|40BR022|40BR032|40BR042|40BR072|40BR082|40BR122|40BR222|40BR242|40BR322|40BR342|40BR372|40BR472|40IA301|40IN041|40IN051|40IN101|40IN132|40IN532|40IN662|40IN672|40K0051|40K0052|40KA393|40KA513|40KE011|40KN021|40KN151|40KN152|40KN633|40KT142|40MN111|40PC101|40PQ041|40RQ151|40RR072|40UN010|40UN020|40UN050|40UN070|40UN080|40UN110|40UN120|40UN130|40UN160|40WN081|40WN191|430R063|431A241|432N082|432N351|432N442|432N861|433A011|433A012|433A021|433A022|433D012|433N062|433N171|433N262|433Q051|435R021|90B2681
40311151,17,134,1,0,0,4030261|4040103|404D561|4064243|4064253|4065083|4069203|4069211|4069432|4069582|409A011|409A012|409A013|409A021|409A023|409A032|409D021|409Q072|409Q082|409Q502|409Q522|409Q702|409R181|409R481|409U053|409U163|409U313|409U403|409Z481|409Z491|409Z501|409Z511|40A8161|40B0292|40B8932|40B9431|40B9561|40B9572|40B9651|40B9662|40BA012|40BA022|40BA052|40BA061|40BA062|40BA082|40BA091|40BA092|40BA102|40BA121|40BA122|40BA132|40BA142|40BA151|40BA152|40BA222|40BC061|40BD012|40BD032|40BD052|40BQ021|40BQ031|40BQ051|40BQ171|40BQ331|40BQ371|40BQ381|40BQ391|40BQ401|40BQ421|40BQ512|40BR022|40BR032|40BR042|40BR072|40BR082|40BR122|40BR222|40BR242|40BR322|40BR342|40BR372|40BR472|40IA301|40IN041|40IN051|40IN101|40IN132|40IN532|40IN662|40IN672|40K0051|40K0052|40KA393|40KA513|40KE011|40KN021|40KN151|40KN152|40KN633|40KT142|40MN111|40PC101|40PQ041|40RQ151|40RR072|40UN010|40UN020|40UN050|40UN070|40UN080|40UN110|40UN120|40UN130|40UN160|40WN081|40WN191|430R063|431A241|432N082|432N351|432N442|432N861|433A011|433A012|433A021|433A022|433D012|433N062|433N171|433N262|433Q051|435R021|90B2681
40311153,17,134,1,0,0,4030261|4040103|404D561|4064243|4064253|4065083|4069203|4069211|4069432|4069582|409A011|409A012|409A013|409A021|409A023|409A032|409D021|409Q072|409Q082|409Q502|409Q522|409Q702|409R181|409R481|409U053|409U163|409U313|409U403|409Z481|409Z491|409Z501|409Z511|40A8161|40B0292|40B8932|40B9431|40B9561|40B9572|40B9651|40B9662|40BA012|40BA022|40BA052|40BA062|40BA082|40BA091|40BA092|40BA102|40BA122|40BA132|40BA142|40BA151|40BA152|40BA222|40BC011|40BC061|40BD012|40BD032|40BD052|40BQ021|40BQ031|40BQ051|40BQ171|40BQ331|40BQ341|40BQ371|40BQ381|40BQ391|40BQ401|40BQ421|40BQ512|40BR022|40BR032|40BR042|40BR072|40BR082|40BR122|40BR222|40BR242|40BR322|40BR342|40BR372|40BR472|40IA301|40IN041|40IN051|40IN101|40IN132|40IN532|40IN662|40IN672|40K0051|40K0052|40KA393|40KA513|40KE011|40KN021|40KN151|40KN152|40KN633|40KT142|40MN111|40PC101|40PQ041|40RQ151|40RR072|40UN010|40UN020|40UN050|40UN070|40UN080|40UN110|40UN120|40UN130|40UN160|40WN081|40WN191|430R063|431A241|432N082|432N351|432N442|432N861|433A011|433A012|433A021|433A022|433D012|433N062|433N171|433N262|433Q051|435R021|90B2681
40311154,17,134,1,0,0,4030261|4040103|404D561|4064243|4064253|4065083|4069203|4069211|4069432|4069582|409A011|409A012|409A013|409A021|409A023|409A032|409D021|409Q072|409Q082|409Q502|409Q522|409Q702|409R181|409R481|409U053|409U163|409U313|409U403|409Z481|409Z491|409Z501|409Z511|40A8161|40B0292|40B8932|40B9431|40B9561|40B9572|40B9651|40B9662|40BA012|40BA022|40BA052|40BA062|40BA082|40BA091|40BA092|40BA101|40BA102|40BA122|40BA132|40BA142|40BA151|40BA152|40BA221|40BA222|40BC061|40BD012|40BD032|40BD052|40BQ021|40BQ051|40BQ171|40BQ331|40BQ341|40BQ371|40BQ381|40BQ391|40BQ401|40BQ421|40BQ512|40BR022|40BR032|40BR042|40BR072|40BR082|40BR122|40BR222|40BR242|40BR322|40BR342|40BR372|40BR472|40IA301|40IN041|40IN051|40IN101|40IN132|40IN532|40IN662|40IN672|40K0051|40K0052|40KA393|40KA513|40KE011|40KN021|40KN151|40KN152|40KN633|40KT142|40MN111|40PC101|40PQ041|40RQ151|40RR072|40UN010|40UN020|40UN050|40UN070|40UN080|40UN110|40UN120|40UN130|40UN160|40WN081|40WN191|430R063|431A241|432N082|432N351|432N442|432N861|433A011|433A012|433A021|433A022|433D012|433N062|433N171|433N262|433Q051|435R021|90B2681
40311158,16,135,1,0,0,4030261|4040103|404D561|4064243|4064253|4065083|4069203|4069211|4069432|4069582|409A011|409A012|409A013|409A021|409A023|409A032|409D021|409Q072|409Q082|409Q502|409Q522|409Q702|409R181|409R481|409U053|409U163|409U313|409U403|409Z481|409Z491|409Z501|409Z511|40A8161|40B0291|40B0292|40B8932|40B9431|40B9561|40B9572|40B9651|40B9662|40BA012|40BA022|40BA051|40BA052|40BA061|40BA062|40BA082|40BA091|40BA092|40BA102|40BA122|40BA131|40BA132|40BA142|40BA151|40BA152|40BA222|40BC061|40BD012|40BD032|40BD052|40BQ021|40BQ051|40BQ141|40BQ171|40BQ321|40BQ371|40BQ381|40BQ391|40BQ401|40BQ421|40BQ512|40BR022|40BR032|40BR042|40BR072|40BR082|40BR122|40BR222|40BR242|40BR322|40BR342|40BR372|40BR472|40IA301|40IN041|40IN051|40IN101|40IN132|40IN532|40IN662|40IN672|40K0051|40K0052|40KA393|40KA513|40KE011|40KN021|40KN151|40KN152|40KN633|40KT142|40MN111|40PC101|40PQ041|40RQ151|40RR072|40UN010|40UN020|40UN050|40UN070|40UN080|40UN110|40UN120|40UN160|40WN081|40WN191|430R063|431A241|432N082|432N351|432N442|432N861|433A011|433A012|433A021|433A022|433D012|433N062|433N171|433N262|433Q051|435R021|90B2681
40311172,2,149,1,0,0,4030261|4040103|404D561|4064243|4064253|4065083|4069203|4069211|4069432|4069582|409A011|409A012|409A013|409A021|409A023|409A032|409D021|409Q072|409Q082|409Q502|409Q522|409Q702|409R181|409R481|409U053|409U163|409U313|409U403|409Z481|409Z491|409Z501|409Z511|40A8161|40B0291|40B0292|40B8932|40B9431|40B9561|40B9572|40B9651|40B9662|40BA011|40BA012|40BA021|40BA022|40BA051|40BA052|40BA061|40BA062|40BA081|40BA082|40BA091|40BA092|40BA101|40BA102|40BA121|40BA122|40BA131|40BA132|40BA141|40BA142|40BA151|40BA152|40BA221|40BA222|40BC011|40BC021|40BC061|40BC071|40BD012|40BD032|40BD052|40BQ021|40BQ031|40BQ051|40BQ141|40BQ171|40BQ311|40BQ321|40BQ331|40BQ371|40BQ381|40BQ391|40BQ401|40BQ421|40BQ512|40BR022|40BR032|40BR042|40BR072|40BR082|40BR122|40BR222|40BR242|40BR322|40BR342|40BR372|40BR472|40IA301|40IN041|40IN051|40IN101|40IN132|40IN532|40IN662|40IN672|40K0051|40K0052|40KA393|40KA513|40KE011|40KN021|40KN151|40KN152|40KN633|40KT142|40MN111|40PC101|40PQ041|40RQ151|40RR072|40UN010|40UN020|40UN050|40UN070|40UN080|40UN110|40UN120|40UN130|40UN160|40WN081|40WN191|430R063|431A241|432N082|432N351|432N442|432N861|433A011|433A012|433A021|433A022|433D012|433N062|433N171|433N262|433Q051|435R021|90B2681
40311204,16,135,1,0,0,4030261|4040103|404D561|4064243|4064253|4065083|4069203|4069211|4069432|4069582|409A011|409A012|409A013|409A021|409A023|409A032|409D021|409Q072|409Q082|409Q502|409Q522|409Q702|409R181|409R481|409U053|409U163|409U313|409U403|409Z481|409Z491|409Z501|409Z511|40A8161|40B0291|40B9431|40B9561|40B9572|40B9651|40B9662|40BA011|40BA021|40BA051|40BA052|40BA061|40BA081|40BA091|40BA092|40BA101|40BA121|40BA122|40BA131|40BA141|40BA142|40BA151|40BA152|40BA221|40BC011|40BC021|40BC051|40BC061|40BC071|40BD052|40BQ021|40BQ031|40BQ051|40BQ141|40BQ171|40BQ311|40BQ321|40BQ331|40BQ341|40BQ371|40BQ381|40BQ391|40BQ401|40BQ421|40BR032|40BR082|40BR122|40BR222|40BR242|40BR322|40BR342|40BR472|40IA301|40IN041|40IN051|40IN101|40IN132|40IN532|40IN662|40IN672|40K0051|40K0052|40KA393|40KA513|40KE011|40KN021|40KN151|40KN152|40KN633|40KT142|40MN111|40PC101|40PQ041|40RQ151|40RR072|40UN010|40UN020|40UN050|40UN070|40UN080|40UN110|40UN120|40UN130|40UN160|40WN081|40WN191|430R063|431A241|432N082|432N351|432N442|432N861|433A011|433A012|433A021|433A022|433D012|433N062|433N171|433N262|433Q051|435R021|90B2681
40311206,16,135,1,0,0,4030261|4040103|404D561|4064243|4064253|4065083|4069203|4069211|4069432|4069582|409A011|409A012|409A013|409A021|409A023|409A032|409D021|409Q072|409Q082|409Q502|409Q522|409Q702|409R181|409R481|409U053|409U163|409U313|409U403|409Z481|409Z491|409Z501|409Z511|40A8161|40B0291|40B9431|40B9561|40B9572|40B9651|40B9662|40BA011|40BA021|40BA051|40BA061|40BA081|40BA091|40BA092|40BA101|40BA102|40BA121|40BA131|40BA141|40BA142|40BA151|40BA152|40BA221|40BC011|40BC021|40BC051|40BC061|40BC071|40BD052|40BQ021|40BQ031|40BQ051|40BQ141|40BQ171|40BQ311|40BQ321|40BQ331|40BQ341|40BQ371|40BQ381|40BQ391|40BQ401|40BQ421|40BQ512|40BR032|40BR082|40BR122|40BR222|40BR242|40BR322|40BR342|40BR472|40IA301|40IN041|40IN051|40IN101|40IN132|40IN532|40IN662|40IN672|40K0051|40K0052|40KA393|40KA513|40KE011|40KN021|40KN151|40KN152|40KN633|40KT142|40MN111|40PC101|40PQ041|40RQ151|40RR072|40UN010|40UN020|40UN050|40UN070|40UN080|40UN110|40UN120|40UN130|40UN160|40WN081|40WN191|430R063|431A241|432N082|432N351|432N442|432N861|433A011|433A012|433A021|433A022|433D012|433N062|433N171|433N262|433Q051|435R021|90B2681
40311207,16,135,1,0,0,4030261|4040103|404D561|4064243|4064253|4065083|4069203|4069211|4069432|4069582|409A011|409A012|409A013|409A021|409A023|409A032|409D021|409Q072|409Q082|409Q502|409Q522|409Q702|409R181|409R481|409U053|409U163|409U313|409U403|409Z481|409Z491|409Z501|409Z511|40A8161|40B0291|40B9431|40B9561|40B9572|40B9651|40B9662|40BA011|40BA021|40BA051|40BA061|40BA081|40BA091|40BA092|40BA101|40BA121|40BA131|40BA141|40BA142|40BA151|40BA152|40BA221|40BC011|40BC021|40BC051|40BC061|40BC071|40BD032|40BD052|40BQ021|40BQ031|40BQ051|40BQ141|40BQ171|40BQ311|40BQ321|40BQ331|40BQ341|40BQ371|40BQ381|40BQ391|40BQ401|40BQ421|40BQ512|40BR032|40BR082|40BR122|40BR222|40BR242|40BR322|40BR342|40BR472|40IA301|40IN041|40IN051|40IN101|40IN132|40IN532|40IN662|40IN672|40K0051|40K0052|40KA393|40KA513|40KE011|40KN021|40KN151|40KN152|40KN633|40KT142|40MN111|40PC101|40PQ041|40RQ151|40RR072|40UN010|40UN020|40UN050|40UN070|40UN080|40UN110|40UN120|40UN130|40UN160|40WN081|40WN191|430R063|431A241|432N082|432N351|432N442|432N861|433A011|433A012|433A021|433A022|433D012|433N062|433N171|433N262|433Q051|435R021|90B2681
40311208,16,135,1,0,0,4030261|4040103|404D561|4064243|4064253|4065083|4069203|4069211|4069432|4069582|409A011|409A012|409A013|409A021|409A023|409A032|409D021|409Q072|409Q082|409Q502|409Q522|409Q702|409R181|409R481|409U053|409U163|409U313|409U403|409Z481|409Z491|409Z501|409Z511|40A8161|40B0291|40B9431|40B9561|40B9572|40B9651|40B9662|40BA011|40BA021|40BA051|40BA061|40BA081|40BA091|40BA092|40BA101|40BA121|40BA131|40BA132|40BA141|40BA142|40BA151|40BA152|40BA221|40BA222|40BC011|40BC021|40BC051|40BC061|40BC071|40BD052|40BQ021|40BQ031|40BQ051|40BQ141|40BQ171|40BQ311|40BQ321|40BQ331|40BQ341|40BQ371|40BQ381|40BQ391|40BQ401|40BQ421|40BR032|40BR082|40BR122|40BR222|40BR242|40BR322|40BR342|40BR472|40IA301|40IN041|40IN051|40IN101|40IN132|40IN532|40IN662|40IN672|40K0051|40K0052|40KA393|40KA513|40KE011|40KN021|40KN151|40KN152|40KN633|40KT142|40MN111|40PC101|40PQ041|40RQ151|40RR072|40UN010|40UN020|40UN050|40UN070|40UN080|40UN110|40UN120|40UN130|40UN160|40WN081|40WN191|430R063|431A241|432N082|432N351|432N442|432N861|433A011|433A012|433A021|433A022|433D012|433N062|433N171|433N262|433Q051|435R021|90B2681
40311218,17,134,1,0,0,4030261|4040103|404D561|4064243|4064253|4065083|4069203|4069211|4069432|4069582|409A011|409A012|409A013|409A021|409A023|409A032|409D021|409Q072|409Q082|409Q502|409Q522|409Q702|409R181|409R481|409U053|409U163|409U313|409U403|409Z481|409Z491|409Z501|409Z511|40A8161|40B0291|40B9431|40B9561|40B9572|40B9651|40B9662|40BA011|40BA021|40BA022|40BA051|40BA061|40BA081|40BA091|40BA092|40BA101|40BA102|40BA121|40BA131|40BA141|40BA142|40BA151|40BA152|40BA221|40BC011|40BC021|40BC051|40BC061|40BC071|40BD052|40BQ021|40BQ031|40BQ051|40BQ141|40BQ171|40BQ311|40BQ321|40BQ331|40BQ341|40BQ371|40BQ381|40BQ391|40BQ401|40BQ421|40BR032|40BR082|40BR122|40BR222|40BR242|40BR322|40BR342|40BR472|40IA301|40IN041|40IN051|40IN101|40IN132|40IN532|40IN662|40IN672|40K0052|40KA393|40KA513|40KE011|40KN021|40KN151|40KN152|40KN633|40KT142|40MN111|40PC101|40PQ041|40RQ151|40RR072|40UN010|40UN020|40UN050|40UN070|40UN080|40UN110|40UN120|40UN130|40UN160|40WN081|40WN191|430R063|431A241|432N082|432N351|432N442|432N861|433A011|433A012|433A021|433A022|433D012|433N062|433N171|433N262|433Q051|435R021|90B2681
40311226,16,135,1,0,0,4030261|4040103|404D561|4064243|4064253|4065083|4069203|4069211|4069432|4069582|409A011|409A012|409A013|409A021|409A023|409A032|409D021|409Q072|409Q082|409Q502|409Q522|409Q702|409R181|409R481|409U053|409U163|409U313|409U403|409Z481|409Z491|409Z501|409Z511|40A8161|40B0291|40B9431|40B9561|40B9572|40B9651|40B9662|40BA011|40BA021|40BA051|40BA061|40BA081|40BA091|40BA092|40BA101|40BA121|40BA131|40BA141|40BA142|40BA151|40BA152|40BA221|40BA222|40BC011|40BC021|40BC051|40BC061|40BC071|40BD012|40BD052|40BQ021|40BQ031|40BQ051|40BQ141|40BQ171|40BQ311|40BQ321|40BQ331|40BQ341|40BQ371|40BQ381|40BQ391|40BQ401|40BQ421|40BR032|40BR082|40BR122|40BR222|40BR242|40BR322|40BR342|40BR472|40IA301|40IN041|40IN051|40IN101|40IN132|40IN532|40IN662|40IN672|40K0051|40K0052|40KA393|40KA513|40KE011|40KN021|40KN151|40KN152|40KN633|40KT142|40MN111|40PC101|40PQ041|40RQ151|40RR072|40UN010|40UN020|40UN050|40UN070|40UN080|40UN110|40UN120|40UN130|40UN160|40WN081|40WN191|430R063|431A241|432N082|432N351|432N442|432N861|433A011|433A012|433A021|433A022|433D012|433N062|433N171|433N262|433Q051|435R021|90B2681
40311227,17,134,1,0,0,4030261|4040103|404D561|4064243|4064253|4065083|4069203|4069211|4069432|4069582|409A011|409A012|409A013|409A021|409A023|409A032|409D021|409Q072|409Q082|409Q502|409Q522|409Q702|409R181|409R481|409U053|409U163|409U313|409U403|409Z481|409Z491|409Z501|409Z511|40A8161|40B0291|40B9431|40B9561|40B9572|40B9651|40B9662|40BA011|40BA012|40BA051|40BA061|40BA081|40BA091|40BA092|40BA101|40BA121|40BA131|40BA141|40BA142|40BA151|40BA152|40BA221|40BC011|40BC021|40BC051|40BC061|40BC071|40BD052|40BQ021|40BQ031|40BQ051|40BQ141|40BQ171|40BQ311|40BQ321|40BQ331|40BQ341|40BQ371|40BQ381|40BQ391|40BQ401|40BQ421|40BR032|40BR072|40BR082|40BR122|40BR222|40BR242|40BR322|40BR342|40BR472|40IA301|40IN041|40IN051|40IN101|40IN132|40IN532|40IN662|40IN672|40K0051|40K0052|40KA393|40KA513|40KE011|40KN021|40KN151|40KN152|40KN633|40KT142|40MN111|40PC101|40PQ041|40RQ151|40RR072|40UN010|40UN020|40UN050|40UN070|40UN080|40UN110|40UN120|40UN130|40UN160|40WN081|40WN191|430R063|431A241|432N082|432N351|432N442|432N861|433A011|433A012|433A021|433A022|433D012|433N062|433N171|433N262|433Q051|435R021|90B2681
40311231,16,135,1,0,0,4030261|4040103|404D561|4064243|4064253|4065083|4069203|4069211|4069432|4069582|409A011|409A012|409A013|409A021|409A023|409A032|409D021|409Q072|409Q082|409Q502|409Q522|409Q702|409R181|409R481|409U053|409U163|409U313|409U403|409Z481|409Z491|409Z501|409Z511|40A8161|40B0291|40B9431|40B9561|40B9572|40B9651|40B9662|40BA011|40BA021|40BA051|40BA061|40BA081|40BA091|40BA092|40BA101|40BA102|40BA121|40BA131|40BA141|40BA142|40BA151|40BA152|40BA221|40BC011|40BC021|40BC051|40BC061|40BC071|40BD052|40BQ021|40BQ031|40BQ051|40BQ141|40BQ171|40BQ311|40BQ321|40BQ331|40BQ341|40BQ371|40BQ381|40BQ391|40BQ401|40BQ421|40BR032|40BR082|40BR122|40BR222|40BR242|40BR322|40BR342|40BR372|40BR472|40IA301|40IN041|40IN051|40IN101|40IN132|40IN532|40IN662|40IN672|40K0051|40K0052|40KA393|40KA513|40KE011|40KN021|40KN151|40KN152|40KN633|40KT142|40MN111|40PC101|40PQ041|40RQ151|40RR072|40UN010|40UN020|40UN050|40UN070|40UN080|40UN110|40UN120|40UN130|40UN160|40WN081|40WN191|430R063|431A241|432N082|432N351|432N442|432N861|433A011|433A012|433A021|433A022|433D012|433N062|433N171|433N262|433Q051|435R021|90B2681
40311243,16,135,1,0,0,4030261|4040103|404D561|4064243|4064253|4065083|4069203|4069211|4069432|4069582|409A011|409A012|409A013|409A021|409A023|409A032|409D021|409Q072|409Q082|409Q502|409Q522|409Q702|409R181|409R481|409U053|409U163|409U313|409U403|409Z481|409Z491|409Z501|409Z511|40A8161|40B0291|40B9431|40B9561|40B9572|40B9651|40B9662|40BA011|40BA021|40BA051|40BA061|40BA081|40BA091|40BA092|40BA101|40BA121|40BA122|40BA131|40BA141|40BA142|40BA151|40BA152|40BA221|40BC011|40BC021|40BC051|40BC061|40BC071|40BD052|40BQ021|40BQ031|40BQ051|40BQ141|40BQ171|40BQ311|40BQ321|40BQ331|40BQ341|40BQ371|40BQ381|40BQ391|40BQ401|40BQ421|40BR032|40BR082|40BR122|40BR222|40BR242|40BR322|40BR342|40BR372|40BR472|40IA301|40IN041|40IN051|40IN101|40IN132|40IN532|40IN662|40IN672|40K0051|40K0052|40KA393|40KA513|40KE011|40KN021|40KN151|40KN152|40KN633|40KT142|40MN111|40PC101|40PQ041|40RQ151|40RR072|40UN010|40UN020|40UN050|40UN070|40UN080|40UN110|40UN120|40UN130|40UN160|40WN081|40WN191|430R063|431A241|432N082|432N351|432N442|432N861|433A011|433A012|433A021|433A022|433D012|433N062|433N171|433N262|433Q051|435R021|90B2681
40311248,16,135,1,0,0,4030261|4040103|404D561|4064243|4064253|4065083|4069203|4069211|4069432|4069582|409A011|409A012|409A013|409A021|409A023|409A032|409D021|409Q072|409Q082|409Q502|409Q522|409Q702|409R181|409R481|409U053|409U163|409U313|409U403|409Z481|409Z491|409Z501|409Z511|40A8161|40B0291|40B9431|40B9561|40B9572|40B9651|40B9662|40BA011|40BA021|40BA051|40BA052|40BA061|40BA081|40BA091|40BA092|40BA101|40BA121|40BA131|40BA141|40BA142|40BA151|40BA152|40BA221|40BC011|40BC021|40BC051|40BC061|40BC071|40BD052|40BQ021|40BQ031|40BQ051|40BQ141|40BQ171|40BQ311|40BQ321|40BQ331|40BQ341|40BQ371|40BQ381|40BQ391|40BQ401|40BQ421|40BR032|40BR082|40BR122|40BR222|40BR242|40BR322|40BR342|40BR372|40BR472|40IA301|40IN041|40IN051|40IN101|40IN132|40IN532|40IN662|40IN672|40K0051|40K0052|40KA393|40KA513|40KE011|40KN021|40KN151|40KN152|40KN633|40KT142|40MN111|40PC101|40PQ041|40RQ151|40RR072|40UN010|40UN020|40UN050|40UN070|40UN080|40UN110|40UN120|40UN130|40UN160|40WN081|40WN191|430R063|431A241|432N082|432N351|432N442|432N861|433A011|433A012|433A021|433A022|433D012|433N062|433N171|433N262|433Q051|435R021|90B2681
40311249,16,135,1,0,0,4030261|4040103|404D561|4064243|4064253|4065083|4069203|4069211|4069432|4069582|409A011|409A012|409A013|409A021|409A023|409A032|409D021|409Q072|409Q082|409Q502|409Q522|409Q702|409R181|409R481|409U053|409U163|409U313|409U403|409Z481|409Z491|409Z501|409Z511|40A8161|40B0291|40B8932|40B9431|40B9561|40B9572|40B9651|40B9662|40BA011|40BA021|40BA051|40BA061|40BA081|40BA091|40BA092|40BA101|40BA121|40BA131|40BA132|40BA141|40BA142|40BA151|40BA152|40BA221|40BC011|40BC021|40BC051|40BC061|40BC071|40BD052|40BQ021|40BQ031|40BQ051|40BQ141|40BQ171|40BQ311|40BQ321|40BQ331|40BQ341|40BQ371|40BQ381|40BQ391|40BQ401|40BQ421|40BR032|40BR082|40BR122|40BR222|40BR242|40BR322|40BR342|40BR472|40IA301|40IN041|40IN051|40IN101|40IN132|40IN532|40IN662|40IN672|40K0051|40K0052|40KA393|40KA513|40KE011|40KN021|40KN151|40KN152|40KN633|40KT142|40MN111|40PC101|40PQ041|40RQ151|40RR072|40UN010|40UN020|40UN050|40UN070|40UN080|40UN110|40UN120|40UN130|40UN160|40WN081|40WN191|430R063|431A241|432N082|432N351|432N442|432N861|433A011|433A012|433A021|433A022|433D012|433N062|433N171|433N262|433Q051|435R021|90B2681
40311250,18,133,1,0,0,4030261|4040103|404D561|4064243|4065083|4069203|4069211|4069432|4069582|409A011|409A012|409A013|409A021|409A023|409A032|409D021|409Q072|409Q082|409Q502|409Q522|409Q702|409R181|409R481|409U053|409U163|409U313|409U403|409Z481|409Z491|409Z501|409Z511|40A8161|40B0291|40B9431|40B9561|40B9572|40B9651|40B9662|40BA011|40BA021|40BA051|40BA061|40BA081|40BA091|40BA092|40BA101|40BA102|40BA121|40BA131|40BA141|40BA142|40BA151|40BA152|40BA221|40BC011|40BC021|40BC051|40BC061|40BC071|40BD052|40BQ021|40BQ031|40BQ051|40BQ141|40BQ171|40BQ311|40BQ321|40BQ331|40BQ341|40BQ371|40BQ381|40BQ391|40BQ401|40BQ421|40BQ512|40BR022|40BR032|40BR082|40BR122|40BR222|40BR242|40BR322|40BR342|40BR472|40IA301|40IN041|40IN051|40IN101|40IN132|40IN532|40IN662|40IN672|40K0051|40K0052|40KA393|40KA513|40KE011|40KN021|40KN151|40KN152|40KN633|40KT142|40MN111|40PC101|40PQ041|40RQ151|40RR072|40UN010|40UN020|40UN050|40UN070|40UN080|40UN110|40UN120|40UN130|40WN081|40WN191|430R063|432N082|432N351|432N442|432N861|433A011|433A012|433A021|433A022|433D012|433N062|433N171|433N262|433Q051|435R021|90B2681
40311258,16,135,1,0,0,4030261|4040103|404D561|4064243|4064253|4065083|4069203|4069211|4069432|4069582|409A011|409A012|409A013|409A021|409A023|409A032|409D021|409Q072|409Q082|409Q502|409Q522|409Q702|409R181|409R481|409U053|409U163|409U313|409U403|409Z481|409Z491|409Z501|409Z511|40A8161|40B0291|40B8932|40B9431|40B9561|40B9572|40B9651|40B9662|40BA011|40BA021|40BA051|40BA061|40BA081|40BA091|40BA092|40BA101|40BA121|40BA131|40BA132|40BA141|40BA142|40BA151|40BA152|40BA221|40BC011|40BC021|40BC051|40BC061|40BC071|40BD052|40BQ021|40BQ031|40BQ051|40BQ141|40BQ171|40BQ311|40BQ321|40BQ331|40BQ341|40BQ371|40BQ381|40BQ391|40BQ401|40BQ421|40BR032|40BR082|40BR122|40BR222|40BR242|40BR322|40BR342|40BR472|40IA301|40IN041|40IN051|40IN101|40IN132|40IN532|40IN662|40IN672|40K0051|40K0052|40KA393|40KA513|40KE011|40KN021|40KN151|40KN152|40KN633|40KT142|40MN111|40PC101|40PQ041|40RQ151|40RR072|40UN010|40UN020|40UN050|40UN070|40UN080|40UN110|40UN120|40UN130|40UN160|40WN081|40WN191|430R063|431A241|432N082|432N351|432N442|432N861|433A011|433A012|433A021|433A022|433D012|433N062|433N171|433N262|433Q051|435R021|90B2681
40311259,16,135,1,0,0,4030261|4040103|404D561|4064243|4064253|4065083|4069203|4069211|4069432|4069582|409A011|409A012|409A013|409A021|409A023|409A032|409D021|409Q072|409Q082|409Q502|409Q522|409Q702|409R181|409R481|409U053|409U163|409U313|409U403|409Z481|409Z491|409Z501|409Z511|40A8161|40B0291|40B9431|40B9561|40B9572|40B9651|40B9662|40BA011|40BA021|40BA051|40BA052|40BA061|40BA081|40BA091|40BA092|40BA101|40BA121|40BA131|40BA141|40BA142|40BA151|40BA152|40BA221|40BC011|40BC021|40BC051|40BC061|40BC071|40BD052|40BQ021|40BQ031|40BQ051|40BQ141|40BQ171|40BQ311|40BQ321|40BQ331|40BQ341|40BQ371|40BQ381|40BQ391|40BQ401|40BQ421|40BR022|40BR032|40BR082|40BR122|40BR222|40BR242|40BR322|40BR342|40BR472|40IA301|40IN041|40IN051|40IN101|40IN132|40IN532|40IN662|40IN672|40K0051|40K0052|40KA393|40KA513|40KE011|40KN021|40KN151|40KN152|40KN633|40KT142|40MN111|40PC101|40PQ041|40RQ151|40RR072|40UN010|40UN020|40UN050|40UN070|40UN080|40UN110|40UN120|40UN130|40UN160|40WN081|40WN191|430R063|431A241|432N082|432N351|432N442|432N861|433A011|433A012|433A021|433A022|433D012|433N062|433N171|433N262|433Q051|435R021|90B2681
40311264,2,149,1,0,0,4030261|4040103|404D561|4064243|4064253|4065083|4069203|4069211|4069432|409A011|409A012|409A013|409A021|409A023|409A032|409D021|409Q072|409Q082|409Q502|409Q522|409Q702|409R181|409R481|409U053|409U163|409U313|409U403|409Z481|409Z491|409Z501|409Z511|40A8161|40B0291|40B0292|40B8932|40B9431|40B9561|40B9572|40B9651|40B9662|40BA011|40BA012|40BA021|40BA022|40BA051|40BA052|40BA061|40BA062|40BA081|40BA082|40BA091|40BA092|40BA101|40BA102|40BA121|40BA122|40BA131|40BA132|40BA141|40BA142|40BA151|40BA152|40BA221|40BA222|40BC011|40BC021|40BC051|40BC061|40BC071|40BD012|40BD032|40BD052|40BQ021|40BQ031|40BQ051|40BQ141|40BQ171|40BQ311|40BQ321|40BQ331|40BQ341|40BQ371|40BQ381|40BQ391|40BQ401|40BQ421|40BR022|40BR032|40BR042|40BR072|40BR082|40BR122|40BR222|40BR242|40BR322|40BR342|40BR372|40BR472|40IA301|40IN041|40IN051|40IN101|40IN132|40IN532|40IN662|40IN672|40K0051|40K0052|40KA393|40KA513|40KE011|40KN021|40KN151|40KN152|40KN633|40KT142|40MN111|40PC101|40PQ041|40RQ151|40RR072|40UN010|40UN020|40UN050|40UN070|40UN080|40UN110|40UN120|40UN130|40UN160|40WN081|40WN191|430R063|431A241|432N082|432N351|432N442|432N861|433A011|433A012|433A021|433A022|433D012|433N062|433N171|433N262|433Q051|435R021|90B2681
40320326,15,136,1,0,0,4030261|4040103|404D561|4064243|4064253|4065083|4069203|4069211|4069432|4069582|409A011|409A012|409A013|409A021|409A023|409A032|409D021|409Q072|409Q082|409Q502|409Q522|409Q702|409R181|409R481|409U053|409U163|409U313|409U403|409Z481|409Z491|409Z501|409Z511|40A8161|40B0291|40B0292|40B8932|40B9431|40B9561|40B9572|40B9651|40B9662|40BA011|40BA012|40BA022|40BA051|40BA052|40BA062|40BA082|40BA091|40BA092|40BA102|40BA122|40BA132|40BA142|40BA151|40BA152|40BA221|40BA222|40BC061|40BD012|40BD032|40BD052|40BQ021|40BQ031|40BQ051|40BQ141|40BQ171|40BQ371|40BQ381|40BQ391|40BQ401|40BQ421|40BQ512|40BR022|40BR032|40BR042|40BR072|40BR082|40BR122|40BR222|40BR242|40BR322|40BR342|40BR372|40BR472|40IA301|40IN041|40IN051|40IN101|40IN132|40IN532|40IN662|40IN672|40K0051|40K0052|40KA393|40KA513|40KE011|40KN021|40KN151|40KN152|40KN633|40KT142|40MN111|40PC101|40PQ041|40RQ151|40RR072|40UN010|40UN020|40UN050|40UN070|40UN080|40UN110|40UN120|40UN130|40UN160|40WN081|40WN191|430R063|431A241|432N082|432N351|432N442|432N861|433A011|433A012|433A021|433A022|433D012|433N062|433N171|433N262|433Q051|435R021|90B2681
40327247,3,148,1,0,0,4030261|4040103|404D561|4064243|4064253|4065083|4069203|4069211|4069432|4069582|409A011|409A012|409A013|409A021|409A023|409A032|409D021|409Q072|409Q082|409Q502|409Q522|409Q702|409R181|409R481|409U053|409U163|409U313|409U403|409Z481|409Z491|409Z501|409Z511|40A8161|40B0291|40B0292|40B8932|40B9431|40B9561|40B9572|40B9651|40B9662|40BA011|40BA012|40BA022|40BA051|40BA052|40BA061|40BA062|40BA081|40BA082|40BA091|40BA092|40BA101|40BA102|40BA121|40BA122|40BA131|40BA132|40BA141|40BA142|40BA151|40BA152|40BA221|40BA222|40BC011|40BC021|40BC051|40BC061|40BD012|40BD032|40BD052|40BQ021|40BQ051|40BQ141|40BQ171|40BQ311|40BQ321|40BQ331|40BQ341|40BQ371|40BQ381|40BQ391|40BQ401|40BQ421|40BQ512|40BR022|40BR032|40BR042|40BR072|40BR082|40BR122|40BR222|40BR242|40BR322|40BR342|40BR372|40BR472|40IA301|40IN041|40IN051|40IN101|40IN132|40IN532|40IN662|40IN672|40K0051|40K0052|40KA393|40KA513|40KE011|40KN021|40KN151|40KN152|40KN633|40KT142|40MN111|40PC101|40PQ041|40RQ151|40RR072|40UN010|40UN020|40UN050|40UN070|40UN080|40UN110|40UN120|40UN130|40UN160|40WN081|40WN191|430R063|431A241|432N082|432N351|432N442|432N861|433A011|433A012|433A021|433A022|433D012|433N062|433N171|433N262|433Q051|435R021|90B2681
40411102,10,141,1,0,0,4030261|4040103|404D561|4064243|4064253|4065083|4069203|4069211|4069432|4069582|409A011|409A012|409A013|409A021|409A023|409A032|409D021|409Q072|409Q082|409Q502|409Q522|409Q702|409R181|409R481|409U053|409U163|409U313|409U403|409Z481|409Z491|409Z501|409Z511|40A8161|40B0292|40B8932|40B9431|40B9561|40B9572|40B9651|40B9662|40BA012|40BA022|40BA052|40BA062|40BA081|40BA082|40BA091|40BA092|40BA102|40BA121|40BA122|40BA131|40BA132|40BA141|40BA142|40BA151|40BA152|40BA222|40BC021|40BC051|40BC061|40BD012|40BD032|40BD052|40BQ021|40BQ031|40BQ051|40BQ141|40BQ171|40BQ321|40BQ331|40BQ341|40BQ371|40BQ381|40BQ391|40BQ401|40BQ421|40BQ512|40BR022|40BR032|40BR042|40BR072|40BR082|40BR122|40BR222|40BR242|40BR322|40BR342|40BR372|40BR472|40IA301|40IN041|40IN051|40IN101|40IN132|40IN532|40IN662|40IN672|40K0051|40K0052|40KA393|40KA513|40KE011|40KN021|40KN151|40KN152|40KN633|40KT142|40MN111|40PC101|40PQ041|40RQ151|40RR072|40UN010|40UN020|40UN050|40UN070|40UN080|40UN110|40UN120|40UN130|40UN160|40WN081|40WN191|430R063|431A241|432N082|432N351|432N442|432N861|433A011|433A012|433A021|433A022|433D012|433N062|433N171|433N262|433Q051|435R021|90B2681
40411105,10,141,1,0,0,4030261|4040103|404D561|4064243|4064253|4065083|4069203|4069211|4069432|4069582|409A011|409A012|409A013|409A021|409A023|409A032|409D021|409Q072|409Q082|409Q502|409Q522|409Q702|409R181|409R481|409U053|409U163|409U313|409U403|409Z481|409Z491|409Z501|409Z511|40A8161|40B0292|40B8932|40B9431|40B9561|40B9572|40B9651|40B9662|40BA012|40BA022|40BA052|40BA062|40BA082|40BA091|40BA092|40BA101|40BA102|40BA121|40BA122|40BA131|40BA132|40BA141|40BA142|40BA151|40BA152|40BA222|40BC021|40BC051|40BC061|40BD012|40BD032|40BD052|40BQ021|40BQ031|40BQ051|40BQ141|40BQ171|40BQ321|40BQ331|40BQ341|40BQ371|40BQ381|40BQ391|40BQ401|40BQ421|40BQ512|40BR022|40BR032|40BR042|40BR072|40BR082|40BR122|40BR222|40BR242|40BR322|40BR342|40BR372|40BR472|40IA301|40IN041|40IN051|40IN101|40IN132|40IN532|40IN662|40IN672|40K0051|40K0052|40KA393|40KA513|40KE011|40KN021|40KN151|40KN152|40KN633|40KT142|40MN111|40PC101|40PQ041|40RQ151|40RR072|40UN010|40UN020|40UN050|40UN070|40UN080|40UN110|40UN120|40UN130|40UN160|40WN081|40WN191|430R063|431A241|432N082|432N351|432N442|432N861|433A011|433A012|433A021|433A022|433D012|433N062|433N171|433N262|433Q051|435R021|90B2681
40411106,10,141,1,0,0,4030261|4040103|404D561|4064243|4064253|4065083|4069203|4069211|4069432|4069582|409A011|409A012|409A013|409A021|409A023|409A032|409D021|409Q072|409Q082|409Q502|409Q522|409Q702|409R181|409R481|409U053|409U163|409U313|409U403|409Z481|409Z491|409Z501|409Z511|40A8161|40B0292|40B8932|40B9431|40B9561|40B9572|40B9651|40B9662|40BA012|40BA022|40BA052|40BA062|40BA082|40BA091|40BA092|40BA102|40BA121|40BA122|40BA131|40BA132|40BA141|40BA142|40BA151|40BA152|40BA222|40BC011|40BC021|40BC051|40BC061|40BD012|40BD032|40BD052|40BQ021|40BQ031|40BQ051|40BQ141|40BQ171|40BQ321|40BQ331|40BQ341|40BQ371|40BQ381|40BQ391|40BQ401|40BQ421|40BQ512|40BR022|40BR032|40BR042|40BR072|40BR082|40BR122|40BR222|40BR242|40BR322|40BR342|40BR372|40BR472|40IA301|40IN041|40IN051|40IN101|40IN132|40IN532|40IN662|40IN672|40K0051|40K0052|40KA393|40KA513|40KE011|40KN021|40KN151|40KN152|40KN633|40KT142|40MN111|40PC101|40PQ041|40RQ151|40RR072|40UN010|40UN020|40UN050|40UN070|40UN080|40UN110|40UN120|40UN130|40UN160|40WN081|40WN191|430R063|431A241|432N082|432N351|432N442|432N861|433A011|433A012|433A021|433A022|433D012|433N062|433N171|433N262|433Q051|435R021|90B2681
40411108,10,141,1,0,0,4030261|4040103|404D561|4064243|4064253|4065083|4069203|4069211|4069432|4069582|409A011|409A012|409A013|409A021|409A023|409A032|409D021|409Q072|409Q082|409Q502|409Q522|409Q702|409R181|409R481|409U053|409U163|409U313|409U403|409Z481|409Z491|409Z501|409Z511|40A8161|40B0292|40B8932|40B9431|40B9561|40B9572|40B9651|40B9662|40BA011|40BA012|40BA021|40BA022|40BA052|40BA062|40BA082|40BA091|40BA092|40BA102|40BA121|40BA122|40BA131|40BA132|40BA141|40BA142|40BA151|40BA152|40BA222|40BC021|40BC051|40BC061|40BD012|40BD032|40BD052|40BQ021|40BQ051|40BQ141|40BQ171|40BQ321|40BQ331|40BQ341|40BQ371|40BQ381|40BQ391|40BQ401|40BQ421|40BQ512|40BR022|40BR032|40BR042|40BR072|40BR082|40BR122|40BR222|40BR242|40BR322|40BR342|40BR372|40BR472|40IA301|40IN041|40IN051|40IN101|40IN132|40IN532|40IN662|40IN672|40K0051|40K0052|40KA393|40KA513|40KE011|40KN021|40KN151|40KN152|40KN633|40KT142|40MN111|40PC101|40PQ041|40RQ151|40RR072|40UN010|40UN020|40UN050|40UN070|40UN080|40UN110|40UN120|40UN130|40UN160|40WN081|40WN191|430R063|431A241|432N082|432N351|432N442|432N861|433A011|433A012|433A021|433A022|433D012|433N062|433N171|433N262|433Q051|435R021|90B2681
40411109,11,140,1,0,0,4030261|4040103|404D561|4064243|4064253|4065083|4069203|4069211|4069432|4069582|409A011|409A012|409A021|409A023|409A032|409D021|409Q072|409Q082|409Q502|409Q522|409Q702|409R181|409R481|409U053|409U163|409U313|409U403|409Z481|409Z491|409Z501|409Z511|40A8161|40B0291|40B0292|40B8932|40B9431|40B9561|40B9572|40B9651|40B9662|40BA011|40BA012|40BA022|40BA052|40BA062|40BA082|40BA091|40BA092|40BA101|40BA121|40BA122|40BA131|40BA132|40BA141|40BA142|40BA151|40BA152|40BA221|40BC011|40BC021|40BC051|40BC061|40BD032|40BD052|40BQ021|40BQ051|40BQ141|40BQ171|40BQ311|40BQ321|40BQ331|40BQ341|40BQ371|40BQ381|40BQ391|40BQ401|40BQ421|40BQ512|40BR022|40BR032|40BR042|40BR072|40BR082|40BR122|40BR222|40BR242|40BR322|40BR342|40BR372|40IA301|40IN041|40IN051|40IN101|40IN132|40IN532|40IN662|40IN672|40K0051|40K0052|40KA393|40KA513|40KE011|40KN021|40KN151|40KN152|40KN633|40KT142|40MN111|40PC101|40PQ041|40RQ151|40RR072|40UN010|40UN020|40UN050|40UN070|40UN080|40UN110|40UN120|40UN130|40UN160|40WN081|40WN191|430R063|431A241|432N082|432N351|432N442|432N861|433A011|433A012|433A021|433A022|433D012|433N062|433N171|433N262|433Q051|435R021|90B2681
40411113,10,141,1,0,0,4030261|4040103|404D561|4064243|4064253|4065083|4069203|4069211|4069432|4069582|409A011|409A012|409A013|409A021|409A023|409A032|409D021|409Q072|409Q082|409Q502|409Q522|409Q702|409R181|409R481|409U053|409U163|409U313|409U403|409Z481|409Z491|409Z501|409Z511|40A8161|40B0291|40B0292|40B8932|40B9431|40B9561|40B9572|40B9651|40B9662|40BA012|40BA022|40BA052|40BA062|40BA081|40BA082|40BA091|40BA092|40BA102|40BA121|40BA122|40BA131|40BA132|40BA141|40BA142|40BA151|40BA152|40BA222|40BC021|40BC051|40BC061|40BD012|40BD032|40BD052|40BQ021|40BQ051|40BQ141|40BQ171|40BQ321|40BQ331|40BQ341|40BQ371|40BQ381|40BQ391|40BQ401|40BQ421|40BQ512|40BR022|40BR032|40BR042|40BR072|40BR082|40BR122|40BR222|40BR242|40BR322|40BR342|40BR372|40BR472|40IA301|40IN041|40IN051|40IN101|40IN132|40IN532|40IN662|40IN672|40K0051|40K0052|40KA393|40KA513|40KE011|40KN021|40KN151|40KN152|40KN633|40KT142|40MN111|40PC101|40PQ041|40RQ151|40RR072|40UN010|40UN020|40UN050|40UN070|40UN080|40UN110|40UN120|40UN130|40UN160|40WN081|40WN191|430R063|431A241|432N082|432N351|432N442|432N861|433A011|433A012|433A021|433A022|433D012|433N062|433N171|433N262|433Q051|435R021|90B2681
40411120,10,141,1,0,0,4030261|4040103|404D561|4064243|4064253|4065083|4069203|4069211|4069432|4069582|409A011|409A012|409A013|409A021|409A023|409A032|409D021|409Q072|409Q082|409Q502|409Q522|409Q702|409R181|409R481|409U053|409U163|409U313|409U403|409Z481|409Z491|409Z501|409Z511|40A8161|40B0292|40B8932|40B9431|40B9561|40B9572|40B9651|40B9662|40BA012|40BA022|40BA052|40BA062|40BA082|40BA091|40BA092|40BA102|40BA121|40BA122|40BA131|40BA132|40BA141|40BA142|40BA151|40BA152|40BA222|40BC021|40BC051|40BC061|40BD012|40BD032|40BD052|40BQ021|40BQ031|40BQ051|40BQ141|40BQ171|40BQ311|40BQ321|40BQ331|40BQ341|40BQ371|40BQ381|40BQ391|40BQ401|40BQ421|40BQ512|40BR022|40BR032|40BR042|40BR072|40BR082|40BR122|40BR222|40BR242|40BR322|40BR342|40BR372|40BR472|40IA301|40IN041|40IN051|40IN101|40IN132|40IN532|40IN662|40IN672|40K0051|40K0052|40KA393|40KA513|40KE011|40KN021|40KN151|40KN152|40KN633|40KT142|40MN111|40PC101|40PQ041|40RQ151|40RR072|40UN010|40UN020|40UN050|40UN070|40UN080|40UN110|40UN120|40UN130|40UN160|40WN081|40WN191|430R063|431A241|432N082|432N351|432N442|432N861|433A011|433A012|433A021|433A022|433D012|433N062|433N171|433N262|433Q051|435R021|90B2681
40411125,6,145,1,0,0,4030261|4040103|404D561|4064243|4064253|4065083|4069203|4069211|4069432|4069582|409A011|409A012|409A013|409A021|409A023|409A032|409D021|409Q072|409Q082|409Q502|409Q522|409Q702|409R181|409R481|409U053|409U163|409U313|409U403|409Z481|409Z491|409Z501|409Z511|40A8161|40B0292|40B8932|40B9431|40B9561|40B9572|40B9651|40B9662|40BA012|40BA022|40BA051|40BA052|40BA062|40BA082|40BA091|40BA092|40BA101|40BA102|40BA121|40BA122|40BA131|40BA132|40BA141|40BA142|40BA151|40BA152|40BA221|40BA222|40BC011|40BC021|40BC051|40BC061|40BD012|40BD032|40BD052|40BQ021|40BQ031|40BQ051|40BQ141|40BQ171|40BQ311|40BQ321|40BQ331|40BQ341|40BQ371|40BQ381|40BQ391|40BQ401|40BQ421|40BQ512|40BR022|40BR032|40BR042|40BR072|40BR082|40BR122|40BR222|40BR242|40BR322|40BR342|40BR372|40BR472|40IA301|40IN041|40IN051|40IN101|40IN132|40IN532|40IN662|40IN672|40K0051|40K0052|40KA393|40KA513|40KE011|40KN021|40KN151|40KN152|40KN633|40KT142|40MN111|40PC101|40PQ041|40RQ151|40RR072|40UN010|40UN020|40UN050|40UN070|40UN080|40UN110|40UN120|40UN130|40UN160|40WN081|40WN191|430R063|431A241|432N082|432N351|432N442|432N861|433A011|433A012|433A021|433A022|433D012|433N062|433N171|433N262|433Q051|435R021|90B2681
40411127,11,140,1,0,0,4030261|4040103|404D561|4064243|4064253|4065083|4069203|4069211|4069432|4069582|409A011|409A012|409A013|409A021|409A023|409A032|409D021|409Q072|409Q082|409Q502|409Q522|409Q702|409R181|409R481|409U053|409U163|409U313|409U403|409Z481|409Z491|409Z501|409Z511|40A8161|40B0291|40B0292|40B8932|40B9431|40B9561|40B9572|40B9651|40B9662|40BA022|40BA052|40BA062|40BA082|40BA091|40BA092|40BA102|40BA121|40BA122|40BA131|40BA132|40BA141|40BA142|40BA151|40BA152|40BA222|40BC011|40BC021|40BC051|40BC061|40BD012|40BD032|40BD052|40BQ021|40BQ051|40BQ141|40BQ171|40BQ321|40BQ331|40BQ341|40BQ371|40BQ381|40BQ391|40BQ401|40BQ421|40BQ512|40BR022|40BR032|40BR042|40BR072|40BR082|40BR122|40BR222|40BR242|40BR322|40BR342|40BR372|40BR472|40IA301|40IN041|40IN051|40IN101|40IN132|40IN532|40IN662|40IN672|40K0051|40K0052|40KA393|40KA513|40KE011|40KN021|40KN151|40KN152|40KN633|40KT142|40MN111|40PC101|40PQ041|40RQ151|40RR072|40UN010|40UN020|40UN050|40UN070|40UN080|40UN110|40UN120|40UN130|40UN160|40WN081|40WN191|430R063|431A241|432N082|432N351|432N442|432N861|433A011|433A012|433A021|433A022|433D012|433N062|433N171|433N262|433Q051|435R021|90B2681
40411145,9,142,1,0,0,4030261|4040103|404D561|4064243|4064253|4065083|4069203|4069211|4069432|4069582|409A011|409A012|409A013|409A021|409A023|409A032|409D021|409Q072|409Q082|409Q502|409Q522|409Q702|409R181|409R481|409U053|409U163|409U313|409U403|409Z481|409Z491|409Z501|409Z511|40A8161|40B0291|40B0292|40B8932|40B9431|40B9561|40B9572|40B9651|40B9662|40BA012|40BA022|40BA052|40BA062|40BA082|40BA091|40BA092|40BA102|40BA121|40BA122|40BA131|40BA132|40BA141|40BA142|40BA151|40BA152|40BA222|40BC021|40BC051|40BC061|40BD012|40BD032|40BD052|40BQ021|40BQ031|40BQ051|40BQ141|40BQ171|40BQ311|40BQ321|40BQ331|40BQ341|40BQ371|40BQ381|40BQ391|40BQ401|40BQ421|40BQ512|40BR022|40BR032|40BR042|40BR072|40BR082|40BR122|40BR222|40BR242|40BR322|40BR342|40BR372|40BR472|40IA301|40IN041|40IN051|40IN101|40IN132|40IN532|40IN662|40IN672|40K0051|40K0052|40KA393|40KA513|40KE011|40KN021|40KN151|40KN152|40KN633|40KT142|40MN111|40PC101|40PQ041|40RQ151|40RR072|40UN010|40UN020|40UN050|40UN070|40UN080|40UN110|40UN120|40UN130|40UN160|40WN081|40WN191|430R063|431A241|432N082|432N351|432N442|432N861|433A011|433A012|433A021|433A022|433D012|433N062|433N171|433N262|433Q051|435R021|90B2681
40411147,10,141,1,0,0,4030261|4040103|404D561|4064243|4064253|4065083|4069203|4069211|4069432|4069582|409A011|409A012|409A013|409A021|409A023|409A032|409D021|409Q072|409Q082|409Q502|409Q522|409Q702|409R181|409R481|409U053|409U163|409U313|409U403|409Z481|409Z491|409Z501|409Z511|40A8161|40B0292|40B8932|40B9431|40B9561|40B9572|40B9651|40B9662|40BA012|40BA022|40BA052|40BA062|40BA082|40BA091|40BA092|40BA102|40BA121|40BA122|40BA131|40BA132|40BA141|40BA142|40BA151|40BA152|40BA221|40BA222|40BC021|40BC051|40BC061|40BC071|40BD012|40BD032|40BD052|40BQ021|40BQ051|40BQ141|40BQ171|40BQ321|40BQ331|40BQ341|40BQ371|40BQ381|40BQ391|40BQ401|40BQ421|40BQ512|40BR022|40BR032|40BR042|40BR072|40BR082|40BR122|40BR222|40BR242|40BR322|40BR342|40BR372|40BR472|40IA301|40IN041|40IN051|40IN101|40IN132|40IN532|40IN662|40IN672|40K0051|40K0052|40KA393|40KA513|40KE011|40KN021|40KN151|40KN152|40KN633|40KT142|40MN111|40PC101|40PQ041|40RQ151|40RR072|40UN010|40UN020|40UN050|40UN070|40UN080|40UN110|40UN120|40UN130|40UN160|40WN081|40WN191|430R063|431A241|432N082|432N351|432N442|432N861|433A011|433A012|433A021|433A022|433D012|433N062|433N171|433N262|433Q051|435R021|90B2681
40411148,6,145,1,0,0,4030261|4040103|404D561|4064243|4064253|4065083|4069203|4069211|4069432|4069582|409A011|409A012|409A013|409A021|409A023|409A032|409D021|409Q072|409Q082|409Q502|409Q522|409Q702|409R181|409R481|409U053|409U163|409U313|409U403|409Z481|409Z491|409Z501|409Z511|40A8161|40B0292|40B8932|40B9431|40B9561|40B9572|40B9651|40B9662|40BA011|40BA012|40BA022|40BA051|40BA052|40BA062|40BA082|40BA091|40BA092|40BA101|40BA102|40BA121|40BA122|40BA131|40BA132|40BA141|40BA142|40BA151|40BA152|40BA221|40BA222|40BC011|40BC021|40BC051|40BC061|40BD012|40BD032|40BD052|40BQ021|40BQ051|40BQ141|40BQ171|40BQ311|40BQ321|40BQ331|40BQ341|40BQ371|40BQ381|40BQ391|40BQ401|40BQ421|40BQ512|40BR022|40BR032|40BR042|40BR072|40BR082|40BR122|40BR222|40BR242|40BR322|40BR342|40BR372|40BR472|40IA301|40IN041|40IN051|40IN101|40IN132|40IN532|40IN662|40IN672|40K0051|40K0052|40KA393|40KA513|40KE011|40KN021|40KN151|40KN152|40KN633|40KT142|40MN111|40PC101|40PQ041|40RQ151|40RR072|40UN010|40UN020|40UN050|40UN070|40UN080|40UN110|40UN120|40UN130|40UN160|40WN081|40WN191|430R063|431A241|432N082|432N351|432N442|432N861|433A011|433A012|433A021|433A022|433D012|433N062|433N171|433N262|433Q051|435R021|90B2681
40411153,1,150,1,0,0,4030261|4040103|404D561|4064243|4064253|4065083|4069203|4069211|4069432|4069582|409A011|409A012|409A013|409A021|409A023|409A032|409D021|409Q072|409Q082|409Q502|409Q522|409Q702|409R181|409R481|409U053|409U163|409U313|409U403|409Z481|409Z491|409Z501|409Z511|40A8161|40B0291|40B0292|40B8932|40B9431|40B9561|40B9572|40B9651|40B9662|40BA012|40BA021|40BA022|40BA051|40BA052|40BA061|40BA062|40BA081|40BA082|40BA091|40BA092|40BA101|40BA102|40BA121|40BA122|40BA131|40BA132|40BA141|40BA142|40BA151|40BA152|40BA221|40BA222|40BC011|40BC021|40BC051|40BC061|40BC071|40BD012|40BD032|40BD052|40BQ021|40BQ031|40BQ051|40BQ141|40BQ171|40BQ311|40BQ321|40BQ331|40BQ341|40BQ371|40BQ381|40BQ391|40BQ401|40BQ421|40BQ512|40BR022|40BR032|40BR042|40BR072|40BR082|40BR122|40BR222|40BR242|40BR322|40BR342|40BR372|40BR472|40IA301|40IN041|40IN051|40IN101|40IN132|40IN532|40IN662|40IN672|40K0051|40K0052|40KA393|40KA513|40KE011|40KN021|40KN151|40KN152|40KN633|40KT142|40MN111|40PC101|40PQ041|40RQ151|40RR072|40UN010|40UN020|40UN050|40UN070|40UN080|40UN110|40UN120|40UN130|40UN160|40WN081|40WN191|430R063|431A241|432N082|432N351|432N442|432N861|433A011|433A012|433A021|433A022|433D012|433N062|433N171|433N262|433Q051|435R021|90B2681
40411155,6,145,1,0,0,4030261|4040103|404D561|4064243|4064253|4065083|4069203|4069211|4069432|4069582|409A011|409A012|409A013|409A021|409A023|409A032|409D021|409Q072|409Q082|409Q502|409Q522|409Q702|409R181|409R481|409U053|409U163|409U313|409U403|409Z481|409Z491|409Z501|409Z511|40A8161|40B0292|40B8932|40B9431|40B9561|40B9572|40B9651|40B9662|40BA011|40BA012|40BA022|40BA052|40BA062|40BA082|40BA091|40BA092|40BA101|40BA102|40BA121|40BA122|40BA131|40BA132|40BA141|40BA142|40BA151|40BA152|40BA221|40BA222|40BC011|40BC021|40BC051|40BC061|40BD012|40BD032|40BD052|40BQ021|40BQ031|40BQ051|40BQ141|40BQ171|40BQ311|40BQ321|40BQ331|40BQ341|40BQ371|40BQ381|40BQ391|40BQ401|40BQ421|40BQ512|40BR022|40BR032|40BR042|40BR072|40BR082|40BR122|40BR222|40BR242|40BR322|40BR342|40BR372|40BR472|40IA301|40IN041|40IN051|40IN101|40IN132|40IN532|40IN662|40IN672|40K0051|40K0052|40KA393|40KA513|40KE011|40KN021|40KN151|40KN152|40KN633|40KT142|40MN111|40PC101|40PQ041|40RQ151|40RR072|40UN010|40UN020|40UN050|40UN070|40UN080|40UN110|40UN120|40UN130|40UN160|40WN081|40WN191|430R063|431A241|432N082|432N351|432N442|432N861|433A011|433A012|433A021|433A022|433D012|433N062|433N171|433N262|433Q051|435R021|90B2681
40411157,6,145,1,0,0,4030261|4040103|404D561|4064243|4064253|4065083|4069203|4069211|4069432|4069582|409A011|409A012|409A013|409A021|409A023|409A032|409D021|409Q072|409Q082|409Q502|409Q522|409Q702|409R181|409R481|409U053|409U163|409U313|409U403|409Z481|409Z491|409Z501|409Z511|40A8161|40B0292|40B8932|40B9431|40B9561|40B9572|40B9651|40B9662|40BA012|40BA022|40BA051|40BA052|40BA061|40BA062|40BA082|40BA091|40BA092|40BA101|40BA102|40BA121|40BA122|40BA131|40BA132|40BA141|40BA142|40BA151|40BA152|40BA221|40BA222|40BC011|40BC021|40BC051|40BC061|40BD012|40BD032|40BD052|40BQ021|40BQ051|40BQ141|40BQ171|40BQ311|40BQ321|40BQ331|40BQ341|40BQ371|40BQ381|40BQ391|40BQ401|40BQ421|40BQ512|40BR022|40BR032|40BR042|40BR072|40BR082|40BR122|40BR222|40BR242|40BR322|40BR342|40BR372|40BR472|40IA301|40IN041|40IN051|40IN101|40IN132|40IN532|40IN662|40IN672|40K0051|40K0052|40KA393|40KA513|40KE011|40KN021|40KN151|40KN152|40KN633|40KT142|40MN111|40PC101|40PQ041|40RQ151|40RR072|40UN010|40UN020|40UN050|40UN070|40UN080|40UN110|40UN120|40UN130|40UN160|40WN081|40WN191|430R063|431A241|432N082|432N351|432N442|432N861|433A011|433A012|433A021|433A022|433D012|433N062|433N171|433N262|433Q051|435R021|90B2681
40411163,2,149,1,0,0,4030261|4040103|404D561|4064243|4064253|4065083|4069203|4069211|4069432|4069582|409A011|409A012|409A013|409A021|409A023|409A032|409D021|409Q072|409Q082|409Q502|409Q522|409Q702|409R181|409R481|409U053|409U163|409U313|409U403|409Z481|409Z491|409Z501|409Z511|40A8161|40B0291|40B0292|40B8932|40B9431|40B9561|40B9572|40B9651|40B9662|40BA011|40BA012|40BA021|40BA022|40BA051|40BA052|40BA061|40BA062|40BA081|40BA082|40BA091|40BA092|40BA102|40BA121|40BA122|40BA131|40BA132|40BA141|40BA142|40BA151|40BA152|40BA222|40BC011|40BC021|40BC051|40BC061|40BC071|40BD012|40BD032|40BD052|40BQ021|40BQ031|40BQ051|40BQ141|40BQ171|40BQ311|40BQ321|40BQ331|40BQ341|40BQ371|40BQ381|40BQ391|40BQ401|40BQ421|40BQ512|40BR022|40BR032|40BR042|40BR072|40BR082|40BR122|40BR222|40BR242|40BR322|40BR342|40BR372|40BR472|40IA301|40IN041|40IN051|40IN101|40IN132|40IN532|40IN662|40IN672|40K0051|40K0052|40KA393|40KA513|40KE011|40KN021|40KN151|40KN152|40KN633|40KT142|40MN111|40PC101|40PQ041|40RQ151|40RR072|40UN010|40UN020|40UN050|40UN070|40UN080|40UN110|40UN120|40UN130|40UN160|40WN081|40WN191|430R063|431A241|432N082|432N351|432N442|432N861|433A011|433A012|433A021|433A022|433D012|433N062|433N171|433N262|433Q051|435R021|90B2681
40411201,9,142,1,0,0,4030261|4040103|404D561|4064243|4064253|4065083|4069203|4069211|4069432|4069582|409A011|409A012|409A013|409A021|409A023|409A032|409D021|409Q072|409Q082|409Q502|409Q522|409Q702|409R181|409R481|409U053|409U163|409U313|409U403|409Z481|409Z491|409Z501|409Z511|40A8161|40B0291|40B8932|40B9431|40B9561|40B9572|40B9651|40B9662|40BA011|40BA021|40BA051|40BA061|40BA081|40BA091|40BA092|40BA101|40BA121|40BA122|40BA131|40BA132|40BA141|40BA142|40BA151|40BA152|40BA221|40BC011|40BC021|40BC051|40BC061|40BC071|40BD032|40BD052|40BQ021|40BQ031|40BQ051|40BQ141|40BQ171|40BQ311|40BQ321|40BQ331|40BQ341|40BQ371|40BQ381|40BQ391|40BQ401|40BQ421|40BQ512|40BR022|40BR032|40BR042|40BR072|40BR082|40BR122|40BR222|40BR242|40BR322|40BR342|40BR372|40BR472|40IA301|40IN041|40IN051|40IN101|40IN132|40IN532|40IN662|40IN672|40K0051|40K0052|40KA393|40KA513|40KE011|40KN021|40KN151|40KN152|40KN633|40KT142|40MN111|40PC101|40PQ041|40RQ151|40RR072|40UN010|40UN020|40UN050|40UN070|40UN080|40UN110|40UN120|40UN130|40UN160|40WN081|40WN191|430R063|431A241|432N082|432N351|432N442|432N861|433A011|433A012|433A021|433A022|433D012|433N062|433N171|433N262|433Q051|435R021|90B2681
40411202,9,142,1,0,0,4030261|4040103|404D561|4064243|4064253|4065083|4069203|4069211|4069432|4069582|409A011|409A012|409A013|409A021|409A023|409A032|409D021|409Q072|409Q082|409Q502|409Q522|409Q702|409R181|409R481|409U053|409U163|409U313|409U403|409Z481|409Z491|409Z501|409Z511|40A8161|40B0291|40B8932|40B9431|40B9561|40B9572|40B9651|40B9662|40BA011|40BA021|40BA051|40BA061|40BA081|40BA091|40BA092|40BA101|40BA121|40BA122|40BA131|40BA132|40BA141|40BA142|40BA151|40BA152|40BA221|40BC011|40BC021|40BC051|40BC061|40BC071|40BD012|40BD032|40BD052|40BQ021|40BQ031|40BQ051|40BQ141|40BQ171|40BQ311|40BQ321|40BQ331|40BQ341|40BQ371|40BQ381|40BQ391|40BQ401|40BQ421|40BQ512|40BR022|40BR032|40BR042|40BR072|40BR082|40BR122|40BR222|40BR242|40BR322|40BR342|40BR372|40IA301|40IN041|40IN051|40IN101|40IN132|40IN532|40IN662|40IN672|40K0051|40K0052|40KA393|40KA513|40KE011|40KN021|40KN151|40KN152|40KN633|40KT142|40MN111|40PC101|40PQ041|40RQ151|40RR072|40UN010|40UN020|40UN050|40UN070|40UN080|40UN110|40UN120|40UN130|40UN160|40WN081|40WN191|430R063|431A241|432N082|432N351|432N442|432N861|433A011|433A012|433A021|433A022|433D012|433N062|433N171|433N262|433Q051|435R021|90B2681
40411208,9,142,1,0,0,4030261|4040103|404D561|4064243|4064253|4065083|4069203|4069211|4069432|4069582|409A011|409A012|409A013|409A021|409A023|409A032|409D021|409Q072|409Q082|409Q502|409Q522|409Q702|409R181|409R481|409U053|409U163|409U313|409U403|409Z481|409Z491|409Z501|409Z511|40A8161|40B0291|40B8932|40B9431|40B9561|40B9572|40B9651|40B9662|40BA011|40BA012|40BA021|40BA051|40BA061|40BA081|40BA091|40BA092|40BA101|40BA121|40BA122|40BA131|40BA132|40BA141|40BA142|40BA151|40BA152|40BA221|40BC011|40BC021|40BC051|40BC061|40BC071|40BD012|40BD032|40BD052|40BQ021|40BQ031|40BQ051|40BQ141|40BQ171|40BQ311|40BQ321|40BQ331|40BQ341|40BQ371|40BQ381|40BQ391|40BQ401|40BQ421|40BQ512|40BR032|40BR042|40BR072|40BR082|40BR122|40BR222|40BR242|40BR322|40BR342|40BR372|40IA301|40IN041|40IN051|40IN101|40IN132|40IN532|40IN662|40IN672|40K0051|40K0052|40KA393|40KA513|40KE011|40KN021|40KN151|40KN152|40KN633|40KT142|40MN111|40PC101|40PQ041|40RQ151|40RR072|40UN010|40UN020|40UN050|40UN070|40UN080|40UN110|40UN120|40UN130|40UN160|40WN081|40WN191|430R063|431A241|432N082|432N351|432N442|432N861|433A011|433A012|433A021|433A022|433D012|433N062|433N171|433N262|433Q051|435R021|90B2681
40411210,9,142,1,0,0,4030261|4040103|404D561|4064243|4064253|4065083|4069203|4069211|4069432|4069582|409A011|409A012|409A013|409A021|409A023|409A032|409D021|409Q072|409Q082|409Q502|409Q522|409Q702|409R181|409R481|409U053|409U163|409U313|409U403|409Z481|409Z491|409Z501|409Z511|40A8161|40B0291|40B8932|40B9431|40B9561|40B9572|40B9651|40B9662|40BA011|40BA021|40BA051|40BA061|40BA081|40BA091|40BA092|40BA101|40BA121|40BA122|40BA131|40BA132|40BA141|40BA142|40BA151|40BA152|40BA221|40BA222|40BC011|40BC021|40BC051|40BC061|40BC071|40BD032|40BD052|40BQ021|40BQ031|40BQ051|40BQ141|40BQ171|40BQ311|40BQ321|40BQ331|40BQ341|40BQ371|40BQ381|40BQ391|40BQ401|40BQ421|40BQ512|40BR032|40BR042|40BR072|40BR082|40BR122|40BR222|40BR242|40BR322|40BR342|40BR372|40BR472|40IA301|40IN041|40IN051|40IN101|40IN132|40IN532|40IN662|40IN672|40K0051|40K0052|40KA393|40KA513|40KE011|40KN021|40KN151|40KN152|40KN633|40KT142|40MN111|40PC101|40PQ041|40RQ151|40RR072|40UN010|40UN020|40UN050|40UN070|40UN080|40UN110|40UN120|40UN130|40UN160|40WN081|40WN191|430R063|431A241|432N082|432N351|432N442|432N861|433A011|433A012|433A021|433A022|433D012|433N062|433N171|433N262|433Q051|435R021|90B2681
40411217,9,142,1,0,0,4030261|4040103|404D561|4064243|4064253|4065083|4069203|4069211|4069432|4069582|409A011|409A012|409A013|409A021|409A023|409A032|409D021|409Q072|409Q082|409Q502|409Q522|409Q702|409R181|409R481|409U053|409U163|409U313|409U403|409Z481|409Z491|409Z501|409Z511|40A8161|40B0291|40B8932|40B9431|40B9561|40B9572|40B9651|40B9662|40BA011|40BA021|40BA051|40BA061|40BA062|40BA081|40BA091|40BA092|40BA101|40BA121|40BA122|40BA131|40BA132|40BA141|40BA142|40BA151|40BA152|40BA221|40BC011|40BC021|40BC051|40BC061|40BC071|40BD032|40BD052|40BQ021|40BQ031|40BQ051|40BQ141|40BQ171|40BQ311|40BQ321|40BQ331|40BQ341|40BQ371|40BQ381|40BQ391|40BQ401|40BQ421|40BQ512|40BR032|40BR042|40BR072|40BR082|40BR122|40BR222|40BR242|40BR322|40BR342|40BR372|40BR472|40IA301|40IN041|40IN051|40IN101|40IN132|40IN532|40IN662|40IN672|40K0051|40K0052|40KA393|40KA513|40KE011|40KN021|40KN151|40KN152|40KN633|40KT142|40MN111|40PC101|40PQ041|40RQ151|40RR072|40UN010|40UN020|40UN050|40UN070|40UN080|40UN110|40UN120|40UN130|40UN160|40WN081|40WN191|430R063|431A241|432N082|432N351|432N442|432N861|433A011|433A012|433A021|433A022|433D012|433N062|433N171|433N262|433Q051|435R021|90B2681
40411227,9,142,1,0,0,4030261|4040103|404D561|4064243|4064253|4065083|4069203|4069211|4069432|4069582|409A011|409A012|409A013|409A021|409A023|409A032|409D021|409Q072|409Q082|409Q502|409Q522|409Q702|409R181|409R481|409U053|409U163|409U313|409U403|409Z481|409Z491|409Z501|409Z511|40A8161|40B0291|40B8932|40B9431|40B9561|40B9572|40B9651|40B9662|40BA011|40BA021|40BA051|40BA061|40BA062|40BA081|40BA082|40BA091|40BA092|40BA101|40BA121|40BA122|40BA131|40BA132|40BA141|40BA142|40BA151|40BA152|40BA221|40BC011|40BC021|40BC051|40BC061|40BC071|40BD032|40BD052|40BQ021|40BQ031|40BQ051|40BQ141|40BQ171|40BQ311|40BQ321|40BQ331|40BQ341|40BQ371|40BQ381|40BQ391|40BQ401|40BQ421|40BQ512|40BR032|40BR042|40BR072|40BR082|40BR122|40BR222|40BR242|40BR322|40BR342|40BR372|40IA301|40IN041|40IN051|40IN101|40IN132|40IN532|40IN662|40IN672|40K0051|40K0052|40KA393|40KA513|40KE011|40KN021|40KN151|40KN152|40KN633|40KT142|40MN111|40PC101|40PQ041|40RQ151|40RR072|40UN010|40UN020|40UN050|40UN070|40UN080|40UN110|40UN120|40UN130|40UN160|40WN081|40WN191|430R063|431A241|432N082|432N351|432N442|432N861|433A011|433A012|433A021|433A022|433D012|433N062|433N171|433N262|433Q051|435R021|90B2681
40411230,10,141,1,0,0,4030261|4040103|404D561|4064243|4064253|4065083|4069203|4069211|4069432|4069582|409A011|409A012|409A013|409A021|409A023|409A032|409D021|409Q072|409Q082|409Q502|409Q522|409Q702|409R181|409R481|409U053|409U163|409U313|409U403|409Z481|409Z491|409Z501|409Z511|40A8161|40B0291|40B8932|40B9431|40B9561|40B9572|40B9651|40B9662|40BA011|40BA021|40BA051|40BA061|40BA081|40BA091|40BA092|40BA101|40BA121|40BA122|40BA131|40BA132|40BA141|40BA142|40BA151|40BA152|40BA221|40BC011|40BC021|40BC051|40BC061|40BC071|40BD032|40BD052|40BQ021|40BQ031|40BQ051|40BQ141|40BQ171|40BQ311|40BQ321|40BQ331|40BQ341|40BQ371|40BQ381|40BQ391|40BQ401|40BQ421|40BQ512|40BR032|40BR042|40BR072|40BR082|40BR122|40BR222|40BR242|40BR322|40BR342|40BR372|40BR472|40IA301|40IN041|40IN051|40IN101|40IN132|40IN532|40IN662|40IN672|40K0051|40K0052|40KA393|40KA513|40KE011|40KN021|40KN151|40KN152|40KN633|40KT142|40MN111|40PC101|40PQ041|40RQ151|40RR072|40UN010|40UN020|40UN050|40UN070|40UN080|40UN110|40UN120|40UN130|40UN160|40WN081|40WN191|430R063|431A241|432N082|432N351|432N442|432N861|433A011|433A012|433A021|433A022|433D012|433N062|433N171|433N262|433Q051|435R021|90B2681
40411231,1,150,1,0,0,4030261|4040103|404D561|4064243|4064253|4065083|4069203|4069211|4069432|4069582|409A011|409A012|409A013|409A021|409A023|409A032|409D021|409Q072|409Q082|409Q502|409Q522|409Q702|409R181|409R481|409U053|409U163|409U313|409U403|409Z481|409Z491|409Z501|409Z511|40A8161|40B0291|40B0292|40B8932|40B9431|40B9561|40B9572|40B9651|40B9662|40BA011|40BA012|40BA021|40BA022|40BA051|40BA061|40BA062|40BA081|40BA082|40BA091|40BA092|40BA101|40BA102|40BA121|40BA122|40BA131|40BA132|40BA141|40BA142|40BA151|40BA152|40BA221|40BA222|40BC011|40BC021|40BC051|40BC061|40BC071|40BD012|40BD032|40BD052|40BQ021|40BQ031|40BQ051|40BQ141|40BQ171|40BQ311|40BQ321|40BQ331|40BQ341|40BQ371|40BQ381|40BQ391|40BQ401|40BQ421|40BQ512|40BR022|40BR032|40BR042|40BR072|40BR082|40BR122|40BR222|40BR242|40BR322|40BR342|40BR372|40BR472|40IA301|40IN041|40IN051|40IN101|40IN132|40IN532|40IN662|40IN672|40K0051|40K0052|40KA393|40KA513|40KE011|40KN021|40KN151|40KN152|40KN633|40KT142|40MN111|40PC101|40PQ041|40RQ151|40RR072|40UN010|40UN020|40UN050|40UN070|40UN080|40UN110|40UN120|40UN130|40UN160|40WN081|40WN191|430R063|431A241|432N082|432N351|432N442|432N861|433A011|433A012|433A021|433A022|433D012|433N062|433N171|433N262|433Q051|435R021|90B2681
40411235,9,142,1,0,0,4030261|4040103|404D561|4064243|4064253|4065083|4069203|4069211|4069432|4069582|409A011|409A012|409A013|409A021|409A023|409A032|409D021|409Q072|409Q082|409Q502|409Q522|409Q702|409R181|409R481|409U053|409U163|409U313|409U403|409Z481|409Z491|409Z501|409Z511|40A8161|40B0291|40B0292|40B8932|40B9431|40B9561|40B9572|40B9651|40B9662|40BA011|40BA021|40BA051|40BA061|40BA062|40BA081|40BA091|40BA092|40BA101|40BA121|40BA122|40BA131|40BA132|40BA141|40BA142|40BA151|40BA152|40BA221|40BC011|40BC021|40BC051|40BC061|40BC071|40BD032|40BD052|40BQ021|40BQ031|40BQ051|40BQ141|40BQ171|40BQ311|40BQ321|40BQ331|40BQ341|40BQ371|40BQ381|40BQ391|40BQ401|40BQ421|40BQ512|40BR032|40BR042|40BR072|40BR082|40BR122|40BR222|40BR242|40BR322|40BR342|40BR372|40IA301|40IN041|40IN051|40IN101|40IN132|40IN532|40IN662|40IN672|40K0051|40K0052|40KA393|40KA513|40KE011|40KN021|40KN151|40KN152|40KN633|40KT142|40MN111|40PC101|40PQ041|40RQ151|40RR072|40UN010|40UN020|40UN050|40UN070|40UN080|40UN110|40UN120|40UN130|40UN160|40WN081|40WN191|430R063|431A241|432N082|432N351|432N442|432N861|433A011|433A012|433A021|433A022|433D012|433N062|433N171|433N262|433Q051|435R021|90B2681
40411241,9,142,1,0,0,4030261|4040103|404D561|4064243|4064253|4065083|4069203|4069211|4069432|4069582|409A011|409A012|409A013|409A021|409A023|409A032|409D021|409Q072|409Q082|409Q502|409Q522|409Q702|409R181|409R481|409U053|409U163|409U313|409U403|409Z481|409Z491|409Z501|409Z511|40A8161|40B0291|40B8932|40B9431|40B9561|40B9572|40B9651|40B9662|40BA011|40BA012|40BA021|40BA051|40BA061|40BA081|40BA091|40BA092|40BA101|40BA121|40BA122|40BA131|40BA132|40BA141|40BA142|40BA151|40BA152|40BA221|40BC011|40BC021|40BC051|40BC061|40BC071|40BD012|40BD032|40BD052|40BQ021|40BQ031|40BQ051|40BQ141|40BQ171|40BQ311|40BQ321|40BQ331|40BQ341|40BQ371|40BQ381|40BQ391|40BQ401|40BQ421|40BQ512|40BR032|40BR042|40BR072|40BR082|40BR122|40BR222|40BR242|40BR322|40BR342|40BR372|40IA301|40IN041|40IN051|40IN101|40IN132|40IN532|40IN662|40IN672|40K0051|40K0052|40KA393|40KA513|40KE011|40KN021|40KN151|40KN152|40KN633|40KT142|40MN111|40PC101|40PQ041|40RQ151|40RR072|40UN010|40UN020|40UN050|40UN070|40UN080|40UN110|40UN120|40UN130|40UN160|40WN081|40WN191|430R063|431A241|432N082|432N351|432N442|432N861|433A011|433A012|433A021|433A022|433D012|433N062|433N171|433N262|433Q051|435R021|90B2681
40411248,9,142,1,0,0,4030261|4040103|404D561|4064243|4064253|4065083|4069203|4069211|4069432|4069582|409A011|409A012|409A013|409A021|409A023|409A032|409D021|409Q072|409Q082|409Q502|409Q522|409Q702|409R181|409R481|409U053|409U163|409U313|409U403|409Z481|409Z491|409Z501|409Z511|40A8161|40B0291|40B8932|40B9431|40B9561|40B9572|40B9651|40B9662|40BA011|40BA021|40BA051|40BA061|40BA081|40BA091|40BA092|40BA101|40BA102|40BA121|40BA122|40BA131|40BA132|40BA141|40BA142|40BA151|40BA152|40BA221|40BC011|40BC021|40BC051|40BC061|40BC071|40BD032|40BD052|40BQ021|40BQ031|40BQ051|40BQ141|40BQ171|40BQ311|40BQ321|40BQ331|40BQ341|40BQ371|40BQ381|40BQ391|40BQ401|40BQ421|40BQ512|40BR032|40BR042|40BR072|40BR082|40BR122|40BR222|40BR242|40BR322|40BR342|40BR372|40BR472|40IA301|40IN041|40IN051|40IN101|40IN132|40IN532|40IN662|40IN672|40K0051|40K0052|40KA393|40KA513|40KE011|40KN021|40KN151|40KN152|40KN633|40KT142|40MN111|40PC101|40PQ041|40RQ151|40RR072|40UN010|40UN020|40UN050|40UN070|40UN080|40UN110|40UN120|40UN130|40UN160|40WN081|40WN191|430R063|431A241|432N082|432N351|432N442|432N861|433A011|433A012|433A021|433A022|433D012|433N062|433N171|433N262|433Q051|435R021|90B2681
40411254,10,141,1,0,0,4030261|4040103|404D561|4064243|4064253|4065083|4069203|4069211|4069432|4069582|409A011|409A012|409A013|409A021|409A023|409A032|409D021|409Q072|409Q082|409Q502|409Q522|409Q702|409R181|409R481|409U053|409U163|409U313|409U403|409Z481|409Z491|409Z501|409Z511|40A8161|40B0291|40B8932|40B9431|40B9561|40B9572|40B9651|40B9662|40BA011|40BA021|40BA051|40BA052|40BA061|40BA081|40BA091|40BA092|40BA101|40BA121|40BA122|40BA131|40BA132|40BA141|40BA142|40BA151|40BA152|40BA221|40BC011|40BC021|40BC051|40BC061|40BC071|40BD032|40BD052|40BQ021|40BQ031|40BQ051|40BQ141|40BQ171|40BQ311|40BQ321|40BQ331|40BQ341|40BQ371|40BQ381|40BQ391|40BQ401|40BQ421|40BQ512|40BR032|40BR042|40BR072|40BR082|40BR122|40BR222|40BR242|40BR322|40BR342|40BR372|40BR472|40IA301|40IN041|40IN051|40IN101|40IN132|40IN532|40IN662|40IN672|40K0051|40K0052|40KA393|40KA513|40KE011|40KN021|40KN151|40KN152|40KN633|40KT142|40MN111|40PC101|40PQ041|40RQ151|40RR072|40UN010|40UN020|40UN050|40UN070|40UN080|40UN110|40UN120|40UN130|40UN160|40WN081|40WN191|430R063|431A241|432N082|432N351|432N442|432N861|433A011|433A012|433A021|433A022|433N062|433N171|433N262|433Q051|435R021|90B2681
40411255,9,142,1,0,0,4030261|4040103|404D561|4064243|4064253|4065083|4069203|4069211|4069432|4069582|409A011|409A012|409A013|409A021|409A023|409A032|409D021|409Q072|409Q082|409Q502|409Q522|409Q702|409R181|409R481|409U053|409U163|409U313|409U403|409Z481|409Z491|409Z501|409Z511|40A8161|40B0291|40B0292|40B8932|40B9431|40B9561|40B9572|40B9651|40B9662|40BA011|40BA021|40BA051|40BA061|40BA081|40BA091|40BA092|40BA101|40BA121|40BA122|40BA131|40BA132|40BA141|40BA142|40BA151|40BA152|40BA221|40BA222|40BC011|40BC021|40BC051|40BC061|40BC071|40BD032|40BD052|40BQ021|40BQ031|40BQ051|40BQ141|40BQ171|40BQ311|40BQ321|40BQ331|40BQ341|40BQ371|40BQ381|40BQ391|40BQ401|40BQ421|40BQ512|40BR032|40BR042|40BR072|40BR082|40BR122|40BR222|40BR242|40BR322|40BR342|40BR372|40IA301|40IN041|40IN051|40IN101|40IN132|40IN532|40IN662|40IN672|40K0051|40K0052|40KA393|40KA513|40KE011|40KN021|40KN151|40KN152|40KN633|40KT142|40MN111|40PC101|40PQ041|40RQ151|40RR072|40UN010|40UN020|40UN050|40UN070|40UN080|40UN110|40UN120|40UN130|40UN160|40WN081|40WN191|430R063|431A241|432N082|432N351|432N442|432N861|433A011|433A012|433A021|433A022|433D012|433N062|433N171|433N262|433Q051|435R021|90B2681
40511102,1,150,1,0,0,4030261|4040103|404D561|4064243|4064253|4065083|4069203|4069211|4069432|4069582|409A011|409A012|409A013|409A021|409A023|409A032|409D021|409Q072|409Q082|409Q502|409Q522|409Q702|409R181|409R481|409U053|409U163|409U313|409U403|409Z481|409Z491|409Z501|409Z511|40A8161|40B0292|40B8932|40B9431|40B9561|40B9572|40B9651|40B9662|40BA011|40BA012|40BA021|40BA022|40BA051|40BA052|40BA061|40BA062|40BA081|40BA082|40BA091|40BA092|40BA101|40BA102|40BA121|40BA122|40BA131|40BA132|40BA141|40BA142|40BA151|40BA152|40BA221|40BA222|40BC011|40BC021|40BC051|40BC061|40BC071|40BD012|40BD032|40BD052|40BQ021|40BQ031|40BQ051|40BQ141|40BQ171|40BQ311|40BQ321|40BQ331|40BQ341|40BQ371|40BQ381|40BQ391|40BQ401|40BQ421|40BQ512|40BR022|40BR032|40BR042|40BR072|40BR082|40BR122|40BR222|40BR242|40BR322|40BR342|40BR372|40BR472|40IA301|40IN041|40IN051|40IN101|40IN132|40IN532|40IN662|40IN672|40K0051|40K0052|40KA393|40KA513|40KE011|40KN021|40KN151|40KN152|40KN633|40KT142|40MN111|40PC101|40PQ041|40RQ151|40RR072|40UN010|40UN020|40UN050|40UN070|40UN080|40UN110|40UN120|40UN130|40UN160|40WN081|40WN191|430R063|431A241|432N082|432N351|432N442|432N861|433A011|433A012|433A021|433A022|433D012|433N062|433N171|433N262|433Q051|435R021|90B2681
40511104,1,150,1,0,0,4030261|4040103|404D561|4064243|4064253|4065083|4069203|4069211|4069432|4069582|409A011|409A012|409A013|409A021|409A023|409A032|409D021|409Q072|409Q082|409Q502|409Q522|409Q702|409R181|409R481|409U053|409U163|409U313|409U403|409Z481|409Z491|409Z501|409Z511|40A8161|40B0291|40B0292|40B8932|40B9431|40B9561|40B9572|40B9651|40B9662|40BA011|40BA012|40BA021|40BA022|40BA052|40BA061|40BA062|40BA081|40BA082|40BA091|40BA092|40BA101|40BA102|40BA121|40BA122|40BA131|40BA132|40BA141|40BA142|40BA151|40BA152|40BA221|40BA222|40BC011|40BC021|40BC051|40BC061|40BC071|40BD012|40BD032|40BD052|40BQ021|40BQ031|40BQ051|40BQ141|40BQ171|40BQ311|40BQ321|40BQ331|40BQ341|40BQ371|40BQ381|40BQ391|40BQ401|40BQ421|40BQ512|40BR022|40BR032|40BR042|40BR072|40BR082|40BR122|40BR222|40BR242|40BR322|40BR342|40BR372|40BR472|40IA301|40IN041|40IN051|40IN101|40IN132|40IN532|40IN662|40IN672|40K0051|40K0052|40KA393|40KA513|40KE011|40KN021|40KN151|40KN152|40KN633|40KT142|40MN111|40PC101|40PQ041|40RQ151|40RR072|40UN010|40UN020|40UN050|40UN070|40UN080|40UN110|40UN120|40UN130|40UN160|40WN081|40WN191|430R063|431A241|432N082|432N351|432N442|432N861|433A011|433A012|433A021|433A022|433D012|433N062|433N171|433N262|433Q051|435R021|90B2681
40511105,1,150,1,0,0,4030261|4040103|404D561|4064243|4064253|4065083|4069203|4069211|4069432|4069582|409A011|409A012|409A013|409A021|409A023|409A032|409D021|409Q072|409Q082|409Q502|409Q522|409Q702|409R181|409R481|409U053|409U163|409U313|409U403|409Z481|409Z491|409Z501|409Z511|40A8161|40B0291|40B0292|40B8932|40B9431|40B9561|40B9572|40B9651|40B9662|40BA011|40BA012|40BA021|40BA022|40BA052|40BA061|40BA062|40BA081|40BA082|40BA091|40BA092|40BA101|40BA102|40BA121|40BA122|40BA131|40BA132|40BA141|40BA142|40BA151|40BA152|40BA221|40BA222|40BC011|40BC021|40BC051|40BC061|40BC071|40BD012|40BD032|40BD052|40BQ021|40BQ031|40BQ051|40BQ141|40BQ171|40BQ311|40BQ321|40BQ331|40BQ341|40BQ371|40BQ381|40BQ391|40BQ401|40BQ421|40BQ512|40BR022|40BR032|40BR042|40BR072|40BR082|40BR122|40BR222|40BR242|40BR322|40BR342|40BR372|40BR472|40IA301|40IN041|40IN051|40IN101|40IN132|40IN532|40IN662|40IN672|40K0051|40K0052|40KA393|40KA513|40KE011|40KN021|40KN151|40KN152|40KN633|40KT142|40MN111|40PC101|40PQ041|40RQ151|40RR072|40UN010|40UN020|40UN050|40UN070|40UN080|40UN110|40UN120|40UN130|40UN160|40WN081|40WN191|430R063|431A241|432N082|432N351|432N442|432N861|433A011|433A012|433A021|433A022|433D012|433N062|433N171|433N262|433Q051|435R021|90B2681
40511107,1,150,1,0,0,4030261|4040103|404D561|4064243|4064253|4065083|4069203|4069211|4069432|4069582|409A011|409A012|409A013|409A021|409A023|409A032|409D021|409Q072|409Q082|409Q502|409Q522|409Q702|409R181|409R481|409U053|409U163|409U313|409U403|409Z481|409Z491|409Z501|409Z511|40A8161|40B0291|40B0292|40B8932|40B9431|40B9561|40B9572|40B9651|40B9662|40BA012|40BA021|40BA022|40BA051|40BA052|40BA061|40BA062|40BA081|40BA082|40BA091|40BA092|40BA101|40BA102|40BA121|40BA122|40BA131|40BA132|40BA141|40BA142|40BA151|40BA152|40BA221|40BA222|40BC011|40BC021|40BC051|40BC061|40BC071|40BD012|40BD032|40BD052|40BQ021|40BQ031|40BQ051|40BQ141|40BQ171|40BQ311|40BQ321|40BQ331|40BQ341|40BQ371|40BQ381|40BQ391|40BQ401|40BQ421|40BQ512|40BR022|40BR032|40BR042|40BR072|40BR082|40BR122|40BR222|40BR242|40BR322|40BR342|40BR372|40BR472|40IA301|40IN041|40IN051|40IN101|40IN132|40IN532|40IN662|40IN672|40K0051|40K0052|40KA393|40KA513|40KE011|40KN021|40KN151|40KN152|40KN633|40KT142|40MN111|40PC101|40PQ041|40RQ151|40RR072|40UN010|40UN020|40UN050|40UN070|40UN080|40UN110|40UN120|40UN130|40UN160|40WN081|40WN191|430R063|431A241|432N082|432N351|432N442|432N861|433A011|433A012|433A021|433A022|433D012|433N062|433N171|433N262|433Q051|435R021|90B2681
40511119,1,150,1,0,0,4030261|4040103|404D561|4064243|4064253|4065083|4069203|4069211|4069432|4069582|409A011|409A012|409A013|409A021|409A023|409A032|409D021|409Q072|409Q082|409Q502|409Q522|409Q702|409R181|409R481|409U053|409U163|409U313|409U403|409Z481|409Z491|409Z501|409Z511|40A8161|40B0291|40B0292|40B8932|40B9431|40B9561|40B9572|40B9651|40B9662|40BA012|40BA021|40BA022|40BA051|40BA052|40BA061|40BA062|40BA081|40BA082|40BA091|40BA092|40BA101|40BA102|40BA121|40BA122|40BA131|40BA132|40BA141|40BA142|40BA151|40BA152|40BA221|40BA222|40BC011|40BC021|40BC051|40BC061|40BC071|40BD012|40BD032|40BD052|40BQ021|40BQ031|40BQ051|40BQ141|40BQ171|40BQ311|40BQ321|40BQ331|40BQ341|40BQ371|40BQ381|40BQ391|40BQ401|40BQ421|40BQ512|40BR022|40BR032|40BR042|40BR072|40BR082|40BR122|40BR222|40BR242|40BR322|40BR342|40BR372|40BR472|40IA301|40IN041|40IN051|40IN101|40IN132|40IN532|40IN662|40IN672|40K0051|40K0052|40KA393|40KA513|40KE011|40KN021|40KN151|40KN152|40KN633|40KT142|40MN111|40PC101|40PQ041|40RQ151|40RR072|40UN010|40UN020|40UN050|40UN070|40UN080|40UN110|40UN120|40UN130|40UN160|40WN081|40WN191|430R063|431A241|432N082|432N351|432N442|432N861|433A011|433A012|433A021|433A022|433D012|433N062|433N171|433N262|433Q051|435R021|90B2681
40511127,1,150,1,0,0,4030261|4040103|404D561|4064243|4064253|4065083|4069203|4069211|4069432|4069582|409A011|409A012|409A013|409A021|409A023|409A032|409D021|409Q072|409Q082|409Q502|409Q522|409Q702|409R181|409R481|409U053|409U163|409U313|409U403|409Z481|409Z491|409Z501|409Z511|40A8161|40B0291|40B0292|40B8932|40B9431|40B9561|40B9572|40B9651|40B9662|40BA012|40BA021|40BA022|40BA051|40BA052|40BA061|40BA062|40BA081|40BA082|40BA091|40BA092|40BA101|40BA102|40BA121|40BA122|40BA131|40BA132|40BA141|40BA142|40BA151|40BA152|40BA221|40BA222|40BC011|40BC021|40BC051|40BC061|40BC071|40BD012|40BD032|40BD052|40BQ021|40BQ031|40BQ051|40BQ141|40BQ171|40BQ311|40BQ321|40BQ331|40BQ341|40BQ371|40BQ381|40BQ391|40BQ401|40BQ421|40BQ512|40BR022|40BR032|40BR042|40BR072|40BR082|40BR122|40BR222|40BR242|40BR322|40BR342|40BR372|40BR472|40IA301|40IN041|40IN051|40IN101|40IN132|40IN532|40IN662|40IN672|40K0051|40K0052|40KA393|40KA513|40KE011|40KN021|40KN151|40KN152|40KN633|40KT142|40MN111|40PC101|40PQ041|40RQ151|40RR072|40UN010|40UN020|40UN050|40UN070|40UN080|40UN110|40UN120|40UN130|40UN160|40WN081|40WN191|430R063|431A241|432N082|432N351|432N442|432N861|433A011|433A012|433A021|433A022|433D012|433N062|433N171|433N262|433Q051|435R021|90B2681
40511129,1,150,1,0,0,4030261|4040103|404D561|4064243|4064253|4065083|4069203|4069211|4069432|4069582|409A011|409A012|409A013|409A021|409A023|409A032|409D021|409Q072|409Q082|409Q502|409Q522|409Q702|409R181|409R481|409U053|409U163|409U313|409U403|409Z481|409Z491|409Z501|409Z511|40A8161|40B0292|40B8932|40B9431|40B9561|40B9572|40B9651|40B9662|40BA011|40BA012|40BA021|40BA022|40BA051|40BA052|40BA061|40BA062|40BA081|40BA082|40BA091|40BA092|40BA101|40BA102|40BA121|40BA122|40BA131|40BA132|40BA141|40BA142|40BA151|40BA152|40BA221|40BA222|40BC011|40BC021|40BC051|40BC061|40BC071|40BD012|40BD032|40BD052|40BQ021|40BQ031|40BQ051|40BQ141|40BQ171|40BQ311|40BQ321|40BQ331|40BQ341|40BQ371|40BQ381|40BQ391|40BQ401|40BQ421|40BQ512|40BR022|40BR032|40BR042|40BR072|40BR082|40BR122|40BR222|40BR242|40BR322|40BR342|40BR372|40BR472|40IA301|40IN041|40IN051|40IN101|40IN132|40IN532|40IN662|40IN672|40K0051|40K0052|40KA393|40KA513|40KE011|40KN021|40KN151|40KN152|40KN633|40KT142|40MN111|40PC101|40PQ041|40RQ151|40RR072|40UN010|40UN020|40UN050|40UN070|40UN080|40UN110|40UN120|40UN130|40UN160|40WN081|40WN191|430R063|431A241|432N082|432N351|432N442|432N861|433A011|433A012|433A021|433A022|433D012|433N062|433N171|433N262|433Q051|435R021|90B2681
40511130,1,150,1,0,0,4030261|4040103|404D561|4064243|4064253|4065083|4069203|4069211|4069432|4069582|409A011|409A012|409A013|409A021|409A023|409A032|409D021|409Q072|409Q082|409Q502|409Q522|409Q702|409R181|409R481|409U053|409U163|409U313|409U403|409Z481|409Z491|409Z501|409Z511|40A8161|40B0291|40B0292|40B8932|40B9431|40B9561|40B9572|40B9651|40B9662|40BA011|40BA012|40BA021|40BA022|40BA052|40BA061|40BA062|40BA081|40BA082|40BA091|40BA092|40BA101|40BA102|40BA121|40BA122|40BA131|40BA132|40BA141|40BA142|40BA151|40BA152|40BA221|40BA222|40BC011|40BC021|40BC051|40BC061|40BC071|40BD012|40BD032|40BD052|40BQ021|40BQ031|40BQ051|40BQ141|40BQ171|40BQ311|40BQ321|40BQ331|40BQ341|40BQ371|40BQ381|40BQ391|40BQ401|40BQ421|40BQ512|40BR022|40BR032|40BR042|40BR072|40BR082|40BR122|40BR222|40BR242|40BR322|40BR342|40BR372|40BR472|40IA301|40IN041|40IN051|40IN101|40IN132|40IN532|40IN662|40IN672|40K0051|40K0052|40KA393|40KA513|40KE011|40KN021|40KN151|40KN152|40KN633|40KT142|40MN111|40PC101|40PQ041|40RQ151|40RR072|40UN010|40UN020|40UN050|40UN070|40UN080|40UN110|40UN120|40UN130|40UN160|40WN081|40WN191|430R063|431A241|432N082|432N351|432N442|432N861|433A011|433A012|433A021|433A022|433D012|433N062|433N171|433N262|433Q051|435R021|90B2681
40511131,1,150,1,0,0,4030261|4040103|404D561|4064243|4064253|4065083|4069203|4069211|4069432|4069582|409A011|409A012|409A013|409A021|409A023|409A032|409D021|409Q072|409Q082|409Q502|409Q522|409Q702|409R181|409R481|409U053|409U163|409U313|409U403|409Z481|409Z491|409Z501|409Z511|40A8161|40B0291|40B0292|40B8932|40B9431|40B9561|40B9572|40B9651|40B9662|40BA012|40BA021|40BA022|40BA051|40BA052|40BA061|40BA062|40BA081|40BA082|40BA091|40BA092|40BA101|40BA102|40BA121|40BA122|40BA131|40BA132|40BA141|40BA142|40BA151|40BA152|40BA221|40BA222|40BC011|40BC021|40BC051|40BC061|40BC071|40BD012|40BD032|40BD052|40BQ021|40BQ031|40BQ051|40BQ141|40BQ171|40BQ311|40BQ321|40BQ331|40BQ341|40BQ371|40BQ381|40BQ391|40BQ401|40BQ421|40BQ512|40BR022|40BR032|40BR042|40BR072|40BR082|40BR122|40BR222|40BR242|40BR322|40BR342|40BR372|40BR472|40IA301|40IN041|40IN051|40IN101|40IN132|40IN532|40IN662|40IN672|40K0051|40K0052|40KA393|40KA513|40KE011|40KN021|40KN151|40KN152|40KN633|40KT142|40MN111|40PC101|40PQ041|40RQ151|40RR072|40UN010|40UN020|40UN050|40UN070|40UN080|40UN110|40UN120|40UN130|40UN160|40WN081|40WN191|430R063|431A241|432N082|432N351|432N442|432N861|433A011|433A012|433A021|433A022|433D012|433N062|433N171|433N262|433Q051|435R021|90B2681
40511135,1,150,1,0,0,4030261|4040103|404D561|4064243|4064253|4065083|4069203|4069211|4069432|4069582|409A011|409A012|409A013|409A021|409A023|409A032|409D021|409Q072|409Q082|409Q502|409Q522|409Q702|409R181|409R481|409U053|409U163|409U313|409U403|409Z481|409Z491|409Z501|409Z511|40A8161|40B0291|40B0292|40B8932|40B9431|40B9561|40B9572|40B9651|40B9662|40BA012|40BA021|40BA022|40BA051|40BA052|40BA061|40BA062|40BA081|40BA082|40BA091|40BA092|40BA101|40BA102|40BA121|40BA122|40BA131|40BA132|40BA141|40BA142|40BA151|40BA152|40BA221|40BA222|40BC011|40BC021|40BC051|40BC061|40BC071|40BD012|40BD032|40BD052|40BQ021|40BQ031|40BQ051|40BQ141|40BQ171|40BQ311|40BQ321|40BQ331|40BQ341|40BQ371|40BQ381|40BQ391|40BQ401|40BQ421|40BQ512|40BR022|40BR032|40BR042|40BR072|40BR082|40BR122|40BR222|40BR242|40BR322|40BR342|40BR372|40BR472|40IA301|40IN041|40IN051|40IN101|40IN132|40IN532|40IN662|40IN672|40K0051|40K0052|40KA393|40KA513|40KE011|40KN021|40KN151|40KN152|40KN633|40KT142|40MN111|40PC101|40PQ041|40RQ151|40RR072|40UN010|40UN020|40UN050|40UN070|40UN080|40UN110|40UN120|40UN130|40UN160|40WN081|40WN191|430R063|431A241|432N082|432N351|432N442|432N861|433A011|433A012|433A021|433A022|433D012|433N062|433N171|433N262|433Q051|435R021|90B2681
40511136,1,150,1,0,0,4030261|4040103|404D561|4064243|4064253|4065083|4069203|4069211|4069432|4069582|409A011|409A012|409A013|409A021|409A023|409A032|409D021|409Q072|409Q082|409Q502|409Q522|409Q702|409R181|409R481|409U053|409U163|409U313|409U403|409Z481|409Z491|409Z501|409Z511|40A8161|40B0291|40B0292|40B8932|40B9431|40B9561|40B9572|40B9651|40B9662|40BA011|40BA012|40BA021|40BA022|40BA052|40BA061|40BA062|40BA081|40BA082|40BA091|40BA092|40BA101|40BA102|40BA121|40BA122|40BA131|40BA132|40BA141|40BA142|40BA151|40BA152|40BA221|40BA222|40BC011|40BC021|40BC051|40BC061|40BC071|40BD012|40BD032|40BD052|40BQ021|40BQ031|40BQ051|40BQ141|40BQ171|40BQ311|40BQ321|40BQ331|40BQ341|40BQ371|40BQ381|40BQ391|40BQ401|40BQ421|40BQ512|40BR022|40BR032|40BR042|40BR072|40BR082|40BR122|40BR222|40BR242|40BR322|40BR342|40BR372|40BR472|40IA301|40IN041|40IN051|40IN101|40IN132|40IN532|40IN662|40IN672|40K0051|40K0052|40KA393|40KA513|40KE011|40KN021|40KN151|40KN152|40KN633|40KT142|40MN111|40PC101|40PQ041|40RQ151|40RR072|40UN010|40UN020|40UN050|40UN070|40UN080|40UN110|40UN120|40UN130|40UN160|40WN081|40WN191|430R063|431A241|432N082|432N351|432N442|432N861|433A011|433A012|433A021|433A022|433D012|433N062|433N171|433N262|433Q051|435R021|90B2681
40511141,1,150,1,0,0,4030261|4040103|404D561|4064243|4064253|4065083|4069203|4069211|4069432|4069582|409A011|409A012|409A013|409A021|409A023|409A032|409D021|409Q072|409Q082|409Q502|409Q522|409Q702|409R181|409R481|409U053|409U163|409U313|409U403|409Z481|409Z491|409Z501|409Z511|40A8161|40B0291|40B0292|40B8932|40B9431|40B9561|40B9572|40B9651|40B9662|40BA012|40BA021|40BA022|40BA051|40BA052|40BA061|40BA062|40BA081|40BA082|40BA091|40BA092|40BA101|40BA102|40BA121|40BA122|40BA131|40BA132|40BA141|40BA142|40BA151|40BA152|40BA221|40BA222|40BC011|40BC021|40BC051|40BC061|40BC071|40BD012|40BD032|40BD052|40BQ021|40BQ031|40BQ051|40BQ141|40BQ171|40BQ311|40BQ321|40BQ331|40BQ341|40BQ371|40BQ381|40BQ391|40BQ401|40BQ421|40BQ512|40BR022|40BR032|40BR042|40BR072|40BR082|40BR122|40BR222|40BR242|40BR322|40BR342|40BR372|40BR472|40IA301|40IN041|40IN051|40IN101|40IN132|40IN532|40IN662|40IN672|40K0051|40K0052|40KA393|40KA513|40KE011|40KN021|40KN151|40KN152|40KN633|40KT142|40MN111|40PC101|40PQ041|40RQ151|40RR072|40UN010|40UN020|40UN050|40UN070|40UN080|40UN110|40UN120|40UN130|40UN160|40WN081|40WN191|430R063|431A241|432N082|432N351|432N442|432N861|433A011|433A012|433A021|433A022|433D012|433N062|433N171|433N262|433Q051|435R021|90B2681
40511143,1,150,1,0,0,4030261|4040103|404D561|4064243|4064253|4065083|4069203|4069211|4069432|4069582|409A011|409A012|409A013|409A021|409A023|409A032|409D021|409Q072|409Q082|409Q502|409Q522|409Q702|409R181|409R481|409U053|409U163|409U313|409U403|409Z481|409Z491|409Z501|409Z511|40A8161|40B0291|40B0292|40B8932|40B9431|40B9561|40B9572|40B9651|40B9662|40BA011|40BA012|40BA021|40BA022|40BA052|40BA061|40BA062|40BA081|40BA082|40BA091|40BA092|40BA101|40BA102|40BA121|40BA122|40BA131|40BA132|40BA141|40BA142|40BA151|40BA152|40BA221|40BA222|40BC011|40BC021|40BC051|40BC061|40BC071|40BD012|40BD032|40BD052|40BQ021|40BQ031|40BQ051|40BQ141|40BQ171|40BQ311|40BQ321|40BQ331|40BQ341|40BQ371|40BQ381|40BQ391|40BQ401|40BQ421|40BQ512|40BR022|40BR032|40BR042|40BR072|40BR082|40BR122|40BR222|40BR242|40BR322|40BR342|40BR372|40BR472|40IA301|40IN041|40IN051|40IN101|40IN132|40IN532|40IN662|40IN672|40K0051|40K0052|40KA393|40KA513|40KE011|40KN021|40KN151|40KN152|40KN633|40KT142|40MN111|40PC101|40PQ041|40RQ151|40RR072|40UN010|40UN020|40UN050|40UN070|40UN080|40UN110|40UN120|40UN130|40UN160|40WN081|40WN191|430R063|431A241|432N082|432N351|432N442|432N861|433A011|433A012|433A021|433A022|433D012|433N062|433N171|433N262|433Q051|435R021|90B2681
40511145,1,150,1,0,0,4030261|4040103|404D561|4064243|4064253|4065083|4069203|4069211|4069432|4069582|409A011|409A012|409A013|409A021|409A023|409A032|409D021|409Q072|409Q082|409Q502|409Q522|409Q702|409R181|409R481|409U053|409U163|409U313|409U403|409Z481|409Z491|409Z501|409Z511|40A8161|40B0291|40B0292|40B8932|40B9431|40B9561|40B9572|40B9651|40B9662|40BA012|40BA021|40BA022|40BA051|40BA052|40BA061|40BA062|40BA081|40BA082|40BA091|40BA092|40BA101|40BA102|40BA121|40BA122|40BA131|40BA132|40BA141|40BA142|40BA151|40BA152|40BA221|40BA222|40BC011|40BC021|40BC051|40BC061|40BC071|40BD012|40BD032|40BD052|40BQ021|40BQ031|40BQ051|40BQ141|40BQ171|40BQ311|40BQ321|40BQ331|40BQ341|40BQ371|40BQ381|40BQ391|40BQ401|40BQ421|40BQ512|40BR022|40BR032|40BR042|40BR072|40BR082|40BR122|40BR222|40BR242|40BR322|40BR342|40BR372|40BR472|40IA301|40IN041|40IN051|40IN101|40IN132|40IN532|40IN662|40IN672|40K0051|40K0052|40KA393|40KA513|40KE011|40KN021|40KN151|40KN152|40KN633|40KT142|40MN111|40PC101|40PQ041|40RQ151|40RR072|40UN010|40UN020|40UN050|40UN070|40UN080|40UN110|40UN120|40UN130|40UN160|40WN081|40WN191|430R063|431A241|432N082|432N351|432N442|432N861|433A011|433A012|433A021|433A022|433D012|433N062|433N171|433N262|433Q051|435R021|90B2681
40511146,1,150,1,0,0,4030261|4040103|404D561|4064243|4064253|4065083|4069203|4069211|4069432|4069582|409A011|409A012|409A013|409A021|409A023|409A032|409D021|409Q072|409Q082|409Q502|409Q522|409Q702|409R181|409R481|409U053|409U163|409U313|409U403|409Z481|409Z491|409Z501|409Z511|40A8161|40B0291|40B0292|40B8932|40B9431|40B9561|40B9572|40B9651|40B9662|40BA011|40BA012|40BA021|40BA022|40BA052|40BA061|40BA062|40BA081|40BA082|40BA091|40BA092|40BA101|40BA102|40BA121|40BA122|40BA131|40BA132|40BA141|40BA142|40BA151|40BA152|40BA221|40BA222|40BC011|40BC021|40BC051|40BC061|40BC071|40BD012|40BD032|40BD052|40BQ021|40BQ031|40BQ051|40BQ141|40BQ171|40BQ311|40BQ321|40BQ331|40BQ341|40BQ371|40BQ381|40BQ391|40BQ401|40BQ421|40BQ512|40BR022|40BR032|40BR042|40BR072|40BR082|40BR122|40BR222|40BR242|40BR322|40BR342|40BR372|40BR472|40IA301|40IN041|40IN051|40IN101|40IN132|40IN532|40IN662|40IN672|40K0051|40K0052|40KA393|40KA513|40KE011|40KN021|40KN151|40KN152|40KN633|40KT142|40MN111|40PC101|40PQ041|40RQ151|40RR072|40UN010|40UN020|40UN050|40UN070|40UN080|40UN110|40UN120|40UN130|40UN160|40WN081|40WN191|430R063|431A241|432N082|432N351|432N442|432N861|433A011|433A012|433A021|433A022|433D012|433N062|433N171|433N262|433Q051|435R021|90B2681
40511147,1,150,1,0,0,4030261|4040103|404D561|4064243|4064253|4065083|4069203|4069211|4069432|4069582|409A011|409A012|409A013|409A021|409A023|409A032|409D021|409Q072|409Q082|409Q502|409Q522|409Q702|409R181|409R481|409U053|409U163|409U313|409U403|409Z481|409Z491|409Z501|409Z511|40A8161|40B0292|40B8932|40B9431|40B9561|40B9572|40B9651|40B9662|40BA011|40BA012|40BA021|40BA022|40BA051|40BA052|40BA061|40BA062|40BA081|40BA082|40BA091|40BA092|40BA101|40BA102|40BA121|40BA122|40BA131|40BA132|40BA141|40BA142|40BA151|40BA152|40BA221|40BA222|40BC011|40BC021|40BC051|40BC061|40BC071|40BD012|40BD032|40BD052|40BQ021|40BQ031|40BQ051|40BQ141|40BQ171|40BQ311|40BQ321|40BQ331|40BQ341|40BQ371|40BQ381|40BQ391|40BQ401|40BQ421|40BQ512|40BR022|40BR032|40BR042|40BR072|40BR082|40BR122|40BR222|40BR242|40BR322|40BR342|40BR372|40BR472|40IA301|40IN041|40IN051|40IN101|40IN132|40IN532|40IN662|40IN672|40K0051|40K0052|40KA393|40KA513|40KE011|40KN021|40KN151|40KN152|40KN633|40KT142|40MN111|40PC101|40PQ041|40RQ151|40RR072|40UN010|40UN020|40UN050|40UN070|40UN080|40UN110|40UN120|40UN130|40UN160|40WN081|40WN191|430R063|431A241|432N082|432N351|432N442|432N861|433A011|433A012|433A021|433A022|433D012|433N062|433N171|433N262|433Q051|435R021|90B2681
40511148,1,150,1,0,0,4030261|4040103|404D561|4064243|4064253|4065083|4069203|4069211|4069432|4069582|409A011|409A012|409A013|409A021|409A023|409A032|409D021|409Q072|409Q082|409Q502|409Q522|409Q702|409R181|409R481|409U053|409U163|409U313|409U403|409Z481|409Z491|409Z501|409Z511|40A8161|40B0291|40B0292|40B8932|40B9431|40B9561|40B9572|40B9651|40B9662|40BA011|40BA012|40BA021|40BA022|40BA052|40BA061|40BA062|40BA081|40BA082|40BA091|40BA092|40BA101|40BA102|40BA121|40BA122|40BA131|40BA132|40BA141|40BA142|40BA151|40BA152|40BA221|40BA222|40BC011|40BC021|40BC051|40BC061|40BC071|40BD012|40BD032|40BD052|40BQ021|40BQ031|40BQ051|40BQ141|40BQ171|40BQ311|40BQ321|40BQ331|40BQ341|40BQ371|40BQ381|40BQ391|40BQ401|40BQ421|40BQ512|40BR022|40BR032|40BR042|40BR072|40BR082|40BR122|40BR222|40BR242|40BR322|40BR342|40BR372|40BR472|40IA301|40IN041|40IN051|40IN101|40IN132|40IN532|40IN662|40IN672|40K0051|40K0052|40KA393|40KA513|40KE011|40KN021|40KN151|40KN152|40KN633|40KT142|40MN111|40PC101|40PQ041|40RQ151|40RR072|40UN010|40UN020|40UN050|40UN070|40UN080|40UN110|40UN120|40UN130|40UN160|40WN081|40WN191|430R063|431A241|432N082|432N351|432N442|432N861|433A011|433A012|433A021|433A022|433D012|433N062|433N171|433N262|433Q051|435R021|90B2681
40511155,1,150,1,0,0,4030261|4040103|404D561|4064243|4064253|4065083|4069203|4069211|4069432|4069582|409A011|409A012|409A013|409A021|409A023|409A032|409D021|409Q072|409Q082|409Q502|409Q522|409Q702|409R181|409R481|409U053|409U163|409U313|409U403|409Z481|409Z491|409Z501|409Z511|40A8161|40B0291|40B0292|40B8932|40B9431|40B9561|40B9572|40B9651|40B9662|40BA011|40BA012|40BA021|40BA022|40BA052|40BA061|40BA062|40BA081|40BA082|40BA091|40BA092|40BA101|40BA102|40BA121|40BA122|40BA131|40BA132|40BA141|40BA142|40BA151|40BA152|40BA221|40BA222|40BC011|40BC021|40BC051|40BC061|40BC071|40BD012|40BD032|40BD052|40BQ021|40BQ031|40BQ051|40BQ141|40BQ171|40BQ311|40BQ321|40BQ331|40BQ341|40BQ371|40BQ381|40BQ391|40BQ401|40BQ421|40BQ512|40BR022|40BR032|40BR042|40BR072|40BR082|40BR122|40BR222|40BR242|40BR322|40BR342|40BR372|40BR472|40IA301|40IN041|40IN051|40IN101|40IN132|40IN532|40IN662|40IN672|40K0051|40K0052|40KA393|40KA513|40KE011|40KN021|40KN151|40KN152|40KN633|40KT142|40MN111|40PC101|40PQ041|40RQ151|40RR072|40UN010|40UN020|40UN050|40UN070|40UN080|40UN110|40UN120|40UN130|40UN160|40WN081|40WN191|430R063|431A241|432N082|432N351|432N442|432N861|433A011|433A012|433A021|433A022|433D012|433N062|433N171|433N262|433Q051|435R021|90B2681
40511159,1,150,1,0,0,4030261|4040103|404D561|4064243|4064253|4065083|4069203|4069211|4069432|4069582|409A011|409A012|409A013|409A021|409A023|409A032|409D021|409Q072|409Q082|409Q502|409Q522|409Q702|409R181|409R481|409U053|409U163|409U313|409U403|409Z481|409Z491|409Z501|409Z511|40A8161|40B0291|40B0292|40B8932|40B9431|40B9561|40B9572|40B9651|40B9662|40BA012|40BA021|40BA022|40BA051|40BA052|40BA061|40BA062|40BA081|40BA082|40BA091|40BA092|40BA101|40BA102|40BA121|40BA122|40BA131|40BA132|40BA141|40BA142|40BA151|40BA152|40BA221|40BA222|40BC011|40BC021|40BC051|40BC061|40BC071|40BD012|40BD032|40BD052|40BQ021|40BQ031|40BQ051|40BQ141|40BQ171|40BQ311|40BQ321|40BQ331|40BQ341|40BQ371|40BQ381|40BQ391|40BQ401|40BQ421|40BQ512|40BR022|40BR032|40BR042|40BR072|40BR082|40BR122|40BR222|40BR242|40BR322|40BR342|40BR372|40BR472|40IA301|40IN041|40IN051|40IN101|40IN132|40IN532|40IN662|40IN672|40K0051|40K0052|40KA393|40KA513|40KE011|40KN021|40KN151|40KN152|40KN633|40KT142|40MN111|40PC101|40PQ041|40RQ151|40RR072|40UN010|40UN020|40UN050|40UN070|40UN080|40UN110|40UN120|40UN130|40UN160|40WN081|40WN191|430R063|431A241|432N082|432N351|432N442|432N861|433A011|433A012|433A021|433A022|433D012|433N062|433N171|433N262|433Q051|435R021|90B2681
40511160,1,150,1,0,0,4030261|4040103|404D561|4064243|4064253|4065083|4069203|4069211|4069432|4069582|409A011|409A012|409A013|409A021|409A023|409A032|409D021|409Q072|409Q082|409Q502|409Q522|409Q702|409R181|409R481|409U053|409U163|409U313|409U403|409Z481|409Z491|409Z501|409Z511|40A8161|40B0291|40B0292|40B8932|40B9431|40B9561|40B9572|40B9651|40B9662|40BA011|40BA012|40BA021|40BA022|40BA052|40BA061|40BA062|40BA081|40BA082|40BA091|40BA092|40BA101|40BA102|40BA121|40BA122|40BA131|40BA132|40BA141|40BA142|40BA151|40BA152|40BA221|40BA222|40BC011|40BC021|40BC051|40BC061|40BC071|40BD012|40BD032|40BD052|40BQ021|40BQ031|40BQ051|40BQ141|40BQ171|40BQ311|40BQ321|40BQ331|40BQ341|40BQ371|40BQ381|40BQ391|40BQ401|40BQ421|40BQ512|40BR022|40BR032|40BR042|40BR072|40BR082|40BR122|40BR222|40BR242|40BR322|40BR342|40BR372|40BR472|40IA301|40IN041|40IN051|40IN101|40IN132|40IN532|40IN662|40IN672|40K0051|40K0052|40KA393|40KA513|40KE011|40KN021|40KN151|40KN152|40KN633|40KT142|40MN111|40PC101|40PQ041|40RQ151|40RR072|40UN010|40UN020|40UN050|40UN070|40UN080|40UN110|40UN120|40UN130|40UN160|40WN081|40WN191|430R063|431A241|432N082|432N351|432N442|432N861|433A011|433A012|433A021|433A022|433D012|433N062|433N171|433N262|433Q051|435R021|90B2681
40511201,1,150,1,0,0,4030261|4040103|404D561|4064243|4064253|4065083|4069203|4069211|4069432|4069582|409A011|409A012|409A013|409A021|409A023|409A032|409D021|409Q072|409Q082|409Q502|409Q522|409Q702|409R181|409R481|409U053|409U163|409U313|409U403|409Z481|409Z491|409Z501|409Z511|40A8161|40B0291|40B0292|40B8932|40B9431|40B9561|40B9572|40B9651|40B9662|40BA011|40BA012|40BA021|40BA022|40BA051|40BA061|40BA062|40BA081|40BA082|40BA091|40BA092|40BA101|40BA102|40BA121|40BA122|40BA131|40BA132|40BA141|40BA142|40BA151|40BA152|40BA221|40BA222|40BC011|40BC021|40BC051|40BC061|40BC071|40BD012|40BD032|40BD052|40BQ021|40BQ031|40BQ051|40BQ141|40BQ171|40BQ311|40BQ321|40BQ331|40BQ341|40BQ371|40BQ381|40BQ391|40BQ401|40BQ421|40BQ512|40BR022|40BR032|40BR042|40BR072|40BR082|40BR122|40BR222|40BR242|40BR322|40BR342|40BR372|40BR472|40IA301|40IN041|40IN051|40IN101|40IN132|40IN532|40IN662|40IN672|40K0051|40K0052|40KA393|40KA513|40KE011|40KN021|40KN151|40KN152|40KN633|40KT142|40MN111|40PC101|40PQ041|40RQ151|40RR072|40UN010|40UN020|40UN050|40UN070|40UN080|40UN110|40UN120|40UN130|40UN160|40WN081|40WN191|430R063|431A241|432N082|432N351|432N442|432N861|433A011|433A012|433A021|433A022|433D012|433N062|433N171|433N262|433Q051|435R021|90B2681
40511202,1,150,1,0,0,4030261|4040103|404D561|4064243|4064253|4065083|4069203|4069211|4069432|4069582|409A011|409A012|409A013|409A021|409A023|409A032|409D021|409Q072|409Q082|409Q502|409Q522|409Q702|409R181|409R481|409U053|409U163|409U313|409U403|409Z481|409Z491|409Z501|409Z511|40A8161|40B0291|40B0292|40B8932|40B9431|40B9561|40B9572|40B9651|40B9662|40BA011|40BA012|40BA021|40BA022|40BA051|40BA061|40BA062|40BA081|40BA082|40BA091|40BA092|40BA101|40BA102|40BA121|40BA122|40BA131|40BA132|40BA141|40BA142|40BA151|40BA152|40BA221|40BA222|40BC011|40BC021|40BC051|40BC061|40BC071|40BD012|40BD032|40BD052|40BQ021|40BQ031|40BQ051|40BQ141|40BQ171|40BQ311|40BQ321|40BQ331|40BQ341|40BQ371|40BQ381|40BQ391|40BQ401|40BQ421|40BQ512|40BR022|40BR032|40BR042|40BR072|40BR082|40BR122|40BR222|40BR242|40BR322|40BR342|40BR372|40BR472|40IA301|40IN041|40IN051|40IN101|40IN132|40IN532|40IN662|40IN672|40K0051|40K0052|40KA393|40KA513|40KE011|40KN021|40KN151|40KN152|40KN633|40KT142|40MN111|40PC101|40PQ041|40RQ151|40RR072|40UN010|40UN020|40UN050|40UN070|40UN080|40UN110|40UN120|40UN130|40UN160|40WN081|40WN191|430R063|431A241|432N082|432N351|432N442|432N861|433A011|433A012|433A021|433A022|433D012|433N062|433N171|433N262|433Q051|435R021|90B2681
40511203,1,150,1,0,0,4030261|4040103|404D561|4064243|4064253|4065083|4069203|4069211|4069432|4069582|409A011|409A012|409A013|409A021|409A023|409A032|409D021|409Q072|409Q082|409Q502|409Q522|409Q702|409R181|409R481|409U053|409U163|409U313|409U403|409Z481|409Z491|409Z501|409Z511|40A8161|40B0291|40B0292|40B8932|40B9431|40B9561|40B9572|40B9651|40B9662|40BA011|40BA012|40BA021|40BA022|40BA051|40BA061|40BA062|40BA081|40BA082|40BA091|40BA092|40BA101|40BA102|40BA121|40BA122|40BA131|40BA132|40BA141|40BA142|40BA151|40BA152|40BA221|40BA222|40BC011|40BC021|40BC051|40BC061|40BC071|40BD012|40BD032|40BD052|40BQ021|40BQ031|40BQ051|40BQ141|40BQ171|40BQ311|40BQ321|40BQ331|40BQ341|40BQ371|40BQ381|40BQ391|40BQ401|40BQ421|40BQ512|40BR022|40BR032|40BR042|40BR072|40BR082|40BR122|40BR222|40BR242|40BR322|40BR342|40BR372|40BR472|40IA301|40IN041|40IN051|40IN101|40IN132|40IN532|40IN662|40IN672|40K0051|40K0052|40KA393|40KA513|40KE011|40KN021|40KN151|40KN152|40KN633|40KT142|40MN111|40PC101|40PQ041|40RQ151|40RR072|40UN010|40UN020|40UN050|40UN070|40UN080|40UN110|40UN120|40UN130|40UN160|40WN081|40WN191|430R063|431A241|432N082|432N351|432N442|432N861|433A011|433A012|433A021|433A022|433D012|433N062|433N171|433N262|433Q051|435R021|90B2681
40511205,1,150,1,0,0,4030261|4040103|404D561|4064243|4064253|4065083|4069203|4069211|4069432|4069582|409A011|409A012|409A013|409A021|409A023|409A032|409D021|409Q072|409Q082|409Q502|409Q522|409Q702|409R181|409R481|409U053|409U163|409U313|409U403|409Z481|409Z491|409Z501|409Z511|40A8161|40B0291|40B0292|40B8932|40B9431|40B9561|40B9572|40B9651|40B9662|40BA011|40BA021|40BA022|40BA051|40BA052|40BA061|40BA062|40BA081|40BA082|40BA091|40BA092|40BA101|40BA102|40BA121|40BA122|40BA131|40BA132|40BA141|40BA142|40BA151|40BA152|40BA221|40BA222|40BC011|40BC021|40BC051|40BC061|40BC071|40BD012|40BD032|40BD052|40BQ021|40BQ031|40BQ051|40BQ141|40BQ171|40BQ311|40BQ321|40BQ331|40BQ341|40BQ371|40BQ381|40BQ391|40BQ401|40BQ421|40BQ512|40BR022|40BR032|40BR042|40BR072|40BR082|40BR122|40BR222|40BR242|40BR322|40BR342|40BR372|40BR472|40IA301|40IN041|40IN051|40IN101|40IN132|40IN532|40IN662|40IN672|40K0051|40K0052|40KA393|40KA513|40KE011|40KN021|40KN151|40KN152|40KN633|40KT142|40MN111|40PC101|40PQ041|40RQ151|40RR072|40UN010|40UN020|40UN050|40UN070|40UN080|40UN110|40UN120|40UN130|40UN160|40WN081|40WN191|430R063|431A241|432N082|432N351|432N442|432N861|433A011|433A012|433A021|433A022|433D012|433N062|433N171|433N262|433Q051|435R021|90B2681
40511206,1,150,1,0,0,4030261|4040103|404D561|4064243|4064253|4065083|4069203|4069211|4069432|4069582|409A011|409A012|409A013|409A021|409A023|409A032|409D021|409Q072|409Q082|409Q502|409Q522|409Q702|409R181|409R481|409U053|409U163|409U313|409U403|409Z481|409Z491|409Z501|409Z511|40A8161|40B0291|40B0292|40B8932|40B9431|40B9561|40B9572|40B9651|40B9662|40BA011|40BA021|40BA022|40BA051|40BA052|40BA061|40BA062|40BA081|40BA082|40BA091|40BA092|40BA101|40BA102|40BA121|40BA122|40BA131|40BA132|40BA141|40BA142|40BA151|40BA152|40BA221|40BA222|40BC011|40BC021|40BC051|40BC061|40BC071|40BD012|40BD032|40BD052|40BQ021|40BQ031|40BQ051|40BQ141|40BQ171|40BQ311|40BQ321|40BQ331|40BQ341|40BQ371|40BQ381|40BQ391|40BQ401|40BQ421|40BQ512|40BR022|40BR032|40BR042|40BR072|40BR082|40BR122|40BR222|40BR242|40BR322|40BR342|40BR372|40BR472|40IA301|40IN041|40IN051|40IN101|40IN132|40IN532|40IN662|40IN672|40K0051|40K0052|40KA393|40KA513|40KE011|40KN021|40KN151|40KN152|40KN633|40KT142|40MN111|40PC101|40PQ041|40RQ151|40RR072|40UN010|40UN020|40UN050|40UN070|40UN080|40UN110|40UN120|40UN130|40UN160|40WN081|40WN191|430R063|431A241|432N082|432N351|432N442|432N861|433A011|433A012|433A021|433A022|433D012|433N062|433N171|433N262|433Q051|435R021|90B2681
40511209,1,150,1,0,0,4030261|4040103|404D561|4064243|4064253|4065083|4069203|4069211|4069432|4069582|409A011|409A012|409A013|409A021|409A023|409A032|409D021|409Q072|409Q082|409Q502|409Q522|409Q702|409R181|409R481|409U053|409U163|409U313|409U403|409Z481|409Z491|409Z501|409Z511|40A8161|40B0291|40B0292|40B8932|40B9431|40B9561|40B9572|40B9651|40B9662|40BA011|40BA021|40BA022|40BA051|40BA052|40BA061|40BA062|40BA081|40BA082|40BA091|40BA092|40BA101|40BA102|40BA121|40BA122|40BA131|40BA132|40BA141|40BA142|40BA151|40BA152|40BA221|40BA222|40BC011|40BC021|40BC051|40BC061|40BC071|40BD012|40BD032|40BD052|40BQ021|40BQ031|40BQ051|40BQ141|40BQ171|40BQ311|40BQ321|40BQ331|40BQ341|40BQ371|40BQ381|40BQ391|40BQ401|40BQ421|40BQ512|40BR022|40BR032|40BR042|40BR072|40BR082|40BR122|40BR222|40BR242|40BR322|40BR342|40BR372|40BR472|40IA301|40IN041|40IN051|40IN101|40IN132|40IN532|40IN662|40IN672|40K0051|40K0052|40KA393|40KA513|40KE011|40KN021|40KN151|40KN152|40KN633|40KT142|40MN111|40PC101|40PQ041|40RQ151|40RR072|40UN010|40UN020|40UN050|40UN070|40UN080|40UN110|40UN120|40UN130|40UN160|40WN081|40WN191|430R063|431A241|432N082|432N351|432N442|432N861|433A011|433A012|433A021|433A022|433D012|433N062|433N171|433N262|433Q051|435R021|90B2681
40511211,1,150,1,0,0,4030261|4040103|404D561|4064243|4064253|4065083|4069203|4069211|4069432|4069582|409A011|409A012|409A013|409A021|409A023|409A032|409D021|409Q072|409Q082|409Q502|409Q522|409Q702|409R181|409R481|409U053|409U163|409U313|409U403|409Z481|409Z491|409Z501|409Z511|40A8161|40B0291|40B0292|40B8932|40B9431|40B9561|40B9572|40B9651|40B9662|40BA011|40BA012|40BA021|40BA022|40BA051|40BA061|40BA062|40BA081|40BA082|40BA091|40BA092|40BA101|40BA102|40BA121|40BA122|40BA131|40BA132|40BA141|40BA142|40BA151|40BA152|40BA221|40BA222|40BC011|40BC021|40BC051|40BC061|40BC071|40BD012|40BD032|40BD052|40BQ021|40BQ031|40BQ051|40BQ141|40BQ171|40BQ311|40BQ321|40BQ331|40BQ341|40BQ371|40BQ381|40BQ391|40BQ401|40BQ421|40BQ512|40BR022|40BR032|40BR042|40BR072|40BR082|40BR122|40BR222|40BR242|40BR322|40BR342|40BR372|40BR472|40IA301|40IN041|40IN051|40IN101|40IN132|40IN532|40IN662|40IN672|40K0051|40K0052|40KA393|40KA513|40KE011|40KN021|40KN151|40KN152|40KN633|40KT142|40MN111|40PC101|40PQ041|40RQ151|40RR072|40UN010|40UN020|40UN050|40UN070|40UN080|40UN110|40UN120|40UN130|40UN160|40WN081|40WN191|430R063|431A241|432N082|432N351|432N442|432N861|433A011|433A012|433A021|433A022|433D012|433N062|433N171|433N262|433Q051|435R021|90B2681
40511218,1,150,1,0,0,4030261|4040103|404D561|4064243|4064253|4065083|4069203|4069211|4069432|4069582|409A011|409A012|409A013|409A021|409A023|409A032|409D021|409Q072|409Q082|409Q502|409Q522|409Q702|409R181|409R481|409U053|409U163|409U313|409U403|409Z481|409Z491|409Z501|409Z511|40A8161|40B0291|40B0292|40B8932|40B9431|40B9561|40B9572|40B9651|40B9662|40BA011|40BA021|40BA022|40BA051|40BA052|40BA061|40BA062|40BA081|40BA082|40BA091|40BA092|40BA101|40BA102|40BA121|40BA122|40BA131|40BA132|40BA141|40BA142|40BA151|40BA152|40BA221|40BA222|40BC011|40BC021|40BC051|40BC061|40BC071|40BD012|40BD032|40BD052|40BQ021|40BQ031|40BQ051|40BQ141|40BQ171|40BQ311|40BQ321|40BQ331|40BQ341|40BQ371|40BQ381|40BQ391|40BQ401|40BQ421|40BQ512|40BR022|40BR032|40BR042|40BR072|40BR082|40BR122|40BR222|40BR242|40BR322|40BR342|40BR372|40BR472|40IA301|40IN041|40IN051|40IN101|40IN132|40IN532|40IN662|40IN672|40K0051|40K0052|40KA393|40KA513|40KE011|40KN021|40KN151|40KN152|40KN633|40KT142|40MN111|40PC101|40PQ041|40RQ151|40RR072|40UN010|40UN020|40UN050|40UN070|40UN080|40UN110|40UN120|40UN130|40UN160|40WN081|40WN191|430R063|431A241|432N082|432N351|432N442|432N861|433A011|433A012|433A021|433A022|433D012|433N062|433N171|433N262|433Q051|435R021|90B2681
40511220,1,150,1,0,0,4030261|4040103|404D561|4064243|4064253|4065083|4069203|4069211|4069432|4069582|409A011|409A012|409A013|409A021|409A023|409A032|409D021|409Q072|409Q082|409Q502|409Q522|409Q702|409R181|409R481|409U053|409U163|409U313|409U403|409Z481|409Z491|409Z501|409Z511|40A8161|40B0291|40B0292|40B8932|40B9431|40B9561|40B9572|40B9651|40B9662|40BA011|40BA021|40BA022|40BA051|40BA052|40BA061|40BA062|40BA081|40BA082|40BA091|40BA092|40BA101|40BA102|40BA121|40BA122|40BA131|40BA132|40BA141|40BA142|40BA151|40BA152|40BA221|40BA222|40BC011|40BC021|40BC051|40BC061|40BC071|40BD012|40BD032|40BD052|40BQ021|40BQ031|40BQ051|40BQ141|40BQ171|40BQ311|40BQ321|40BQ331|40BQ341|40BQ371|40BQ381|40BQ391|40BQ401|40BQ421|40BQ512|40BR022|40BR032|40BR042|40BR072|40BR082|40BR122|40BR222|40BR242|40BR322|40BR342|40BR372|40BR472|40IA301|40IN041|40IN051|40IN101|40IN132|40IN532|40IN662|40IN672|40K0051|40K0052|40KA393|40KA513|40KE011|40KN021|40KN151|40KN152|40KN633|40KT142|40MN111|40PC101|40PQ041|40RQ151|40RR072|40UN010|40UN020|40UN050|40UN070|40UN080|40UN110|40UN120|40UN130|40UN160|40WN081|40WN191|430R063|431A241|432N082|432N351|432N442|432N861|433A011|433A012|433A021|433A022|433D012|433N062|433N171|433N262|433Q051|435R021|90B2681
40511221,1,150,1,0,0,4030261|4040103|404D561|4064243|4064253|4065083|4069203|4069211|4069432|4069582|409A011|409A012|409A013|409A021|409A023|409A032|409D021|409Q072|409Q082|409Q502|409Q522|409Q702|409R181|409R481|409U053|409U163|409U313|409U403|409Z481|409Z491|409Z501|409Z511|40A8161|40B0291|40B0292|40B8932|40B9431|40B9561|40B9572|40B9651|40B9662|40BA011|40BA021|40BA022|40BA051|40BA052|40BA061|40BA062|40BA081|40BA082|40BA091|40BA092|40BA101|40BA102|40BA121|40BA122|40BA131|40BA132|40BA141|40BA142|40BA151|40BA152|40BA221|40BA222|40BC011|40BC021|40BC051|40BC061|40BC071|40BD012|40BD032|40BD052|40BQ021|40BQ031|40BQ051|40BQ141|40BQ171|40BQ311|40BQ321|40BQ331|40BQ341|40BQ371|40BQ381|40BQ391|40BQ401|40BQ421|40BQ512|40BR022|40BR032|40BR042|40BR072|40BR082|40BR122|40BR222|40BR242|40BR322|40BR342|40BR372|40BR472|40IA301|40IN041|40IN051|40IN101|40IN132|40IN532|40IN662|40IN672|40K0051|40K0052|40KA393|40KA513|40KE011|40KN021|40KN151|40KN152|40KN633|40KT142|40MN111|40PC101|40PQ041|40RQ151|40RR072|40UN010|40UN020|40UN050|40UN070|40UN080|40UN110|40UN120|40UN130|40UN160|40WN081|40WN191|430R063|431A241|432N082|432N351|432N442|432N861|433A011|433A012|433A021|433A022|433D012|433N062|433N171|433N262|433Q051|435R021|90B2681
40511222,1,150,1,0,0,4030261|4040103|404D561|4064243|4064253|4065083|4069203|4069211|4069432|4069582|409A011|409A012|409A013|409A021|409A023|409A032|409D021|409Q072|409Q082|409Q502|409Q522|409Q702|409R181|409R481|409U053|409U163|409U313|409U403|409Z481|409Z491|409Z501|409Z511|40A8161|40B0291|40B0292|40B8932|40B9431|40B9561|40B9572|40B9651|40B9662|40BA011|40BA012|40BA021|40BA022|40BA051|40BA061|40BA062|40BA081|40BA082|40BA091|40BA092|40BA101|40BA102|40BA121|40BA122|40BA131|40BA132|40BA141|40BA142|40BA151|40BA152|40BA221|40BA222|40BC011|40BC021|40BC051|40BC061|40BC071|40BD012|40BD032|40BD052|40BQ021|40BQ031|40BQ051|40BQ141|40BQ171|40BQ311|40BQ321|40BQ331|40BQ341|40BQ371|40BQ381|40BQ391|40BQ401|40BQ421|40BQ512|40BR022|40BR032|40BR042|40BR072|40BR082|40BR122|40BR222|40BR242|40BR322|40BR342|40BR372|40BR472|40IA301|40IN041|40IN051|40IN101|40IN132|40IN532|40IN662|40IN672|40K0051|40K0052|40KA393|40KA513|40KE011|40KN021|40KN151|40KN152|40KN633|40KT142|40MN111|40PC101|40PQ041|40RQ151|40RR072|40UN010|40UN020|40UN050|40UN070|40UN080|40UN110|40UN120|40UN130|40UN160|40WN081|40WN191|430R063|431A241|432N082|432N351|432N442|432N861|433A011|433A012|433A021|433A022|433D012|433N062|433N171|433N262|433Q051|435R021|90B2681
40511225,1,150,1,0,0,4030261|4040103|404D561|4064243|4064253|4065083|4069203|4069211|4069432|4069582|409A011|409A012|409A013|409A021|409A023|409A032|409D021|409Q072|409Q082|409Q502|409Q522|409Q702|409R181|409R481|409U053|409U163|409U313|409U403|409Z481|409Z491|409Z501|409Z511|40A8161|40B0291|40B0292|40B8932|40B9431|40B9561|40B9572|40B9651|40B9662|40BA011|40BA021|40BA022|40BA051|40BA052|40BA061|40BA062|40BA081|40BA082|40BA091|40BA092|40BA101|40BA102|40BA121|40BA122|40BA131|40BA132|40BA141|40BA142|40BA151|40BA152|40BA221|40BA222|40BC011|40BC021|40BC051|40BC061|40BC071|40BD012|40BD032|40BD052|40BQ021|40BQ031|40BQ051|40BQ141|40BQ171|40BQ311|40BQ321|40BQ331|40BQ341|40BQ371|40BQ381|40BQ391|40BQ401|40BQ421|40BQ512|40BR022|40BR032|40BR042|40BR072|40BR082|40BR122|40BR222|40BR242|40BR322|40BR342|40BR372|40BR472|40IA301|40IN041|40IN051|40IN101|40IN132|40IN532|40IN662|40IN672|40K0051|40K0052|40KA393|40KA513|40KE011|40KN021|40KN151|40KN152|40KN633|40KT142|40MN111|40PC101|40PQ041|40RQ151|40RR072|40UN010|40UN020|40UN050|40UN070|40UN080|40UN110|40UN120|40UN130|40UN160|40WN081|40WN191|430R063|431A241|432N082|432N351|432N442|432N861|433A011|433A012|433A021|433A022|433D012|433N062|433N171|433N262|433Q051|435R021|90B2681
40511227,1,150,1,0,0,4030261|4040103|404D561|4064243|4064253|4065083|4069203|4069211|4069432|4069582|409A011|409A012|409A013|409A021|409A023|409A032|409D021|409Q072|409Q082|409Q502|409Q522|409Q702|409R181|409R481|409U053|409U163|409U313|409U403|409Z481|409Z491|409Z501|409Z511|40A8161|40B0291|40B0292|40B8932|40B9431|40B9561|40B9572|40B9651|40B9662|40BA011|40BA012|40BA021|40BA022|40BA051|40BA061|40BA062|40BA081|40BA082|40BA091|40BA092|40BA101|40BA102|40BA121|40BA122|40BA131|40BA132|40BA141|40BA142|40BA151|40BA152|40BA221|40BA222|40BC011|40BC021|40BC051|40BC061|40BC071|40BD012|40BD032|40BD052|40BQ021|40BQ031|40BQ051|40BQ141|40BQ171|40BQ311|40BQ321|40BQ331|40BQ341|40BQ371|40BQ381|40BQ391|40BQ401|40BQ421|40BQ512|40BR022|40BR032|40BR042|40BR072|40BR082|40BR122|40BR222|40BR242|40BR322|40BR342|40BR372|40BR472|40IA301|40IN041|40IN051|40IN101|40IN132|40IN532|40IN662|40IN672|40K0051|40K0052|40KA393|40KA513|40KE011|40KN021|40KN151|40KN152|40KN633|40KT142|40MN111|40PC101|40PQ041|40RQ151|40RR072|40UN010|40UN020|40UN050|40UN070|40UN080|40UN110|40UN120|40UN130|40UN160|40WN081|40WN191|430R063|431A241|432N082|432N351|432N442|432N861|433A011|433A012|433A021|433A022|433D012|433N062|433N171|433N262|433Q051|435R021|90B2681
40511229,1,150,1,0,0,4030261|4040103|404D561|4064243|4064253|4065083|4069203|4069211|4069432|4069582|409A011|409A012|409A013|409A021|409A023|409A032|409D021|409Q072|409Q082|409Q502|409Q522|409Q702|409R181|409R481|409U053|409U163|409U313|409U403|409Z481|409Z491|409Z501|409Z511|40A8161|40B0291|40B0292|40B8932|40B9431|40B9561|40B9572|40B9651|40B9662|40BA011|40BA012|40BA021|40BA022|40BA051|40BA061|40BA062|40BA081|40BA082|40BA091|40BA092|40BA101|40BA102|40BA121|40BA122|40BA131|40BA132|40BA141|40BA142|40BA151|40BA152|40BA221|40BA222|40BC011|40BC021|40BC051|40BC061|40BC071|40BD012|40BD032|40BD052|40BQ021|40BQ031|40BQ051|40BQ141|40BQ171|40BQ311|40BQ321|40BQ331|40BQ341|40BQ371|40BQ381|40BQ391|40BQ401|40BQ421|40BQ512|40BR022|40BR032|40BR042|40BR072|40BR082|40BR122|40BR222|40BR242|40BR322|40BR342|40BR372|40BR472|40IA301|40IN041|40IN051|40IN101|40IN132|40IN532|40IN662|40IN672|40K0051|40K0052|40KA393|40KA513|40KE011|40KN021|40KN151|40KN152|40KN633|40KT142|40MN111|40PC101|40PQ041|40RQ151|40RR072|40UN010|40UN020|40UN050|40UN070|40UN080|40UN110|40UN120|40UN130|40UN160|40WN081|40WN191|430R063|431A241|432N082|432N351|432N442|432N861|433A011|433A012|433A021|433A022|433D012|433N062|433N171|433N262|433Q051|435R021|90B2681
40511233,1,150,1,0,0,4030261|4040103|404D561|4064243|4064253|4065083|4069203|4069211|4069432|4069582|409A011|409A012|409A013|409A021|409A023|409A032|409D021|409Q072|409Q082|409Q502|409Q522|409Q702|409R181|409R481|409U053|409U163|409U313|409U403|409Z481|409Z491|409Z501|409Z511|40A8161|40B0291|40B0292|40B8932|40B9431|40B9561|40B9572|40B9651|40B9662|40BA011|40BA021|40BA022|40BA051|40BA052|40BA061|40BA062|40BA081|40BA082|40BA091|40BA092|40BA101|40BA102|40BA121|40BA122|40BA131|40BA132|40BA141|40BA142|40BA151|40BA152|40BA221|40BA222|40BC011|40BC021|40BC051|40BC061|40BC071|40BD012|40BD032|40BD052|40BQ021|40BQ031|40BQ051|40BQ141|40BQ171|40BQ311|40BQ321|40BQ331|40BQ341|40BQ371|40BQ381|40BQ391|40BQ401|40BQ421|40BQ512|40BR022|40BR032|40BR042|40BR072|40BR082|40BR122|40BR222|40BR242|40BR322|40BR342|40BR372|40BR472|40IA301|40IN041|40IN051|40IN101|40IN132|40IN532|40IN662|40IN672|40K0051|40K0052|40KA393|40KA513|40KE011|40KN021|40KN151|40KN152|40KN633|40KT142|40MN111|40PC101|40PQ041|40RQ151|40RR072|40UN010|40UN020|40UN050|40UN070|40UN080|40UN110|40UN120|40UN130|40UN160|40WN081|40WN191|430R063|431A241|432N082|432N351|432N442|432N861|433A011|433A012|433A021|433A022|433D012|433N062|433N171|433N262|433Q051|435R021|90B2681
40511234,1,150,1,0,0,4030261|4040103|404D561|4064243|4064253|4065083|4069203|4069211|4069432|4069582|409A011|409A012|409A013|409A021|409A023|409A032|409D021|409Q072|409Q082|409Q502|409Q522|409Q702|409R181|409R481|409U053|409U163|409U313|409U403|409Z481|409Z491|409Z501|409Z511|40A8161|40B0291|40B0292|40B8932|40B9431|40B9561|40B9572|40B9651|40B9662|40BA011|40BA021|40BA022|40BA051|40BA052|40BA061|40BA062|40BA081|40BA082|40BA091|40BA092|40BA101|40BA102|40BA121|40BA122|40BA131|40BA132|40BA141|40BA142|40BA151|40BA152|40BA221|40BA222|40BC011|40BC021|40BC051|40BC061|40BC071|40BD012|40BD032|40BD052|40BQ021|40BQ031|40BQ051|40BQ141|40BQ171|40BQ311|40BQ321|40BQ331|40BQ341|40BQ371|40BQ381|40BQ391|40BQ401|40BQ421|40BQ512|40BR022|40BR032|40BR042|40BR072|40BR082|40BR122|40BR222|40BR242|40BR322|40BR342|40BR372|40BR472|40IA301|40IN041|40IN051|40IN101|40IN132|40IN532|40IN662|40IN672|40K0051|40K0052|40KA393|40KA513|40KE011|40KN021|40KN151|40KN152|40KN633|40KT142|40MN111|40PC101|40PQ041|40RQ151|40RR072|40UN010|40UN020|40UN050|40UN070|40UN080|40UN110|40UN120|40UN130|40UN160|40WN081|40WN191|430R063|431A241|432N082|432N351|432N442|432N861|433A011|433A012|433A021|433A022|433D012|433N062|433N171|433N262|433Q051|435R021|90B2681
40511237,1,150,1,0,0,4030261|4040103|404D561|4064243|4064253|4065083|4069203|4069211|4069432|4069582|409A011|409A012|409A013|409A021|409A023|409A032|409D021|409Q072|409Q082|409Q502|409Q522|409Q702|409R181|409R481|409U053|409U163|409U313|409U403|409Z481|409Z491|409Z501|409Z511|40A8161|40B0291|40B0292|40B8932|40B9431|40B9561|40B9572|40B9651|40B9662|40BA011|40BA012|40BA021|40BA022|40BA051|40BA061|40BA062|40BA081|40BA082|40BA091|40BA092|40BA101|40BA102|40BA121|40BA122|40BA131|40BA132|40BA141|40BA142|40BA151|40BA152|40BA221|40BA222|40BC011|40BC021|40BC051|40BC061|40BC071|40BD012|40BD032|40BD052|40BQ021|40BQ031|40BQ051|40BQ141|40BQ171|40BQ311|40BQ321|40BQ331|40BQ341|40BQ371|40BQ381|40BQ391|40BQ401|40BQ421|40BQ512|40BR022|40BR032|40BR042|40BR072|40BR082|40BR122|40BR222|40BR242|40BR322|40BR342|40BR372|40BR472|40IA301|40IN041|40IN051|40IN101|40IN132|40IN532|40IN662|40IN672|40K0051|40K0052|40KA393|40KA513|40KE011|40KN021|40KN151|40KN152|40KN633|40KT142|40MN111|40PC101|40PQ041|40RQ151|40RR072|40UN010|40UN020|40UN050|40UN070|40UN080|40UN110|40UN120|40UN130|40UN160|40WN081|40WN191|430R063|431A241|432N082|432N351|432N442|432N861|433A011|433A012|433A021|433A022|433D012|433N062|433N171|433N262|433Q051|435R021|90B2681
40511238,1,150,1,0,0,4030261|4040103|404D561|4064243|4064253|4065083|4069203|4069211|4069432|4069582|409A011|409A012|409A013|409A021|409A023|409A032|409D021|409Q072|409Q082|409Q502|409Q522|409Q702|409R181|409R481|409U053|409U163|409U313|409U403|409Z481|409Z491|409Z501|409Z511|40A8161|40B0291|40B0292|40B8932|40B9431|40B9561|40B9572|40B9651|40B9662|40BA011|40BA021|40BA022|40BA051|40BA052|40BA061|40BA062|40BA081|40BA082|40BA091|40BA092|40BA101|40BA102|40BA121|40BA122|40BA131|40BA132|40BA141|40BA142|40BA151|40BA152|40BA221|40BA222|40BC011|40BC021|40BC051|40BC061|40BC071|40BD012|40BD032|40BD052|40BQ021|40BQ031|40BQ051|40BQ141|40BQ171|40BQ311|40BQ321|40BQ331|40BQ341|40BQ371|40BQ381|40BQ391|40BQ401|40BQ421|40BQ512|40BR022|40BR032|40BR042|40BR072|40BR082|40BR122|40BR222|40BR242|40BR322|40BR342|40BR372|40BR472|40IA301|40IN041|40IN051|40IN101|40IN132|40IN532|40IN662|40IN672|40K0051|40K0052|40KA393|40KA513|40KE011|40KN021|40KN151|40KN152|40KN633|40KT142|40MN111|40PC101|40PQ041|40RQ151|40RR072|40UN010|40UN020|40UN050|40UN070|40UN080|40UN110|40UN120|40UN130|40UN160|40WN081|40WN191|430R063|431A241|432N082|432N351|432N442|432N861|433A011|433A012|433A021|433A022|433D012|433N062|433N171|433N262|433Q051|435R021|90B2681
40511239,1,150,1,0,0,4030261|4040103|404D561|4064243|4064253|4065083|4069203|4069211|4069432|4069582|409A011|409A012|409A013|409A021|409A023|409A032|409D021|409Q072|409Q082|409Q502|409Q522|409Q702|409R181|409R481|409U053|409U163|409U313|409U403|409Z481|409Z491|409Z501|409Z511|40A8161|40B0291|40B8932|40B9431|40B9561|40B9572|40B9651|40B9662|40BA011|40BA012|40BA021|40BA022|40BA051|40BA052|40BA061|40BA062|40BA081|40BA082|40BA091|40BA092|40BA101|40BA102|40BA121|40BA122|40BA131|40BA132|40BA141|40BA142|40BA151|40BA152|40BA221|40BA222|40BC011|40BC021|40BC051|40BC061|40BC071|40BD012|40BD032|40BD052|40BQ021|40BQ031|40BQ051|40BQ141|40BQ171|40BQ311|40BQ321|40BQ331|40BQ341|40BQ371|40BQ381|40BQ391|40BQ401|40BQ421|40BQ512|40BR022|40BR032|40BR042|40BR072|40BR082|40BR122|40BR222|40BR242|40BR322|40BR342|40BR372|40BR472|40IA301|40IN041|40IN051|40IN101|40IN132|40IN532|40IN662|40IN672|40K0051|40K0052|40KA393|40KA513|40KE011|40KN021|40KN151|40KN152|40KN633|40KT142|40MN111|40PC101|40PQ041|40RQ151|40RR072|40UN010|40UN020|40UN050|40UN070|40UN080|40UN110|40UN120|40UN130|40UN160|40WN081|40WN191|430R063|431A241|432N082|432N351|432N442|432N861|433A011|433A012|433A021|433A022|433D012|433N062|433N171|433N262|433Q051|435R021|90B2681
40511242,1,150,1,0,0,4030261|4040103|404D561|4064243|4064253|4065083|4069203|4069211|4069432|4069582|409A011|409A012|409A013|409A021|409A023|409A032|409D021|409Q072|409Q082|409Q502|409Q522|409Q702|409R181|409R481|409U053|409U163|409U313|409U403|409Z481|409Z491|409Z501|409Z511|40A8161|40B0291|40B0292|40B8932|40B9431|40B9561|40B9572|40B9651|40B9662|40BA011|40BA021|40BA022|40BA051|40BA052|40BA061|40BA062|40BA081|40BA082|40BA091|40BA092|40BA101|40BA102|40BA121|40BA122|40BA131|40BA132|40BA141|40BA142|40BA151|40BA152|40BA221|40BA222|40BC011|40BC021|40BC051|40BC061|40BC071|40BD012|40BD032|40BD052|40BQ021|40BQ031|40BQ051|40BQ141|40BQ171|40BQ311|40BQ321|40BQ331|40BQ341|40BQ371|40BQ381|40BQ391|40BQ401|40BQ421|40BQ512|40BR022|40BR032|40BR042|40BR072|40BR082|40BR122|40BR222|40BR242|40BR322|40BR342|40BR372|40BR472|40IA301|40IN041|40IN051|40IN101|40IN132|40IN532|40IN662|40IN672|40K0051|40K0052|40KA393|40KA513|40KE011|40KN021|40KN151|40KN152|40KN633|40KT142|40MN111|40PC101|40PQ041|40RQ151|40RR072|40UN010|40UN020|40UN050|40UN070|40UN080|40UN110|40UN120|40UN130|40UN160|40WN081|40WN191|430R063|431A241|432N082|432N351|432N442|432N861|433A011|433A012|433A021|433A022|433D012|433N062|433N171|433N262|433Q051|435R021|90B2681
40511244,1,150,1,0,0,4030261|4040103|404D561|4064243|4064253|4065083|4069203|4069211|4069432|4069582|409A011|409A012|409A013|409A021|409A023|409A032|409D021|409Q072|409Q082|409Q502|409Q522|409Q702|409R181|409R481|409U053|409U163|409U313|409U403|409Z481|409Z491|409Z501|409Z511|40A8161|40B0291|40B0292|40B8932|40B9431|40B9561|40B9572|40B9651|40B9662|40BA011|40BA012|40BA021|40BA022|40BA051|40BA061|40BA062|40BA081|40BA082|40BA091|40BA092|40BA101|40BA102|40BA121|40BA122|40BA131|40BA132|40BA141|40BA142|40BA151|40BA152|40BA221|40BA222|40BC011|40BC021|40BC051|40BC061|40BC071|40BD012|40BD032|40BD052|40BQ021|40BQ031|40BQ051|40BQ141|40BQ171|40BQ311|40BQ321|40BQ331|40BQ341|40BQ371|40BQ381|40BQ391|40BQ401|40BQ421|40BQ512|40BR022|40BR032|40BR042|40BR072|40BR082|40BR122|40BR222|40BR242|40BR322|40BR342|40BR372|40BR472|40IA301|40IN041|40IN051|40IN101|40IN132|40IN532|40IN662|40IN672|40K0051|40K0052|40KA393|40KA513|40KE011|40KN021|40KN151|40KN152|40KN633|40KT142|40MN111|40PC101|40PQ041|40RQ151|40RR072|40UN010|40UN020|40UN050|40UN070|40UN080|40UN110|40UN120|40UN130|40UN160|40WN081|40WN191|430R063|431A241|432N082|432N351|432N442|432N861|433A011|433A012|433A021|433A022|433D012|433N062|433N171|433N262|433Q051|435R021|90B2681
40511247,1,150,1,0,0,4030261|4040103|404D561|4064243|4064253|4065083|4069203|4069211|4069432|4069582|409A011|409A012|409A013|409A021|409A023|409A032|409D021|409Q072|409Q082|409Q502|409Q522|409Q702|409R181|409R481|409U053|409U163|409U313|409U403|409Z481|409Z491|409Z501|409Z511|40A8161|40B0291|40B0292|40B8932|40B9431|40B9561|40B9572|40B9651|40B9662|40BA011|40BA021|40BA022|40BA051|40BA052|40BA061|40BA062|40BA081|40BA082|40BA091|40BA092|40BA101|40BA102|40BA121|40BA122|40BA131|40BA132|40BA141|40BA142|40BA151|40BA152|40BA221|40BA222|40BC011|40BC021|40BC051|40BC061|40BC071|40BD012|40BD032|40BD052|40BQ021|40BQ031|40BQ051|40BQ141|40BQ171|40BQ311|40BQ321|40BQ331|40BQ341|40BQ371|40BQ381|40BQ391|40BQ401|40BQ421|40BQ512|40BR022|40BR032|40BR042|40BR072|40BR082|40BR122|40BR222|40BR242|40BR322|40BR342|40BR372|40BR472|40IA301|40IN041|40IN051|40IN101|40IN132|40IN532|40IN662|40IN672|40K0051|40K0052|40KA393|40KA513|40KE011|40KN021|40KN151|40KN152|40KN633|40KT142|40MN111|40PC101|40PQ041|40RQ151|40RR072|40UN010|40UN020|40UN050|40UN070|40UN080|40UN110|40UN120|40UN130|40UN160|40WN081|40WN191|430R063|431A241|432N082|432N351|432N442|432N861|433A011|433A012|433A021|433A022|433D012|433N062|433N171|433N262|433Q051|435R021|90B2681
40511250,1,150,1,0,0,4030261|4040103|404D561|4064243|4064253|4065083|4069203|4069211|4069432|4069582|409A011|409A012|409A013|409A021|409A023|409A032|409D021|409Q072|409Q082|409Q502|409Q522|409Q702|409R181|409R481|409U053|409U163|409U313|409U403|409Z481|409Z491|409Z501|409Z511|40A8161|40B0291|40B0292|40B8932|40B9431|40B9561|40B9572|40B9651|40B9662|40BA011|40BA021|40BA022|40BA051|40BA052|40BA061|40BA062|40BA081|40BA082|40BA091|40BA092|40BA101|40BA102|40BA121|40BA122|40BA131|40BA132|40BA141|40BA142|40BA151|40BA152|40BA221|40BA222|40BC011|40BC021|40BC051|40BC061|40BC071|40BD012|40BD032|40BD052|40BQ021|40BQ031|40BQ051|40BQ141|40BQ171|40BQ311|40BQ321|40BQ331|40BQ341|40BQ371|40BQ381|40BQ391|40BQ401|40BQ421|40BQ512|40BR022|40BR032|40BR042|40BR072|40BR082|40BR122|40BR222|40BR242|40BR322|40BR342|40BR372|40BR472|40IA301|40IN041|40IN051|40IN101|40IN132|40IN532|40IN662|40IN672|40K0051|40K0052|40KA393|40KA513|40KE011|40KN021|40KN151|40KN152|40KN633|40KT142|40MN111|40PC101|40PQ041|40RQ151|40RR072|40UN010|40UN020|40UN050|40UN070|40UN080|40UN110|40UN120|40UN130|40UN160|40WN081|40WN191|430R063|431A241|432N082|432N351|432N442|432N861|433A011|433A012|433A021|433A022|433D012|433N062|433N171|433N262|433Q051|435R021|90B2681
40511251,1,150,1,0,0,4030261|4040103|404D561|4064243|4064253|4065083|4069203|4069211|4069432|4069582|409A011|409A012|409A013|409A021|409A023|409A032|409D021|409Q072|409Q082|409Q502|409Q522|409Q702|409R181|409R481|409U053|409U163|409U313|409U403|409Z481|409Z491|409Z501|409Z511|40A8161|40B0291|40B0292|40B8932|40B9431|40B9561|40B9572|40B9651|40B9662|40BA011|40BA012|40BA021|40BA022|40BA051|40BA061|40BA062|40BA081|40BA082|40BA091|40BA092|40BA101|40BA102|40BA121|40BA122|40BA131|40BA132|40BA141|40BA142|40BA151|40BA152|40BA221|40BA222|40BC011|40BC021|40BC051|40BC061|40BC071|40BD012|40BD032|40BD052|40BQ021|40BQ031|40BQ051|40BQ141|40BQ171|40BQ311|40BQ321|40BQ331|40BQ341|40BQ371|40BQ381|40BQ391|40BQ401|40BQ421|40BQ512|40BR022|40BR032|40BR042|40BR072|40BR082|40BR122|40BR222|40BR242|40BR322|40BR342|40BR372|40BR472|40IA301|40IN041|40IN051|40IN101|40IN132|40IN532|40IN662|40IN672|40K0051|40K0052|40KA393|40KA513|40KE011|40KN021|40KN151|40KN152|40KN633|40KT142|40MN111|40PC101|40PQ041|40RQ151|40RR072|40UN010|40UN020|40UN050|40UN070|40UN080|40UN110|40UN120|40UN130|40UN160|40WN081|40WN191|430R063|431A241|432N082|432N351|432N442|432N861|433A011|433A012|433A021|433A022|433D012|433N062|433N171|433N262|433Q051|435R021|90B2681
40511252,1,150,1,0,0,4030261|4040103|404D561|4064243|4064253|4065083|4069203|4069211|4069432|4069582|409A011|409A012|409A013|409A021|409A023|409A032|409D021|409Q072|409Q082|409Q502|409Q522|409Q702|409R181|409R481|409U053|409U163|409U313|409U403|409Z481|409Z491|409Z501|409Z511|40A8161|40B0291|40B0292|40B8932|40B9431|40B9561|40B9572|40B9651|40B9662|40BA011|40BA012|40BA021|40BA022|40BA051|40BA061|40BA062|40BA081|40BA082|40BA091|40BA092|40BA101|40BA102|40BA121|40BA122|40BA131|40BA132|40BA141|40BA142|40BA151|40BA152|40BA221|40BA222|40BC011|40BC021|40BC051|40BC061|40BC071|40BD012|40BD032|40BD052|40BQ021|40BQ031|40BQ051|40BQ141|40BQ171|40BQ311|40BQ321|40BQ331|40BQ341|40BQ371|40BQ381|40BQ391|40BQ401|40BQ421|40BQ512|40BR022|40BR032|40BR042|40BR072|40BR082|40BR122|40BR222|40BR242|40BR322|40BR342|40BR372|40BR472|40IA301|40IN041|40IN051|40IN101|40IN132|40IN532|40IN662|40IN672|40K0051|40K0052|40KA393|40KA513|40KE011|40KN021|40KN151|40KN152|40KN633|40KT142|40MN111|40PC101|40PQ041|40RQ151|40RR072|40UN010|40UN020|40UN050|40UN070|40UN080|40UN110|40UN120|40UN130|40UN160|40WN081|40WN191|430R063|431A241|432N082|432N351|432N442|432N861|433A011|433A012|433A021|433A022|433D012|433N062|433N171|433N262|433Q051|435R021|90B2681
40511253,1,150,1,0,0,4030261|4040103|404D561|4064243|4064253|4065083|4069203|4069211|4069432|4069582|409A011|409A012|409A013|409A021|409A023|409A032|409D021|409Q072|409Q082|409Q502|409Q522|409Q702|409R181|409R481|409U053|409U163|409U313|409U403|409Z481|409Z491|409Z501|409Z511|40A8161|40B0291|40B8932|40B9431|40B9561|40B9572|40B9651|40B9662|40BA011|40BA012|40BA021|40BA022|40BA051|40BA052|40BA061|40BA062|40BA081|40BA082|40BA091|40BA092|40BA101|40BA102|40BA121|40BA122|40BA131|40BA132|40BA141|40BA142|40BA151|40BA152|40BA221|40BA222|40BC011|40BC021|40BC051|40BC061|40BC071|40BD012|40BD032|40BD052|40BQ021|40BQ031|40BQ051|40BQ141|40BQ171|40BQ311|40BQ321|40BQ331|40BQ341|40BQ371|40BQ381|40BQ391|40BQ401|40BQ421|40BQ512|40BR022|40BR032|40BR042|40BR072|40BR082|40BR122|40BR222|40BR242|40BR322|40BR342|40BR372|40BR472|40IA301|40IN041|40IN051|40IN101|40IN132|40IN532|40IN662|40IN672|40K0051|40K0052|40KA393|40KA513|40KE011|40KN021|40KN151|40KN152|40KN633|40KT142|40MN111|40PC101|40PQ041|40RQ151|40RR072|40UN010|40UN020|40UN050|40UN070|40UN080|40UN110|40UN120|40UN130|40UN160|40WN081|40WN191|430R063|431A241|432N082|432N351|432N442|432N861|433A011|433A012|433A021|433A022|433D012|433N062|433N171|433N262|433Q051|435R021|90B2681
40511255,1,150,1,0,0,4030261|4040103|404D561|4064243|4064253|4065083|4069203|4069211|4069432|4069582|409A011|409A012|409A013|409A021|409A023|409A032|409D021|409Q072|409Q082|409Q502|409Q522|409Q702|409R181|409R481|409U053|409U163|409U313|409U403|409Z481|409Z491|409Z501|409Z511|40A8161|40B0291|40B0292|40B8932|40B9431|40B9561|40B9572|40B9651|40B9662|40BA011|40BA021|40BA022|40BA051|40BA052|40BA061|40BA062|40BA081|40BA082|40BA091|40BA092|40BA101|40BA102|40BA121|40BA122|40BA131|40BA132|40BA141|40BA142|40BA151|40BA152|40BA221|40BA222|40BC011|40BC021|40BC051|40BC061|40BC071|40BD012|40BD032|40BD052|40BQ021|40BQ031|40BQ051|40BQ141|40BQ171|40BQ311|40BQ321|40BQ331|40BQ341|40BQ371|40BQ381|40BQ391|40BQ401|40BQ421|40BQ512|40BR022|40BR032|40BR042|40BR072|40BR082|40BR122|40BR222|40BR242|40BR322|40BR342|40BR372|40BR472|40IA301|40IN041|40IN051|40IN101|40IN132|40IN532|40IN662|40IN672|40K0051|40K0052|40KA393|40KA513|40KE011|40KN021|40KN151|40KN152|40KN633|40KT142|40MN111|40PC101|40PQ041|40RQ151|40RR072|40UN010|40UN020|40UN050|40UN070|40UN080|40UN110|40UN120|40UN130|40UN160|40WN081|40WN191|430R063|431A241|432N082|432N351|432N442|432N861|433A011|433A012|433A021|433A022|433D012|433N062|433N171|433N262|433Q051|435R021|90B2681
40511260,1,150,1,0,0,4030261|4040103|404D561|4064243|4064253|4065083|4069203|4069211|4069432|4069582|409A011|409A012|409A013|409A021|409A023|409A032|409D021|409Q072|409Q082|409Q502|409Q522|409Q702|409R181|409R481|409U053|409U163|409U313|409U403|409Z481|409Z491|409Z501|409Z511|40A8161|40B0291|40B0292|40B8932|40B9431|40B9561|40B9572|40B9651|40B9662|40BA011|40BA021|40BA022|40BA051|40BA052|40BA061|40BA062|40BA081|40BA082|40BA091|40BA092|40BA101|40BA102|40BA121|40BA122|40BA131|40BA132|40BA141|40BA142|40BA151|40BA152|40BA221|40BA222|40BC011|40BC021|40BC051|40BC061|40BC071|40BD012|40BD032|40BD052|40BQ021|40BQ031|40BQ051|40BQ141|40BQ171|40BQ311|40BQ321|40BQ331|40BQ341|40BQ371|40BQ381|40BQ391|40BQ401|40BQ421|40BQ512|40BR022|40BR032|40BR042|40BR072|40BR082|40BR122|40BR222|40BR242|40BR322|40BR342|40BR372|40BR472|40IA301|40IN041|40IN051|40IN101|40IN132|40IN532|40IN662|40IN672|40K0051|40K0052|40KA393|40KA513|40KE011|40KN021|40KN151|40KN152|40KN633|40KT142|40MN111|40PC101|40PQ041|40RQ151|40RR072|40UN010|40UN020|40UN050|40UN070|40UN080|40UN110|40UN120|40UN130|40UN160|40WN081|40WN191|430R063|431A241|432N082|432N351|432N442|432N861|433A011|433A012|433A021|433A022|433D012|433N062|433N171|433N262|433Q051|435R021|90B2681
