Real_ID,0,1,2,3,4,5,6,7,8,9,10,11,12,13,14,15,16,17,18,19,20,21,22,23,24,25,26,27,28,29,30,31,32,33,34,35,36,37,38,39,40,41,42,43,44,45,46,47,48,49,50,51,52,53,54,55,56,57,58,59,60,61,62,63,64,65,66,67,68,69,70,71,72,73,74,75,76,77,78,79,80,81,82,83,84,85,86,87,88,89,90,91,92,93,94,95,96,97,98,99
40B0292,0.002151002,-0.008629969,-0.006179367,-0.001457133,0.0050268956,-0.007195558,-0.003357811,0.008635543,-0.0033230647,-0.0027989328,-0.0004532605,-0.0049425694,0.0016958334,0.0070509994,0.0020162626,-0.0020453718,-0.0029673714,0.0013859668,0.0060467822,-0.0019440074,0.0050703585,-0.0027238056,-0.0029756133,-0.00073981564,0.00097223534,-0.002852545,-0.0072948737,-0.0011214011,0.0030828156,-0.0032932675,0.008625709,8.244562e-05,0.002307522,0.002325354,0.0010359695,0.0012556565,0.0036529738,0.004929533,0.0019704476,-0.007822839,-0.0008275035,-0.0031335207,0.0015511613,0.0031122605,-0.0068144263,0.0035200603,0.0012832528,0.0012308904,0.0069600083,-0.0014356872,0.001979586,-0.0031927265,0.0024625165,-0.0051390384,0.0057930136,0.0041324967,0.0026019341,0.0038534813,0.0051669236,0.0028885128,-0.001985581,0.0018432376,0.004320428,0.0006752454,-0.0034685875,0.0077587506,0.0057842117,0.0042215465,0.0008244823,-0.0005055475,0.0011497091,-0.0027065896,0.007353008,0.0035102018,0.008447334,0.0004682782,-0.0030968569,0.004719351,-0.009366114,3.8545346e-05,-0.0014090294,0.0015071263,0.0019162176,0.00731139,0.00671875,0.0013970395,-0.0039713015,-0.0036095744,0.0009464213,-0.0042505665,-0.0010181786,0.0006670868,0.007275371,0.0078117857,0.0003124416,-0.001413426,-0.0009520033,-0.0059783594,-0.0012824129,0.0023608082
40BA012,-0.0027005181,0.0009968362,-0.0038025756,-0.000818995,-0.0015105994,-0.0036367725,0.0021139001,0.004673557,-0.0038507022,-0.0030092984,-0.00362149,-0.0011355021,-0.0028194436,-0.0019533231,0.00032558554,-0.0008665826,-0.0030512759,-0.0006262052,0.004291379,-0.0011694412,0.0012169045,-0.002677029,0.0025493267,0.0013754141,-0.0035881896,0.002270929,-0.0030229017,-0.0011638434,-0.0030542216,0.0023261337,0.00465698,-0.0011443987,-0.0006522251,-0.0007652971,0.0010384971,0.0008857322,9.80068e-06,0.0042026704,-7.328672e-05,0.00023069508,0.0030338075,0.0005152969,-0.0032803535,-0.0011221798,0.00056171964,-0.0022983036,-0.0009919095,-0.0004524293,0.0037533776,-0.0037550095,0.0010214855,0.0004267105,0.0051589883,-0.00020693344,0.0018710733,-0.0063462495,0.0014878542,-0.0032900546,-0.00093845965,-0.00029721725,0.00261501,-0.0006420865,0.004722516,-0.0017619493,-0.00045244745,0.00024999064,0.0018573159,-0.0032357245,-0.003918237,-0.0030334077,-0.003568483,0.0031056674,0.00017412701,-0.0022574104,0.0023699112,0.0022733447,-0.0013602262,0.0035898462,0.002166052,-0.0010801132,-0.00024102833,-0.00026002704,0.002134369,-0.0007040846,-0.0047162827,-0.005670785,-0.001696856,0.0033266842,-0.0005479328,-0.0012671187,0.0018831065,0.0041036624,-0.0025672552,-0.0033825475,0.006154926,-0.0045317956,-0.0032907613,-0.0013830654,0.0033954892,0.0010690328
40BA052,-0.004314555,-0.00078304793,-0.0023685666,0.00068060163,-6.4814274e-05,-0.0015991818,0.0018093474,0.0035098114,-0.0039793635,-0.002297052,-0.0008685223,-0.0015172836,-0.004663865,0.0020316099,-0.002458325,0.00046350248,0.0022008265,0.00080651,0.0014493557,-0.0046614786,-0.0007397238,-0.0023291525,0.00577413,0.0011915376,0.0012664691,-0.00034583412,-0.0021633694,0.00088768604,-0.0021847296,0.0014425837,0.007564868,0.00043664113,-3.4369506e-05,-0.0022294067,-0.00045856778,0.0026521727,0.0010090179,0.002025344,0.0018963236,0.0005429207,0.006191355,-0.0041961665,-0.0042152526,-0.0010838447,0.0010952029,0.0020108824,-0.00048470712,0.00042006024,0.0011279613,-0.00033404585,0.0034182444,-0.0028762266,0.0015211463,0.0037123144,-0.0032873154,-0.0027075764,0.00062076875,-0.004236884,-0.0022284559,-0.0031376616,0.0003379838,-8.775135e-05,0.004656768,-0.0025201146,-0.00095079653,0.0017524168,0.0015559347,-0.0017333708,-0.0021180357,-0.00044256225,-0.0013050416,0.0031303042,0.0007458726,0.0021692335,0.0020360502,-0.0011434865,-0.0023445548,0.0024602276,0.0033739829,-0.0003625894,-8.175122e-05,-0.0038558985,0.00094914064,-0.0016488932,-0.0013823295,-0.006176611,0.0010112571,-0.00044562994,-0.0016712487,-0.00024791987,0.00038059038,0.0023998122,-4.4730772e-05,-0.0015943393,0.0038558901,-0.0013648617,0.0018433451,-0.0012825723,0.00041436165,0.0020313489
40BA062,-0.0017428778,0.0023660096,-0.0005792223,-0.0026396683,0.0020200154,-0.000965616,0.003787245,0.0033570156,-0.0014681441,-0.0034064788,0.00064464554,-0.0028304476,-0.0057364292,1.1821464e-05,-0.0029754401,0.0002316744,0.003246275,0.00213844,0.0009448291,-0.0040356396,0.0006904207,-0.002033909,0.0067846784,0.0008897854,-0.0017801989,0.0014361001,-0.00033358607,-0.0014789039,-0.0001901066,0.0015790025,0.004036618,-0.00086496025,-0.00087457395,-0.005416954,0.00012660678,-9.492887e-05,0.0024540182,0.00266015,0.0014995638,0.0011158865,0.0068840897,-0.0055810744,-0.0022477708,0.0005851183,0.0022055518,0.0029644114,-0.00079068757,-0.001219682,0.00046822926,-0.0010396386,0.0035674938,-0.0034793303,0.0027198922,0.00040328587,-0.0046688835,-0.0025397944,0.0033436953,-0.00274445,-0.0031728626,-0.0021354319,-0.00063929136,-0.0029061413,0.0034034546,-0.0008966018,0.0008627465,0.0038959794,0.0021280798,-0.00047062786,-0.0023450973,-0.00022640936,-0.002907162,0.00044405553,0.0028613477,0.0038825073,0.0013503961,-0.001367186,-0.0009726031,0.0033793803,0.002313634,6.2223526e-06,-0.002272639,-0.0029801666,0.0018892733,-0.004889452,-0.00066849304,-0.004517021,0.004083029,0.00030880663,-0.003557813,-0.002787327,0.0035924725,0.001065444,0.00018688376,-0.0018276994,0.0022874542,-0.0011195148,0.0036462662,-0.0008101842,-0.0026834928,0.003212265
40BA022,-0.00012884103,0.0041458933,-0.0020132314,-0.0041392646,0.00057423033,-0.0030032068,0.004091797,0.0045207613,-0.001339483,-0.0041187257,-0.002108322,-0.0024486664,-0.0038920075,-0.003973112,-0.00019152947,-0.0010984107,-0.0020058274,0.0007057247,0.003786852,-0.0005436023,0.002647049,-0.0023817855,0.0035598744,0.0010736618,-0.0066348575,0.0040528635,-0.0011931183,-0.0035304339,-0.0010595989,0.0024625524,0.00112873,-0.0024460002,-0.0014924294,-0.0039528445,0.0016236715,-0.0018613695,0.0014548011,0.0048374766,-0.00047004642,0.0008036608,0.003726542,-0.0008696107,-0.0013128717,0.00054678303,0.0016720684,-0.0013447746,-0.00129789,-0.0020921715,0.0030936457,-0.004460602,0.0011707351,-0.00017639305,0.0063577346,-0.0035159618,0.0004895051,-0.0061784675,0.004210781,-0.0017976206,-0.0018828664,0.00070501247,0.0016377348,-0.0034604766,0.0034692027,-0.00013843633,0.0013610956,0.002393553,0.0024294609,-0.0019729815,-0.0041452986,-0.0028172552,-0.0051706037,0.00041941917,0.002289602,-0.0005441365,0.0016842572,0.0020496454,1.1725491e-05,0.004508999,0.0011057036,-0.0007113015,-0.002431916,0.0006157049,0.0030745016,-0.003944644,-0.0040024463,-0.0040111956,0.0013749159,0.004081121,-0.002434497,-0.0038065258,0.0050949887,0.002769294,-0.0023356404,-0.0036159076,0.0045864903,-0.0042864485,-0.0014878408,-0.0009106773,0.0002976348,0.0022499491
40BD012,-0.0038860093,0.007993817,0.0035493737,0.0011279325,0.0071964096,-0.0015717605,0.009426611,-0.00069532066,-0.0054353657,-0.00026347348,-0.00035763427,-0.0059404774,0.009539528,-0.0030707335,0.00866623,-0.0044121374,-0.002101336,-0.0016138658,7.249019e-05,-0.0060470067,0.004243228,0.0021888283,0.0016805371,-0.0061433623,5.484023e-05,-0.00057306094,-0.0028464065,-0.008357,0.0008491671,-0.0043530944,0.002345751,-0.0010437706,-0.0010271766,0.0032798992,0.0024824177,0.0065797134,-0.00580068,0.0072804354,0.004624136,-0.0064616874,0.0030832654,-0.0028147441,0.0035632658,0.0020883968,0.00013316714,-0.0034196114,-0.001796687,0.0003950895,-0.0013191616,-0.0011151896,0.0036927338,0.005115107,0.0043498017,-0.0043886537,0.006975606,-0.0013806543,0.003503868,0.0016207543,0.002658244,-0.0015697323,-0.006077394,-0.005126429,0.00093649514,0.000161868,-0.0014700701,0.00019604358,-0.0015775173,0.0045826873,-0.000735261,-0.0024179851,-0.0035029429,-0.0031097936,0.004870577,0.008449658,-3.5729958e-05,0.00018748338,0.00058742636,-0.00067017763,-0.001332398,0.0032945285,-0.0029078675,0.0010147071,0.0059251827,-0.0004892585,0.0071542086,0.003279284,0.0052190647,-0.0022593867,0.0038798354,0.002759308,0.0020456696,0.002377768,0.004736884,-0.002583711,0.008395147,0.0077974675,0.00014479202,0.0025947809,0.0047753593,-0.006293618
40BA082,-0.005225171,0.00051376905,-0.0039608427,0.0033779405,-0.00548837,-0.00085429073,-0.003206918,0.0021777898,-5.1836792e-05,-0.00071859494,-0.0011594594,0.0036871172,-0.0023730916,-0.0020659552,0.0028332125,0.0012712266,0.004296699,-0.0011234834,-0.002359199,-0.0071666627,0.0022176995,0.0008111654,0.0017355587,-0.0007728576,0.002866083,0.00038583716,-0.0030231148,-0.0035815395,-0.0030942156,-0.00066047657,0.0014504966,0.0030269325,0.0043998943,-0.001308841,-0.0009440232,0.00092453044,-0.0009789333,0.001305902,0.0011266952,-0.0002294338,-0.005410781,-9.569662e-05,0.00030926274,0.00038760738,-0.00061289803,0.00040990068,-0.0065392703,0.0010563614,0.0013893129,-0.0003863345,-0.005005037,0.0017318848,-0.004136476,0.003168604,0.005526049,-0.00072976947,0.0033539503,-0.0055678543,-0.0009666037,0.0035525,0.0031723047,0.0024286467,0.0018055277,-0.0018950338,0.002738662,-0.0025053045,0.00020031894,0.0024962032,-0.0010359812,-0.0016803388,-0.0008606667,0.0045134583,-0.0029637206,-0.0026530249,0.0032854353,0.0025212755,0.0012410973,0.00033247937,-0.0012586776,-0.0070101446,0.0030366888,0.0008663182,0.0024843607,0.004317034,3.236734e-06,0.005286845,0.004136832,0.003840138,0.0010946846,-0.0017194574,0.0005799721,0.005743249,0.0030846496,0.0014060783,2.1367488e-05,0.0031991296,-0.00076859904,-0.0054825437,0.0008096017,0.008485158
40BQ031,0.0017274534,-0.004600523,-0.0026669328,0.0027262913,-0.0015515153,-0.0019228064,0.0046225656,0.007506943,-0.0014961157,0.0017072103,-0.0051094713,0.002203866,0.0005635172,-0.00091585517,-0.0013027325,-0.0025665394,0.0010270643,0.0016805906,0.0011580925,0.0031740796,0.0059922854,-0.0055273925,0.0012085164,0.0006282592,0.0023016764,-0.00309137,0.0030299684,0.0006815984,0.0033289548,-0.0010435572,-0.0016215922,-0.00084172125,-0.0005576807,0.0015629063,0.005400544,-0.0031202834,-0.0028925904,-0.0010166446,0.003795091,0.0016160259,0.0012993584,0.0019389712,0.00025390787,0.0024745876,-0.00024997405,0.0030331777,-0.00022092306,-0.0028641755,0.00784041,-0.0030443817,0.0043592337,-0.007824139,-0.0042887116,0.0006508772,0.0008807983,0.0023524654,-0.004042169,-0.00052972644,0.00155658,0.00299335,-0.0013076247,0.004258647,-0.000787215,0.00095292553,-0.0023375219,0.0031749245,-0.0021863861,0.0052688275,-0.0015301066,0.0029030668,0.0041827736,-0.00056720624,0.0019871802,-0.003301095,0.0074786725,-0.0042014397,-0.0011745789,-0.0018111853,-0.008588105,0.00039615468,-0.0077838153,-0.0004233236,-0.0032318078,0.0009661722,5.159527e-07,-0.00012641978,-0.0021025117,0.0021069534,0.0020878136,-0.0015112492,0.003141256,-0.0016064573,0.0044008237,0.0059680617,0.0033047525,-0.0016771803,0.00055876136,-0.0005249045,-0.00064270064,0.0021890586
40IN051,0.00093925814,-0.0042326855,-0.0024280562,-0.00058491033,-0.0031699564,0.00055802264,0.0013462948,-0.0030262542,0.004434413,0.002217741,-0.00088776264,-0.004656409,-3.19283e-05,0.008523901,-0.0071116043,0.0022236912,0.0021015415,0.0011994045,0.00044582004,-0.0002474906,0.00466936,-0.0016716514,0.0005917023,0.00200239,0.0013938353,0.0007323064,0.0029230588,-0.00025032065,-0.0021776147,0.00065853907,0.007020092,0.000978045,0.004831904,-0.002820809,-0.0036371613,0.0033111789,0.0037834202,-0.00071247166,-0.006563517,-0.0042642015,-0.0050446526,-0.0023232829,-0.0051567666,0.00074094115,0.003554598,0.005434994,-0.00017083494,-0.0043141977,0.0007008332,-8.0092344e-05,-5.9490558e-05,-0.00021601784,0.0018143875,0.002752281,0.00035116356,-9.973656e-05,-0.003243718,-0.003275523,-0.005170867,0.004120647,0.0064262277,-0.00080017146,-0.00037397735,0.0028748899,-0.0035364176,0.0019717528,-0.0065275733,-0.002357808,0.005342605,-0.0010365621,0.0003394493,-0.0007535735,0.003255019,0.0008027144,0.00046259305,-0.0005718459,-0.0027733077,-0.0031034676,-5.2380725e-05,-0.0019557355,-0.0005331434,0.00028900173,-0.0014242027,0.0012673623,-0.002777391,-0.002160045,-0.0015187894,-0.0020190745,-0.001516072,-0.0040403735,0.0049818596,0.0024375059,0.0020163911,0.0015529814,-0.002195638,-0.00059342803,-0.0021943843,-0.0035665662,0.0023943838,0.0020178673
40BC011,0.0029952617,-0.001999618,0.0012698038,-0.0009521231,0.0003447088,0.0032668735,0.0031087934,0.003995039,-0.0022849182,-0.0006416792,-0.0029988524,-0.00026167464,-0.004879707,0.0024221414,-0.0043562227,0.0066551715,-0.0028138056,0.0008806585,-0.0049590603,-0.0037510912,0.0048759705,0.0021386018,-0.0027162652,1.3657846e-05,-0.00025816818,0.0024929552,0.007093126,-0.009698156,-0.0021623464,0.0025319417,-0.0012153651,-0.005943955,-0.001165345,-0.0011073248,0.0023843276,0.007229749,0.0043800073,-0.00643413,-0.009099286,-0.0059852195,-0.0033350482,-0.00698922,-0.0030008552,0.0020815209,0.003114114,-0.0010183433,-0.008131776,-0.006309298,0.0009705834,-0.0019091978,-0.0010346203,-0.0070027886,0.0028045855,0.004368158,0.0042493255,0.0040970272,-0.0060199085,-0.00079771737,-0.0044406494,-0.0048003197,0.006093407,0.0034966664,0.0041972795,0.0024664393,0.000808078,0.00019740767,-0.004924178,0.006141331,0.0010339322,0.0028958237,0.0067186505,0.0013439085,-0.0034726097,8.353381e-06,-0.0010065497,-0.0026368252,-0.0004913509,0.0013458931,0.00228625,-0.0032785826,0.002040463,-0.003449473,-0.008233601,-0.0010341515,-0.0021612,0.0033294943,1.7841812e-05,-0.0047871377,0.0020451262,-0.005277532,-0.00014751893,-0.0017861584,0.0022820774,0.0039413525,-0.0064764707,0.0064123226,-0.0003986135,-0.004156041,-0.00231119,-0.002548971
40BQ051,-0.0013757013,0.0021827354,0.003988296,0.005523274,0.0063147484,-0.006170053,0.004624413,0.005250164,0.0009581346,-0.0031093534,-0.00083347433,-0.0078471815,-0.008000235,0.0039312267,0.0041951737,0.007828731,-0.003096062,0.003276753,0.0002862277,7.573457e-06,-0.0030078485,0.003252817,0.0026720848,-0.005041553,0.0017625453,-0.0010085223,-0.0048426692,-0.0006604788,-0.003535428,-0.0004482904,0.006234594,-0.002139571,0.0018471353,0.0026228882,0.0010129486,-0.00065864064,0.0010604701,0.0028195519,0.007524701,0.0007687017,0.0035489334,-0.0013153773,-0.00044423933,0.0003640668,0.0014878912,0.006135307,-0.0018298599,-0.00064316945,0.0015225926,0.0027218217,0.0012892658,-0.0021925631,0.0026147545,0.0056443494,-0.0021961269,0.0056627654,0.0026715565,-0.0027035878,0.0047760936,0.0024058777,-0.0031619882,0.006667517,-0.003404621,-0.0066744704,0.0010283565,-0.0019794921,0.0012255156,-0.00053503877,0.00014571333,0.0060587605,-0.00018859422,-0.0064822133,0.0024536948,0.0034626375,-0.0015357059,-0.00086788833,-0.00041958256,-0.00070502143,-0.0003197609,-0.0022483438,0.000558195,0.0040418007,0.0029595366,-0.000872608,0.0005492441,0.0013981713,0.0009810567,-0.0020004914,-8.925842e-05,-0.0049523055,-0.0015517808,-0.001310024,0.00014078198,0.0022602985,-0.0031492617,0.0007448727,-0.000476227,-0.00018777496,-0.0032977283,-0.0010043819
40BA102,-0.0048230356,0.00030334518,0.003751223,0.0080647515,-0.0014611824,-0.0028086677,-0.0008882961,-0.0015383544,-0.00091563613,-0.002076207,0.0012611448,0.0008196598,-0.0006029831,0.00427708,-0.0013695309,-0.0024943498,0.006160572,0.0023495967,-0.0038359817,-0.0006270189,0.00104784,-0.0014274702,-7.015094e-05,-0.0050225058,0.0015105116,0.0017478646,-0.0041257744,-0.00045056533,0.00073981757,0.005991425,0.007944918,-0.005876044,9.297083e-06,-0.0031590334,9.084586e-06,-0.00033425554,-0.0018661786,-0.0014317768,0.0032152543,0.002813415,0.0013046964,-0.000520442,-0.0006245046,0.0008090425,-0.0068552312,-0.00033109076,0.0042773015,-0.00234284,-0.00068088836,-0.001671724,0.006594082,-0.0026939462,-0.0034199527,0.00072612375,-0.0042989566,-0.002474589,0.0031895286,0.0034820351,-0.00284251,0.00026439363,-0.0055784453,0.00648753,-0.0060722954,0.0008649055,0.004161322,0.0041430937,0.0067039845,0.0009362027,0.0010073845,0.0025430266,-0.0011953887,-0.0016641676,0.0027315256,-0.0024927377,0.0019882359,-0.0033197233,-0.0032210464,0.0002888293,0.002903837,-0.00042952425,-0.007828801,-0.0033791468,0.0011054525,0.0013001276,0.0009618487,-0.003118186,-0.0016300977,-0.0062861308,-0.0025501007,0.003348209,0.0040780916,0.00014719433,-0.0019556629,-0.0005973529,-0.0050449786,-3.632197e-05,-0.001742585,0.00074396253,-0.002004611,0.0010196767
435R021,-0.0016996418,0.003657913,-0.0003560142,0.0046040867,0.0015208445,-0.005390936,0.0025142038,-0.00024047494,-0.0073828255,0.0046650954,-0.0007365796,0.0011878038,-0.00087619695,0.0028299952,0.0005678477,0.003452923,0.00379885,0.0012864516,-0.0035993296,0.0035842292,0.0014662296,-0.003684011,-0.0069588586,0.0012561834,-0.005983043,-0.00058114115,0.00113921,-0.0025318493,-0.005726104,-0.00024158235,0.00032155853,-0.005068717,0.0011827071,0.0005837769,0.0069280886,0.0034380127,-0.00062198675,0.004952341,-0.000523315,-0.0018170518,0.0020830827,-0.0010639676,0.0041155084,0.0035516454,0.0043674167,-0.0010004259,-0.0031963855,4.888823e-06,-0.0017169431,0.0025556856,-0.00252627,-0.0014145755,0.0026642976,0.004783247,0.0006158189,-0.0038834326,-0.004646355,-0.003304994,-0.0015065437,0.0046211095,0.0014829887,-0.0010271125,0.0074592293,-0.005033798,-0.0021712387,-0.00032687618,0.0035287153,0.005492052,0.002727899,0.0022831599,-0.0033982082,-0.0013239844,0.0010185327,-0.0024454948,0.0010598163,0.0024894404,-0.0029091605,-0.002284781,0.0019218413,0.0043948335,0.0020433597,-0.0018666046,-0.005674558,0.004665725,0.0037391698,0.00049565296,-0.0006869912,0.0047064223,-0.00023654678,-0.0005423816,-0.00052380504,0.0020474817,-0.0012591061,0.006665788,0.008053628,0.0018419254,0.0049846005,-0.0061132237,0.0023483264,-0.00012673019
40KE011,-0.00493574,-0.00051385816,-0.0022870025,-0.0019857422,-0.00025037443,0.00051795895,-0.0016095039,0.0040177107,-0.00094048167,0.00024111274,-0.0041778632,-0.0001580484,-0.002330005,-0.00016765979,-0.00037880256,-0.0044032685,0.00012566941,-0.0010035165,0.00026507745,-0.0043130894,-0.003460831,-0.0003701533,0.0009687124,0.0037188204,0.0019098582,0.000746604,-0.00041260387,0.0021569335,-0.001327783,0.0026416043,0.0017301008,-0.0023260333,-0.0006519444,-0.0019911667,-0.002044259,0.0005339093,-0.00079456344,0.0025098666,-0.00012990406,0.00014492632,0.0029881988,0.0003565882,-0.0037866973,0.0015930459,-0.0008573336,-0.0006597869,0.0022675877,0.00014235829,0.0006609578,0.0013754293,0.0043798466,-0.00024480117,0.00086534116,-0.00031439657,-0.00354569,-0.005126566,-0.0013559096,-0.0027212638,-0.0015139572,-0.0006923497,0.0013538202,-0.0010647606,0.0055358657,-0.001271414,-0.0026883387,0.0026144814,0.004081327,0.00038088547,-0.0060098693,0.0021169444,0.002279064,0.0062016933,0.0028850744,-0.000986372,0.00097040535,0.0011454929,-0.0008160814,0.00083452393,0.001584908,-0.0023571812,-8.916715e-05,-0.0032130664,8.145635e-05,0.001388068,-0.0022548074,-0.003646207,-0.0012653427,-0.0014030812,-0.00061654183,0.00039003347,-0.0013740907,0.0022893327,0.0032493265,-0.0016126692,0.007087736,-0.0014599282,0.00025191865,0.0020800976,0.0034038294,0.00051343767
404D561,-0.0034267933,0.005365428,0.00403653,-0.0006259382,0.00759321,-0.00614124,0.0050979145,0.0045543555,-0.0034731333,-0.005466763,-0.0024363757,-0.0072965715,0.001900147,0.0022620559,0.0055539496,-0.0012294336,0.004485647,0.0031177795,0.0018615988,-0.0048548514,0.0049221837,-0.0048140706,0.0012045591,-0.0077846283,0.0016891931,-0.00025921199,-0.004087121,-0.0015591439,-0.0005405906,0.0030773124,0.0041590664,-0.00031543348,-0.0040931297,-0.004473209,0.004489951,0.0057268525,-0.0014547831,0.00664136,0.007403307,0.0026628752,0.008227661,-0.00813274,-0.0009510452,0.0025112487,-0.00089051866,0.0013580094,0.0008593926,-0.002466467,0.0015844447,0.0017035224,0.0076352702,0.00022880407,0.0043477872,-0.00024968537,0.004353774,0.0038904021,0.0069561023,0.0045699608,-0.000708742,0.005708037,-0.006909238,-0.0012845648,-0.00608291,-0.0015902824,0.0050374013,0.003161406,0.004528513,-0.0013102139,0.0077548916,-0.0005468419,-0.0007523133,-0.008090311,0.0045992215,0.007993916,0.0034016077,-0.00013872795,0.00046450924,0.0020628588,0.00596893,0.0025348915,-0.0071715643,0.006582545,0.0049516084,-0.004233433,0.004824716,0.001489126,0.0048570815,-0.0034985286,0.006324445,-0.001781855,0.0051357658,0.0010521398,0.0043767337,-0.0057284227,0.0020877565,0.0049449466,0.0016244247,-0.0021619943,-0.002912114,-0.0012402292
40BR042,-0.0014586285,0.0043784683,-0.0028326656,0.0057286,-0.003358869,-0.0011063043,0.0020991606,0.0060066655,-0.004380775,0.0008628332,0.0027386723,-0.0002877028,0.0038186386,-0.00035535241,-0.0002108689,-0.0022884847,0.004070769,-0.0013367732,-0.0047335555,-0.0020899295,0.0032635399,0.0018402542,0.007286917,0.0009268298,0.00065022346,0.002385609,-8.474954e-05,0.0021128268,-0.002521495,0.0011708863,-0.0026626238,-0.0044040857,0.0022953441,-0.0055643865,0.001303176,0.0012117286,0.001560183,-0.0027923877,-0.002316617,-0.0016638614,-0.0030518917,-0.00036907557,-0.0009844945,0.0018893576,0.0026039388,0.004767205,-0.0042901593,0.00017262762,-0.0005710219,0.00017444533,0.0011689882,-0.00018191815,-0.004666133,-0.0034538722,0.0043677273,-0.0010582816,0.0013027255,-0.00013635308,-0.0015626661,0.0015077863,0.001158002,-0.0015290146,-0.0016983858,-0.0029985295,9.520291e-05,0.0009821795,0.00063058233,0.006042468,-0.0016621305,0.00065030693,0.0028283335,-0.001957327,0.00013176704,0.0028725232,-0.001696152,-0.0010846308,0.0014287254,-0.0031925067,-0.0038347573,-0.0007200141,-0.0013476138,0.003122027,0.0023752963,-0.00016570766,-0.0017844129,-0.0031527127,0.0018491917,-0.0036371818,-0.0044059497,-0.003351424,0.0002179826,-0.0014733305,0.0017948213,0.001503156,0.0083168205,7.41228e-05,0.00093441014,-0.0034548752,-0.0021038144,-0.003862305
40BA132,0.0024444538,0.005413428,0.00045982856,-0.002350826,-0.0038355365,-0.0060745343,-0.0044281133,0.0012752642,-0.0043764394,-0.0045639607,0.0027179958,0.0016813433,-0.00090190646,-0.004333358,0.0064533404,0.0020629135,0.0023205362,-0.0017474791,-0.00033505182,-0.0076565607,-0.000375506,-0.0028338276,0.005477847,-0.0019388873,-0.0028696924,0.0016001171,-0.005759835,-0.0012461834,0.003982115,0.003569251,0.00018200798,-0.000391147,0.0057930625,0.0010323738,0.004376971,0.000552868,-0.0019604645,0.002410401,-0.004378625,-0.0030046522,-0.004149363,-0.0020594976,0.00012245386,0.0064166137,-0.0037224975,-0.005625361,0.0010566037,-0.00063442247,-0.0012892812,0.0021949706,-0.0008912222,-0.0019402532,-0.0026398338,0.0028747192,-0.0017373044,0.0008427492,0.000103625935,0.00092021795,0.00082825514,0.002912122,-0.00067014404,0.0013651204,0.0027312196,0.0027042024,-0.002690905,0.0036575014,0.002579414,0.0018140958,7.924383e-05,-0.0007440082,-0.0007147934,0.004725233,-0.0030271988,0.005655496,0.004352205,0.008450084,-0.00066543854,0.0016411679,-0.0006917522,-0.0007356273,0.0018403088,0.00439617,0.0027367927,0.0038097582,0.00011174815,0.0027695422,-0.0008795637,0.0015018765,0.004751502,0.0012214994,0.0069175772,0.0018540226,-0.0029438634,0.0027532594,-0.0014084635,-0.0033918733,0.0034418886,-0.003878596,-0.0024757085,-0.00016041256
40BA122,-0.0040801372,-0.0036411604,0.0043593748,0.008541874,-0.008625469,0.00041322294,0.0028416412,0.0043700864,-0.006505805,0.002285732,0.007969853,0.002394025,-0.005614007,0.0030141664,-0.0027743198,0.003531927,-0.0007131146,-0.0012434381,-0.0036674305,-0.0038957596,0.002472947,0.0071583064,0.0051381006,-0.0023283768,0.007139397,0.0016267648,-0.0050639478,0.0015972338,-0.004611917,-0.003264312,-0.0038098588,0.002884173,0.00016216747,-0.0056118174,-0.00085334113,-0.0018978026,0.0010389809,-0.0035384619,-0.003968828,-0.004702718,-0.006508259,-0.0023492158,-0.001895024,0.0026088962,-0.0039510266,-0.005002009,-0.005307016,0.00443672,0.002791944,0.005431444,-0.0017016164,0.002291415,-0.0010000507,-0.00039783304,0.00012839539,-0.0069062794,0.0052135624,-0.0018176931,-0.003150518,0.00033531385,-0.0056385314,-0.001391347,-0.006818028,-0.007997384,0.00016820576,0.0009555777,0.0013859465,0.0074356906,-0.004192519,-0.0016196894,0.0021021308,0.0041206833,-0.003763275,-0.004519807,0.0035175984,0.0050782277,0.0007404373,0.0028120594,-0.0016899433,-0.0039227786,-0.0028551952,0.0011647536,0.0072949203,0.008312854,-0.005575933,0.0059027746,0.004388052,0.0014178264,-0.0058764946,0.006348505,0.0028338595,0.0034179445,-0.0012613452,0.0049284995,0.0036637015,0.0054138624,-0.006322543,-0.0078118388,0.005097422,-0.0012011102
40BQ331,-0.002202126,0.001552805,-0.00074461853,-0.00012844951,0.0021084624,-0.001552159,0.00017006285,0.0037897553,-0.0032981182,-0.00313258,-0.0012195089,-0.0009504881,-0.001445217,0.0012653087,0.0011571503,-0.001112638,-0.0009972946,0.0007790329,-0.00013591768,-0.0039993064,0.0010552546,-0.002734746,0.0015420964,0.00063150417,1.2284743e-05,-0.0028902069,-0.0020532843,-0.00046788488,-0.0013736669,0.0013612013,0.0027775546,-0.002653359,-0.0004474977,-0.0033492043,0.0017718694,0.0041195927,-0.00066541415,0.006383701,0.0042869383,0.0011485837,0.0052582617,-0.004605733,-0.0035099953,0.003276794,0.00077082816,-0.0033413467,-6.872269e-05,0.00024231487,0.0019039372,0.0019595542,0.004673579,0.00032836138,0.0027883109,0.002024172,-0.0010427249,0.00021436664,0.0029291213,-0.0012860058,-0.0007841474,-0.0018020972,-6.420837e-05,0.001918395,0.0016846397,-0.0021265966,-0.0019721207,0.0027870047,0.0023597996,0.00011001727,0.0021721532,-0.0009800257,-9.47187e-05,-0.0006821753,0.00015042153,0.0023568498,0.0020313868,0.001286818,-0.0017630275,0.0037282077,0.004444592,0.00076680724,-0.0029908328,-0.00024288114,0.0008912818,-0.001417535,-0.0004760312,-0.00038403366,0.0004061378,8.534552e-05,0.0009698527,0.0016117936,0.00010707562,0.0015571231,0.0018154857,-0.0016967274,0.005636619,0.00030552462,-0.0003477884,-0.0014092869,-0.0014864334,-0.0009970396
40BC021,0.0022908032,-0.0027882932,-0.000212405,0.0027479958,0.0018894533,0.0008126326,0.0024051017,0.0022382445,-0.00052789896,-0.0005773286,-0.0006983705,-0.004251117,-0.0012172658,0.008572556,-0.004988374,0.0057495055,0.004184375,0.00276229,-0.00045107555,-0.0053356,0.0052339965,-7.822807e-05,0.0066253114,0.0013222401,0.0031167828,0.0018987664,-0.00044391025,-0.0023829874,-0.000997873,0.0015970039,0.0072873724,0.0011602965,0.0025508888,-0.0048318896,-0.0013306458,0.0028643217,0.0021588285,-0.0017087131,-0.0029615546,-0.003065689,0.0014739367,-0.0026943649,-0.0009912602,-0.0023369535,0.0027009954,0.005987,-0.0038528848,-0.0057967342,0.0015947969,0.0030194172,-0.0018136876,-0.0064516105,-0.0037314766,0.0022213585,-0.0010188754,-0.0006431313,-0.00042068912,-0.0028145956,-0.0053354134,0.0017184013,6.571482e-05,-0.0013480866,0.00046440098,0.0011870797,-0.0020777457,0.0021841498,-0.0039483123,-0.0020666767,0.0037710262,0.003623373,0.0011050955,-0.0005658518,0.0023178956,0.0035782643,0.0017243207,-0.008093122,0.0009907465,-0.000599999,0.00067872816,0.000335217,-0.0005390636,-0.0046563707,-0.0049599395,-0.0013755744,-0.0041487506,-0.0033542598,0.001989736,-0.0050796606,-0.0030156835,-0.0036056833,0.0010673206,0.0022853694,0.0003470512,-0.0015383766,-0.0034701899,0.001489453,-0.00090815686,-0.005150893,-0.00282442,0.005589104
40BQ321,-0.0006680221,0.0004612757,-0.0020266168,-0.0020321994,0.00025620553,-0.001961305,0.00395308,0.0041331467,-0.0024517945,-0.0014871241,0.002098862,-0.0015786464,-0.0055096187,0.0016239322,-0.0037693363,-0.00045427983,0.00302971,0.00050880626,-0.00085738295,-0.0028888972,0.001943106,-0.0025461114,0.004936554,0.0013962919,-0.0013703204,-0.00022605636,0.0008155766,-0.0017600986,0.000436925,0.0018400747,0.004847099,0.0007367309,0.00048734585,-0.005897963,0.00030435194,-0.00023540117,0.002192351,0.003704767,0.0020452528,-0.00056180253,0.0073714065,-0.004797693,-0.001805913,0.001312426,0.00080403447,0.002404307,-0.0004331326,0.00015960715,0.0011079864,-0.001191657,0.0015636734,-0.0035460184,0.003729765,-0.0012461938,-0.0022489824,-0.0021425595,0.0025961658,-0.00068700867,-0.001051267,-0.0004013169,0.00096839207,-0.0040865764,0.0040886705,-0.0023065142,-0.00056831556,0.0017753723,0.0021317757,0.0008043858,-0.0030068567,-0.0006423386,-0.0028145846,-0.00037361015,0.0021669266,0.004043693,0.001747595,-0.0016823051,-0.0014270948,0.0024304772,0.0013903194,0.0006651121,-0.00027156257,-0.0011723529,0.00031366773,-0.0051486203,-0.0020812566,-0.0047562504,0.0040112636,-0.00074093713,-0.002680604,-0.0008432695,0.0035502613,0.0010933088,0.0016435321,-0.00044996408,0.0016695264,-0.0019697726,0.0028635014,0.0005353125,-0.0009865324,0.002007476
409Q502,0.0005401409,0.0032883126,0.00064068893,0.00060330046,0.0014461494,-0.0032483137,-0.0020765648,-0.0013033015,0.0023422611,0.0014452817,-0.0012437348,-0.0016845344,-0.00054098514,0.0048783347,0.0020234445,-0.002085292,-0.00027633258,-0.004223693,-0.0053906604,0.0020774717,0.0011855165,-0.00017146766,0.0047205626,-0.0027099655,-0.0026622086,-0.0023141445,-0.007868997,-0.00037231878,-0.0015975322,-0.005222364,0.0019982157,0.0015891395,-0.002612656,-0.0019990595,-0.0028542525,-0.0057477863,-0.002426221,0.0046209544,-0.0022227557,-0.002094187,-0.003644069,0.0014795912,-0.0043129288,-0.0039823814,9.0253074e-05,0.0038000473,-0.0009148307,0.0020476582,-0.001846564,0.0064602136,0.0014902338,-0.004848095,-0.0017350056,-0.004881753,0.0049464474,-0.00046600387,-0.0003561635,-0.0014248881,-0.0027600245,-0.00037160344,0.00016848743,-0.0030788928,0.0036710445,-0.00027235932,0.0039512585,-0.0021442494,-0.0016104355,0.0023948331,0.00057713443,0.0026626836,-0.00093653216,-0.0024097809,0.0014098656,-0.0013718199,-0.0049577095,0.0008561965,-0.002933623,-0.0049461564,-0.00031855318,-0.0045061484,0.0013019504,-0.00047202097,-0.0023324883,0.00095873885,0.002741533,-0.0042947307,0.003212758,-0.0009776003,0.00017716642,0.0023793548,0.0044868095,-0.0033176597,-0.0040452243,-0.002774166,0.00084003946,0.0064777597,-0.0017645773,0.0042578867,-0.006613674,-0.005656142
40UN120,-0.0010959348,0.0023318867,-0.0026110478,0.0026642669,0.0028559202,0.0013296846,0.0003904577,0.002875721,-0.0067963353,0.003973643,-0.0017277878,-0.0007015882,0.0030406935,-0.00093397597,0.0004570574,-0.003559813,0.0024233314,-0.0032665872,-0.0015806844,-0.0052981437,0.00047441758,-0.0020833032,0.003297885,-0.005442636,-0.00023792451,-0.0065903575,-0.0016239957,0.0014288014,-0.0036196352,-0.00020226704,0.0006939037,-0.0007137591,0.00017614174,-0.0009442461,-0.0026354482,0.0013893448,-0.0017697773,-0.0010781233,-0.0013469075,-0.004271066,-0.0036530243,0.0011030501,-0.0024493753,0.0026446478,-0.00070944283,0.0010661845,0.0018276883,-0.0012646805,-0.00012724179,0.0034037654,0.0009087273,-0.0005085087,-0.0009668872,0.0015166082,-4.9775932e-05,-0.002666115,0.0016637273,0.00096267415,-0.0061638528,-0.0013805316,0.0007125012,-0.0010624869,-0.00075923715,-0.0023507855,-0.001428479,0.004293063,0.0022894358,0.0006930455,-0.004055396,0.0007645259,0.00030406844,0.0040624817,0.0020383059,-0.00073128263,0.00026044936,-0.0015400787,0.0043230895,0.00043356107,-0.0016006891,-0.00066837086,-0.0017606923,0.0015579216,-0.0037777934,7.5368844e-05,-0.0009164333,-0.002668174,6.6337874e-05,0.0007653494,0.0035904108,0.0034409119,0.0017881539,0.0008195262,-0.0015357243,0.0011001346,0.004507179,0.0010912371,-0.0015287307,0.00071813026,0.0036996752,-0.0018856976
40IN132,0.0014019128,-0.0032759067,-0.0017387317,0.002580625,-0.00043210853,-0.004037682,0.004038536,0.0047369637,-0.004524056,0.00011538031,0.0049327216,-0.0007614742,-0.0035534047,0.008734275,-0.0031218305,0.0008416474,0.0060127894,0.0021867326,-0.004066451,-0.002242356,0.0039401264,-0.003967255,0.0045026704,-0.0016045574,0.0029737449,-0.0010787374,-9.0262074e-05,-0.0012727365,0.0006674468,0.0026223038,0.0085091805,0.0044331118,0.0020343054,-0.0036957313,-0.0003726896,0.0012522051,0.00029475414,0.0020899477,0.002770979,-0.0029156592,0.00832384,-0.0045724106,-0.00015220481,-0.00088235404,-0.0019312812,0.0057422915,-0.00017830839,-0.0014979644,0.00052191113,-0.0009285238,-0.0002825527,-0.0074181166,-1.0487682e-05,-0.0010570249,0.0002266859,-0.00027257018,0.0018506288,0.0025152725,0.0005512348,0.0025383958,8.3153755e-05,-0.0037800248,0.0032045592,-0.004313802,-0.0025219691,0.00092833163,0.0013127726,-0.0010940334,-0.0020665734,-0.00014663053,-0.0026571199,-0.002215498,0.00048028227,0.005414177,0.0033215089,-0.0058175377,-0.002074222,0.00047422588,-0.0003777171,0.002344488,0.002151316,0.0018013952,-0.0031791467,-0.0033958035,-0.0032141434,-0.004714278,0.0044109942,-0.0069726906,-0.0006890588,0.0013229321,0.0005926022,7.800645e-05,0.0025307904,-0.00060837547,-0.0015699907,-0.0009134479,0.004187913,-0.0003217437,-0.0012126412,0.0020479995
40IN672,-0.0012308419,0.0030627288,0.0011804346,-0.00069102336,0.00035134447,0.00026903301,0.0022072855,0.002646761,-0.0011469403,-0.0017477889,0.0012781209,-0.0015962844,-0.0032011773,7.728363e-05,-0.0034854626,-0.00086214294,0.003779214,0.0009042672,0.00031146585,-0.0026899257,0.00019596342,-0.0026993996,0.0052698613,0.000940385,-0.001117926,0.0022117784,-0.0011506992,-0.00072431983,0.0010468668,0.0016844203,0.004263895,-0.0015311739,0.00029872547,-0.0057857074,0.000686445,-0.0016242554,0.0016105758,0.00070386735,0.0009837415,3.147432e-05,0.0050803726,-0.0044621024,-0.0014059702,0.00023193641,0.00048028235,0.001486375,-0.0005286657,-0.0016748902,-0.0011787331,-0.000994363,0.0040824064,-0.001905966,0.0006150513,0.0008554607,-0.004891443,-0.0036474671,0.002817424,-0.0023485885,-0.0038082916,-0.002824001,-0.00093721127,-0.0012410973,0.0015805849,0.00053495803,0.0006363198,0.003433122,0.0033551685,0.00039584734,-0.0025527943,0.0004372484,-0.0018398574,0.0014295405,0.0023978467,0.0024961808,0.0013497995,-0.002043993,-0.00057383615,0.0036406787,0.0027862408,0.001543471,-0.003147864,-0.0033768846,0.0026511804,-0.0038454423,-0.0016616596,-0.0036187086,0.0038505166,-0.0001586674,-0.003787812,-0.001487899,0.004604446,-0.00033408243,0.00013904623,-0.0019503763,0.00085136696,-0.0011629903,0.0021630023,0.00082862895,-0.0032019855,0.003293487
40IN041,0.0004809436,0.0033236207,0.00071444246,-0.00069823023,-0.008772423,0.00017437036,-0.0006303933,0.0039573247,-0.0052013276,-0.00316079,0.0012833881,0.00027145748,0.003378753,-0.0033527291,-0.0023718132,0.0049612173,0.0019884468,-0.0062045646,0.0012418531,0.00017683301,-0.006225083,0.00087276567,0.008361184,-0.0066322903,-0.001364033,0.0042729443,-0.005104913,-0.0010255408,0.005598641,0.0031007368,-0.0020993773,0.0018722198,0.006243836,0.00010923389,0.004231211,-0.0022260698,-0.0013459938,-0.003807509,0.0017626896,-0.0043545193,0.0014331461,-0.0031298639,-0.0036914165,0.0059598377,-0.007006415,-0.0052739317,-0.0056311465,-3.660441e-05,-0.0042681056,-0.0020625417,-0.0014369938,0.0030320324,-0.002626548,-0.0033062887,0.0035531376,0.0005069746,-0.0011972506,-0.00041374285,0.00830065,0.0046933955,0.00039431266,0.002090524,0.004403238,0.003479345,-0.0095696505,-0.0015613243,-0.00920701,-0.001054249,0.00019912946,-0.00197318,-0.0025158194,0.0020593507,0.0031303049,0.007275223,0.0052999137,0.007914927,0.006812404,-0.004698738,-0.00039230636,0.006644395,0.0052055027,0.007606198,0.00802291,0.006769496,-0.007028362,0.003964335,-0.0027922003,0.0024793956,0.001505883,0.0022291834,0.006503716,0.00047282103,-0.004119398,0.0017361016,-0.0016890514,-0.0019281579,0.0027560287,-0.0059150774,-0.0014870208,-0.007987991
40BR072,-0.00018140193,-0.00031117606,-0.003383594,0.00035427336,-0.0002483097,-0.0034959773,-0.0043042456,-0.0005900367,-0.0029400685,0.001248185,0.0005276561,-0.0019592785,0.000866342,-0.0020515914,-0.0027573153,-0.0006448481,0.006449584,-0.0017291601,0.002868828,-0.007389401,0.005244212,0.0003536353,0.003192467,0.003732858,0.0005458037,-0.0017823956,0.00048799475,0.0021011156,0.0017308088,0.0009619087,0.0010119976,0.0012518123,-0.0014573191,-0.0025273333,0.004787906,-0.0015424781,-0.001522454,-0.0010970301,0.0014307065,0.000775747,-0.0037395265,-0.0041345237,0.0033115635,0.0025447875,0.0028181663,0.0014004973,-0.001685017,0.0028103855,0.0044589136,0.0024555267,-0.0042588376,0.0035045762,-0.00034547824,0.0009431143,-1.8545543e-05,0.0030058064,0.0017150345,0.0017797098,-0.00025980448,0.0019569735,0.0010638527,0.003378686,0.00045671675,0.004914352,0.0014600808,-0.0015229576,0.0021201381,0.00493439,0.002674728,-0.0022424492,-0.0019271248,-0.003397321,-0.001470624,-0.0014973979,0.0004659542,0.0020149034,0.00071327284,0.0024716188,-0.0035741138,-0.0005379435,-0.0011452583,0.00045730697,-0.0006610417,0.003143324,0.00071244565,0.00074998906,0.0013489875,0.0007374579,0.0001985929,-0.0037545974,-0.00089984166,0.00070789095,0.0011153523,0.0030922333,0.0014872053,0.0014843745,0.0045614215,-0.0040740035,-0.0016779596,0.004658414
4069211,0.0038048595,-0.0020711329,0.007008599,0.008617606,-0.006863245,-0.0035256676,0.005429502,0.0026481824,-0.005356257,-0.0052210605,0.003317364,-0.0009882643,-3.11716e-05,0.0020927656,-0.002526817,0.0003392868,0.0039251805,0.00041270102,-0.0073534157,-0.009432777,0.0037197252,0.005869722,0.0041565388,-0.0041558435,-0.00081875664,0.0015660812,-0.002404892,0.0059987297,-0.0071290075,0.0022911786,-0.0069554998,0.0011343998,0.0043145763,-0.0070970957,-0.0028553877,-0.0014260331,0.0013338542,-0.0036135237,-0.0038154619,-0.0011094953,-0.00026103156,0.0012882616,-0.004874094,-0.00044864428,0.004363804,-0.0030722986,-0.0072982255,0.0032989432,0.0071173627,0.005087849,-0.008377632,0.0014840557,0.002647757,-0.0033498616,0.0015764274,0.0024649345,-0.0021755407,-0.0014566403,-0.0014984745,0.008085127,0.0033913488,-0.0012798692,-0.003991789,0.0005773823,0.00023832143,0.0044491254,-0.0051292907,0.0075297914,-0.002096255,-0.0018941306,0.004174253,0.003962129,0.0016864149,-0.0057334946,0.00017398829,0.0014203114,0.00789601,-0.0028631222,-5.298108e-05,-0.008294458,-0.0038536591,0.0012785337,-0.0017241689,0.00501242,-0.0020806892,-0.00022174901,0.0055869534,0.0025422499,0.0027336394,0.002431308,0.0018826012,-0.0018309831,-0.0023850496,0.0032395134,0.003922413,0.002188029,-0.005333094,-0.0058481866,0.0025217254,0.0011038331
431A241,0.0037170455,0.004119057,-0.00019933633,0.0005116882,-0.0006171898,-0.0055777775,0.0012533423,0.008214046,0.00013043801,-4.1772844e-05,0.0030273553,0.0034976322,0.0019660874,0.00681768,0.0020742302,-0.0037905262,0.00201162,-0.00040316812,-0.001012916,8.9323614e-05,0.006302854,0.004584155,0.006686592,0.0032650204,0.0032063622,-0.0058903336,-0.0016073717,0.00741209,-0.0063394336,-0.0014441477,-0.0012647719,-0.003966954,0.008938173,-0.0029767826,-2.1798885e-05,0.0033079728,0.004793045,-0.0025516811,-0.0047433055,0.0024669806,-0.009730699,0.0067515597,-0.0018333397,-0.0022351532,-0.0039033082,0.004566189,-0.0045437943,0.007436157,0.0010193984,0.0022271813,-0.003947534,-0.0017931473,-0.0054154033,-0.004314918,0.00691997,-0.0019962897,0.0018484618,-0.0008241134,-0.0028316753,0.0010519887,0.00068699534,-0.0028285761,-0.0017470764,0.0008487799,-0.0012826782,0.004410672,0.001833802,0.0009814306,-0.0040613925,0.0055711707,0.003726002,0.003959823,-0.00020563186,-0.007066959,0.0040238546,-0.0012838946,0.00581389,-0.0026236707,-0.0017757235,-0.002334555,-0.0040302076,0.00026126823,-0.0017276437,0.004403925,-0.0018657971,0.00212823,0.0036351355,-0.0022882684,-0.00038051617,0.0028995378,0.0037958296,-0.001309081,-0.0008097155,-0.0025745283,7.88779e-05,-0.0015426087,-0.0033836449,-0.001583749,-0.0024024076,-0.001602316
40BC051,-0.0018292564,-0.003163373,0.0047029443,0.006423503,-0.0011756192,-0.0018157088,0.0044515957,-0.00170217,-0.0042609833,-0.0018110042,-0.0020775846,-0.0015186253,-0.0056164055,0.0043075085,-0.00071094226,0.001885897,0.0040489705,0.0035486254,-0.0017338397,0.0012974874,0.0012591042,-0.0015659416,0.0030015684,-0.0054564993,0.001457056,-0.00055469025,-0.0030771638,0.0022655234,0.0026325663,1.16376905e-05,0.006799225,-0.0020631012,0.00021010713,0.001670426,-0.0024771686,-0.0008576689,0.0037135733,-0.00043898658,0.0009609513,-0.0017358051,0.005983011,-0.0033044796,0.00059787487,0.00038396678,0.0008977503,0.0008003474,0.00069904386,-0.0024031566,0.0015570092,-0.0039865244,0.0043245493,-0.004654648,-0.00187823,-0.0011232474,-0.0016060686,-0.0014713577,0.004109475,-0.00034371123,-0.0028183,0.0016196105,-0.003863166,-0.0032250416,0.003691256,-0.00457413,-0.00038916653,0.0019677158,-0.0013250896,-0.0039846553,-0.0025223356,-0.0025004686,0.0007536602,0.0005582017,-0.0024576914,0.0042626103,0.002044611,-0.005911544,-0.0017031463,0.00071915356,-0.002456008,0.0005494347,-0.00029612612,0.0033491757,-0.00067639106,0.0017026903,0.0027087596,-0.0025283517,0.0033625404,-0.005853287,-0.0020117126,-0.0023617856,-0.0029637606,0.0010211483,0.001243045,-0.005573405,0.0021467246,0.0016835128,0.001662329,-0.003236467,0.0010355278,0.0060134567
40BA141,-0.0030572796,0.004910709,6.2496285e-05,0.004067051,0.0058375383,-0.0015257396,0.0023104625,0.0018732486,0.0040404145,-0.002481896,0.0043137167,-0.0036236793,0.00080606376,0.0019716914,0.0021277762,-0.0017333223,0.0043812557,-0.0001390538,-0.005781944,0.0034715976,-0.00084941206,0.0013350064,0.002556495,0.0031675897,-0.0018739621,-0.0013565436,-0.0009628035,0.0014182234,-0.0031657666,-9.460631e-05,0.0046096747,-0.006202507,-0.0033491957,-0.0026830486,-0.00054120173,0.0014477608,0.004393005,0.004856186,0.0023376364,0.0038905272,0.0014971732,-0.0015807315,-0.005188092,-2.8876631e-05,-0.0008805419,0.0010354382,-0.0013454737,-0.0016941328,0.0011933879,0.0024917438,0.004086511,-0.0065202825,-0.00096781884,-0.0037025893,-0.0018824363,0.004323148,0.0059636636,0.003628613,-0.0013720535,0.0012240901,-0.003955736,0.0018923186,0.003291564,-0.0043370253,-0.0015030863,0.0012621187,-0.0012731032,-0.00027152954,0.0023819595,-0.0029488544,0.0023567157,-0.0020217807,0.00096181454,0.0020561218,-0.00035714853,-0.002745802,-0.0047977315,0.0015057595,-0.0017658395,-0.002583177,-0.006356332,0.0023408853,0.0034018485,-0.0013938886,0.00023145045,-0.00088192977,0.0019043193,-0.0018882887,0.0013400646,-0.0013677141,-0.0027872904,0.0005096247,0.0012779192,-0.0028605084,0.004347769,0.0011947225,0.004793656,-0.0018115542,-0.0073720943,-0.0018979092
40UN110,-0.0010623678,0.003678814,-0.00053356774,0.0012060252,0.0013510229,0.0017093213,-0.00063981675,0.0033941183,-0.00061089575,-0.0014684501,0.0006621789,0.0014869424,0.0022323227,-0.004471723,-0.0014848083,-0.0015290026,0.004124948,0.0014725064,-0.0024425434,-0.00081697496,-0.0041141226,-0.0012256822,-0.0029341932,-0.0005380207,-0.00022575259,2.652593e-06,-0.0005786171,0.0011188564,0.00034431546,-0.0009529131,0.0009713004,0.00025531967,-0.0059100506,-0.0031162878,-0.0027866592,0.0026857026,0.0021883382,-0.0013214728,-0.00088369707,-0.0028158738,-0.0005168869,0.00028017187,0.00070108596,-0.0006187217,0.003941453,-0.0020950213,0.0006976148,-0.0052642897,-0.00093457906,-0.0006427471,0.00029508478,-0.0026996788,-0.008559966,-0.002573048,-0.0043692375,-0.0016043549,-0.0011819542,-0.000946225,0.0007154235,-0.0005614041,0.0035092584,0.0013508595,0.006990017,-0.0011825168,-0.0026962315,0.0025489754,-0.00031824046,0.0016959846,-0.002589378,-0.0016588196,0.0015453018,0.00089967885,0.0015080814,0.0028862841,0.0022676683,-0.0012555437,-0.0023293947,0.0022346214,-0.0038251195,0.0017443576,0.0043336833,-0.0015714467,-0.0028205605,0.0014455194,-0.00048191883,-0.0014686817,0.0025578518,0.0012202259,0.0014655198,-0.0024856464,-0.004951966,0.0020533164,0.005628194,-0.0018495716,0.006091134,-0.0012208621,-0.00022399565,0.0029433437,-0.0009347567,-0.0042533395
40BR372,-0.007526812,0.002988721,0.003551935,0.0017257833,-0.00010908191,-0.0045064082,0.0048791687,0.0041844877,2.75801e-05,-0.007890909,0.0027076607,0.00087799015,0.0004092208,-0.0018585847,0.0005599634,0.0032023503,0.0047440995,0.0015266155,-0.004057173,0.0010399076,-0.0031670684,0.0007015711,0.0006210883,0.00035967887,6.42098e-05,0.00012574485,0.00013623247,0.00028697835,-0.0006086567,-0.0016933375,0.0032173763,0.0012903058,-0.0037162541,0.00048239587,0.0016746236,0.0028777046,0.005396481,-0.0038207495,0.0035727853,0.0032169917,0.002405842,-0.0019174579,-0.00010262814,-0.0040457216,0.00483923,9.303307e-05,0.0054306528,-0.0035834142,0.002103362,-0.00136186,0.0030833369,-0.00089098193,-0.0039803553,-0.0020660115,-0.0011893912,0.0035256157,0.0036519123,0.0038452344,0.0042498317,0.0025662608,0.0016737466,0.0027974052,0.0027251416,-0.002055176,-0.00030038017,0.00047525606,-0.0026232128,-0.00030773878,0.002726346,0.0016138762,0.001464315,-0.0027408064,0.0033785412,0.0057357205,0.0020541344,-0.0016759923,-0.004293057,0.0005387678,-0.00036235576,-0.000265059,0.00078572147,0.00095472834,0.0004264253,0.0030491622,0.00084681384,-0.0027752062,0.0020198147,-0.001733304,0.0004086712,-0.0034005092,-0.0012844016,-0.0009143867,0.001440648,-0.00046447758,0.0050249756,-0.00068837986,0.003752799,-0.002485296,-0.0039205914,-0.0037774062
40BD032,-0.00032143213,-0.004256088,-0.00040505733,-0.003597858,0.00046593335,-0.00040889299,-0.0004350281,0.0040416038,0.002632075,-0.0055832565,0.00024330732,-0.002816372,0.004973087,0.00049655954,-0.0038144416,0.005668889,0.0025742408,-0.0026231355,0.005078233,-0.000188787,-0.005054849,-0.008441665,0.0015140084,-0.0037893467,0.0038199674,-0.0062095104,0.0038817627,0.00026459468,0.004803708,-0.0048848144,-0.0062277056,0.007710947,0.00825968,0.0038965235,0.00016521437,-0.0006926963,0.0032415623,-0.0084878765,-0.0038941056,-0.0002518337,-0.004574317,0.0076743825,-0.0053660027,0.0054170294,0.0018931848,-0.0028864585,-0.003622111,0.0077622305,-0.0073668817,0.0027815595,0.0037979824,0.00044150077,0.0015170851,0.004346066,0.003268969,0.0045740264,0.0051230146,-0.005912943,0.0027816189,0.00253607,-0.007766622,0.0009125273,0.002813018,-0.0015147671,-0.009056747,0.0029653516,-0.001449974,-0.00062188855,0.004097013,-0.006007532,0.003365549,-0.0014245135,0.0021219193,0.0039833523,-0.0034478179,-0.009543325,-0.0016157662,0.0003768555,-0.0047260523,0.0031773604,-0.0028019603,0.004314465,0.0059737894,0.0010186519,0.004270125,0.0089122895,0.0041989675,0.0062500513,0.0063507687,-0.0010328328,-0.00096860295,0.007283697,-0.007158705,0.0035139122,0.0024650563,0.00661085,-0.00012517767,-0.0023002457,-0.00037549992,0.003970669
40UN050,-0.0020705604,0.0024441062,-0.00010764692,0.00015052821,0.0010187535,-0.0024420274,-0.0017421413,0.001805312,-0.002454519,0.0004707811,0.0009608087,-0.00039849165,0.004325106,-0.0022006293,0.0056550927,-0.0019292199,0.0027594473,-0.0029067628,-0.004475882,-0.0016456157,-0.00020534622,-0.0019314149,0.003073211,-0.0029637606,-0.002402845,-0.0006600075,-0.000104366954,0.004792048,0.0020164747,0.00072829257,0.0014418213,-0.003973221,-0.005500214,-0.004189991,-6.193978e-05,0.0015651927,0.0022926528,0.00027275784,-0.0023280198,0.0014608785,-0.0013162185,0.00030655976,0.0004301955,-8.15799e-05,0.00018284116,0.00019262421,0.0032986188,0.0015163432,-0.00045589264,-0.0012708252,0.0015304097,-0.00066706777,0.0003470128,-0.00030904947,-0.0072790193,0.00032568653,-0.0006447334,0.0019162671,0.00069672806,0.00048802685,-0.00075649424,-0.00023140963,0.0027679384,0.0026468437,-0.0017334796,0.0009597915,0.0022593315,0.0038010532,-0.0013490933,-6.4001265e-06,-0.0021142631,0.0023267732,0.0011317778,-0.00092212897,0.0029123977,0.002304152,0.0022287231,0.0044844975,-0.002174862,0.0005702192,-0.00234568,0.002031063,-0.0022560926,-0.00075401476,0.00068274146,-0.003553252,-0.0031045415,0.0013315422,0.0014399445,-0.0014307122,-0.0022243727,-0.0012026364,0.0004933511,-0.0024977156,0.003310724,-0.00050414476,0.004023244,-0.0016535824,0.0016276898,0.0017877097
409Z481,-0.0011035987,-0.0006151613,0.0015668221,0.003746063,-0.0052869925,0.0006244503,0.0040038587,0.0012264567,-0.0027914927,-0.00066371914,-0.0007825043,0.0021328123,0.0020365785,0.0024137641,-0.0004774828,0.0009770627,0.0065809777,-0.0052483813,-0.00097180856,-0.0059363935,0.0056645256,0.0024027464,0.002968103,-0.0044044433,-0.0053038676,0.0005088427,-0.0026810484,0.0010271525,0.00066897506,0.0035341652,0.0006196458,-0.001048609,0.0015444669,-0.0017111716,-0.0039759,0.0014418539,-0.00032427302,-0.0011063602,-0.003075024,-0.00039556954,0.0019732993,0.0043984624,9.821961e-05,-0.0014763656,-8.3540595e-05,-0.0030766064,-0.0019479718,-0.0014248183,0.004046797,0.0032353252,-0.0028734943,0.0011675583,-0.0022362191,0.0011105908,0.00086841115,0.004253598,0.003773202,0.00055630354,5.256047e-05,-0.0012070911,-0.0015759337,-0.0037065123,-0.0016705389,-0.0011882057,-0.0022334466,0.0038122083,0.00038630184,-0.0023904848,-0.0025373346,0.0025212127,-4.890561e-05,0.0018476063,-0.0013506003,-0.005225283,0.0012747666,-0.0028407625,0.0067907646,0.002528479,-0.0026167412,-0.0005667056,-0.0025334142,0.002031286,0.001737434,0.0053333016,3.6071986e-05,-0.0015817302,-0.0016221058,0.0022804015,-0.0030554808,0.0017496092,0.003281099,-0.002871877,-0.0030653032,-0.0017933494,-0.0027471548,-0.0015403251,-0.0009316517,0.0012285395,0.003191686,0.006983007
40UN080,-0.0055183605,-0.001080392,0.0032400966,-0.0056077647,0.006661708,-0.0026744318,0.0022346557,-0.0017132078,-0.0040225675,0.00083870796,-0.0028484247,0.0024259316,0.0042818375,-0.0029491133,0.0052800174,-0.00332996,0.005980577,-0.000116071045,-0.00751928,-0.0017361309,-0.00060875295,-0.00064973073,-0.0012647614,0.0020008602,0.00054059626,-0.0040106983,0.0027818996,0.00017391208,-0.0025887322,0.0005862736,0.005295735,-0.0025543626,-0.0031921102,-0.0021300549,-0.0015019272,0.0012671555,-0.0014077876,0.0017520301,0.00028300236,-0.0014798949,-0.0031574673,-0.0018649828,-0.0053754966,0.006236429,-5.715604e-05,0.0069410023,-0.00012694187,0.00036395286,0.0010501078,-0.0007070275,-0.0017506002,-0.0008803867,-0.003942075,-0.001549032,-0.00611566,-0.00220924,0.0017104478,0.0011276562,-0.0022047034,0.001412219,0.0008943781,0.00057428743,0.005658148,-0.00037613674,-0.0042853453,0.0043744105,0.0033049602,-0.0008946398,-0.0050988565,0.0009889432,0.00039632586,0.002272342,-0.0017563376,-0.0033968296,-0.000481623,0.0058769374,0.0032559687,0.001955611,-0.0030111165,-0.00030917767,-0.0017393507,-0.00054652523,-0.0018753508,0.0048783836,-0.0034793168,-0.0010461207,-0.0047135786,-0.0013926569,0.0045773685,0.00022455934,0.0013628476,-0.002328353,0.0008001975,-0.00046155462,-0.00025830916,0.0042314706,0.0043401006,-0.00014187618,0.0006032209,-0.0022676042
40IN662,-0.003373906,0.00043851408,-0.00031068557,0.0020758682,-0.0013860135,-0.0002589385,0.0005590378,0.0027740907,-0.003239623,-0.00082326634,1.7147822e-05,-0.00050198095,-0.0023073743,0.0017604408,-0.0030545334,-0.0006689529,0.0029080075,-0.00020567451,0.00073190476,-0.003211458,-0.0009958236,-0.002945436,0.004427738,0.0011918453,0.0014209641,0.00072683324,-0.0026755186,0.0012478385,-0.000615319,0.001570738,0.007204103,-0.00044650605,0.0009988957,-0.0031294182,0.00019879949,0.00066499575,0.00040640883,0.00017486245,0.0013143746,-0.00044599708,0.0045030937,-0.0033080128,-0.0030455384,-0.001158866,-0.00044500837,0.0006917674,-0.00027368203,-0.0003084384,-0.0006289564,-0.00040636896,0.003958032,-0.0014033796,-0.0003839036,0.0036129847,-0.0037401363,-0.0037872856,0.0005483185,-0.0035922835,-0.003021286,-0.0036591925,-0.0001228153,0.0011075609,0.0026250128,-0.0008179694,-0.0008749659,0.0016468199,0.002878381,-0.0006564387,-0.0023635763,0.00025712102,-0.000504757,0.0036680803,0.00063495076,0.0010684525,0.0019211778,-0.0018575769,-0.0017171293,0.002874718,0.0036698647,0.001236128,-0.0013221245,-0.0041066613,0.0018677366,-0.0011449764,-0.0022565231,-0.0050017,0.0012907066,-0.00078736455,-0.0022156753,0.0006282737,0.0019278773,0.00077789114,-5.3965876e-05,-0.0017559096,0.002158397,-0.001367446,0.0006605684,0.00043497235,-0.00062044006,0.00230939
40BA222,0.0030330506,-0.0033669102,4.871345e-05,0.004413405,-0.0030018475,0.0003771327,0.0029440725,0.0039714305,-0.00034864325,0.0005303002,-0.00030331514,-0.0038961966,-0.0010334883,0.008132297,-0.0077332226,0.0049288715,0.0012013695,-0.00075988943,-0.0026076438,-0.0071136546,0.008240226,0.0038518084,0.0051751006,0.004902998,0.0035114363,-0.0003769732,0.0013501061,-0.0010411068,-0.003326393,-0.0007471416,0.001698671,-0.0003011674,0.007018355,-0.00797554,-0.0018069412,0.0016682557,0.0055873655,-0.0033838034,-0.0051450315,-0.0057728975,-0.006288042,0.0023419436,-0.00395868,-0.0020458272,0.0034714285,0.0020262823,-0.007070683,-0.00069312257,0.00472526,0.00740469,-0.007648354,-0.0009943643,-0.0034222028,0.0011354601,0.0045316564,-0.0021099614,-0.0012590702,-0.0053172526,-0.005693326,0.0056679505,0.002494936,-0.0012458096,-0.0014253957,0.00019758288,-0.003352586,-8.648044e-05,-0.0061342344,0.0025627094,0.0040408014,0.004829681,0.005136873,0.0027592126,0.0017215222,-0.0020919356,0.0017057527,-0.005875015,0.004639026,-0.0022919546,-0.00070630905,-0.0034513997,7.365252e-05,-0.0043966,-0.004182258,0.0018068296,-0.007279741,-0.0011185063,0.0015098656,-0.0033620738,-0.0037641441,-0.0009175415,0.0025009804,0.0034812223,0.0020619754,0.0007688191,-0.00027658045,0.0025044698,-0.00871351,-0.0065019764,0.0002692485,0.0062144734
40BR472,0.0022781382,-0.0020654516,-0.0020739606,-3.913557e-05,-0.0015315695,-0.006263883,0.005899015,0.0037901565,0.002282056,0.0016500046,0.008601256,0.0033659586,-0.0061907666,-0.0014810287,-0.0052218167,-0.0013022253,0.003983138,0.0022702771,-0.005187383,-0.0022617918,0.001999497,-0.00087004225,0.005773332,-0.0045888657,0.0035996016,-0.0042188712,0.0032943352,0.0010202465,-0.002370223,-0.0050823544,0.0010948919,-0.0032904658,0.006613468,-0.0020716197,0.0032610884,-0.0036617827,0.0018767295,-0.0060988157,0.0030501012,-0.004717894,-0.002392552,0.0020373992,-0.00074913143,-0.0052110134,-3.9087005e-05,-0.00016685217,-0.008116363,0.009148501,0.0014754824,0.007868912,-0.0039955336,0.0047378307,-0.0009688244,0.004846641,8.520065e-05,0.0020073492,0.006624059,-0.0028434999,0.00039095152,0.0066553457,0.0012601984,-0.0013214141,-0.000595151,-0.0034871886,0.0016186247,0.005514858,-0.004283754,0.002822839,-0.005788993,0.0003514911,-0.0018308412,0.0057596676,-0.0014692119,-0.0049472884,0.005438999,-0.0037728809,0.0042902757,-0.0015801736,-0.0032356381,-0.007952052,-0.0044391295,0.005632812,-0.0010589708,0.005998741,-0.0047641876,0.0003286461,0.004480223,-0.0066402284,-0.0043287077,-0.00048877764,-0.0038691377,-0.0022240565,0.00015150837,0.00034091936,0.004531871,-0.0014200797,-0.0063405805,-0.0049363575,-0.0027077275,3.4605153e-05
430R063,-0.0002453968,0.00206471,0.0020213223,-0.0006754185,-0.00206731,-0.0050537074,-0.006267884,0.0014055443,0.00022905902,-0.00016835853,-0.0043994305,0.0024453267,-0.0006031841,0.0057064476,0.005948634,0.0002212773,-0.0036070845,-0.0029093532,-0.0054913852,-0.00092952093,0.005275528,-0.004526176,0.0067508416,-0.0062561682,-0.0024831635,-0.00075028185,-0.0073235305,-0.000255459,0.00015344936,-0.0062992154,-0.001064386,0.0062039173,-0.00076030823,-0.000356436,-0.00097422214,-0.004222202,-0.0030842957,0.0022171666,-0.00733985,-0.0004945341,-0.001396653,0.0033533971,-0.0018382932,-0.0034481795,0.003101701,0.0041853325,0.0024071597,0.0024552254,-0.0039176675,0.0070275767,0.003230298,-0.0023842682,-0.005216998,-0.004371187,0.004981133,-0.001686607,-0.004946641,-0.0029098997,-0.0032138315,-0.0038067605,0.0037888354,-0.0004204223,0.0036051932,0.0008834093,0.008026877,-0.0022667465,0.0025154967,0.003459426,0.0014062569,0.0054715034,-0.0026461845,-0.005959452,-0.0010621555,0.0018967,-0.0049461876,0.0056807054,8.0906786e-05,-0.0055571673,0.00017465698,-0.0026632324,0.0046493947,0.0003457151,-0.006667951,0.00064739445,-4.710746e-05,-0.0022839925,0.007102114,-0.0010770338,-0.004144597,0.0030143266,0.0059472458,-0.005625114,-0.0075272406,0.000539002,-0.0003808845,0.0069827596,-0.0052889376,0.004173933,-0.0058804173,-0.0064588864
4069432,-0.005682758,0.0058021024,-0.0012988179,-0.007428131,0.0019228812,-0.0019847795,0.0009259392,0.0012739347,-0.002886267,-0.0023233688,-0.0011326796,0.000105395215,0.0032051587,0.004227025,-0.0027835532,-0.007623677,0.00010735227,0.0027900722,0.00032778387,-0.004610634,-0.0023791958,0.0016440074,-0.0077911885,-0.001530921,0.003176169,-0.005756957,0.0066841636,0.0026466125,-0.00417662,-0.0022051823,0.001583135,-0.0007692273,0.0016409387,-0.0055345865,-0.005751325,0.0044528297,-0.005455979,0.00529304,-0.001260985,-0.00033106096,0.0006910594,-8.58009e-05,-0.0016815056,-0.0066166697,-0.0007331327,-0.004158491,0.005123171,-0.001229486,-0.0027289335,0.004749466,-3.7694583e-05,-0.0035219502,-6.668968e-06,0.0008248177,-0.0036148573,-0.0015207524,-0.00019256864,-0.0063812295,-5.7841185e-05,0.006575497,0.0051313597,0.0044960063,-0.0022196197,0.0020339964,-0.0015209923,4.1873194e-05,-0.00397926,-0.0079792645,-0.006913728,0.008406545,0.002443184,-0.0026332408,-0.0010706275,0.0026056576,-0.00033033086,-0.0069985623,0.0055659846,0.0050254064,0.0012795167,-0.0007511297,0.004007129,0.00811816,-0.007179286,0.0022292377,0.0026437822,0.002731768,-0.0023105654,0.0057559265,-0.006377108,0.0031921854,0.008433697,-0.002798725,-0.0010180038,-0.0017228195,-0.00062702224,0.0011489002,0.004216616,-0.0056070983,-0.0013857451,5.0387345e-05
409A032,0.009738492,-0.00078793336,-0.0026337467,0.003951399,0.003942555,-0.005970424,0.00073535886,0.007858938,-0.005786868,-0.0050912094,-6.452855e-05,-0.00053200906,3.479392e-05,0.003443919,0.00621872,-0.0026546812,-0.0003302606,0.0009053955,0.0024057853,-0.0015432178,0.00077667437,-0.008061662,-0.0011739809,-0.00719687,-0.0018839939,-0.005241727,-0.007824783,0.007137174,0.0060724164,-0.0014547459,0.0031093895,-0.0040952833,-0.0015205063,2.5425776e-05,0.0001797922,-0.0012138627,0.0018140951,0.0028094305,-0.00060634245,-0.007433408,-0.005290511,-0.0034280694,0.004672186,0.006971318,-0.0031430384,1.5825382e-05,0.0017843561,0.000104148094,0.003565719,0.0030413973,-0.0012154329,-0.0064166044,0.0018049508,0.001842384,-0.0017691439,0.0047482713,-0.0012287667,0.0038669351,0.0039382637,-0.00058813224,0.0013765006,0.0052991183,0.0052955705,0.0025299955,-0.0061219297,0.008732174,0.0067424215,0.008674776,-0.005329362,0.0030115251,0.0015920164,0.002872713,0.0048303027,0.003607025,0.0058827857,0.0017706022,-0.0044302847,0.007081729,-0.0058051725,-0.0058506746,-0.0043175127,0.0045829313,-0.0046239626,0.0023515956,0.008113035,-0.00050298666,-0.0024279794,-0.0021204962,0.0034956543,-0.0008420502,0.006156137,-0.0037472793,-0.0023530654,0.0064459806,0.005161704,-0.001278893,-0.0018732802,-0.0028812643,-0.00053143303,-0.0009548352
40BQ391,0.0025780974,-0.0071717077,-0.0036218103,-0.001722202,0.0054364405,0.0016480833,0.0013337784,0.0022513669,-0.0064991564,-0.0016351385,-0.0037392974,-0.00061303464,-0.002241112,0.0024279559,0.0017655096,0.004604433,-0.0029188555,0.0014880622,0.0032479044,0.0038030727,-0.0021487894,0.0008931371,-0.0003480157,0.00064910454,0.0011269661,0.0007588095,-0.0053738565,0.0035912264,-0.0013756318,-0.0017147806,0.001738836,-0.0028230494,-0.0018425767,-0.0013343141,-0.0011653095,0.0010815996,0.00061930873,0.0032930623,0.0003265408,0.00233908,0.0019402499,0.0010828784,0.0037584847,0.0015616395,0.0030868836,0.00096180575,0.0009061494,0.005195988,0.007994958,0.0022967833,-0.0021270483,-0.0051573,-0.0036381306,-0.0014670608,-0.0025392456,0.0009232101,0.0004209152,0.004610013,0.002371433,0.0065700803,0.0016014191,0.0029010605,0.0060244277,0.0018292827,-0.0004276641,0.0013449416,0.0015426996,0.003606787,0.0036483787,0.0024364898,-0.0012047626,-0.002126775,-0.00086551456,-0.0042745923,0.003393485,0.003641751,-0.0032455635,0.0040555284,-0.0028292232,-0.0013734311,-0.0046900753,0.0021977976,0.004053088,0.0024475139,0.0017855525,0.00060748524,0.00096987403,0.0048979386,-0.00091927097,0.0031716016,0.004836523,0.00038150325,0.002971626,0.0054089664,-0.002209477,-0.003098421,8.4782565e-05,-0.0033112178,0.004594698,0.0012768457
40BC061,0.0038402255,0.0029747537,0.00040962384,0.009024212,-0.0008183259,-0.0020024178,0.0019763827,0.00631575,-0.0030207972,-0.004326737,0.00030528964,0.0033457633,-0.007018162,0.0059927693,6.833905e-05,0.0035341906,-0.0031933235,0.001784393,-0.002233523,-0.0074756322,0.0011932782,0.0039367313,0.000788257,0.0008720368,0.0021838718,-0.0049149427,0.0042067873,0.00095998263,-0.005134191,0.0027767837,0.0005191092,0.004358346,0.004198488,-0.003332942,-0.00013422524,-0.0020888762,0.008459186,-0.0007855443,-0.004356312,-0.007059168,-0.009275915,0.0068050316,-0.0056044417,-0.0027937666,-0.0032901026,-0.004326079,-0.0030525057,0.003831949,0.0011057013,0.0071872137,0.00057631126,-0.0025715258,-0.0035280024,0.0042706453,0.0048526726,-0.003545511,0.0036336472,-0.0035627708,0.0007909727,0.002950815,0.003405986,0.001090318,-0.0065169306,-0.0053568217,-0.00090119365,-0.00043244043,0.0008969663,0.003049797,0.001434169,0.00015135622,0.0040516094,0.007933032,-0.00020584397,-0.006197416,0.0032570325,-0.0035015382,0.0064844256,0.0014754483,-0.0026625898,-0.0016576336,0.002620197,0.005848486,0.0070864903,0.0023838938,-0.0071045007,0.00043663348,0.0010070282,-2.6125927e-05,0.0029760953,0.0027026637,0.0010784811,0.005127301,0.0026785352,-0.00011522314,0.008166393,-0.0007359304,9.5886644e-05,-0.0006691839,0.00343373,-0.0006963073
40BA152,0.00020627289,-0.0034162337,-0.0015259554,-0.004141167,0.0046801805,0.0014158053,-0.0023609097,-0.0034596191,0.0022310412,0.0045347,-0.0048566204,0.0022195603,-0.0011783465,0.0017133681,0.005566931,-0.0038615775,0.0013695406,0.0032450603,-0.003669663,-0.0008701679,0.0020966427,-0.0008418222,0.00013217283,-0.0073765167,0.003111989,0.0010434386,0.00745602,0.0036666568,-0.0043087583,0.002067285,0.0030259315,-0.0002749393,-0.0075139403,-0.0022436853,-0.005552666,-0.0009262911,0.00040800267,0.006632244,-0.0017083421,0.0016992703,-0.0018017711,0.0054803663,-0.0004114965,0.00042211762,0.00042745765,-0.002864098,-0.0013142041,0.001984924,0.00043736515,-0.0006861144,-0.00038423357,0.0010115025,-0.0019992022,-0.0028461071,0.0022925988,-0.001061208,-0.002474517,-6.578312e-05,-0.0032406673,-0.0046956674,-0.0034356143,0.0001843938,0.0011140547,-0.003916715,-0.0030152968,0.0048314515,0.002195455,0.0038410027,-0.0035750207,0.0014204672,-0.0012599583,0.0019851967,0.004457549,0.0014411927,-0.003472977,0.0025632875,0.0042782645,0.004166621,-0.002456079,-0.0017052875,-0.0014329022,0.0023609952,-0.0024997944,0.00069607655,0.004977412,-0.0041040685,-0.002546644,-0.0020714533,0.0026944082,-0.00025034603,0.0043735863,0.0053720498,0.007180503,-0.0058464794,0.0021351615,0.0071317353,0.0031309484,0.00062044687,-4.213443e-05,-0.002553653
40UN070,-0.0046604155,0.003015355,-0.0011970327,0.001064134,-0.0017026672,-0.0027931007,-0.0007726997,0.0015863717,-0.002394942,0.00023872289,0.0011688652,-0.00043295082,-0.0025424443,0.0008444982,0.003208477,-0.00028120805,0.0016040286,0.0019339608,-0.0033044044,-0.0017039465,0.0019404712,-4.7965674e-05,0.0009622558,0.001243756,0.0012177435,-0.00093180366,0.0004294715,0.0034229688,-0.001978078,-0.0012355802,0.0017496018,-0.0024721387,0.0008008273,5.5464374e-05,-0.0024483094,0.00068669557,0.0035208638,-0.002362996,-0.0041261907,0.0025208055,-0.0016269857,0.00076353346,-0.00087672163,0.0032400638,0.0018566838,0.00016952671,-0.0019381951,0.00060302444,0.00036817402,-0.00064601534,-0.0027230652,0.001323244,-0.0017421059,-0.0020111992,-0.0032448508,0.0009202941,0.0027902203,-0.0003952095,-0.000113203656,0.002988071,0.0014475299,0.00207096,0.0028708351,0.0010008622,0.0008518517,0.0013326475,0.0023119021,0.006867206,0.00040974873,0.00027349932,0.0014785997,0.001001052,0.0005083992,0.0014769859,0.001074003,0.002586265,0.0029974084,0.00083495816,-0.0009892507,-0.0038068614,-0.0018325076,-0.0010364046,-0.00038524825,0.002425116,-0.0025877266,0.0006418321,0.0033398524,-0.001898534,0.0012513982,-0.0010070825,4.4471275e-05,0.0018425606,0.00042412258,-0.0037232542,0.002833028,0.003668395,0.00413423,-0.0017608241,0.0025877024,0.0011707861
40B8932,-0.0045458954,0.0045091426,0.0008505563,0.0015273592,0.00024350372,-0.0024734545,-0.0016579747,-0.0012798705,-0.0025647036,-0.002213857,0.002894538,-0.002987712,0.0024453318,-0.0006199583,0.0036915443,0.002157258,-0.0008034989,-0.00024318218,0.00250214,0.0030254307,0.0024767497,0.0077840807,0.0012401578,0.0013809681,0.002385576,0.0033773636,-0.002899175,-0.0042245644,0.0020244084,-0.0025332796,-0.0025152697,-0.0028988798,0.00082791236,0.00029976433,-0.0002441858,0.0048738946,0.00051643996,-0.0003299223,-0.0012830672,-0.0020330525,-0.002368136,-0.0010341356,0.0010067213,-0.0014302065,-0.00047159457,-0.0027833907,0.001953399,-0.00046800147,-0.0050303275,-0.0032875424,0.0015316072,0.0006693667,0.0016346043,0.0037919004,0.005505759,-0.0017560748,-0.0018696657,-0.0016850744,0.0021058712,-0.0062159835,-0.0009735458,-0.0020864287,0.0022227569,0.0041864114,0.00019357726,0.0013767352,-0.0011398789,0.001256768,-0.0030236652,0.006304874,-0.0044740587,-0.000927739,0.0044476255,0.00032263773,-0.003848242,0.004132296,-0.0032046828,-0.0015992393,-0.00416563,-0.002431463,-0.002520646,-0.000927919,0.0042563034,-0.00020329593,0.0005706593,0.0017808711,-0.0011856265,-0.0026898282,-0.0014942399,0.0023412546,-0.0025584758,0.0011910413,-0.0004896073,0.0012061752,0.0036066324,-0.0015785501,-0.0014679581,0.0026444036,-0.00033759174,0.00020746281
40BQ381,0.00042960173,0.002097146,0.002324866,-8.2233455e-05,0.0049987403,-0.0037347786,0.005452847,0.0030607816,-0.003413463,-0.004163563,0.000332149,-0.0043809246,0.001030771,0.0046310197,0.0020508142,-0.0010894221,0.0060697547,0.0043165046,0.0017356216,-0.0062201,0.003683665,-0.0039664097,0.0039315126,-0.0048027514,0.0016201133,0.00062729936,-0.0033462911,-0.002716138,-0.00029401475,0.0013862943,0.0049870242,0.0027645554,-0.0029373365,-0.0020066288,0.00094275357,0.0044248756,-0.0032683804,0.001520061,0.0029552802,-0.0012310371,0.007910925,-0.0073564574,0.0021280758,-0.00073948124,0.0005697478,0.0041463217,-0.0020316525,-0.0049677347,-0.0003733863,0.00025381267,0.0050079934,-0.002795093,2.5551397e-05,0.000774096,0.00016139243,-0.00042579728,0.003861183,0.00017179472,-0.0028458938,0.0010116427,-0.004695811,-0.0023719326,-0.0018321346,-0.00055678724,0.0022267483,0.00416863,0.0010182402,-0.0024326022,0.0027505103,-0.0018118387,-0.0011202524,-0.0032167137,0.002156602,0.0069640153,0.0045883064,-0.0025880227,0.001832453,0.0034336925,0.0029847932,0.003918331,-0.0027460437,0.002261891,0.0010316257,-0.0019533364,0.002663928,-0.0010352941,0.0064100097,-0.0040270863,0.0020442707,-0.0012348484,0.0025321192,0.00087255024,0.0017435569,-0.0039573614,0.0011780025,0.0035718733,0.0038246072,-0.0033712415,-0.0024950283,0.0010468718
409D021,0.00016160082,-0.0026887276,-0.00033473005,0.004493089,0.0008086109,0.0054236255,-0.0005132248,-0.0021027043,-0.0033652075,0.0005656367,-0.0018878016,-0.0020184258,0.0025916502,0.00086398347,-0.00011084027,-0.00416641,0.00035000624,0.0060537574,-0.0036397863,-0.002490818,0.0009924719,-0.0017940939,0.0006034738,-0.0049390807,0.0020516538,-0.000561974,0.004621647,0.0018927936,-0.002093063,0.0064915665,-0.0004428459,0.00028259866,-0.0005699534,-0.0026250102,-0.0015419343,-2.114568e-06,-0.0024446626,0.0031299305,-0.00051182497,-0.00051674485,0.001710245,-0.0002947036,0.0010311551,0.0016173404,0.002852895,-0.0007484194,-0.0005546166,-0.0041055246,0.004238597,-0.0010548361,-0.00046438587,-0.00045577707,0.0030466777,-0.0065930965,-0.0059127435,0.0021764727,-0.0044997544,0.0018353552,-0.003965707,0.0018871557,0.003977215,-0.0024050728,0.0023685812,0.0027378397,-0.003170702,0.0024495113,0.00026112315,0.0067900363,-0.004730292,0.0029653807,0.0036332142,-0.00012583192,0.0026013432,0.0011853691,-0.0047185575,0.0042229784,0.007812057,0.0017206363,0.0017082585,-0.0013861316,-0.0028006814,-0.0049091894,-0.00297918,-0.001506247,0.00037958694,-0.0037769664,0.0022806083,-0.0012465678,0.006767372,7.85666e-05,-0.0021380058,-0.0021417085,-0.0023624513,0.0018789744,-0.0011203798,0.0034739387,0.0004164061,-0.004443684,0.002393272,-0.0011393265
433N262,-0.002484264,-0.005126001,0.00043606665,0.0019461015,-0.0035013512,-0.0010134488,0.006264482,0.00589313,-0.0014435132,-0.0030042634,0.0010202094,-0.0013092168,-0.0045645046,0.0030663793,-0.0040348675,0.0014331765,0.0029862078,0.0012182443,-0.005738718,-0.0018876431,-0.002377706,0.0068356353,0.0076269787,0.00026319915,0.006934578,0.0029971667,-0.0046811956,0.0036713027,-0.0036405213,0.0024154312,-0.0031947978,-0.00033426032,0.009715677,-0.0026746343,-0.0044183293,0.0013433156,0.003050905,-0.006239308,-0.005208009,0.0001817594,-0.005497766,0.00040911263,-0.0007008573,-0.001333482,0.00012992772,-0.004572212,1.6534856e-05,-0.0028483632,9.842031e-05,0.0010677954,-0.001431689,-0.0018768309,-0.0017632563,-0.001939874,-0.0008757105,-0.0034009612,0.001100041,-0.0032766769,-0.0005474826,0.0024626842,0.004375665,0.0011233577,-0.0017723996,-0.0024038912,-0.00391514,0.006392494,-0.00020824069,-0.002036016,-0.002275509,-0.0006230401,0.0020128852,0.0049425107,0.0025417842,-0.0028236273,0.0010446069,0.0028029298,-9.366125e-05,0.002595131,-0.0067041893,0.0013811039,0.0005423885,0.0035102365,0.0010039387,0.00065320684,-0.0029984647,0.002812186,0.0034060099,-0.0054975464,-0.0063739903,-0.0025285957,0.0031990884,-5.2677738e-06,0.0019346498,-0.0017723638,0.004216147,-0.0010862462,-0.0020982577,0.001803467,0.0005047309,0.0029322433
409Q082,0.007353976,0.00036443354,0.0024287105,-0.0059808875,-0.004062754,0.0077741384,-0.00536006,-0.001154939,0.00642313,-0.0024987662,0.007844055,-0.006668668,0.00753567,-0.0052602873,0.0053560436,0.0029008675,-0.0091843745,-0.004087961,0.0028182673,-0.005968013,-0.008471486,0.0002872026,-0.001028452,0.0049164845,-0.009058211,-0.0050248946,0.0018432164,-0.0032454324,0.009803384,-0.009996495,0.007150835,-0.0003592646,-0.00019537687,0.0077004386,-0.006271373,0.008135975,0.0047654305,0.0059157265,-0.0037470483,-0.0058764555,0.0043626474,-0.003321886,-0.004418033,-0.008351895,0.0023019658,0.0010117042,-0.0035895836,0.0033160066,-0.0009235549,-0.0054621315,-0.00013073921,0.008253387,0.0017869639,0.0012041831,-0.008278761,-0.004901365,-0.009266262,-0.0036202145,-0.0077740145,0.0034925914,-0.0061477087,-0.0024440838,0.007005265,-0.0066255974,0.008776721,-0.0005716765,0.0014528537,-0.0057721343,-0.007694832,0.003654747,0.008315963,-0.0015066839,-0.0060422635,-0.004718257,0.004303496,-0.00693436,-0.006907369,-0.0076138317,-0.0006941938,-0.0072729457,-0.008301291,-0.0025889766,-0.0063157473,-0.002245915,-0.0025092543,0.0055906833,-0.0040513347,-0.0032470142,-0.0017078769,-0.009464958,-0.0038074886,-0.0042474866,0.0034777892,-0.0086421035,-0.007588359,-0.0033208383,-0.005476154,8.571148e-07,0.00022660733,-0.004469631
40KA513,0.0018924599,-0.0031343692,0.007814785,0.002645803,-0.0030699528,-0.0005729981,0.0031675573,0.0047944323,-0.00029363637,-0.005326301,0.00019640119,-0.0029171763,-0.0026576233,0.00038544243,-0.003549535,-0.0025480776,0.002886599,0.0012604316,-0.0027699627,-0.0071865334,0.0010028956,0.0043299585,0.0029157624,-7.583781e-05,-0.00048430124,0.0034520635,-0.0043711234,0.006805289,-0.005396096,0.0044343215,-0.00717091,0.0013467044,0.003243732,-0.0047253827,-0.003610891,-0.0040053898,-0.0015311235,-0.005068248,-0.0019215908,-0.0005833078,-0.00077666034,0.0032250148,-0.004076728,-0.0007444239,-4.0460844e-05,-0.0053507015,-0.0018829807,0.0002712539,0.0026318536,0.005139595,-0.003349099,-0.0013005753,0.0020790265,-0.004231429,0.0015934597,0.00021732676,-0.0025945203,-0.00023276762,0.0018739398,0.007642153,-0.0009617374,-0.002729505,-1.2116197e-05,0.0010428783,-0.0012699246,0.003179176,-0.00024056254,0.0046529,-0.0045466074,-0.0007271816,0.0048448374,0.004744978,0.0024984076,-0.0057041324,2.9231112e-06,0.0009340181,0.006786493,-0.004580196,-0.0027184235,-0.0054240427,-0.005442232,0.0028191367,-0.0012992104,0.006683977,-0.0031753296,-0.00031338588,0.006322319,0.0003564117,0.00016134302,0.0021442743,0.0021483714,-0.0020570878,0.00056097866,-0.00038915893,0.0037646184,0.0016230805,-0.0006308922,-0.001918916,0.00396123,0.0033451822
40BR242,-0.0014253061,-0.0018495559,-0.0030934643,0.0012134663,0.0021087837,-0.006563063,-0.002405163,0.0043992605,0.0019812575,-0.007169021,0.00058732554,-0.007299009,0.0032537763,0.0052928436,0.0026866626,0.007882156,-0.0031871116,0.0036590025,0.007697591,-0.0035065985,-0.0014856895,-0.000738299,-0.004980392,0.000995595,0.0034696185,0.00022442592,-0.0038950332,0.0028862355,0.0065468643,-0.005102409,-0.0047251983,0.0056039095,0.0012097892,-0.0035739304,0.0021273706,0.0010498767,0.0047653355,-0.006293119,-0.008440052,0.0054705264,0.003093067,0.00079471245,-0.009103952,-0.0015340523,-0.0011726336,-0.004254317,0.00043339972,0.0028650826,-0.0048417686,-0.002827627,0.006683982,-0.0015413561,-0.0022039108,0.007929302,0.004601297,0.0060700364,0.0017856339,-0.0072721737,0.0042404104,0.0013763634,-0.007663005,-0.0029028186,0.00475926,0.006174513,-0.0015494567,0.00226097,-0.0024093352,-0.00051007693,0.0015422273,-0.0006926181,0.0016298976,-0.0036761002,0.002468919,0.001844076,-0.005525539,-0.0017926393,-0.0010929683,-0.004796758,-0.0027684001,0.0034839502,-0.0070027825,0.0060799527,0.008829347,-0.0030361821,0.0022269147,0.0074853078,0.005231346,0.00300792,0.0066954736,0.0036084342,0.0033312845,0.0024273002,-0.0078093098,0.006068907,0.005171225,0.0003299471,-0.0048432797,-0.0017172311,-0.00016091383,0.006462367
40KN151,-0.0014121005,-0.00090590626,0.0035775043,0.0028882604,-0.0031576527,-0.0023765273,0.0042784275,0.008508976,-0.00046382207,-0.001324505,0.0027836275,-0.0052623064,-0.0031856603,-0.00044080336,-0.00096592325,-0.0050704093,0.004022798,0.0013929657,0.0026266102,-0.005118156,0.0027435254,0.0024404877,0.0018596897,0.0032867298,0.002955622,0.0045391493,-0.0023201543,0.004724834,-0.0012127701,0.0043202434,-0.0041462528,0.003260393,0.0011556306,-6.9566384e-05,-0.0015803142,-0.0015997124,0.00027338197,-0.002754538,0.0019265208,-0.0021872863,-0.0034836533,0.0057464107,-0.0028282823,0.00031938884,-0.0026737594,-0.003732328,0.003009945,0.0026128686,-0.0022282754,0.0030798542,-0.0024931838,-0.0032092202,-0.00015506062,0.0013583695,0.0034748244,-0.0025098443,0.00088914484,0.00064786075,8.5558895e-05,0.008423392,-0.004115065,-0.0004951132,-0.0013349027,-0.000136189,-0.0027166728,-0.00057443324,0.002410356,0.002983128,-0.0008760158,0.0038215306,0.0062251785,0.0031303277,0.003971762,-0.0074631814,-0.00097084977,0.0020182962,0.0031381508,-0.0061169434,-0.0017631579,-0.005228167,-0.0048456173,0.0019653973,-0.0016998405,0.003748947,-0.006714015,0.0034693452,0.0060386886,-0.0026741645,-0.0049330303,0.0013148113,0.003344156,-0.003919209,0.001127215,-0.0021350277,0.0045220214,0.0021055068,0.0026366832,-0.0013792807,0.00096549216,0.004866557
40UN020,0.005596114,0.0029771056,0.00078840676,-0.004767977,-0.000252887,0.00027888129,-0.004632442,0.0045631113,-0.0033123258,0.00049059885,-0.0011938644,0.0004916193,0.006148118,-0.0013589268,0.00076974166,0.0009647335,0.004847693,0.0047650603,-0.004064906,-0.007153153,-0.0050690887,-0.0026773473,-0.0015775595,-0.0068042097,-0.00020569842,0.0002051227,-0.000570522,-0.0007116385,0.00030602873,0.0049095997,0.001139216,-0.0024509504,-0.0018785706,-0.0005449578,-0.00101239,0.0036459845,0.0024921307,-3.072961e-05,-0.0012998254,-0.003654896,-0.0028408442,-0.0011994046,-0.00044969085,0.003958765,-0.0024360954,-0.0040414426,-0.0008517064,-0.0038490025,-0.004530369,-0.0014269463,-0.0020328525,-0.002438998,-0.007554013,-0.0023431496,-0.0014138719,-0.003309314,-0.004940508,-0.0031825688,-0.0028725096,-0.00021635571,0.00045863664,-0.0033771626,0.00469623,0.0028626882,-0.0027840908,0.0066370345,0.002886363,-0.0038553078,-0.0038493518,-0.0014539142,-2.060458e-05,0.0020674113,-0.0023136518,0.0027600948,4.200125e-05,0.0050921715,0.0021493663,-7.148553e-05,-0.0018100353,0.0037808653,0.004637901,0.0027343705,-0.0007476757,0.0038997543,-0.004597736,0.00014257478,-0.0017056279,0.002064848,0.00378602,0.0024396947,-0.0008605048,0.0017127612,0.005350145,-0.0007547172,0.0004572142,-0.0012927944,0.0019773694,0.0012660964,0.002116003,-0.0033179547
432N442,0.0016327727,0.0030225806,-0.0010081638,0.0020574268,0.00073926244,0.00041370187,0.005676799,0.0019658708,-0.00036029262,-0.0004072132,0.0032721527,-0.005010187,-0.0010493209,0.0050173732,-0.0012674647,0.0039421716,0.004933201,0.0080355005,-0.0009959718,-0.003119853,0.00044580642,-0.0050992146,0.0026599355,-0.0012729747,0.00054168253,0.0027489646,-0.001354634,-0.0025595573,-0.0015778235,-0.0003614154,0.0026924722,0.0015261305,0.0028646924,-0.0031562715,-0.0022287953,0.0043514776,0.0031046,0.0023877139,-0.002114458,0.0017410378,0.00283794,-0.0019899828,0.0017657792,-0.0036573196,0.002439757,0.003257537,0.00088104216,-0.0023319647,0.0010633239,0.0016876251,0.0016445742,-0.0048298393,-0.004974052,-4.304798e-05,-0.0021392428,-0.0033692038,0.0021347345,-0.000323665,2.8337547e-05,-0.002545674,-0.003687896,-0.0018243901,-0.0010383842,-0.001354168,0.001581061,0.0022173128,4.7834434e-05,-0.0006008457,-0.00039472958,-0.00042691827,0.0006036999,-0.00031892164,0.0008093987,0.0069491304,0.004785577,-0.0035907868,0.00028624976,0.000490369,0.0033902356,0.002723464,-0.0029014144,-0.0028533402,-0.0008648743,-0.0038844363,0.0009548588,-0.0058116284,0.0026755435,-0.0038487578,-0.00023298075,-0.0005929589,-0.0035398717,0.000816617,0.0013410846,-0.0015932192,0.0015076819,0.0017076842,0.00663412,0.00020166456,-0.004026179,0.00312257
40KN633,-0.0033591422,0.0024818862,-0.002025163,0.007028248,-0.0014703944,-0.00060150307,-0.00053531677,0.0060022916,-0.005301822,0.0025808727,0.0015031558,-0.002010173,0.0003508674,0.0029040864,0.000110325636,-0.003008788,0.0039807847,-0.004471382,-0.001141778,-0.0054101762,0.00090352865,0.0025263,0.002805157,-1.8045277e-05,0.0022638973,-0.006345413,-0.004411081,-0.00052687665,-0.008093743,-0.004224972,0.0008832293,-0.0014074363,0.0010356377,-0.0066430755,0.00059610687,-0.0022239857,0.0032906279,-0.005109798,0.0029439658,-0.0063438583,-0.008550704,0.0062468015,-0.007865512,-0.0011122047,0.00020313532,0.004714802,-0.0017302698,0.005809369,0.0039122184,0.005809895,-0.0029387667,0.00086111634,-2.5561312e-05,0.0034806812,0.00871725,-0.0025941168,0.0016937153,-0.00014286628,-0.0060551697,0.004418286,-0.0040972806,0.0025431518,-0.0064772284,-0.0022464248,0.0037018864,0.00027818454,-0.004829089,-0.0013443225,0.00019792805,-0.0015432211,0.0059031,0.003585581,0.0032552266,-0.004853919,-0.00087995897,-0.0025719362,0.0040990855,-0.0027498924,0.0019057867,-0.006067653,-0.0032695802,0.0019687656,0.00022035674,-0.0005068835,-0.0054926276,8.742965e-06,0.003296782,-0.00051872316,0.0019353944,0.0067398325,0.003771915,0.00032512273,-0.0011813211,0.0046068737,0.004570177,0.004870177,-0.0051590367,-0.0006730936,0.0031453536,-0.00041841506
409Q522,0.0007713152,0.0039195623,0.00015946233,-0.0024011885,-0.0045455135,-0.0034117189,-0.0027138041,0.003305683,0.0022036321,-0.00016933365,0.0014172816,0.0021951408,0.002422492,0.00263812,0.003153019,0.0033943767,0.0014031399,-0.00071688305,0.00030070916,0.0022993716,0.0037531029,-0.00067512365,0.0027533437,0.0005472447,-0.0018210082,0.001912823,0.0026082883,0.001335455,-0.0015204459,-0.0023866484,0.0039341305,-0.0023727517,-0.0030542428,-0.0026073442,0.0050402456,0.0004813004,0.0016453507,0.00011511415,-0.0014175173,0.0017859293,-0.0025143407,0.0021034693,0.0002785374,-0.0030427687,0.004700765,0.0060197767,-0.00019144148,0.0020388332,-0.0024333738,0.00023140875,0.0013976232,0.006935278,-0.003972638,-0.00473139,0.0041596573,0.0030764095,-0.0017384674,0.0012397033,0.0008261649,-0.0037110453,-0.00085639465,0.0017945019,-0.0011433067,-0.0037156595,-0.00084132014,0.00040633953,-0.0002338991,0.0013126987,0.002539349,-0.0028039226,0.001612495,-0.0017580523,0.001132082,0.0022766124,-0.0034782658,0.0019757636,0.0010147494,-0.0005267726,-0.00068051013,0.0066690375,-0.004536203,0.0031140796,0.000658453,0.0017093858,0.0008380121,-0.00112165,0.0011192181,0.00045289163,0.004629841,0.0013592117,-0.0053762128,0.0011523375,0.00071472244,-0.00059093465,0.001444955,0.0019224952,0.005184179,0.003674359,-0.006022551,-0.005883917
409Z491,-0.00035478175,0.00048614733,0.0038161867,0.0020242464,-0.0028743488,0.00073070225,0.002944564,0.0014167922,-0.0003037979,-0.0040516932,0.0028130407,-0.0028158075,0.00288761,0.0021530916,0.0003383247,-0.0008003325,0.000682089,-0.002016173,-0.004737327,-0.0010915899,0.0019478756,0.0045256745,0.00075027236,0.00013358067,-0.0023920552,9.2666625e-05,0.0022407924,-0.0022509892,-0.0032483074,0.0026763878,-0.0038188521,-0.0008141674,0.00033720094,-0.0012737571,-0.00046001142,0.0050192894,0.001380222,-0.0024589074,-0.0012682263,-0.0009164166,0.0022934803,0.0029245105,-0.0008140858,-0.0010275343,0.0013972546,-0.0008386981,-0.0017787153,0.0002463389,0.00072956126,0.00058144936,-0.0030545574,-0.0026024776,-0.003224038,-0.002252152,0.0012710685,0.0032894548,0.0038433261,0.0023351868,0.002356445,0.0023340206,-0.0011918676,-0.0009548073,0.002322742,-0.0016010252,-0.00058597577,0.00029282196,-0.000916275,0.0023666162,-0.0008374121,-0.0015062972,0.003594705,0.0016447562,0.0004798076,-0.0005207259,0.0014414706,-0.0006305361,0.0033028456,-0.001244957,-0.0034128677,-0.00085643237,-0.0010585741,0.0021718356,0.0014507123,0.0022837264,-0.0012671298,0.001039132,0.0006956301,0.0022736916,0.0014868738,-0.0018748059,-0.00027043678,-0.0016803087,-0.0011395743,0.00082564575,0.0014589413,-0.0009179325,-0.004640001,-0.0024030898,0.0023300198,0.0032034223
409Z501,-0.0010236292,0.0013765093,0.0023124581,0.0003411892,-0.0048783408,-0.00096429756,0.0062370016,0.0034385591,-0.0014867098,-0.0034122444,0.0028337664,0.0029901818,0.002226654,0.004287807,-0.003400819,0.0023616606,0.0041730856,0.0030531914,-0.0037849876,-0.0023566,0.00019669277,0.004108809,-0.004355166,-0.00140579,-0.0022794036,-0.0023753955,0.0020393587,-0.0014064446,-0.0005351766,-0.0015149453,0.000998621,0.0014852579,0.003215249,-0.0012051053,-0.0019961759,0.0008127369,0.00023206766,-0.0026836945,0.0021000712,-0.00045251555,-0.0022073067,0.002134283,0.0015557667,-0.0026358082,0.0004964748,-0.00041424212,-0.0018341865,-3.57253e-05,0.0018994452,0.0043229237,-0.0016773266,0.0034945197,-0.004973584,-0.00030088564,0.0019430169,0.0034672427,0.0031859407,0.0019375783,0.0026057474,0.0047596553,0.0036299378,-0.0035124838,-0.0009808643,-0.00048896915,-0.002264675,0.001735826,-0.0035367003,-0.0036103907,-0.00073400064,0.0012085274,0.00034899788,0.0011921511,0.0002418258,-0.0038199457,0.0013576335,-0.0007873647,0.0038805853,0.0030278314,-0.00049917155,-0.0017353822,-0.00037718978,0.0034204829,-0.0016443579,0.0014725608,0.0008661449,-0.0005295995,0.0015559178,-0.0031364183,0.0023564221,0.001294894,-0.0010855473,-0.003540496,-0.0026984976,0.0019892703,0.0010997644,-0.0027382048,-0.0013073372,-0.0032962156,0.002887116,0.0029554525
40KT142,0.00045837415,5.359287e-05,0.0018071586,0.0042956006,-0.0006435241,0.002516131,0.0039664824,0.0013921766,-0.001816004,-0.005125965,0.0022568235,0.0024904758,-0.0010517644,-0.004319136,0.0026031926,0.0007409442,0.003270443,-0.0025966223,-0.0051724794,0.00069535733,0.0005099119,0.00251465,0.00023216195,-0.0022892917,-0.0038969829,-0.0005869097,-0.001959205,0.001488746,-0.0010857253,0.0028267174,0.001091599,-0.00063611806,-0.0019041623,-0.0024491705,0.0002778949,0.006706605,0.0037431768,-0.006191357,-0.007333793,0.0012713609,0.0053410335,0.0008183411,0.0045414506,0.0025865412,0.0044287927,0.0008896475,-0.002500016,-0.004285878,0.0037327092,0.0004747702,-0.0001516603,0.0029357697,0.0027158957,-0.0042696614,-0.0038421552,0.0064988798,-0.0057247994,0.00403401,-0.0026370669,0.0016016342,0.0006626682,0.0032171416,0.0042596185,0.0022933737,-0.0014191557,-0.002072053,-0.004639909,0.0032020789,0.000119818316,-0.0038958201,-0.0018754408,0.0027358367,0.0021662707,0.0052740932,-0.0013093546,-0.002808482,0.0008810394,0.0011663478,-0.00045271002,0.0012755136,-0.0033721186,0.003270483,0.0021105306,0.0042690285,-0.0022836966,0.00038900223,0.0036805165,0.003834065,0.0010429369,-0.0018204761,-0.0046121296,0.0032736221,-0.0032688673,-0.0008507573,0.004888502,0.0028682481,-0.0025527426,-0.0030840032,-0.00026983698,-0.0030468416
40WN191,0.0020238012,0.0016004781,0.0013020827,-8.711368e-05,-0.0019754735,-0.00040289405,0.00049425743,0.005215602,0.000631519,0.0021865421,0.0014382827,0.0010057949,0.0010093716,0.00372816,-0.004402575,-0.0028005235,-0.000836014,0.0015893312,0.00054170785,0.0005255807,0.0029733733,-0.0010802278,0.0035532645,0.0010123879,0.0016155461,-0.0023890985,0.0009750336,-2.02165e-05,-0.0021154871,0.0004496988,0.0013968109,-0.00025561565,0.003045211,-0.00183932,-0.00018983474,0.002630928,0.0017087774,-0.0008236074,-0.0023320047,-0.00062484964,-0.0025057385,0.0019685489,0.00042837393,-0.0026507392,-0.004164826,-0.00042698177,-0.0017217975,0.0018983094,0.0029078324,-0.0024495902,0.0006143426,0.0007397815,-0.002951037,-0.00312793,0.003645394,-0.002862793,-0.00032690988,0.00095509505,-0.0026406064,-0.0005583221,0.00011420999,-0.0019273867,-0.0008844968,0.0005839748,0.00023851811,0.0029549235,0.004882771,0.00027411274,-0.005643774,0.00426374,0.0005823672,0.00047113848,-0.0030984702,-0.0019308294,-0.00069243397,0.00091808214,0.00014431495,3.2520456e-05,-0.00094861595,0.001883249,-0.0026415414,0.0010585455,0.000492224,0.002845594,-0.002959905,0.0012120499,0.0029858395,0.00060841814,9.514853e-05,0.0022343742,-0.0010412274,-0.001960701,-0.0015307345,-0.0008484209,-0.0022209263,-0.0026085519,-0.002032331,-0.002197158,-0.0019053066,0.0021135889
40IN532,0.0064198175,0.002424326,-0.0065798336,0.0037100243,-0.0047277412,0.0045854296,0.0048234565,-0.0010865526,-0.0036833521,0.0013371786,-0.0024389632,-0.0014924678,0.0067407396,-0.0013357875,-8.41266e-05,-0.00031767506,-0.0030205261,0.0040026456,-0.0036345087,-0.0038976546,0.0008663941,0.0058247857,0.0031410803,0.0011244806,-0.0005954445,-0.002217878,0.00072041387,-0.0022200167,-0.0013362683,-0.0039245975,-0.0032480026,-0.0037138343,0.0009834181,-0.002208425,5.493057e-05,0.0037000186,-0.0021983816,0.001968187,-0.0007946442,0.0008948325,0.0017264733,0.0016949935,-0.0027094726,0.007895283,0.0012533955,-0.00086552463,-0.00594263,-0.0023837879,-3.4680746e-05,-0.002750132,0.005618626,-0.004358664,-0.0023789692,-0.0051475135,0.002143311,0.0033097959,0.0004993475,-0.0026056804,-0.0017661984,-0.001304163,0.0015583108,0.00199998,-0.0012377506,0.0002794607,-0.005552616,0.0036538166,-0.0017500828,-0.0011557816,-0.00028658393,7.815721e-05,-0.0017497885,-1.7703764e-05,0.0005871947,0.0017895674,0.00045758454,0.0028369843,0.003565971,-0.004282341,-0.0022705856,0.003244793,-0.0001296873,0.00044632077,0.0015483693,-0.005960014,-0.00435798,-0.002958594,0.0014019102,-0.001952357,-0.0034164146,0.0019809771,-0.0033357244,0.002396292,0.0029200458,0.004893162,0.0049671377,-0.0020957196,0.003374597,-0.0013338329,-0.0072861947,-0.0003115153
409R481,0.0028305112,-0.0051498883,0.008221745,0.0004957805,-0.0066948854,-0.00080354046,-0.002003392,-0.0017046143,-0.0018395721,-0.004540292,-0.0035795255,-0.00034081488,0.0016884003,0.00053768186,0.0039688554,0.0041602044,0.0066857035,-0.004532174,0.001524382,-0.0058517316,0.0043806573,0.0045142267,0.0025406675,-0.00929765,-0.008724226,0.007761088,-0.0033671083,0.0045158947,-0.0001430749,0.004100056,0.0016205744,0.0011049532,-0.005337655,-0.006949235,-0.0021753325,-0.0048485193,0.0009844892,0.0011805077,-0.008176021,0.0055319397,0.008993635,0.0017178332,0.0029678377,-0.0030392315,0.0046086293,-0.007560104,-0.005295259,-0.0013653984,0.0044612023,0.0011904968,-0.0026925546,0.00031514303,0.0073799607,-5.463371e-06,-0.0056132684,0.008660803,-0.0014660899,0.00681199,0.0026158711,0.0016975516,0.0022886386,-0.0017509921,-0.002785539,0.00937032,0.001569242,0.0051687295,-0.0030054413,0.0003625895,0.0026668285,0.0010667103,0.0006397785,0.00096078916,-0.00085665495,-0.0041975225,0.0020725487,-0.00038124574,0.007541673,-0.0016967328,0.00030028727,-0.0024249398,-0.00541793,-0.0010664118,-0.003707448,0.003888317,8.323614e-05,-0.00083369605,-0.0014485877,0.009668479,-0.00012110593,0.0025759335,0.0030119414,-0.005461667,-0.006767351,-0.0008264957,-0.003496965,0.0032065427,0.003936921,-0.0012303002,0.002367579,0.0026510735
40BD052,0.007632315,-0.0029891958,0.008448826,-0.0006261789,-0.0062307855,-0.0032257363,0.00017662533,0.00058440235,-0.0047092084,-0.0074685314,0.0038557758,-0.002044449,0.0065272762,-0.0036639385,0.0018743051,0.003705008,0.0036504804,-0.0014525325,-0.00176527,-0.008794266,-0.0013536973,0.002036195,0.0043777567,-0.0062392233,-0.0072772363,0.0054572453,-0.0021635515,0.0013071807,8.054543e-05,0.0061827167,-0.00518851,0.002010486,0.004061118,0.00046290434,0.0015296666,0.0018111363,-0.0015413746,-0.001539402,-0.0069844634,0.00116636,0.0037516477,-0.0014877059,-0.0036224243,0.0054600746,0.0010680212,-0.006565716,-0.0048388094,-0.00225256,0.0007863259,0.00079944095,-0.0069884546,-0.0013825952,0.0010361096,-0.00277854,-0.0010330919,0.0046694246,-0.0071854917,0.0010657148,0.003857557,0.005219535,-0.00027208868,-0.0031418912,-0.0007786923,0.005513466,-0.0037062685,0.005443929,-0.009043115,0.0010774641,0.0010620826,-0.004777421,0.0032663806,0.004246153,0.0005866918,0.003515437,-0.001185469,0.006069761,0.0070351027,-0.00706047,-0.00035399792,-0.0007073425,-0.0006063506,0.004158242,-0.0009234857,0.005459969,-0.004124226,0.0009901203,3.1611416e-06,0.006657018,0.007270624,0.0012385097,0.004821359,-0.0012241378,-0.0047513414,0.0060305074,-0.0037643323,-0.00031279877,0.0038514636,-0.0050255405,0.0039456864,-0.006168187
40BR322,0.00040263706,0.0030032448,-0.0030123573,0.004368352,0.0011411079,-0.0015306855,0.0011335106,-0.0035502375,0.0054608257,0.001879135,0.0069019245,-0.001445533,-0.0001611725,0.005833736,0.00042207888,-0.0065771984,-0.00010877941,0.00011540647,-0.0033988757,0.002530681,-0.0020617512,0.0036416398,-0.0011968745,-0.0022615236,-0.0028329492,-0.0004047216,-0.000861326,0.00028893966,0.0014553962,-0.0029695095,0.0034813548,-0.004495144,-0.004785415,0.0014481102,-0.005287571,-0.0074315555,0.0007158641,0.0042140638,0.004025951,-0.00238523,-0.00042883214,0.002417453,-0.0077955183,0.0017889389,-0.0028914488,-0.0008984171,0.00063768355,-0.0035885947,0.002574539,-0.0005710027,-0.002972703,-0.009316119,0.005964026,-0.004253449,0.0023661966,-0.001594604,0.001572211,-0.0042239185,-0.0042795744,0.0068149287,-0.0019693975,-0.0004263313,0.006815972,-0.004805709,-0.0008005254,-0.0033792919,-0.00833875,0.004939528,-0.004083705,0.0013046951,0.002760316,0.002649375,-0.00032712775,-0.005611348,0.0005458668,-0.0038588818,-0.0042791744,0.0006940145,-0.0041868077,-0.007950607,-0.00539108,-0.00487288,0.005947857,-0.0034986567,0.0044643916,-0.0066364594,-0.004574633,0.0036724983,0.007954159,-0.0038414672,-5.6353572e-05,0.0013600631,0.004738845,-0.0019288443,0.0010276958,0.0015426085,0.0072497483,0.0065216273,-0.0021161665,-0.0028539042
40B9561,0.0014487896,-8.036514e-05,-0.0020110852,0.0029413232,-0.001901914,-0.001952524,0.0020633957,0.006791081,-0.006710704,-0.0023283593,-0.0002470858,0.00084876566,-0.0016427971,0.0057549533,0.0007299809,-0.001844768,0.0021272479,0.0016419338,-0.004603067,-0.002900922,-0.0022147773,-0.0003041417,0.0015784148,-0.0012522968,0.0071389605,-0.003939716,0.004866754,0.0018086438,-0.005470678,0.0030819513,0.0011793663,-0.0056632645,0.00023844419,-0.006281229,-0.0042465166,0.0008635943,0.000117793155,0.0009242065,0.0024734398,-0.0032126943,-0.008277177,0.0013527814,-0.004084256,0.0020499162,0.004338808,0.0021082608,-0.0028058782,0.003246743,-0.00201126,0.002341353,-0.0026606724,0.0037630175,-0.005684381,-0.0046509686,0.0005683719,-0.0025406734,-0.0014349831,-0.0056230836,-0.0037971183,0.00085610757,-0.0020813171,-0.002507286,0.0005074738,9.553484e-05,-0.0026434064,0.0046105706,0.002398852,0.0025255946,-0.0022254759,0.0029491084,0.005084011,0.0042709247,-0.001955454,-0.002121312,0.003764047,0.0012203172,0.003933107,0.00019623991,0.0009709746,-0.0030976823,0.003215859,-0.0045147357,0.0020181101,-0.00086652144,0.0015474063,-0.0006611673,0.0013860826,-0.005932452,0.00462939,0.0043021413,-0.0027176226,-0.0011316901,0.0065402635,-0.0031640509,0.0028613734,0.004337011,-0.0026499962,-0.0047048256,0.006323606,-0.00068679993
40UN010,-0.0030141275,0.0020503507,0.0017945686,-0.0022667306,0.0048118685,-0.0013943446,-0.0012354283,0.002238698,0.0002576094,0.00037591727,-0.00033879327,-0.0030996846,0.00017838397,0.0024139169,0.0019091008,-0.0037784644,0.00044277948,0.0013406418,-0.0021399043,-0.00044384497,-0.004030114,0.001549921,0.00031708178,-0.00054178154,0.00097553135,-4.577202e-05,0.0034001272,0.005955662,-0.001694162,-0.00040083355,-0.00024498804,-0.0023359805,-0.001719999,-0.00076744735,-0.0033558581,0.0032254749,0.0017351202,-0.0022489692,-0.0039044784,0.0014260783,-0.0010501795,0.0029978266,0.00042360314,0.0017672488,0.00092958676,0.00053148676,0.0018342929,-0.0051120548,-0.0013806811,-0.0002538731,0.001882343,-0.0026097263,-0.0028904572,-0.0015597314,-0.0033029343,-0.0014522393,0.0034105105,0.0010483377,0.00030420293,0.0019315718,-0.0004401294,-0.0007358243,0.003211851,0.00084125734,-0.0021228946,-0.0017272708,0.0009562757,0.003534454,-0.004894472,0.0016113358,0.002181533,-0.00010041877,0.0021179009,0.003221213,0.0018090248,0.0018425895,0.0029258903,-0.000966762,-0.003978641,-5.1827254e-05,-0.00044643003,0.0024354775,-0.0018126956,0.00032657772,-0.0016846908,-0.00044864792,-0.0020306888,0.00093089417,5.949956e-05,0.0006372191,-0.0020251162,0.0026465247,0.0019100836,-0.004500772,0.0011547281,0.003141179,0.005797075,0.00093433145,0.0033306435,-0.0005894247
409U313,0.0042482545,0.00016199304,6.437651e-05,0.0007667646,-0.0029376368,-0.004914012,0.0039499337,0.0043762024,-0.0035702004,-0.0015276722,0.004032025,-0.004836081,-0.0032965438,0.0017194772,-0.0023038932,-0.001094748,0.005220286,-0.0022329555,-0.004600981,-0.009256893,0.0071188994,-0.0016403496,-0.0014075185,0.00043233004,0.003160788,-0.006554676,-0.000713257,-0.00081056403,-0.0026640063,-0.0039820266,-0.004900526,-0.0016780626,0.00012022862,-0.0043106773,-0.005800974,-0.001780184,0.005479219,-0.007266069,0.0031267423,0.0016049535,-0.000844195,0.0059934184,-0.0034727058,-0.003196774,-8.652009e-05,0.0038043666,-0.00069460645,0.008502731,0.003029467,0.008467261,0.00037859846,-0.00026626466,-0.0049217194,0.00048966217,-0.0002638232,0.0024979173,0.00054906134,-0.0031559637,0.0013420242,0.0080434615,-0.00078682776,0.00055445556,-0.0060746158,-1.4547259e-06,-0.0021622868,0.0014241916,0.0002510615,0.0054825414,0.0012771485,-0.0027123082,0.0060063954,0.0051432727,0.0011068115,-0.009304886,-0.0021453726,0.0013279693,0.00027077808,0.00087773084,-0.003227899,-3.2978598e-05,0.0026762006,-0.0018827278,-0.0013770417,0.007915847,-0.0014492741,0.004836701,0.0068883533,-0.0017115131,-0.0034017689,-0.000880572,-0.003024133,0.004466148,-0.0009937425,0.00065120374,0.0030887406,0.00011596666,-0.0042520505,-0.0029820118,0.0040350193,0.0028516396
432N351,-0.0043616383,-0.002448042,-0.0008017265,0.0034667798,-0.0010876283,-0.0003627725,0.0042939126,0.007644466,-0.0063718967,-0.0054253973,-0.0014659622,-0.0058393884,0.0007164108,0.008172754,-0.0024132472,0.0066873706,0.0044627236,0.00046211947,-0.0014857135,0.0043762913,0.003191919,-0.0069545903,0.0017794415,-0.009871392,0.0051286984,-0.0016706598,-0.0014562695,-0.00088316295,-0.004149684,0.0012796763,0.0063659875,-0.0011549664,-0.0037987907,0.0013453308,0.0065716533,0.00068376976,0.004714987,0.00015137438,0.0053707156,0.004142667,0.005586112,-0.007045499,-0.0085978815,0.0035853551,0.0032913978,0.0022679584,0.0005584962,-2.5610905e-05,-0.003912462,0.0050756996,0.0075544463,-0.0047567138,-0.0044789766,0.0014354365,0.0019486302,0.0053869598,0.0033758944,0.0069764047,-0.0050018,-0.00012387428,-0.0027377272,0.0034118881,-0.004188001,-0.0041679014,-0.0010370044,-0.00076803286,0.006068985,0.0010754531,0.006998531,0.007540135,-0.0027495015,-0.007971615,0.0012518457,0.0030321002,0.0003159794,0.0015943092,-0.0033310296,0.0008534135,0.006354502,-0.002753684,-0.006435666,-0.0013247023,0.0025339674,0.0016838079,0.002193574,4.3651205e-05,-0.002023299,-0.0060424414,0.0037743668,-0.0048833378,0.00046276042,0.003648675,0.0012621079,-0.0024029242,-0.00027282792,-0.0035866126,0.0048149396,0.0001444649,-0.00040089712,0.0049955547
40A8161,-0.00011970941,-0.004905946,0.007182019,0.0011767088,-0.002959798,-0.0005000845,0.0010618516,-0.0029357176,-0.0037084445,-0.0029372908,0.0013064243,-0.0043312125,0.00026634452,0.0010268658,-0.0047374004,-0.00044939178,0.0042012227,0.0018756529,0.005044613,-0.00020945852,-0.0009581896,0.0036063017,0.0014399562,-0.00034493953,0.0020572823,0.0072772535,-0.00040086103,0.0028333492,-0.0033767284,0.001953066,0.0007576371,-0.00020065019,-9.120256e-05,-0.008680501,-0.009128638,-0.0027334061,-9.444775e-05,-0.0075076707,-0.00448146,-0.00413476,-0.0019467694,-0.00462265,-0.005210367,0.0038351174,0.0076312004,-0.0070243217,0.0069890833,-0.006307245,-0.0054252394,-0.0006448056,0.00090383855,-0.0027903446,-0.004607542,0.0008965137,-0.0070426622,-0.0042068637,-0.0069945883,-0.0007754136,0.0007733805,-0.0020814352,0.003102674,-0.0037833888,0.0049365982,0.0011499327,0.0024399497,0.0005084763,-0.003748317,-0.006460706,-0.0043830103,0.0037196598,-0.0068589984,0.0070545934,0.0059478814,-4.132325e-05,0.0054153707,0.0047673974,-0.008559065,0.0056662196,-0.0020906576,0.0040184464,4.19328e-06,-0.00019468347,-0.0056613605,-0.00055784587,0.0017582899,-0.0038286052,0.007356139,0.0021517547,-0.0072858734,-0.0008877523,-0.0032100885,0.0055662873,0.0019724062,0.0024609203,0.0027864473,0.004377247,0.0074471496,0.0067287227,-0.00059456634,-0.0020482312
40BR022,0.0026809731,-0.0020931186,-0.0005982375,-0.00036438543,0.0037509059,0.0021799328,-0.00060769334,0.005140383,0.005227715,-0.0016800105,0.0028157202,-0.0019730607,-0.0018062817,3.2455544e-05,-0.003127823,0.00015969826,0.0010070871,-0.0028350516,-0.0033514297,-0.0028440412,0.0041285646,-0.0031425166,0.002906316,0.002739001,3.652647e-05,0.0024953992,0.003278912,-0.003980561,0.0006642912,-0.0016866471,-0.002425939,0.0024505039,-0.0038637365,-0.0027862494,0.0021338565,0.0026894766,0.003070131,-0.005530649,-0.003590539,0.0045965184,0.000679259,0.00055739743,-0.00074287516,-0.001228608,0.0047309003,0.0007474883,-0.0010688616,-0.0029720617,0.0037191275,-0.00053226395,-0.0013786639,-0.0040958393,-0.0017351768,0.0016991901,-0.00025735435,0.0012945698,0.0011318955,0.0029870854,0.0006868632,-0.0054608528,0.0046084737,0.001103461,0.0037844959,-0.0011475848,0.0006004944,-0.0010820403,-0.0032562301,0.003309805,0.001889256,-0.0033139328,0.0025210292,0.0042770486,-0.00075688376,-0.0016932024,-0.00014194287,-0.007630324,0.0018466513,-0.0016913561,0.003340723,-0.0023397717,0.00010100473,-0.0028485497,0.0002931303,0.002426763,-0.0034434642,-0.0018154165,0.0006768177,-0.00013524888,-0.0036146273,-0.007477589,-0.0006484173,0.00016331003,0.002276629,0.0020657333,0.0037453426,0.0036173419,-0.0015111745,0.00063277973,-0.0016545334,0.0019251289
40PQ041,0.0025409113,-0.0016868109,-0.004282267,-0.0007407938,0.0033246635,-0.0013731018,0.0018316136,0.0040716548,0.0034648946,-0.00700573,0.0054417774,0.0025442045,-0.0010270479,-0.0015511081,0.001267322,0.0027121836,0.0017965169,-0.00040788934,0.0017633514,0.00021869053,-0.0011640483,-0.0019037271,0.0037273897,-0.001434381,0.0034866233,0.0006676209,-0.0004333613,0.0053968765,0.001985726,0.00049879483,0.0008798859,-0.00055888126,-0.001695587,-0.00082940765,0.00486483,0.0020726828,-0.0022723407,-0.0013187887,-2.863227e-05,-0.00041185235,0.0022084974,-0.0015756324,-0.0016433913,-0.0011138256,0.0036657006,-0.0021166548,0.003418598,-0.00079414743,-0.0019829443,0.0028642714,-0.0011717773,-0.0043109204,-0.0015847157,0.000600595,0.0016465456,0.001391423,0.0007633443,0.0045938944,2.8054541e-05,0.0019243048,-0.00012613152,0.0007089097,0.0052783866,0.004750864,-0.0018031668,0.00047073266,0.004760673,0.0061671943,-0.0031367124,0.0021804161,0.0035716842,-0.00045945102,0.0025880737,0.00039032346,2.03643e-05,-0.0025686815,-0.0046147546,0.0021036698,-0.004961356,-0.00017138966,7.765469e-05,0.0005163638,-0.00081335875,0.003684615,0.0039463355,0.0032767355,0.0043726196,0.001775668,-0.000933633,-0.0011624844,0.00017010972,-0.0020713832,0.0035942888,0.0019601663,0.0016782889,0.0012855466,0.0043232124,-0.0020244902,0.0040134913,-0.0021308868
40BR342,-0.005853511,-4.7863927e-05,0.00075438526,-0.0003285316,-0.0030128832,-0.005293786,-0.008219628,-0.008783371,0.0021706584,-0.001921915,-0.00028579612,0.00079425983,0.00024174014,-0.0007792474,0.005223139,0.0014713884,0.0044955434,0.0007719371,0.0038911377,-0.0008190565,0.0035405485,0.0030639155,0.005723105,-0.00023828121,0.008435885,0.0051898537,-0.007861312,0.00094642397,7.5368444e-06,0.007321134,0.002942536,0.0062533976,0.005205486,-0.004749433,0.0013913085,0.002623114,-0.0037217268,0.0015351677,0.0008150107,-0.002407127,-0.00043682527,-0.006013711,0.0061116596,0.0028441418,0.0026598987,-0.0014156213,-0.0039943852,0.0016609746,0.0027494296,-0.00630939,0.0040854006,0.0052467845,0.0012533858,-0.00086103287,-0.004960157,0.0038458083,-0.0014070307,0.0036029497,-5.227991e-05,0.0066899466,0.005633309,0.0035745106,0.0012562339,0.0046953172,0.008627424,-0.0040343017,0.0036233673,0.0011051433,0.005098517,0.0025432468,-0.0031215022,-0.0003612924,-0.0064675976,0.003157792,0.008564049,0.0062649413,-0.0032606919,0.0015715564,0.0057823802,0.0027048178,0.0039182017,-0.004298448,0.0031330634,-0.00034053694,-0.00057271076,0.0037288552,0.0011053388,0.00033704937,0.0036897294,0.0011915406,0.008281595,0.004419524,-0.0035238785,-0.004465572,-0.002103448,-0.007016561,0.00066359784,-0.0005777,-0.00463338,0.0003874018
40B9651,-0.0017476144,0.0032072142,0.0001036102,0.0052593485,0.001982925,0.0002193546,0.0010361501,0.00077803765,-0.0052888626,0.0018767299,-0.0010019259,-0.0046772435,0.003972816,0.00343888,0.0027855695,-0.0009485365,-0.0010434866,0.004656751,-0.00052577106,-0.0025560863,-0.00095863955,0.0028420244,2.035941e-05,-0.0013915738,0.0027485988,0.0014678763,-0.0012524796,0.0011308988,0.00026305066,-0.00320632,0.0013676553,-0.0011853608,-0.0013086358,0.002850125,-0.003461729,0.004284037,0.0016344568,-0.0019172961,-0.0037512095,7.325364e-06,0.0027847108,-0.0018356483,-0.001584877,0.00029270406,0.0012592336,0.0034856654,-0.0025064799,-0.003684974,-0.0028791486,-0.004646775,0.0011624084,-0.00390953,-0.002714134,0.0013182702,-0.0026831154,-0.0005250486,0.00035529002,-0.0042743436,0.0005553416,-0.0025749085,-0.002029996,-0.0036481111,0.0045237765,0.0009939276,-0.0010945024,0.0024597277,-0.0020139366,0.002832756,-0.0048603355,0.0032502892,-0.004321154,0.0028706435,0.0023665822,0.0007390797,-0.0006979764,0.0019887348,-0.0002962824,-0.000115790775,-0.0026455475,0.0013424496,-0.0018577821,-0.0040090675,-0.00021527111,0.00021387837,-0.0010103153,3.4837798e-05,0.00082403095,-0.00517443,0.0032429423,0.0028029936,-0.002750288,0.0018658275,-0.0010768311,-0.00232051,0.0027796275,0.0025122971,0.004463312,0.0022421437,0.003907913,0.0017168183
40B9431,0.0040062596,0.00081556325,0.0045089712,0.0022794902,0.0029401723,-0.0090723,0.0010570554,-0.0010130191,-0.00025126454,-0.0021521458,-0.0046507586,0.00071665173,0.00085441675,0.0028981552,-0.0003014104,0.00041370437,-8.4813335e-05,0.0016098801,-0.0015713735,0.0015813556,0.0014721274,-0.002381206,0.0023375214,-0.0006433234,0.0004980946,0.0029478068,0.004330512,-0.0014904158,-0.005176282,-0.0032564302,0.00090385857,-0.004067508,0.0046032607,0.0010053426,0.0026501226,-0.0005183639,-4.2903004e-05,0.00047282316,0.00010854768,0.00017574639,0.0006991585,-0.004256435,-0.0028147032,-0.0012520602,-0.005921221,0.0016907739,-0.00095163484,-0.0032516192,-0.00010016896,0.0031446952,0.0029012668,0.00062279,0.0030965796,0.0001448982,-0.0033785624,0.0061140014,-0.0036854479,0.0016994798,-0.0025395735,0.0006638309,-0.0020314222,-0.0057158982,-0.00096395815,-0.00096783246,0.0046720365,0.0005990906,0.007622308,0.00051725865,0.002289002,0.00024546636,5.827844e-05,-0.0031393692,0.0022050787,0.001614826,-0.00016748079,0.007985175,0.0042679617,0.0017108986,0.0010481604,0.0046968576,-0.003850149,0.0074093044,-0.00033236854,-0.0023604794,-0.005667749,-0.0035709227,0.003938925,0.0029847417,0.0016084546,-0.0034952227,-0.0017416703,0.0025627927,-0.00078566174,-0.0006329913,-0.0031673268,0.0010487163,0.00073895406,0.0037505417,0.0023045186,-0.0001009189
40BQ421,-0.004131208,0.002236636,0.0009807606,0.0028873489,0.0014255524,-0.0032221456,-0.0026827722,0.0023099047,-0.0016214825,0.0006999743,-0.0019428596,-0.001855829,0.00055754435,0.00070873543,0.0015316309,-0.0012251029,0.0043719867,0.004641009,-0.0016855618,-0.00053802715,-0.001588146,-0.0014486273,0.00011399868,-0.0018527734,-0.0017511336,0.0010539208,-0.00021966454,0.004685397,-0.0012560776,-0.0008897368,0.003799233,-0.0031855565,-0.001797677,0.0010444333,-0.001506571,0.004663261,0.004444267,0.00017114021,-0.001045092,0.005289657,0.002827308,-0.0003974888,-0.0032228797,0.0042993217,0.0010177157,0.0065907785,0.0016636697,-0.0045261765,-0.0019131064,-0.0016896728,0.0006245283,-0.0016761537,-4.345039e-05,-0.0028158631,-0.003228128,0.001956135,0.003257793,0.00036657322,6.4337255e-05,0.0001382484,-0.0019585877,-0.0004471505,0.00038406663,-0.0013396485,0.0008533265,0.0008017413,0.0013204728,0.0034196381,-0.0010335821,0.003619394,0.0003588468,-0.0015775465,0.0026250419,0.0036669318,0.0012770839,0.0005678717,-0.002602477,0.0022723312,-0.0010164201,-0.00040865323,-0.0054788333,0.000772484,-0.00051344297,0.0011607836,-0.0013386391,-0.00075350836,0.0011046596,-0.00249507,0.003704358,0.00027542474,-0.0025664244,-0.00024865344,0.0016259014,-0.004859294,0.0004929902,0.0013507145,0.004054345,0.0017777372,1.1908635e-05,-0.00048678758
40UN160,-0.0028117176,0.003206869,-0.00409675,0.002484055,-0.0004513244,-0.0026360734,0.00047863982,0.0026580172,0.0025183328,-0.0007482117,-0.00085973676,0.0047925566,0.00086355815,-0.0011083911,-0.00046631927,-0.0040134634,0.0008948439,-0.007313101,-0.001318885,0.0010942513,0.00039679278,-0.002134987,0.0021547896,-0.0017780369,-0.004159422,0.0013779491,-0.0013531797,0.0018988429,-0.0010841907,0.004774581,-7.900767e-05,-0.001907812,0.00037487588,0.0011501595,-0.0019266326,0.002469193,-0.00033377716,0.00220564,-0.0019579248,-0.0009203186,-0.0017356024,-0.0008974119,-0.0007556011,-0.0034501127,0.00041073063,-0.001192348,0.001470651,-0.0006849886,0.00046244435,0.00044797733,0.0024964316,-0.001066941,-0.00021172369,-0.00075178215,0.00047160135,0.001461015,-0.00015291527,0.0016878167,-0.003804919,-0.0049599553,-0.002403656,-0.0003218632,-0.00011121606,-0.00083458266,-0.001743093,0.0017848951,0.0018371594,0.0022965511,-0.002991832,0.001294457,0.0021500897,0.0018788762,0.0015675449,-0.00025362143,-0.0002860146,-0.00421701,-0.0018175155,0.004624884,-0.0018482091,-0.0004499948,-0.0006815013,0.0033538898,-0.0014825849,0.0032087036,0.0018664353,-0.0046143546,-0.00074144424,0.0022923863,-0.0010936566,-0.0017841645,0.0021253445,-0.0006483457,0.001193938,-0.0025789496,0.00039496794,-0.0020427953,0.0005084059,-0.00089044916,-0.0015822238,7.0277914e-05
40B9662,-0.005198205,0.0015905527,-0.0018966921,0.001333095,0.004326557,0.0031415748,0.0013217368,0.0017262419,-0.007113764,0.0064430847,-0.0023254047,-0.0034993538,0.0060182987,0.0025000975,0.0037760544,-0.004634658,-0.0029034456,0.0038629947,-0.005082952,-0.0020760777,-0.0017386563,0.002847368,-0.0026049349,-0.0052420874,-0.00024941866,-0.0023031142,0.0032493605,-0.00045443303,-0.0021921145,-0.0051142434,0.003065961,-0.005648719,0.0003940739,0.005814935,-0.0019727526,0.0032489728,-0.00040960737,-0.00012712972,-0.002340483,0.0018978436,0.0011035358,-0.00052636,-0.004246957,0.0030940669,0.0037267096,0.0041794605,0.0005176009,-0.0024784724,-0.004174836,-0.004875754,-0.0019122721,-0.0019818712,-0.00095037126,-0.0007383076,-0.004088206,0.0015190215,7.819937e-05,-0.0001828663,0.0009510772,0.001151362,0.0022271525,-0.0029695532,0.0030003097,-0.000912195,-0.00044386776,0.00026467,-0.0010258605,0.0035098884,-0.0022537038,0.005313367,-0.0020593172,-0.00058105076,0.0030441307,0.00010299729,0.0014151107,0.0015149636,0.0011113116,-0.0011995628,-0.0021577305,-0.0014150614,-0.0003369661,-0.0054010493,-0.0016918702,-0.00024979596,-0.00039799974,-0.0010384945,-0.00049043796,-0.006445329,0.0025014407,0.002776891,-0.0009682537,0.0040323385,0.002941874,-0.0015793924,0.004999362,0.00588979,0.005441674,0.0020096528,0.0046085045,-0.0016235797
40BR222,0.0009913218,0.0033068962,0.0019910422,0.00563141,-0.00019129652,-0.005349494,0.0037593308,0.0033929127,-0.0017393875,0.0020630204,0.00053149596,-0.0019758458,-0.00047769755,-0.0024751127,-0.0011598199,-0.0026581537,-0.002831797,-0.005400128,-0.0018655324,-0.007409042,-0.0012332629,-0.0077607953,-0.0008443072,-0.0054257736,-0.0015605735,-0.0038042364,-0.006509436,0.00417447,-0.0031435888,-0.0022594717,0.0033357793,-0.00052446226,0.005363802,-0.0003672759,-0.0010817759,-0.0018567904,0.0047626677,0.0006369298,-0.007182732,0.00013728859,-0.0048373044,-0.004544095,0.0040717847,0.0015064338,-0.0003558017,-0.0023724253,0.0035435064,-0.0019519901,0.00031095033,0.0052696946,-0.0016787592,-0.00032149348,0.0056788996,0.007367,-0.0032424151,-6.927069e-05,0.003485291,0.0020591584,-0.0031743997,0.003988819,0.00016959182,-0.0011118556,0.0043717115,0.00059707114,-0.006065965,0.0011932362,0.0032849784,0.0016444358,-0.002537851,-0.0013178149,-0.0013345414,0.0010239383,1.3436035e-05,0.0029451062,0.0037487273,-0.00043241738,-0.002742429,0.0028052207,-0.0020133543,-0.0043157428,-0.002550694,0.0017650146,-0.0026857862,0.0020479339,-0.0037279732,0.00075715827,0.0011853889,-0.0023234368,0.005555155,0.00307596,0.0037097726,0.0008095063,-0.0020685743,-0.00065294345,0.0076153465,-0.0030540812,-0.005155071,-0.0029375777,-0.0055917464,0.000111945286
432N861,0.0017033839,0.0016562843,-0.0026810106,-0.0042175353,0.0040960712,0.003823764,-0.0015901721,0.00084575673,-0.00076636387,0.0038722958,0.00055000675,-0.0033979022,0.0022805827,0.0030918953,0.0034384178,-0.0020452426,-0.00020777693,-0.00058237347,-0.004849647,-0.0056316145,0.00034627225,-0.0054280655,-0.0069916155,0.0043508066,-0.00038361677,0.00032646174,-0.0007077773,-0.0009153316,0.0014105388,-0.0006299752,-0.004593697,0.002867863,0.00076125725,-0.004593214,8.679222e-05,-4.9025606e-05,0.0013424917,-0.0024365047,0.0024130712,0.00020714372,-0.003974995,-0.0024867263,0.0019365805,0.001211074,0.0014727631,-0.0018331755,-0.0011299878,0.003870431,0.0011163648,0.002830462,0.00034541567,0.00085616147,-0.0027872014,0.00035782368,0.0030523322,-0.00032512518,-0.00019753323,0.0019408602,0.007371699,0.0002077882,0.000867251,-0.001965537,-0.0035910439,0.0049018343,0.00031142472,0.0021473994,-0.0006415276,-0.0021226092,-0.003640871,-0.0015062032,-0.0023913567,0.0035349152,-0.0025495505,-0.0011616994,0.00020533256,0.0014836643,0.0020977492,0.00019936415,0.0025640526,0.0016392581,-0.0016802014,-0.002657685,9.903242e-05,0.0012595254,0.0010692476,0.00028748112,-0.0010992079,0.005135257,0.0042549944,-0.00022924319,-0.004181741,0.0031427324,0.0023554903,0.0004215129,-0.00020767841,-0.0020578902,0.0035991783,-0.002083652,-0.002430094,-0.0028306644
409R181,-0.0011187916,0.0029787675,0.00021466862,-4.1866053e-05,-0.0025267052,0.00043316776,0.0003804881,-0.0060749673,-0.0055235303,-0.00051433925,0.0056790095,-0.0016032812,0.0009387092,0.00048243304,0.0040410487,-0.0027596073,-0.0017863956,-0.0029349972,0.00039940118,0.004413686,0.0044410736,0.0064023384,0.007438755,-0.0035547533,-0.0016920274,0.00074216834,-0.001356433,-0.002372004,0.0008700274,-0.004963825,0.0018807115,-0.002536474,0.0032631003,0.0027440798,0.0038843954,0.00085533614,-0.0034762754,0.0020138533,-0.003179105,-0.004735774,-0.006516392,0.0016465472,0.00028250748,0.00034966445,5.0685834e-05,0.0012260984,0.0034116853,-0.0009485171,0.00062377955,-0.0013625957,9.885166e-05,0.005987827,-0.00081382896,-0.0015629627,0.0078577595,-0.00260841,-7.774964e-05,-0.00073607947,-0.0010829902,-0.0073475577,-0.0038732102,0.00093241903,6.0192466e-05,-0.00039600828,-0.004828232,0.0020218964,-0.0034751939,-0.0011714493,-0.0046364134,0.0030131266,-0.0033927758,-0.0019911048,0.0049790223,0.0032749504,-0.004599908,0.0014489806,-0.0018546266,-0.0032017038,-0.0071159303,-0.0010306049,-0.004781356,-0.0034959186,-0.000987323,0.0025826506,0.0022063528,8.761169e-05,-0.00077650923,-0.0015585031,0.0011398579,0.0047102473,-0.0022472893,0.0004812375,0.000972626,-0.001897389,0.0014703189,0.0031322332,-0.0015997064,0.0071551967,0.00020966174,-0.0061137155
40KN021,-0.002449125,-9.945431e-05,-0.005075382,-0.009276615,0.00059215596,0.001346779,-0.0007733125,-0.0012129499,0.007071512,-0.0014548588,-0.0008964775,0.0045320047,-0.003955875,-0.0036435728,0.0073103053,-0.0036725905,-0.0011993446,-0.00030025956,-0.0029545384,-0.0029038899,-0.0043920306,2.6373658e-05,0.004097267,-0.00019440276,0.0045212917,-0.0028812187,-0.0011178034,-0.002353723,-0.0060007633,-0.0016863123,-0.005805244,0.00069534685,0.00788348,0.0034147045,-0.007518255,-0.006010719,-0.0076124393,0.00037249713,-0.0008933082,0.002036663,0.0027631754,0.006472794,-0.007052495,-0.004009023,0.004802984,-0.0007002242,4.496053e-05,0.001134686,0.007920211,0.0011745311,-0.0016955246,0.00093824876,-0.0002454517,0.0026675882,0.0011249036,0.0021449486,-0.0008970988,0.0020026725,0.0014140958,0.005862618,-0.0009239556,0.0025434014,-0.0016444456,-0.0012686426,0.0016950638,-0.0008454151,-0.0039218413,-0.00017933361,0.0037298528,0.0028347978,-0.009194408,0.0005880294,6.693718e-05,0.0030376501,-0.0026120408,-0.0041450327,0.0039075036,0.00097804,0.006774362,-0.00045161764,0.0048688576,0.0063524055,-0.0027542075,0.0028800268,-0.0032549282,-0.0021232746,0.0014404495,0.0005306074,0.003329605,-0.0040775123,0.004345822,0.0074537313,0.0013181397,0.00036936323,0.0026772474,0.0043143295,0.0045605283,-0.0050797015,0.0047093704,-0.00014803995
433N171,0.0008746457,-0.0031305815,0.0017597456,-0.0031253577,0.0004844973,-0.0023984748,0.003480566,0.0055557485,0.004798572,-0.00074559095,0.0037189957,-1.4361343e-05,-0.0067640203,-0.0019970872,-0.0053462014,-0.0036424187,0.0029252374,0.0024988155,-0.0013259411,-0.0024058763,-0.00014392333,-0.00016321738,0.0039936244,-0.00036451928,0.0024612707,-0.00040457142,-0.00057163864,0.0034863,-0.0022235732,-0.0004813665,-0.0018039817,-0.001603206,0.0047763265,-0.0013750653,0.00046675978,-0.005495889,-0.0011692066,-0.0067251096,0.0026554514,-0.0029889068,-0.0021976742,0.0037244398,-0.0013267534,-0.0039193365,-0.0029757218,-0.0034137375,-0.002428406,0.0041709593,-0.0011294001,0.006993637,-0.00042769997,0.00086860824,-0.00033202782,0.0012329058,0.0005993086,-8.773012e-05,0.0032718796,-0.0011573406,0.003133557,0.0066889655,-0.0023825043,-0.0027572012,0.0022523094,-0.0016668355,-0.00034972254,0.0038896643,0.00032312868,0.0015149318,-0.007008433,0.0007698995,0.0008414414,0.0059433375,0.00039465612,-0.0051799943,0.0035129301,-0.0025281103,0.0043826704,-0.003724897,-0.004840195,-0.0051957727,-0.0058325455,0.0057219886,-0.000855745,0.007341524,-0.004964329,5.354418e-05,0.005584499,-0.0057652406,-0.0045468886,0.00019755059,-0.0016861213,-0.0023191369,0.0022520174,-0.0023215548,0.004170924,-0.0007823254,-0.00130255,-0.0013110299,0.0004749283,0.0026323635
40B9572,0.002554792,-0.00012352016,-0.0025351942,0.0034999484,-0.00608581,-0.004674377,0.006071031,0.0035122614,-0.00510759,-0.0047758017,6.8724505e-05,-0.003226895,-0.005009502,0.0009784377,-0.0020860035,0.001089691,-0.0009952474,-0.0023116553,-0.0011979332,-0.0045540044,0.0018872146,0.0032279883,0.0051711965,0.005264743,0.003096249,-0.0017952609,0.000987197,0.0016545864,-0.0015453042,-0.001422058,-0.00034055422,-0.001419267,0.0045782365,-0.0017119568,-0.0010797152,0.0023318343,0.0041974904,-0.0014452469,0.0043468475,-0.0019770092,-0.0028620018,-0.0027354416,-0.0016700028,-0.0019265676,0.0017955231,0.0029399483,-0.0044880854,0.003525277,0.0013188152,0.001454762,-0.0008866714,0.00512178,0.0021782634,-0.0045863017,0.0013192056,0.002646957,-0.0007122591,-0.0014621196,-0.0044199987,0.00054043374,-0.004077841,-0.00031383842,-0.0002272802,-0.0006165907,0.00011576433,0.001378349,-0.0004751831,0.0028821,0.0014120706,0.0040820744,0.0021533892,0.0018676254,-0.0018174666,-0.00078476453,0.0017409639,0.0019006744,0.0019367328,-0.003175456,0.005126442,-0.0010926088,0.0021840082,-0.001494682,0.0015024396,0.0028892825,-7.5127056e-05,0.0043288176,0.0033816497,-0.0010279198,0.001947656,0.0038582205,-2.9761111e-05,-0.0004363777,0.0028763646,-0.004354826,-0.002479271,0.004920994,-0.0028468468,-0.0052067786,0.0040270616,-0.0016558251
40IN101,0.001971024,0.0024630672,0.006360249,-0.009829007,-0.001918489,-0.003765583,-0.00010588361,0.0039900267,-0.002223668,-0.0037474725,-0.0003197516,-0.0064698462,0.00273605,-0.006509216,-0.0016488368,0.004577124,0.0013022296,-0.00078059686,0.0004226435,-0.0072589964,-0.0005939223,-0.0017084758,0.0028025329,-0.0011571335,-0.0012356903,0.0057430738,0.0036985602,-0.0005053104,0.0061701313,0.004610214,0.0012809585,-0.0023431315,0.0062056854,0.0014168421,0.00079828984,0.0020425078,0.001729155,0.0015387802,-0.004230158,-0.0039612786,-0.0048644743,0.001724787,0.002749106,0.00040887608,-0.0022646615,-0.0009565794,-4.84637e-05,0.004948775,-0.006861746,-0.00084270135,-0.004346901,-0.0046740645,0.001438363,0.0004045505,-0.0012707053,-0.0038085366,-0.0024283256,0.0010686825,0.00030790284,0.00017613459,-0.00018035497,0.00047825556,0.0019571998,0.0018576708,-0.006613375,0.0020305829,-0.0050413716,0.0017725666,0.0002477276,-0.0015904643,-0.00032619582,0.008446633,0.000624358,0.0037158353,0.0018266874,0.0050955247,0.00047826828,-0.0009819003,-0.004266335,0.0034469676,0.0026978198,0.0040922244,0.00039484227,-0.0007210728,0.0027163941,0.0048112627,-0.0006833651,0.004379261,0.0022349788,0.001216489,0.0011998942,0.0031312064,-0.0014351085,0.0054685497,-0.0009528105,0.0016817562,-0.0024624679,-0.00259235,0.0027181357,-0.0022776483
40BQ311,-0.0042673117,-0.00023612198,-0.001710467,-0.0009859051,0.0013379427,-0.00028841943,0.00015861179,0.0039333426,-0.0028550385,-0.00176157,-0.00016995969,-0.0028495488,-0.0040406757,0.0023486342,-0.0010297317,-2.8992692e-05,0.0034166959,-0.00076769065,0.0012466919,-0.0045108716,-5.5095927e-05,-0.0022924792,0.0048519922,-0.00026496593,0.0013693124,0.0012027862,-0.0007132246,0.00049297494,-0.003433999,0.0022353043,0.00684632,0.0006881805,-0.0014482551,-0.0022537156,-0.0015036213,0.0022511014,7.184983e-05,0.0017102244,0.0030168246,4.774111e-05,0.0048220907,-0.004787696,-0.002774292,0.00021597573,0.0017500821,0.0016845647,-0.0009530071,0.00036864795,0.0021187458,-0.0004439995,0.0013690763,-0.0026659586,0.002395896,0.0044846977,-0.0042359745,-0.0008429697,-0.00018277748,-0.0027339126,-0.0017126477,-0.004124364,0.0015265504,-0.00045893728,0.0023642445,-0.001476461,0.0004004436,0.0016336503,9.297114e-05,-0.00040543187,-0.0013571236,-0.0010820882,0.00044913837,0.003810194,0.00074436393,0.0011566613,0.0005153155,-0.0010767268,-0.0011630607,0.0012395832,0.0024860196,0.00048325397,0.001397848,-0.004362378,0.0019815166,-0.000386084,-0.00046655373,-0.004506518,0.0020031293,-0.0013984097,-0.0008216659,0.00066112983,0.0008481741,0.00058524305,-0.0010150875,-0.0015621828,0.002576376,-8.698576e-05,0.0031550713,-0.0018738452,-0.0010321978,0.0020506086
409U403,0.0015997157,-0.0018968894,0.0067316107,-0.0031423469,-0.0013963938,-0.0019334714,0.0019371602,0.0065552504,0.004819877,-0.001061251,0.0014303868,-0.0048551857,-0.0017908976,-0.0005596575,-0.0043293387,-0.0039022851,0.00049793685,-0.00012028491,0.0018190164,-0.0018821253,0.0010348238,0.0024635831,0.0013510134,0.0010323271,0.00051813043,0.0012057626,-0.00586389,0.0048570703,-0.001985687,5.4500375e-05,-0.0036242127,0.0009102281,0.0038180258,-0.0006441108,-0.0021138014,-0.0055283667,0.0016291467,-0.0059905425,0.0035188773,-0.003773149,-0.0027221788,0.0028162498,-0.003945365,-2.572313e-05,-0.0001331588,-0.0017493431,0.0024156102,0.0040849247,0.00084116607,0.0041087605,-0.0012088143,-0.0034855753,-0.00095394877,-0.00393363,0.00481144,-0.0028103932,0.0026869157,-0.004104867,-0.00051112863,0.006753935,-0.003204057,-0.003097791,0.0019818682,-0.002083482,7.1125374e-05,0.00050760055,0.00394347,0.0006214737,-0.0024218566,0.0035556133,0.0022590307,0.0018189225,-0.00029579506,-0.0024299177,-0.0007531739,-0.0025519861,0.0057995305,-0.005424274,-0.0054818797,-0.0047957767,-0.004406311,0.0053585363,-0.00029956814,0.008928754,-0.00053052447,-0.0018114005,0.0066008717,-0.0025972133,-0.0012741484,0.0034047272,0.0033322368,-0.002768215,0.0050675143,-0.0009802248,0.006749121,0.0015770774,-0.0018344801,-0.002111791,0.0019826018,0.0030504018
432N082,0.00076761283,-0.00047198078,0.004018927,0.0026689782,-0.0022429498,0.00056370907,0.0011996244,0.0049210116,-0.001184949,0.0028424324,-0.0068362644,0.007022164,0.0050716205,-0.00659726,0.00019226654,-0.0018161344,-0.0051325825,-0.00068160775,-0.002496413,-0.0036456527,0.0030071395,0.0004403805,-0.004117804,-2.3386441e-05,-0.0029774124,-0.0015525783,0.0073767565,-0.0018429777,-0.0002681117,-0.004658956,-0.0037498844,0.005846736,0.008462644,0.00206862,0.005539996,0.002730545,-0.0050833942,-0.0035664304,-0.0005736201,0.0006647459,0.006582723,0.0068731466,-0.0034031374,-0.008021572,0.0009419522,-0.002550364,-0.0014339273,0.0012618591,0.0054548043,-0.007055195,0.001232479,-0.0039328863,-0.00044287177,0.0034433696,-0.0006927182,0.0011750193,-0.0082397135,-0.00041454937,0.0050397944,-0.0021070954,0.0026298258,0.0064787976,-0.004735946,-0.00063533586,0.0075127436,0.0050694984,0.0008729864,-0.0016785754,-0.0023687803,-0.0024076153,-0.0032568397,0.0020843782,0.002066506,-0.0053638034,0.006388363,-0.00469334,0.003989423,-0.0051400894,-0.0028760273,0.002243138,0.00091949897,0.00024166738,-0.0023220372,0.0028542345,-0.0026679914,-0.002765331,0.0012038704,-0.0022690897,0.005053412,-0.0036052004,0.0072405096,0.002584816,-0.000115815084,0.0043071737,0.007056332,-0.002849516,-0.0037658655,-0.0009915755,-0.003095415,0.0052383207
40BQ341,-0.00036521396,0.0038021319,0.00053348445,-0.0025000707,0.0035976267,-0.001099612,0.0015828467,0.0036806155,-0.0015043898,-0.0039250283,-0.00013867473,-0.0018884625,-0.002211334,-0.00017739739,0.0007877824,-0.0012782296,-0.0002505458,0.0017304114,-0.0004962939,-0.0035522785,0.0020767865,-0.0025238579,0.0022639164,0.00041596685,-0.0021639068,-0.0016173968,-0.0007462962,-0.0021583063,5.1063886e-05,0.0014586431,0.00025737597,-0.0035830743,-0.0010476436,-0.0056260237,0.0021898511,0.002157377,0.0003667289,0.006837134,0.0040035388,0.0015578449,0.0057530724,-0.005594953,-0.0021046514,0.0044689104,0.0015639344,-0.0026602542,-0.00028728016,-0.0009289296,0.0014327,0.0014555593,0.0047801854,-0.00010242686,0.003644558,-0.00033941978,-0.0020295593,0.00033421096,0.004874069,-0.00021998158,-0.0014587237,-0.001086219,-0.00076226203,-9.474078e-05,0.00078941596,-0.0009669447,-0.00067673303,0.004318121,0.0027684744,0.0010119767,0.0020099662,-0.0008256308,-0.0012390905,-0.0026009243,0.0016614752,0.0035806168,0.001541634,0.0011270328,-0.000783062,0.0043847454,0.0036872008,0.0010302442,-0.004555753,0.00038264165,0.0015628051,-0.00373222,3.385198e-05,0.00080138765,0.0026002605,0.0006242288,-0.0003776932,-0.00020206846,0.0024012772,0.0006040028,0.0019809247,-0.0018634131,0.0045163073,0.0004807724,0.0009400122,-0.0010718668,-0.0036991867,-0.00015352806
409U163,0.0018290945,0.00023284229,0.0049139187,0.0059712892,-0.0039304094,-0.0070898915,-0.00085596205,0.0016475501,-0.00615426,0.0028491886,-0.00072494964,-0.005467463,-0.0007937086,0.0074048853,0.0010732792,-0.0032288334,0.0047435137,0.0007432902,-0.0061564455,-0.0074294293,0.00275755,-0.0015621516,0.0038984865,0.0039807945,0.0015513021,-0.0003955384,0.0017989266,0.006644822,-0.0069992533,-0.0006410519,-0.004602217,0.0016998616,0.003553757,-0.0075131287,-0.0007098096,-0.005798159,0.008331666,-0.007114456,-0.0003491815,0.001081693,-0.007656927,-0.0021857948,-0.0064674504,-0.006219569,0.0032599664,-0.004084284,-0.006219861,0.00042979512,0.0074084233,0.0029646973,-0.006958298,0.003202268,-0.0018583725,0.0045875576,0.0031449823,-0.005507784,-0.0004093079,-0.00787918,0.0029942642,0.009384657,0.00047776464,-0.0034508067,-0.0030617372,-0.0014868823,-0.0036696764,0.0055970373,0.003037307,0.0018481417,-0.004889728,0.005995768,0.0028175588,0.0023061656,0.00073922594,-0.0079508,-0.0022871948,0.0038811238,0.0038876096,0.0011998608,0.0036115376,-0.006286061,-0.002990231,-0.0031211358,0.0068370476,0.0015663132,0.00014436455,0.002179617,-0.00094441767,-0.0016440696,0.0030718818,0.0011213452,0.0011998306,-0.0006765638,0.0048558526,-0.0015188642,0.0028541507,-0.001720856,-0.0061810436,-0.0021514986,-0.00036282832,0.0036271242
40RQ151,-0.0031090511,0.001876268,0.0033284158,0.002012243,0.004541049,-0.0003278182,0.005815304,0.0020401953,0.00033901213,-0.00055147335,-0.0031410435,-0.005930613,0.0011159967,0.0021913247,-0.0021099672,-0.0024928679,0.00013432198,0.0018215325,0.0011378542,-0.002622163,0.007588142,-0.0031945999,-0.0032773463,-0.0014750743,0.0023561975,-0.00209624,-0.00042959058,-0.0016970027,-0.0034675049,-0.0012274462,0.0026646322,0.0014638301,-0.002108179,-0.006896926,0.0019484798,0.0007449739,0.0035839085,0.0041300487,0.0034221048,2.9682415e-05,-0.0006232655,-0.0019563662,0.0005201923,0.0025813128,-0.0019375738,-0.0027457252,0.0012015727,0.0020438891,0.0048586214,-0.0009433264,0.0043500806,-0.0020651405,0.0017160563,0.005728778,-0.0045642257,0.0022561844,0.0006971834,-0.0009827848,-0.0070008095,0.0050759492,-0.0023784838,0.003127392,0.0016137889,-0.004107578,-0.0032974654,-0.0015342435,-0.00040942302,0.0028787765,0.0034170367,-0.00022446841,0.00041539338,0.00045009865,0.0010018232,-0.0003671887,0.0034370224,0.00044997386,-0.0008581698,0.0018464401,0.0014435197,-0.003201771,-0.0037884377,0.0009594896,-0.0021813344,-0.004976034,-0.0023571628,-0.0035435641,0.0046594306,-0.0010548247,0.0047921464,-0.00032633712,0.0014075418,0.0037577306,-0.0018184574,-0.0020292986,8.023088e-05,0.0024346795,0.0006445785,0.0009925627,-0.0015541434,0.0021962116
40UN130,-0.005516155,0.0031081731,-0.0043274686,-0.0043921755,0.0014572033,0.0009868144,-0.0011797606,-0.0010555441,-0.0028953021,0.0044110273,-0.0035556725,-0.0006778698,0.002182284,-0.0032918446,0.005620178,-0.0022218116,0.003206517,0.0026292203,0.001349217,-0.003937281,0.0029386196,0.0003059823,0.0012752234,-0.0006935338,0.0043584406,0.0014424374,-0.0022198434,-0.0032459286,-0.00056061905,0.0008243916,0.0004951139,0.0016579872,-0.0013311465,-0.00017333013,9.180047e-06,-0.00034654286,-0.002837937,0.0017699781,5.988599e-05,-0.0021076933,-0.0036132918,-0.0011248104,0.00020389757,0.0054985965,-0.0027603805,0.0010143194,-0.0011953502,-0.0014643164,-0.00069107406,0.0017974541,0.0015329152,-4.804734e-05,-0.004282813,-0.00094187644,-0.0028840424,-0.0020830818,0.004719228,0.0023889057,-0.003721212,0.0019099344,0.0035648807,0.00043685787,0.0021232776,-0.00020788627,-0.00023317861,0.0050206296,0.0030141976,0.003384512,-0.0023679822,-8.2515995e-05,-0.003767156,0.0040173815,0.00024354679,0.0015493183,0.002954478,0.0008792969,0.0018647658,0.0030150607,-0.0033344813,0.0014703857,0.0008913926,-0.0018752033,-0.00097212766,0.000946195,0.0015523912,-0.00022001355,0.001038818,0.0012527737,0.0018483708,-0.0016852362,0.0007234446,0.0046792184,0.0010070708,0.001050269,0.00378926,0.0038560212,0.0056517515,0.0009963094,0.0025248688,-0.0026955674
409Q702,-0.0004313861,0.0038952641,-0.0023960206,-0.0041392976,0.00387382,0.00247125,6.579424e-05,0.004272102,-0.002983523,-0.00081100984,-0.0032382968,-0.003957429,-0.003374792,-0.0020291018,-0.00082594214,-0.0024256627,-9.65843e-05,0.0023941137,0.0013181468,-0.0017606269,-0.0016121755,-0.0033339064,0.004077331,0.0005057482,-0.0013517139,0.00036883974,0.004629772,-0.0004936511,-0.0021318414,0.0012460434,0.0024262448,-0.0033566325,-0.0024298762,-0.0034273486,-0.0006806126,-0.0023450926,0.004259305,0.0024944374,0.00045996142,0.0019487413,0.0015649137,-0.0013219479,-0.0034953405,0.0016473014,0.0010973793,0.0008044123,0.0010604671,0.0019670501,0.0007549329,-0.000194065,0.0022450662,-0.0017652471,0.0050507486,-0.0037401065,-0.0032968938,-0.0038017384,0.0014045772,-0.003692607,-0.0013054844,-0.0040627634,0.0023506172,-0.0033087998,0.0049424004,-0.0011132082,-0.002307717,0.0017961217,0.0025003203,0.0026817555,-0.00505788,0.0022449833,-0.00046680178,0.00053876603,0.002180682,0.0007815693,-0.00213719,0.003179396,0.0012252551,0.005196267,0.0021623985,-0.00077278476,0.00047143604,-0.005297265,-0.0011626249,-0.0038626168,-0.0014945527,-0.004736443,0.0016537231,0.00030423515,-0.0014853913,-0.0012684059,0.0032751437,0.0021582325,0.0020659077,0.000824692,0.0051921695,-0.0012060172,0.0010558304,-0.0004705512,0.0008771649,-0.0009162179
409Z511,-0.00060461793,0.0021745493,-0.0018309057,-0.0006329488,-0.0033025474,8.525038e-05,0.0012871065,0.0010262972,0.00068239233,-0.0008778117,-0.0019057123,-0.0025021706,0.005182267,0.0022815526,0.0007103172,0.00038095788,0.0007286143,0.0029447554,-0.004109592,-0.0024097667,-0.0028568562,0.0026163715,-0.0036038489,-0.0010422526,-0.0033983998,-0.0026101507,0.0052366876,-0.004738486,0.00050170784,0.0005324253,0.0016713694,-0.0014522377,0.0019061081,0.001433328,-0.0059028952,0.0027346215,-0.0017731052,-0.0056857863,0.002520014,-0.00034750625,0.001208845,-0.00030132808,0.0057547316,-0.0017556312,0.0018814094,0.0014354598,0.0008053463,-0.0025357583,0.0006011642,-0.0018687733,-0.00075401145,-0.0015487502,-0.0013276743,-0.0033727072,0.0017249113,0.0028119888,0.004827608,0.0014169235,0.0013169374,-0.0016384417,0.0042037377,-0.0014980274,0.00066757156,0.0007375634,-0.0008233564,0.003817325,-0.0021115537,-0.0010986711,-0.005703251,0.0018966885,0.0024228194,-0.0010643147,0.002889424,4.1907584e-05,0.0023430504,0.0060192905,0.0025115586,0.0021049653,-0.0010567971,0.0014584933,-0.0005735471,-0.0023965253,-0.0036866583,0.0043968624,0.0048957043,-0.002123772,0.00027019848,-0.00096982985,0.0031249872,0.00026622028,-0.0001499028,-0.00064094516,0.0016569719,-0.0005062599,-0.000511476,-0.0011223184,-0.0011944063,-0.0007856138,0.0049439273,0.00018308777
40RR072,0.0048409817,0.0036791514,0.0036888856,0.0005628543,0.0028166955,-0.0047696414,0.0047065155,0.0005331363,0.0021190676,-0.0056640715,0.0040752366,-0.0008376821,0.0010754053,0.0029521852,-0.0012870386,0.0067334976,-0.0008434686,0.002849092,-0.0059602503,-0.0071697575,-0.005586233,0.0036171712,-0.0012671602,-0.0016669637,-0.005695405,0.005956083,0.0014492432,-0.0014167946,-0.001015871,0.007664697,0.0009031182,-0.0016165517,0.0006998685,-0.003624549,-0.0028987203,0.00039781895,-0.0015999252,-0.00041389253,0.0008960247,-0.0026267015,0.0058311024,-0.000575265,-0.0014252961,-0.0011156372,0.004186261,-0.00065964623,0.0004659526,-0.002408704,0.0047324453,0.00016234333,-0.0042232857,-0.0017462551,0.0029466434,0.003458015,-0.0011722496,0.006335447,-0.007156502,0.0005340046,-0.0002796479,-0.00020196901,0.007370549,-0.0065014116,-0.0006699865,0.007374598,0.005807876,0.0011571868,0.0019412516,-0.0032885727,-0.0012951397,0.0015685,0.001534328,-0.00016636914,0.003186953,-0.0047739292,-0.0020273968,0.005548796,-0.0018041418,-0.0027798277,-0.0007035523,-0.0034172207,-9.607834e-05,0.0013541862,-0.0059262835,-0.0024394784,-0.0029028673,-0.0014191493,-0.00083504553,0.0076615536,0.0030978832,0.0019173557,0.0037834179,-0.00024934826,-0.0012338869,0.0039916593,0.005089387,-0.0007411914,-0.0015129155,-0.0041963635,0.00013034263,-0.0016990089
40BC071,-0.0047656354,0.006417546,0.0071796146,0.0035480002,-0.0011989241,0.00056509906,-0.004749249,0.0031031088,0.00059266295,0.002073989,-0.001641932,-0.0013286219,-0.00082112226,0.004458953,0.002402203,3.581106e-05,0.0017788514,0.002361461,-0.0023201413,0.0020294932,-0.0020721187,-0.0037525364,0.0011615249,-0.00043461937,0.00040272265,0.0017431885,-0.0038365547,0.0015349771,0.003801775,0.0028592478,0.0043085297,-0.0060011507,-0.0013696154,-0.0038348287,0.0021718845,-0.0053017545,0.003821661,0.0014361945,0.00477643,0.00026393155,0.0012496617,0.0006201882,-0.0043126703,-0.0029658035,-0.006442815,0.0021062107,-0.00089332537,-0.0012755346,6.1575636e-05,0.00079681305,0.0016650882,0.001521117,-0.0014928448,-0.00054880814,-0.00041433147,0.0025211785,0.0051114154,0.00060380314,-0.0005021075,-0.0011557713,-0.006152295,0.004657133,-0.005781824,0.00028664913,-0.00073352485,-0.00025418913,0.0051744175,3.7284568e-05,0.0016503591,0.0059683337,0.001092486,-0.0040596756,-0.0010725103,3.6984526e-05,-0.0006094878,-0.006181671,0.0010502068,0.0022281732,0.00089810183,0.0037891732,-0.0061573065,-0.002866401,0.0037638173,0.00063686044,-0.0034973768,-0.0016624661,0.00017167199,-0.0024453083,0.00091983617,-0.0023923188,0.00072404766,-0.003122027,0.0016890963,-0.0024748836,-0.0019118673,0.00039373533,-0.00037702158,0.0034580398,-0.005224054,0.004578075
40BQ512,-0.0020591328,-0.0017550432,0.000612253,-0.0046239784,0.0073131663,-0.006471373,-0.002536341,0.0065980284,0.00793422,-0.00017922127,5.2573392e-05,0.0042254115,0.00034532044,-0.0034147752,-0.0015493124,-0.0011464404,-0.0047229044,-0.0033823252,-0.0021822408,-5.1498413e-05,0.003526987,0.0018454588,-0.0011258791,-0.0018576109,0.0060062194,0.004452724,-0.003598824,0.004920977,0.001128395,-0.0023181753,-0.0071733,-0.0024764314,-0.0016185483,0.0012526298,-0.0017283501,0.003841424,-0.0007468224,-0.0035592788,9.216135e-06,0.0016376774,-0.0008875392,-0.0020795173,-0.0012801999,-0.004334883,0.0045504267,-0.00832409,0.004539948,-0.0065368493,0.001795745,0.0022472872,-0.006716119,0.002062854,-0.0049015004,0.0044545806,0.0084575955,0.0027253658,0.0047383755,0.0014821179,0.0013074576,0.0002709506,-0.0013862045,-0.0060916906,0.0002839383,-0.00757539,-0.0029880325,0.004648495,-0.0012826741,-0.00656374,0.004847288,0.0044281343,-0.0014801039,-0.0039517796,-0.00027920678,0.0075828754,-0.00318931,0.0033030075,0.0022070943,-0.0067278035,-0.0057475897,0.0018356179,0.0031193565,-0.0045817015,-0.0023106278,-0.0046805087,-0.0031406744,0.0051119616,-0.003712893,0.0029959735,0.00069627445,-0.0007343837,-0.0032636798,-0.005883728,0.003649493,-0.00044830676,-0.0014278471,-0.0031372565,0.0038148332,0.0022973565,-0.0061222743,-0.0020619635
4065083,-0.0040075807,0.0040279864,-0.002274355,-0.0024954241,0.003123055,-0.002587683,0.003819087,0.0014638675,-0.000104170525,-0.0025806583,0.0032747264,0.006374115,-0.0015432962,-0.0041963644,0.0033557822,-0.0034740183,0.0032670642,0.0034230093,0.0017275542,-0.001266841,0.004049524,-0.00048746273,0.0009043319,0.0058158655,0.0045844256,-0.0047950316,0.004057358,-0.0046699736,0.000638352,-0.00096357265,-0.0011017742,0.0041920072,-0.0020379077,-0.002143938,-0.0019071556,0.0068769725,0.007278166,-0.0030724555,-0.0026573287,-0.004963023,0.0026145668,0.0011968692,0.0019459443,-0.0052859895,0.0026940517,0.00088634196,-0.005138385,0.0034659547,0.0048904233,-0.004724286,-0.00021544623,0.00012208708,-0.0037395204,0.0014851576,-0.0050265533,-0.0048250128,-0.00028596655,-0.0056768446,0.0018984773,-0.0022469729,0.0059997,0.0072182924,-0.00063406327,-0.008656885,0.0009818992,0.0063078273,0.0050344914,-0.00092101557,-0.0057274895,-0.0029615443,-0.008789707,0.003575136,-0.0039968537,0.004699223,-0.00058847363,0.006017428,-0.0058023524,0.004767709,-0.006088476,-0.0056657377,0.004758406,-0.00086225895,-0.007674043,0.00366368,-0.00081386743,0.0075862054,0.004923105,-0.0071887868,0.003535543,0.005141867,0.006413815,0.0027114963,-0.0033628265,0.00060513243,0.005527566,0.0011140248,0.002749346,-0.0059878244,0.00092642196,-0.0052801673
4064243,0.0018254085,0.001337712,0.0023204708,0.004192673,-0.0033347507,-0.002542323,0.004012018,0.009150906,-0.0008039534,-0.0012438835,0.0021865005,-0.0038578354,-0.0069141416,0.0016827346,-0.0002645643,0.002892559,0.0018002803,-0.0019591313,-0.0023753997,-0.0067367847,0.0033207734,0.0069638616,0.0075038956,0.00012706828,0.00019590743,0.00013798918,0.004406526,0.0072114123,-0.004734982,0.0016254326,0.00092983316,-0.005275512,0.009274412,-0.0036856534,-0.003799661,0.00096784224,0.008548023,-0.0066095293,0.0034027246,-0.005638397,-0.008686495,0.0052368036,-0.006673952,0.00018599373,0.0036990019,0.004699723,-0.000987906,0.00034448924,0.004148298,0.00015446218,-0.004224658,0.007109496,-0.0046390975,0.0024752654,0.0013823705,-0.0062279515,0.006307792,-0.001746875,0.0018660955,0.0062095425,-0.00019015739,0.002009805,-0.0062165856,-0.00057447935,-0.0030360592,0.0036155342,-0.0031396905,0.0032621254,0.0005870068,-0.000104276114,-0.0010824222,0.0011580766,-0.0056494614,0.00024607964,3.1333882e-05,-0.00025172398,-0.0007951767,-0.0026593683,-0.003817733,-0.0027953698,0.0023791278,0.0032424822,0.0075885253,0.0045399754,0.0020632562,0.0047165635,0.004459247,-0.0012689983,-0.00525948,0.0021984875,0.0036582383,-0.0039166776,0.0028611622,-0.0036953774,0.009703768,0.002454979,-0.003986303,-0.0059589036,0.003548292,-0.00033491664
4069582,-0.0012750977,0.00061060715,0.0024455134,0.0005677922,0.0016724721,-0.0025999458,-0.0018891053,0.0006226919,0.00093529734,-7.942808e-05,0.001029308,0.0049568685,0.0008905431,-0.002966071,0.0041084015,-0.00058829295,0.0018131777,-0.002080197,7.329695e-05,0.001150608,-0.0017635855,0.0047698654,-0.00085165247,0.0013092213,0.0011601179,6.7520945e-05,-0.0033581192,0.0028236313,-0.000558108,0.0047390945,-0.004622544,0.0012931556,-0.0010500108,-0.0035703792,0.00049793476,0.004592487,0.0016506873,-0.004313216,0.00091217086,0.00069515995,0.0025168913,-0.002850953,0.006283773,0.0021875002,0.0062804064,0.0043321247,-0.0030544063,0.0044683507,-0.003033808,-0.0033301967,0.003611844,0.004952229,-0.00046985724,-0.003847952,-0.0037070317,4.660731e-05,-0.0010957973,0.008335565,0.0024839323,-7.879897e-05,-7.198914e-05,0.0016629766,-1.2942473e-05,-0.0020545744,0.00552075,-0.0028766708,0.00197778,0.003357557,-0.0012790437,-0.0025392834,0.0047669504,0.002738087,0.00077216665,0.005496021,0.0040110936,-0.000932466,-0.0030081905,0.002694454,0.00093452504,-0.0012007675,-1.9999192e-05,0.0050239046,0.002029308,-0.0013307242,0.000742726,-0.0012447393,0.0018834155,0.003234957,0.0025533766,8.8244924e-05,0.0032662514,0.0018731607,-0.0065465104,-0.0026562153,0.0038215958,-0.0006975068,0.000563438,-0.0044372575,-0.00022670714,-0.0031439015
40IA301,-0.0028713173,0.0035841875,0.0010376163,5.1483046e-05,0.004540876,-0.00067910634,0.0053897253,-0.0019181339,-0.004957689,0.0024956553,0.004472604,-0.0034037405,0.0025936244,-0.004838744,0.0064001577,0.00034852006,0.00050409045,-0.0024815663,-0.005831506,-0.00048129848,0.00025509408,0.003998837,0.00014244462,-0.0001669256,-0.0057338453,0.0026524449,0.0035804617,-0.00053500617,0.00028604912,-0.0021555417,0.005685731,-0.005202233,-1.4175777e-05,0.00032313424,0.0010727682,0.0063473806,0.005064871,0.0008595901,-0.001244346,-0.0022390792,0.002392167,-0.0015161883,-0.000212599,0.002054292,0.0017876737,0.002443254,0.0008503747,0.0034141566,-0.0031146572,-0.0018239499,0.0044699907,-0.0034643663,0.0009526892,-0.0038422942,-0.0027798908,0.0022332997,0.0009244539,0.0021741148,-0.0007512341,-0.0068700057,-0.005495687,0.0038288557,0.0040798737,-0.0017668746,0.002002253,0.0023072192,0.0012570765,0.005673412,-0.004850532,-0.001483325,-0.0025884365,-0.0015355286,0.0022029423,0.0036343017,-0.0012588226,-0.0026435996,-0.0054519065,0.0035763832,-0.0014765998,-0.000121082354,-0.003078809,-0.0032567335,0.00035813847,0.00087434787,-0.0018645494,0.0020376202,0.000925382,-0.0010493303,0.0013957997,0.0028103665,-0.0038584718,0.004196451,0.0013163923,-0.0022636433,0.006092798,-0.0006074307,0.0010124777,-0.003509615,0.004630318,-0.0027107818
4064253,-0.004503612,0.003372281,-0.00037387316,0.0036168888,-0.004156555,-0.004589956,-0.0012873255,0.0065769213,-0.0058533177,-0.00633413,0.005608976,-0.0012107329,0.0009935203,-0.00018710643,-0.0020431546,-0.0012415721,0.0043508625,-0.004429297,-0.001208178,-0.009277271,-0.00019715517,0.0029024808,0.0020823819,-0.0016095487,0.0005084905,0.00034410006,-0.005164701,0.0034673044,-0.0016824212,-0.002093087,-0.0039556907,0.0030839576,4.4288114e-05,-0.008206682,0.0010144822,0.0034823858,0.00016535725,-0.007140328,-0.0003444279,-0.0069470415,-0.0037403519,0.0071013225,-0.0074446173,-0.0055744452,0.0044714534,-0.00050061505,-0.0057229637,0.0034264147,-0.0018471202,0.0023358199,-0.006113029,0.0023463715,-0.0017299866,0.0042361566,0.007664047,-0.0029631678,-0.0026896573,-0.0020747185,-0.0048769955,0.0092937015,0.0011266439,-0.00035216098,0.0012881972,-0.0056148274,-0.0026369544,0.0011421264,0.0037953476,0.005716041,-0.00063163025,0.0030220926,0.0011960389,0.008808507,-0.004245853,-0.0062151924,-0.00042461068,0.0046403413,0.0021540816,-0.0015624783,0.0022071619,-0.009161539,-0.0019043447,0.0029361881,-0.00046710763,0.007970214,-0.002286783,-0.0016758628,0.0055416874,0.0016443622,-0.0010337492,0.0067918645,-0.0025684074,-0.0016550325,0.0067008687,0.002937395,0.0056785066,0.00077743933,-0.00223899,-0.0023057102,0.0046696444,0.00322536
40MN111,2.5388917e-05,-0.001983145,-0.0011557272,0.00085029745,0.0013064258,-0.0034432295,0.0004514028,0.0013778944,-0.0018681461,-0.0041556926,-0.001597475,-0.0052084625,-0.0025231016,0.0020508463,0.0017620284,-0.002362071,-0.0022478213,-0.003408663,-0.002437398,-0.0014498348,-0.0015139505,0.0028420596,-0.0018835466,-0.00054504455,0.0021405802,0.0013563194,-0.0038502456,-1.5638037e-05,-0.00046886498,-0.00015907895,-0.0004666694,0.0031889055,0.0014001408,0.0016393719,-0.00046792958,0.0008227407,0.0016484604,0.00080421165,-0.00017923595,-0.00066625036,-0.0017229461,-0.0012755346,0.0010135748,0.00033103596,-0.00036960095,0.00042069456,-0.0014525471,0.00083820586,0.0011809258,0.0034690816,-0.0019416369,0.00014389226,0.0018589691,-0.0009853855,-0.004000795,-0.0014500415,0.0010331055,-0.003615282,0.0032109546,0.0016993573,0.0048531936,0.0017287822,-0.0010884722,-0.00038848325,0.00047405082,-0.0014376788,0.0019249246,0.0016183596,-0.004597419,0.0020351908,-0.0008519419,0.00030474644,-0.00025345926,1.860992e-05,0.0005889807,-0.0019394507,-0.0009183722,-0.0003171945,-0.00037504718,0.0013156725,0.00021847144,0.00078818185,-0.0016593009,0.00076686003,-0.00050672475,-0.0011384137,0.0020680972,0.0006210593,-0.00017178625,-0.001145066,0.0015066005,0.0006698557,0.0018523308,0.0034200368,-0.0023140039,0.0043509146,0.0028367254,-0.0012495063,-0.0019775156,0.0003273044
40PC101,4.3971773e-05,-0.000103255115,0.0059273075,0.0024353804,-0.0013050506,-0.002607622,-0.0012442287,0.0018594755,-0.0025907513,0.0015302012,0.005133179,-0.0041238074,0.0072883596,7.521237e-05,0.0075713643,0.0044738674,-0.0041541127,-0.004136281,0.000895046,-0.0062500336,0.0005198364,0.004970709,0.004483646,-0.0011165962,-0.0037572756,0.004372693,0.000859006,-0.0031698,-8.363824e-05,0.0016300749,0.003563084,-0.0022100767,0.006272148,0.007968648,0.0014821157,0.0049297544,-0.0011497933,0.0014137862,-0.0012258409,-0.0044959686,-0.0015600192,-0.001563527,-0.0009135063,0.005098392,-0.0009409431,-0.00083450275,-0.002299117,0.0024862646,-0.0061807395,-0.0026878968,0.0015143397,0.0017847688,-0.0041823606,-0.0029551573,0.00493254,0.00018286286,0.0010974145,-0.0025952898,0.004014833,-0.0013427297,-0.0053007226,-0.0018963349,0.0017035207,0.0016386928,-0.0072291098,0.0041529485,-0.0046987683,0.0025828572,-0.0023285504,0.0015349742,-0.004436872,0.0003577889,0.0007062825,0.0048135933,0.0013665251,0.0027726379,-0.002234881,-0.0032208636,-0.004094209,-0.0016958722,0.0034819338,-0.00016349072,0.0014256212,0.005972409,0.0010781664,0.004771068,-0.0012869495,0.0012863986,0.003039237,0.0005844771,0.003923465,-0.00029706454,-0.0027001419,0.004261352,-0.0003149854,0.00559785,0.0013525048,0.0036211114,0.0012661031,-0.003220775
433D012,-0.0045501026,0.00086986437,-0.0012235282,0.00027813588,0.0007903226,0.00075809524,0.002777736,0.0017651267,-0.0041657262,-0.004143505,-0.00094879075,-0.0031527122,-0.0055150134,-0.0018270519,0.0012647529,-0.002438377,-0.0014019236,-0.0013512695,-0.00016151485,-0.0020832988,-0.0030815462,-0.0024409175,0.0012578942,0.0037661323,-0.0005386204,-0.004674262,-0.0014736556,0.00054306275,-0.0013569263,-0.002026629,0.0006802183,-0.0023489194,-0.0006136031,-0.0022012338,-0.0009184607,4.7247545e-06,0.002372279,0.0019521228,0.002793214,0.0010629004,0.0041237124,-0.002766093,-0.0006649725,0.002967023,0.0008338469,-0.00078430184,-0.0039813058,0.0029944892,0.0016632071,0.0025901312,0.00085753127,-0.0024631703,0.004338864,-0.0008113163,-0.00038228012,-0.0015919878,-0.0017882116,-0.00034399974,-0.0039859614,-0.001260731,0.00051775697,0.0017517074,0.0021291457,-0.0015754397,-0.0012966435,-0.0017747629,0.0007258943,0.003491738,-0.0012948182,-0.0018337015,-0.001062295,0.0054462333,0.0032078621,-0.0035116961,0.0029208558,0.00019161256,-0.0017800531,0.00059142854,0.0028898648,-0.0034237069,0.0013824538,-0.0034660727,-0.0015508035,0.002658406,-0.00060527126,-0.0009486742,-0.0017018588,0.002319737,0.00079399784,0.0008104665,0.0021911247,0.0020243386,0.0008417336,0.0021738317,0.0050694817,-0.0007941393,-0.0013393998,-7.567772e-06,0.0040654386,-0.0023833003
