Student_ID,train_interaction_count,fraction_of_catalog_observed,mean_rating,rating_std,rating_min,rating_max,number_of_distinct_rating_levels,fraction_rating_1,fraction_rating_2,fraction_rating_3,fraction_rating_4,fraction_rating_5,fraction_rating_ge_4,fraction_rating_lt_4,rating_entropy,rating_range,number_of_observed_ordered_pairs,normalized_pair_count_per_interaction,mean_rating_gap_across_pairs,max_rating_gap,fraction_gap_1_pairs,fraction_gap_2plus_pairs,mean_degree_of_interacted_items,median_degree_of_interacted_items,min_degree_of_interacted_items,max_degree_of_interacted_items,fraction_of_interactions_with_head_items,fraction_of_interactions_with_tail_items,MF_MAE_user,LightGCN_MAE_user,MAE_difference,rating_winner,MF_rating_better,LightGCN_rating_better,ranking_eligible,MF_NDCG5_user,LightGCN_NDCG5_user,NDCG5_difference,ranking_winner,MF_ranking_better,LightGCN_ranking_better,MF_Recall@5,LightGCN_Recall@5,Recall@5_difference,Recall@5_winner,MF_HitRate@5,LightGCN_HitRate@5,HitRate@5_difference,HitRate@5_winner
40111230,3,0.019867549668874173,1.3333333333333333,0.4714045207910317,1.0,2.0,2,0.6666666666666666,0.3333333333333333,0.0,0.0,0.0,0.0,1.0,0.9182958340544896,1.0,2,0.6666666666666666,1.0,1.0,1.0,0.0,48.666666666666664,49.0,47.0,50.0,0.0,0.0,0.732515811920166,0.5835039615631104,-0.14901185035705566,LightGCN,0,1,False,,,,ineligible,0,0,,,,ineligible,,,,ineligible
40111256,2,0.013245033112582781,4.0,0.0,4.0,4.0,1,0.0,0.0,0.0,1.0,0.0,1.0,0.0,-0.0,0.0,0,0.0,0.0,0.0,0.0,0.0,15.0,15.0,14.0,16.0,0.0,0.0,1.5323090553283691,2.172356605529785,0.640047550201416,MF,1,0,False,,,,ineligible,0,0,,,,ineligible,,,,ineligible
40205303,16,0.10596026490066225,1.875,0.8569568250501305,1.0,4.0,4,0.375,0.4375,0.125,0.0625,0.0,0.0625,0.9375,1.6774212838293647,3.0,83,5.1875,1.3734939759036144,3.0,0.6987951807228916,0.30120481927710846,60.25,49.0,26.0,147.0,0.375,0.0,0.8725436925888062,0.8543142676353455,-0.018229424953460693,LightGCN,0,1,False,,,,ineligible,0,0,,,,ineligible,,,,ineligible
40211101,24,0.15894039735099338,4.333333333333333,0.8498365855987975,2.0,5.0,4,0.0,0.041666666666666664,0.125,0.2916666666666667,0.5416666666666666,0.8333333333333334,0.16666666666666666,1.5636254885377856,3.0,174,7.25,1.4137931034482758,3.0,0.6609195402298851,0.3390804597701149,59.041666666666664,42.5,4.0,136.0,0.375,0.0,0.6064486503601074,0.4894669850667317,-0.11698166529337573,LightGCN,0,1,True,0.2640681225725909,0.6131471927654584,0.3490790701928675,LightGCN,0,1,0.5,0.5,0.0,tie,1.0,1.0,0.0,tie
40211102,28,0.18543046357615894,3.892857142857143,0.8999716548824395,2.0,5.0,4,0.0,0.07142857142857142,0.25,0.39285714285714285,0.2857142857142857,0.6785714285714286,0.32142857142857145,1.8178823413642649,3.0,273,9.75,1.4029304029304028,3.0,0.6556776556776557,0.3443223443223443,52.535714285714285,42.5,2.0,132.0,0.39285714285714285,0.03571428571428571,0.8502326806386312,1.6621909936269124,0.8119583129882811,MF,1,0,True,0.0,0.0,0.0,tie,0,0,0.0,0.0,0.0,tie,0.0,0.0,0.0,tie
40211103,17,0.11258278145695365,2.1176470588235294,1.0222439527636922,1.0,4.0,4,0.35294117647058826,0.29411764705882354,0.23529411764705882,0.11764705882352941,0.0,0.11764705882352941,0.8823529411764706,1.9039678130877662,3.0,104,6.117647058823529,1.5576923076923077,3.0,0.5576923076923077,0.4423076923076923,78.6470588235294,81.0,3.0,137.0,0.6470588235294118,0.0,0.5554699301719666,0.5623456239700317,0.0068756937980651855,MF,1,0,False,,,,ineligible,0,0,,,,ineligible,,,,ineligible
40211104,23,0.152317880794702,2.9565217391304346,1.1601447012283768,1.0,5.0,5,0.08695652173913043,0.34782608695652173,0.17391304347826086,0.30434782608695654,0.08695652173913043,0.391304347826087,0.6086956521739131,2.1039321971699163,4.0,196,8.521739130434783,1.7346938775510203,4.0,0.45918367346938777,0.5408163265306123,73.47826086956522,74.0,20.0,137.0,0.5217391304347826,0.0,1.1476620435714722,1.289425492286682,0.14176344871520974,MF,1,0,True,0.2640681225725909,0.0,-0.2640681225725909,MF,1,0,0.5,0.0,-0.5,MF,1.0,0.0,-1.0,MF
40211105,24,0.15894039735099338,2.2083333333333335,1.039998664529057,1.0,4.0,4,0.3333333333333333,0.25,0.2916666666666667,0.125,0.0,0.125,0.875,1.9217897106839215,3.0,209,8.708333333333334,1.5837320574162679,3.0,0.5311004784688995,0.4688995215311005,52.916666666666664,41.0,2.0,137.0,0.3333333333333333,0.0,0.5837772687276205,0.8218859831492106,0.2381087144215901,MF,1,0,True,0.0,0.0,0.0,tie,0,0,0.0,0.0,0.0,tie,0.0,0.0,0.0,tie
40211106,25,0.16556291390728478,2.76,1.1757550765359255,1.0,5.0,5,0.2,0.2,0.28,0.28,0.04,0.32,0.68,2.142966195467521,4.0,238,9.52,1.7226890756302522,4.0,0.48739495798319327,0.5126050420168067,62.92,49.0,3.0,137.0,0.44,0.0,0.1444287300109863,0.4340580701828003,0.28962934017181396,MF,1,0,True,0.5,0.3868528072345416,-0.11314719276545843,MF,1,0,1.0,1.0,0.0,tie,1.0,1.0,0.0,tie
40211107,26,0.17218543046357615,2.1538461538461537,1.0262818510866412,1.0,4.0,4,0.34615384615384615,0.2692307692307692,0.2692307692307692,0.11538461538461539,0.0,0.11538461538461539,0.8846153846153846,1.908625047989141,3.0,244,9.384615384615385,1.5655737704918034,3.0,0.5450819672131147,0.45491803278688525,57.26923076923077,41.5,1.0,137.0,0.38461538461538464,0.07692307692307693,0.8844829400380453,1.0652999083201091,0.18081696828206384,MF,1,0,False,,,,ineligible,0,0,,,,ineligible,,,,ineligible
40211108,25,0.16556291390728478,3.72,0.8726969691708572,2.0,5.0,4,0.0,0.08,0.32,0.4,0.2,0.6,0.4,1.810699332842307,3.0,216,8.64,1.3703703703703705,3.0,0.6759259259259259,0.32407407407407407,65.2,48.0,12.0,137.0,0.4,0.0,0.8883450826009115,0.7348429361979166,-0.15350214640299487,LightGCN,0,1,True,0.0,0.0,0.0,tie,0,0,0.0,0.0,0.0,tie,0.0,0.0,0.0,tie
40211109,25,0.16556291390728478,2.72,1.3717142559585798,1.0,5.0,5,0.28,0.2,0.12,0.32,0.08,0.4,0.6,2.163215692534584,4.0,237,9.48,2.0168776371308015,4.0,0.379746835443038,0.620253164556962,62.48,43.0,3.0,137.0,0.44,0.0,0.8006749153137207,0.7008640766143799,-0.09981083869934082,LightGCN,0,1,False,,,,ineligible,0,0,,,,ineligible,,,,ineligible
40211110,28,0.18543046357615894,3.2142857142857144,1.0473484499010843,1.0,5.0,5,0.03571428571428571,0.21428571428571427,0.39285714285714285,0.21428571428571427,0.14285714285714285,0.35714285714285715,0.6428571428571429,2.0547371429981705,4.0,287,10.25,1.5679442508710801,4.0,0.5644599303135889,0.4355400696864111,50.785714285714285,41.0,1.0,137.0,0.32142857142857145,0.03571428571428571,0.5701735814412435,0.5975518226623535,0.02737824122110999,MF,1,0,True,0.3868528072345416,0.0,-0.3868528072345416,MF,1,0,1.0,0.0,-1.0,MF,1.0,0.0,-1.0,MF
40211111,23,0.152317880794702,2.3043478260869565,0.9525609695742019,1.0,4.0,4,0.2608695652173913,0.2608695652173913,0.391304347826087,0.08695652173913043,0.0,0.08695652173913043,0.9130434782608695,1.8475239116381135,3.0,186,8.08695652173913,1.4838709677419355,3.0,0.5806451612903226,0.41935483870967744,70.82608695652173,73.0,14.0,137.0,0.5217391304347826,0.0,0.5033149719238281,0.4406788349151611,-0.06263613700866705,LightGCN,0,1,False,,,,ineligible,0,0,,,,ineligible,,,,ineligible
40211112,24,0.15894039735099338,2.5416666666666665,0.9991315673568166,1.0,4.0,4,0.16666666666666666,0.3333333333333333,0.2916666666666667,0.20833333333333334,0.0,0.20833333333333334,0.7916666666666666,1.949082295352821,3.0,211,8.791666666666666,1.5118483412322274,3.0,0.5829383886255924,0.41706161137440756,68.70833333333333,73.5,1.0,137.0,0.5416666666666666,0.041666666666666664,1.2339386145273843,1.0385239124298096,-0.19541470209757472,LightGCN,0,1,True,0.6131471927654584,0.8772153153380493,0.26406812257259094,LightGCN,0,1,0.5,1.0,0.5,LightGCN,1.0,1.0,0.0,tie
40211113,24,0.15894039735099338,2.6666666666666665,1.0274023338281628,1.0,4.0,4,0.16666666666666666,0.25,0.3333333333333333,0.25,0.0,0.25,0.75,1.9591479170272446,3.0,212,8.833333333333334,1.5471698113207548,3.0,0.5660377358490566,0.4339622641509434,61.625,45.5,3.0,137.0,0.4166666666666667,0.0,0.2060431241989135,0.2420638799667358,0.03602075576782232,MF,1,0,False,,,,ineligible,0,0,,,,ineligible,,,,ineligible
40211114,21,0.1390728476821192,1.6666666666666667,1.0837911120705752,1.0,4.0,4,0.6666666666666666,0.14285714285714285,0.047619047619047616,0.14285714285714285,0.0,0.14285714285714285,0.8571428571428571,1.4012343792962176,3.0,113,5.380952380952381,1.9469026548672566,3.0,0.4247787610619469,0.5752212389380531,66.14285714285714,49.0,23.0,137.0,0.42857142857142855,0.0,0.9314035773277284,0.4617826342582702,-0.4696209430694582,LightGCN,0,1,False,,,,ineligible,0,0,,,,ineligible,,,,ineligible
40211115,21,0.1390728476821192,1.8571428571428572,1.0367400503370114,1.0,4.0,4,0.5238095238095238,0.19047619047619047,0.19047619047619047,0.09523809523809523,0.0,0.09523809523809523,0.9047619047619048,1.72309133682589,3.0,142,6.761904761904762,1.676056338028169,3.0,0.4788732394366197,0.5211267605633803,71.76190476190476,62.0,25.0,136.0,0.47619047619047616,0.0,0.4479093551635742,0.1844373345375061,-0.2634720206260681,LightGCN,0,1,False,,,,ineligible,0,0,,,,ineligible,,,,ineligible
40211116,25,0.16556291390728478,3.52,1.0998181667894016,1.0,5.0,5,0.04,0.12,0.36,0.24,0.24,0.48,0.52,2.0717056888227985,4.0,231,9.24,1.6363636363636365,4.0,0.5194805194805194,0.4805194805194805,65.36,48.0,3.0,137.0,0.48,0.0,1.0049655437469482,0.3457193374633789,-0.6592462062835693,LightGCN,0,1,True,0.0,0.3868528072345416,0.3868528072345416,LightGCN,0,1,0.0,1.0,1.0,LightGCN,0.0,1.0,1.0,LightGCN
40211117,25,0.16556291390728478,2.76,1.3937001112147478,1.0,5.0,5,0.28,0.16,0.2,0.24,0.12,0.36,0.64,2.262824692361507,4.0,245,9.8,2.0,4.0,0.39183673469387753,0.6081632653061224,62.12,43.0,11.0,137.0,0.44,0.0,0.7920873165130615,0.6110599040985107,-0.18102741241455078,LightGCN,0,1,False,,,,ineligible,0,0,,,,ineligible,,,,ineligible
40211118,25,0.16556291390728478,4.48,0.6997142273814361,3.0,5.0,3,0.0,0.0,0.12,0.28,0.6,0.88,0.12,1.3234669541469457,2.0,171,6.84,1.263157894736842,2.0,0.7368421052631579,0.2631578947368421,53.8,42.0,1.0,137.0,0.36,0.04,0.6153814792633057,0.3850502967834472,-0.23033118247985845,LightGCN,0,1,True,0.0,0.0,0.0,tie,0,0,0.0,0.0,0.0,tie,0.0,0.0,0.0,tie
40211119,22,0.1456953642384106,3.0,0.8528028654224418,1.0,4.0,4,0.09090909090909091,0.09090909090909091,0.5454545454545454,0.2727272727272727,0.0,0.2727272727272727,0.7272727272727273,1.617189572592715,3.0,148,6.7272727272727275,1.4054054054054055,3.0,0.6756756756756757,0.32432432432432434,68.95454545454545,73.5,3.0,137.0,0.5454545454545454,0.0,0.3342417478561401,0.5004100799560547,0.1661683320999146,MF,1,0,True,0.0,0.0,0.0,tie,0,0,0.0,0.0,0.0,tie,0.0,0.0,0.0,tie
40211120,1,0.006622516556291391,3.0,0.0,3.0,3.0,1,0.0,0.0,1.0,0.0,0.0,0.0,1.0,-0.0,0.0,0,0.0,0.0,0.0,0.0,0.0,137.0,137.0,137.0,137.0,1.0,0.0,1.4159510135650637,1.6950089931488037,0.27905797958374,MF,1,0,True,0.0,1.0,1.0,LightGCN,0,1,0.0,1.0,1.0,LightGCN,0.0,1.0,1.0,LightGCN
40211121,25,0.16556291390728478,2.76,0.9499473669630334,1.0,4.0,4,0.12,0.24,0.4,0.24,0.0,0.24,0.76,1.8841074513870861,3.0,222,8.88,1.4594594594594594,3.0,0.6216216216216216,0.3783783783783784,63.44,48.0,4.0,137.0,0.44,0.0,0.476391077041626,0.0865784883499145,-0.3898125886917115,LightGCN,0,1,False,,,,ineligible,0,0,,,,ineligible,,,,ineligible
40211122,23,0.152317880794702,3.260869565217391,1.1503266569846047,1.0,5.0,5,0.08695652173913043,0.13043478260869565,0.391304347826087,0.21739130434782608,0.17391304347826086,0.391304347826087,0.6086956521739131,2.1368726956404434,4.0,197,8.565217391304348,1.6954314720812182,4.0,0.49746192893401014,0.5025380710659898,65.30434782608695,73.0,2.0,137.0,0.5217391304347826,0.0,0.3898777961730957,0.4966144561767578,0.10673666000366211,MF,1,0,False,,,,ineligible,0,0,,,,ineligible,,,,ineligible
40211123,24,0.15894039735099338,3.5,0.7637626158259734,2.0,5.0,4,0.0,0.08333333333333333,0.4166666666666667,0.4166666666666667,0.08333333333333333,0.5,0.5,1.650022421648354,3.0,184,7.666666666666667,1.2608695652173914,3.0,0.7608695652173914,0.2391304347826087,68.75,68.0,4.0,137.0,0.5,0.0,1.4956893920898438,1.286760965983073,-0.20892842610677076,LightGCN,0,1,True,0.0,0.0,0.0,tie,0,0,0.0,0.0,0.0,tie,0.0,0.0,0.0,tie
40211125,25,0.16556291390728478,3.44,0.8522910301065006,1.0,4.0,4,0.04,0.12,0.2,0.64,0.0,0.64,0.36,1.4292750707107134,3.0,167,6.68,1.5089820359281436,3.0,0.5868263473053892,0.41317365269461076,66.68,49.0,12.0,137.0,0.48,0.0,1.3518823385238647,1.3281196355819702,-0.02376270294189453,LightGCN,0,1,True,0.0,0.0,0.0,tie,0,0,0.0,0.0,0.0,tie,0.0,0.0,0.0,tie
40211126,30,0.1986754966887417,3.3,1.3699148392023013,1.0,5.0,5,0.16666666666666666,0.1,0.23333333333333334,0.26666666666666666,0.23333333333333334,0.5,0.5,2.2513073660949607,4.0,352,11.733333333333333,1.9517045454545454,4.0,0.42045454545454547,0.5795454545454546,40.96666666666667,18.0,1.0,137.0,0.3,0.06666666666666667,1.297664801279704,1.0504603385925293,-0.24720446268717478,LightGCN,0,1,True,0.0,0.0,0.0,tie,0,0,0.0,0.0,0.0,tie,0.0,0.0,0.0,tie
40211127,25,0.16556291390728478,4.28,0.7756287771866126,2.0,5.0,4,0.0,0.04,0.08,0.44,0.44,0.88,0.12,1.5195563653739033,3.0,189,7.56,1.291005291005291,3.0,0.7671957671957672,0.2328042328042328,59.8,42.0,2.0,137.0,0.36,0.0,0.6857913335164388,0.9157484372456868,0.22995710372924794,MF,1,0,True,0.0,0.0,0.0,tie,0,0,0.0,0.0,0.0,tie,0.0,0.0,0.0,tie
40211128,1,0.006622516556291391,2.0,0.0,2.0,2.0,1,0.0,1.0,0.0,0.0,0.0,0.0,1.0,-0.0,0.0,0,0.0,0.0,0.0,0.0,0.0,137.0,137.0,137.0,137.0,1.0,0.0,1.4322466850280762,0.058068037033081,-1.3741786479949951,LightGCN,0,1,False,,,,ineligible,0,0,,,,ineligible,,,,ineligible
40211129,24,0.15894039735099338,3.5833333333333335,0.9537935951882998,2.0,5.0,4,0.0,0.125,0.375,0.2916666666666667,0.20833333333333334,0.5,0.5,1.8955734405551428,3.0,206,8.583333333333334,1.4660194174757282,3.0,0.6067961165048543,0.3932038834951456,54.0,42.5,2.0,132.0,0.4583333333333333,0.0,0.91936985651652,0.911707083384196,-0.007662773132323997,LightGCN,0,1,True,0.0,0.0,0.0,tie,0,0,0.0,0.0,0.0,tie,0.0,0.0,0.0,tie
40211130,24,0.15894039735099338,1.875,0.9709316831442536,1.0,4.0,4,0.4583333333333333,0.2916666666666667,0.16666666666666666,0.08333333333333333,0.0,0.08333333333333333,0.9166666666666666,1.763911156578927,3.0,193,8.041666666666666,1.528497409326425,3.0,0.5854922279792746,0.41450777202072536,67.5,48.5,1.0,160.0,0.4583333333333333,0.041666666666666664,0.4877313772837321,0.2399052778879801,-0.247826099395752,LightGCN,0,1,False,,,,ineligible,0,0,,,,ineligible,,,,ineligible
40211131,5,0.033112582781456956,1.0,0.0,1.0,1.0,1,1.0,0.0,0.0,0.0,0.0,0.0,1.0,-0.0,0.0,0,0.0,0.0,0.0,0.0,0.0,115.8,121.0,83.0,137.0,1.0,0.0,0.5216109752655029,0.0,-0.5216109752655029,LightGCN,0,1,False,,,,ineligible,0,0,,,,ineligible,,,,ineligible
40211132,22,0.1456953642384106,2.0454545454545454,1.0650340467145436,1.0,4.0,4,0.4090909090909091,0.2727272727272727,0.18181818181818182,0.13636363636363635,0.0,0.13636363636363635,0.8636363636363636,1.8778867313886054,3.0,171,7.7727272727272725,1.631578947368421,3.0,0.5263157894736842,0.47368421052631576,61.63636363636363,52.5,2.0,137.0,0.45454545454545453,0.0,1.282922089099884,1.0896668434143066,-0.1932552456855774,LightGCN,0,1,True,0.0,1.0,1.0,LightGCN,0,1,0.0,1.0,1.0,LightGCN,0.0,1.0,1.0,LightGCN
40211133,25,0.16556291390728478,4.08,0.7959899496852959,2.0,5.0,4,0.0,0.04,0.16,0.48,0.32,0.8,0.2,1.6430741894285696,3.0,200,8.0,1.3,3.0,0.74,0.26,69.76,73.0,4.0,137.0,0.52,0.0,0.2617428302764892,0.7309346199035645,0.46919178962707525,MF,1,0,True,0.6131471927654584,0.0,-0.6131471927654584,MF,1,0,0.5,0.0,-0.5,MF,1.0,0.0,-1.0,MF
40211134,25,0.16556291390728478,3.28,1.1142710621747296,1.0,5.0,5,0.12,0.12,0.16,0.56,0.04,0.6,0.4,1.811346433249389,4.0,197,7.88,1.7969543147208122,4.0,0.4619289340101523,0.5380710659898477,59.4,43.0,3.0,137.0,0.36,0.0,0.6627632776896158,0.5340371131896973,-0.12872616449991858,LightGCN,0,1,True,0.0,0.0,0.0,tie,0,0,0.0,0.0,0.0,tie,0.0,0.0,0.0,tie
40211135,5,0.033112582781456956,3.0,1.0954451150103321,1.0,4.0,3,0.2,0.0,0.4,0.4,0.0,0.4,0.6,1.5219280948873621,3.0,8,1.6,1.75,3.0,0.5,0.5,110.0,123.0,37.0,137.0,0.8,0.0,0.6839842796325684,0.90979266166687,0.22580838203430165,MF,1,0,True,0.0,0.3868528072345416,0.3868528072345416,LightGCN,0,1,0.0,1.0,1.0,LightGCN,0.0,1.0,1.0,LightGCN
40211136,25,0.16556291390728478,4.04,0.9583318840568751,1.0,5.0,4,0.04,0.0,0.2,0.4,0.36,0.76,0.24,1.7095263323230747,4.0,209,8.36,1.4641148325358853,4.0,0.6698564593301436,0.33014354066985646,64.68,62.0,4.0,137.0,0.48,0.0,0.5085593461990356,0.3238070011138916,-0.18475234508514404,LightGCN,0,1,True,0.0,0.0,0.0,tie,0,0,0.0,0.0,0.0,tie,0.0,0.0,0.0,tie
40211137,21,0.1390728476821192,1.9047619047619047,0.8676603408708855,1.0,4.0,4,0.38095238095238093,0.38095238095238093,0.19047619047619047,0.047619047619047616,0.0,0.047619047619047616,0.9523809523809523,1.7256507561120937,3.0,148,7.0476190476190474,1.3783783783783783,3.0,0.6756756756756757,0.32432432432432434,62.333333333333336,49.0,7.0,137.0,0.42857142857142855,0.0,0.713523268699646,1.1210334300994873,0.4075101613998413,MF,1,0,False,,,,ineligible,0,0,,,,ineligible,,,,ineligible
40211138,20,0.13245033112582782,3.5,1.0723805294763609,1.0,5.0,5,0.05,0.1,0.35,0.3,0.2,0.5,0.5,2.063865121950854,4.0,147,7.35,1.5918367346938775,4.0,0.5578231292517006,0.4421768707482993,78.2,78.0,25.0,137.0,0.6,0.0,1.029405117034912,0.9090628623962402,-0.12034225463867188,LightGCN,0,1,True,0.0,0.0,0.0,tie,0,0,0.0,0.0,0.0,tie,0.0,0.0,0.0,tie
40211139,24,0.15894039735099338,2.7083333333333335,0.9344858955002419,1.0,4.0,4,0.16666666666666666,0.125,0.5416666666666666,0.16666666666666666,0.0,0.16666666666666666,0.8333333333333334,1.71577067413792,3.0,183,7.625,1.5245901639344261,3.0,0.5628415300546448,0.4371584699453552,63.333333333333336,55.0,4.0,136.0,0.4583333333333333,0.0,0.1788158416748047,0.3396303653717041,0.16081452369689941,MF,1,0,True,1.0,0.6309297535714575,-0.36907024642854247,MF,1,0,1.0,1.0,0.0,tie,1.0,1.0,0.0,tie
40211141,25,0.16556291390728478,4.04,0.7200000000000001,2.0,5.0,4,0.0,0.04,0.12,0.6,0.24,0.84,0.16,1.4891353321499974,3.0,177,7.08,1.2542372881355932,3.0,0.7796610169491526,0.22033898305084745,61.24,48.0,7.0,136.0,0.4,0.0,0.8432567914326986,0.9110095500946044,0.06775275866190578,MF,1,0,True,0.6131471927654584,0.0,-0.6131471927654584,MF,1,0,0.5,0.0,-0.5,MF,1.0,0.0,-1.0,MF
40211142,13,0.08609271523178808,1.6153846153846154,1.002954216185023,1.0,4.0,4,0.6923076923076923,0.07692307692307693,0.15384615384615385,0.07692307692307693,0.0,0.07692307692307693,0.9230769230769231,1.3520301017579528,3.0,41,3.1538461538461537,1.9024390243902438,3.0,0.3170731707317073,0.6829268292682927,96.53846153846153,105.0,7.0,137.0,0.8461538461538461,0.0,0.633936882019043,0.1595020294189453,-0.47443485260009766,LightGCN,0,1,False,,,,ineligible,0,0,,,,ineligible,,,,ineligible
40211144,25,0.16556291390728478,2.0,1.0583005244258363,1.0,4.0,4,0.4,0.36,0.08,0.16,0.0,0.16,0.84,1.7739119513005472,3.0,212,8.48,1.6415094339622642,3.0,0.5471698113207547,0.4528301886792453,68.48,62.0,20.0,137.0,0.48,0.0,1.7441271543502808,1.6236823797225952,-0.12044477462768555,LightGCN,0,1,True,0.0,0.0,0.0,tie,0,0,0.0,0.0,0.0,tie,0.0,0.0,0.0,tie
40211145,13,0.08609271523178808,1.9230769230769231,0.9166442529086912,1.0,4.0,4,0.38461538461538464,0.38461538461538464,0.15384615384615385,0.07692307692307693,0.0,0.07692307692307693,0.9230769230769231,1.760495029766198,3.0,57,4.384615384615385,1.4385964912280702,3.0,0.6491228070175439,0.3508771929824561,84.92307692307692,102.0,5.0,136.0,0.6923076923076923,0.0,0.9586799144744872,0.43896484375,-0.5197150707244872,LightGCN,0,1,False,,,,ineligible,0,0,,,,ineligible,,,,ineligible
40211146,24,0.15894039735099338,2.7916666666666665,0.956520023604083,1.0,5.0,5,0.08333333333333333,0.2916666666666667,0.4166666666666667,0.16666666666666666,0.041666666666666664,0.20833333333333334,0.7916666666666666,1.9653472755846206,4.0,203,8.458333333333334,1.4630541871921183,4.0,0.6305418719211823,0.3694581280788177,64.0,55.5,2.0,132.0,0.4583333333333333,0.0,0.9651230573654176,0.9301623106002808,-0.03496074676513683,LightGCN,0,1,False,,,,ineligible,0,0,,,,ineligible,,,,ineligible
40211147,18,0.11920529801324503,1.7222222222222223,0.9891385452647142,1.0,4.0,4,0.6111111111111112,0.1111111111111111,0.2222222222222222,0.05555555555555555,0.0,0.05555555555555555,0.9444444444444444,1.5002723456084084,3.0,91,5.055555555555555,1.7472527472527473,3.0,0.37362637362637363,0.6263736263736264,85.05555555555556,81.0,26.0,137.0,0.7222222222222222,0.0,0.6164094805717468,0.6442751884460449,0.027865707874298096,MF,1,0,False,,,,ineligible,0,0,,,,ineligible,,,,ineligible
40211148,24,0.15894039735099338,3.625,0.8068715304598785,2.0,5.0,4,0.0,0.041666666666666664,0.4583333333333333,0.3333333333333333,0.16666666666666666,0.5,0.5,1.6660563421790615,3.0,187,7.791666666666667,1.320855614973262,3.0,0.7005347593582888,0.2994652406417112,70.125,67.5,1.0,137.0,0.5,0.041666666666666664,0.2508550882339477,0.1988402605056762,-0.05201482772827151,LightGCN,0,1,True,0.0,0.0,0.0,tie,0,0,0.0,0.0,0.0,tie,0.0,0.0,0.0,tie
40211150,24,0.15894039735099338,3.2083333333333335,0.9991315673568165,1.0,5.0,5,0.08333333333333333,0.08333333333333333,0.4583333333333333,0.2916666666666667,0.08333333333333333,0.375,0.625,1.9305778232455937,4.0,197,8.208333333333334,1.5380710659898478,4.0,0.5939086294416244,0.40609137055837563,63.625,52.5,2.0,137.0,0.4583333333333333,0.0,0.2606965700785319,0.2138904730478922,-0.04680609703063973,LightGCN,0,1,True,0.2021073465005475,0.0,-0.2021073465005475,MF,1,0,0.3333333333333333,0.0,-0.3333333333333333,MF,1.0,0.0,-1.0,MF
40211151,25,0.16556291390728478,3.72,1.0777754868245983,1.0,5.0,5,0.04,0.12,0.16,0.44,0.24,0.68,0.32,1.9911197773146978,4.0,221,8.84,1.6199095022624435,4.0,0.5656108597285068,0.4343891402714932,60.6,43.0,4.0,137.0,0.44,0.0,0.8115224838256836,0.5535376071929932,-0.25798487663269043,LightGCN,0,1,False,,,,ineligible,0,0,,,,ineligible,,,,ineligible
40211152,4,0.026490066225165563,2.0,0.7071067811865476,1.0,3.0,3,0.25,0.5,0.25,0.0,0.0,0.0,1.0,1.5,2.0,5,1.25,1.2,2.0,0.8,0.2,130.0,134.0,115.0,137.0,1.0,0.0,0.269688606262207,2.0,1.730311393737793,MF,1,0,False,,,,ineligible,0,0,,,,ineligible,,,,ineligible
40211153,23,0.152317880794702,3.4347826086956523,1.0964800185146513,1.0,5.0,5,0.043478260869565216,0.17391304347826086,0.2608695652173913,0.34782608695652173,0.17391304347826086,0.5217391304347826,0.4782608695652174,2.110093477608016,4.0,198,8.608695652173912,1.6161616161616161,4.0,0.5454545454545454,0.45454545454545453,71.3913043478261,73.0,23.0,137.0,0.5217391304347826,0.0,0.5940835475921631,0.8004499673843384,0.2063664197921753,MF,1,0,True,0.0,0.0,0.0,tie,0,0,0.0,0.0,0.0,tie,0.0,0.0,0.0,tie
40211154,20,0.13245033112582782,2.35,1.0136567466356647,1.0,4.0,4,0.25,0.3,0.3,0.15,0.0,0.15,0.85,1.9527241956246548,3.0,147,7.35,1.530612244897959,3.0,0.5714285714285714,0.42857142857142855,56.75,42.5,4.0,132.0,0.35,0.0,0.3941209316253662,0.4133875370025635,0.019266605377197266,MF,1,0,False,,,,ineligible,0,0,,,,ineligible,,,,ineligible
40211156,21,0.1390728476821192,3.857142857142857,0.832993127835043,2.0,5.0,4,0.0,0.047619047619047616,0.2857142857142857,0.42857142857142855,0.23809523809523808,0.6666666666666666,0.3333333333333333,1.7423773993623526,3.0,149,7.095238095238095,1.3288590604026846,3.0,0.7046979865771812,0.2953020134228188,57.142857142857146,48.0,2.0,132.0,0.42857142857142855,0.0,0.5144892930984497,0.6900845766067505,0.17559528350830078,MF,1,0,True,0.0,0.0,0.0,tie,0,0,0.0,0.0,0.0,tie,0.0,0.0,0.0,tie
40211157,2,0.013245033112582781,1.5,0.5,1.0,2.0,2,0.5,0.5,0.0,0.0,0.0,0.0,1.0,1.0,1.0,1,0.5,1.0,1.0,1.0,0.0,103.5,103.5,102.0,105.0,1.0,0.0,0.6819877624511719,1.0,0.3180122375488281,MF,1,0,False,,,,ineligible,0,0,,,,ineligible,,,,ineligible
40211158,22,0.1456953642384106,2.6818181818181817,0.9237455196773444,1.0,4.0,4,0.09090909090909091,0.36363636363636365,0.3181818181818182,0.22727272727272727,0.0,0.22727272727272727,0.7727272727272727,1.8566532127809316,3.0,171,7.7727272727272725,1.432748538011696,3.0,0.6257309941520468,0.3742690058479532,59.09090909090909,48.5,1.0,136.0,0.45454545454545453,0.045454545454545456,1.7402989268302915,1.2195146083831787,-0.5207843184471128,LightGCN,0,1,True,0.0,0.0,0.0,tie,0,0,0.0,0.0,0.0,tie,0.0,0.0,0.0,tie
40211161,23,0.152317880794702,2.0869565217391304,1.059657183213386,1.0,4.0,4,0.391304347826087,0.2608695652173913,0.21739130434782608,0.13043478260869565,0.0,0.13043478260869565,0.8695652173913043,1.897317260669707,3.0,189,8.217391304347826,1.619047619047619,3.0,0.5238095238095238,0.47619047619047616,60.56521739130435,48.0,1.0,160.0,0.43478260869565216,0.043478260869565216,1.1589309573173523,0.0587847232818603,-1.100146234035492,LightGCN,0,1,False,,,,ineligible,0,0,,,,ineligible,,,,ineligible
40211162,17,0.11258278145695365,2.7058823529411766,0.8921029934178294,1.0,4.0,4,0.11764705882352941,0.23529411764705882,0.47058823529411764,0.17647058823529413,0.0,0.17647058823529413,0.8235294117647058,1.807763576417194,3.0,98,5.764705882352941,1.4081632653061225,3.0,0.6530612244897959,0.3469387755102041,62.588235294117645,62.0,7.0,136.0,0.47058823529411764,0.0,0.7285767793655396,0.8642057180404663,0.13562893867492676,MF,1,0,True,0.0,0.0,0.0,tie,0,0,0.0,0.0,0.0,tie,0.0,0.0,0.0,tie
40211163,10,0.06622516556291391,2.3,1.268857754044952,1.0,4.0,4,0.4,0.2,0.1,0.3,0.0,0.3,0.7,1.8464393446710154,3.0,35,3.5,1.9714285714285715,3.0,0.37142857142857144,0.6285714285714286,48.0,46.0,5.0,81.0,0.4,0.0,0.1805987358093261,1.0,0.8194012641906739,MF,1,0,False,,,,ineligible,0,0,,,,ineligible,,,,ineligible
40211164,12,0.07947019867549669,4.083333333333333,0.6400954789890506,3.0,5.0,3,0.0,0.0,0.16666666666666666,0.5833333333333334,0.25,0.8333333333333334,0.16666666666666666,1.384431504340598,2.0,41,3.4166666666666665,1.146341463414634,2.0,0.8536585365853658,0.14634146341463414,36.333333333333336,34.0,1.0,126.0,0.08333333333333333,0.16666666666666666,1.115792989730835,1.2006478309631348,0.0848548412322998,MF,1,0,True,0.0,0.0,0.0,tie,0,0,0.0,0.0,0.0,tie,0.0,0.0,0.0,tie
40211165,11,0.0728476821192053,3.272727272727273,1.212878551284212,2.0,5.0,4,0.0,0.36363636363636365,0.2727272727272727,0.09090909090909091,0.2727272727272727,0.36363636363636365,0.6363636363636364,1.867633890971212,3.0,43,3.909090909090909,1.8604651162790697,3.0,0.4186046511627907,0.5813953488372093,69.18181818181819,74.0,34.0,136.0,0.5454545454545454,0.0,0.7926826477050781,2.116006016731262,1.323323369026184,MF,1,0,True,0.0,0.0,0.0,tie,0,0,0.0,0.0,0.0,tie,0.0,0.0,0.0,tie
40211166,1,0.006622516556291391,1.0,0.0,1.0,1.0,1,1.0,0.0,0.0,0.0,0.0,0.0,1.0,-0.0,0.0,0,0.0,0.0,0.0,0.0,0.0,73.0,73.0,73.0,73.0,1.0,0.0,1.6058669090270996,0.0,-1.6058669090270996,LightGCN,0,1,False,,,,ineligible,0,0,,,,ineligible,,,,ineligible
40211201,24,0.15894039735099338,2.8333333333333335,1.0671873729054748,1.0,5.0,5,0.08333333333333333,0.375,0.20833333333333334,0.2916666666666667,0.041666666666666664,0.3333333333333333,0.6666666666666666,2.010360419811954,4.0,208,8.666666666666666,1.625,4.0,0.5048076923076923,0.4951923076923077,71.75,64.5,2.0,160.0,0.5,0.0,0.5890247821807861,0.8866590658823649,0.29763428370157874,MF,1,0,True,0.6131471927654584,0.2371977127692962,-0.3759494799961622,MF,1,0,0.5,0.5,0.0,tie,1.0,1.0,0.0,tie
40211202,24,0.15894039735099338,3.1666666666666665,0.7453559924999298,2.0,5.0,4,0.0,0.16666666666666666,0.5416666666666666,0.25,0.041666666666666664,0.2916666666666667,0.7083333333333334,1.600983694881109,3.0,177,7.375,1.2542372881355932,3.0,0.768361581920904,0.23163841807909605,75.66666666666667,79.5,12.0,160.0,0.5416666666666666,0.0,1.1278282403945925,1.0912806987762451,-0.03654754161834739,LightGCN,0,1,False,,,,ineligible,0,0,,,,ineligible,,,,ineligible
40211203,24,0.15894039735099338,4.0,0.7637626158259734,2.0,5.0,4,0.0,0.041666666666666664,0.16666666666666666,0.5416666666666666,0.25,0.7916666666666666,0.20833333333333334,1.600983694881109,3.0,177,7.375,1.2768361581920904,3.0,0.7570621468926554,0.24293785310734464,68.20833333333333,49.0,9.0,160.0,0.4166666666666667,0.0,0.6692204475402832,0.6088846921920776,-0.060335755348205566,LightGCN,0,1,True,1.0,0.0,-1.0,MF,1,0,1.0,0.0,-1.0,MF,1.0,0.0,-1.0,MF
40211204,1,0.006622516556291391,1.0,0.0,1.0,1.0,1,1.0,0.0,0.0,0.0,0.0,0.0,1.0,-0.0,0.0,0,0.0,0.0,0.0,0.0,0.0,160.0,160.0,160.0,160.0,1.0,0.0,1.2502970695495603,0.0,-1.2502970695495603,LightGCN,0,1,False,,,,ineligible,0,0,,,,ineligible,,,,ineligible
40211205,20,0.13245033112582782,3.6,1.0198039027185568,2.0,5.0,4,0.0,0.15,0.35,0.25,0.25,0.5,0.5,1.9406454496153462,3.0,146,7.3,1.547945205479452,3.0,0.5547945205479452,0.4452054794520548,85.1,80.5,26.0,160.0,0.55,0.0,0.6180332899093628,0.4536465406417846,-0.16438674926757818,LightGCN,0,1,True,0.430676558073393,0.5,0.069323441926607,LightGCN,0,1,1.0,1.0,0.0,tie,1.0,1.0,0.0,tie
40211206,23,0.152317880794702,3.9565217391304346,0.907852739905265,2.0,5.0,4,0.0,0.043478260869565216,0.30434782608695654,0.30434782608695654,0.34782608695652173,0.6521739130434783,0.34782608695652173,1.7712589600219495,3.0,183,7.956521739130435,1.4316939890710383,3.0,0.6120218579234973,0.3879781420765027,77.91304347826087,80.0,11.0,160.0,0.5217391304347826,0.0,0.2330551147460937,0.4688549041748047,0.235799789428711,MF,1,0,True,0.0,0.0,0.0,tie,0,0,0.0,0.0,0.0,tie,0.0,0.0,0.0,tie
40211207,23,0.152317880794702,3.8260869565217392,1.0065945132861065,1.0,5.0,5,0.043478260869565216,0.043478260869565216,0.21739130434782608,0.43478260869565216,0.2608695652173913,0.6956521739130435,0.30434782608695654,1.9001403722466925,4.0,183,7.956521739130435,1.5191256830601092,4.0,0.6338797814207651,0.366120218579235,78.8695652173913,79.0,4.0,160.0,0.5217391304347826,0.0,0.0055701732635498,0.0159235000610351,0.0103533267974853,MF,1,0,True,0.6131471927654584,0.6131471927654584,0.0,tie,0,0,0.5,0.5,0.0,tie,1.0,1.0,0.0,tie
40211208,25,0.16556291390728478,1.8,0.8485281374238571,1.0,4.0,4,0.44,0.36,0.16,0.04,0.0,0.04,0.96,1.6605332770550816,3.0,203,8.12,1.3694581280788178,3.0,0.6847290640394089,0.31527093596059114,77.0,80.0,4.0,160.0,0.56,0.0,0.2222583889961242,0.4962741136550903,0.27401572465896606,MF,1,0,False,,,,ineligible,0,0,,,,ineligible,,,,ineligible
40211209,25,0.16556291390728478,2.04,0.9583318840568752,1.0,4.0,4,0.36,0.32,0.24,0.08,0.0,0.08,0.92,1.8422921890824147,3.0,220,8.8,1.481818181818182,3.0,0.6,0.4,79.28,80.0,17.0,160.0,0.56,0.0,1.3041797876358032,0.9602371454238892,-0.34394264221191406,LightGCN,0,1,False,,,,ineligible,0,0,,,,ineligible,,,,ineligible
40211211,25,0.16556291390728478,3.6,1.0583005244258363,1.0,5.0,5,0.04,0.08,0.36,0.28,0.24,0.52,0.48,2.0162328109062857,4.0,227,9.08,1.5859030837004404,4.0,0.5506607929515418,0.44933920704845814,57.08,47.0,1.0,160.0,0.4,0.12,0.5420248508453369,0.4057106971740722,-0.1363141536712647,LightGCN,0,1,True,0.0,0.0,0.0,tie,0,0,0.0,0.0,0.0,tie,0.0,0.0,0.0,tie
40211213,24,0.15894039735099338,2.6666666666666665,1.3437096247164249,1.0,5.0,5,0.2916666666666667,0.16666666666666666,0.20833333333333334,0.25,0.08333333333333333,0.3333333333333333,0.6666666666666666,2.2195083368391986,4.0,223,9.291666666666666,1.946188340807175,4.0,0.40358744394618834,0.5964125560538116,74.25,49.5,7.0,160.0,0.4583333333333333,0.0,1.0855414867401123,1.183619499206543,0.09807801246643066,MF,1,0,True,0.0,0.0,0.0,tie,0,0,0.0,0.0,0.0,tie,0.0,0.0,0.0,tie
40211214,22,0.1456953642384106,2.5,1.0335288182638247,1.0,4.0,4,0.18181818181818182,0.36363636363636365,0.22727272727272727,0.22727272727272727,0.0,0.22727272727272727,0.7727272727272727,1.9494643027794054,3.0,177,8.045454545454545,1.5649717514124293,3.0,0.5480225988700564,0.4519774011299435,79.0,79.5,4.0,160.0,0.5454545454545454,0.0,0.868408203125,1.029865860939026,0.1614576578140261,MF,1,0,False,,,,ineligible,0,0,,,,ineligible,,,,ineligible
40211215,24,0.15894039735099338,1.9583333333333333,0.9344858955002419,1.0,4.0,4,0.375,0.375,0.16666666666666666,0.08333333333333333,0.0,0.08333333333333333,0.9166666666666666,1.7908520829727552,3.0,197,8.208333333333334,1.4568527918781726,3.0,0.6345177664974619,0.36548223350253806,69.20833333333333,49.5,2.0,160.0,0.4583333333333333,0.0,0.3662695089975993,0.5979189078013102,0.23164939880371088,MF,1,0,False,,,,ineligible,0,0,,,,ineligible,,,,ineligible
40211216,22,0.1456953642384106,4.0,0.9045340337332909,2.0,5.0,4,0.0,0.09090909090909091,0.13636363636363635,0.45454545454545453,0.3181818181818182,0.7727272727272727,0.22727272727272727,1.74917466839001,3.0,161,7.318181818181818,1.4285714285714286,3.0,0.6583850931677019,0.3416149068322981,76.13636363636364,64.5,7.0,160.0,0.5,0.0,0.2343231439590454,0.3644237518310547,0.13010060787200928,MF,1,0,True,1.0,0.6309297535714575,-0.36907024642854247,MF,1,0,1.0,1.0,0.0,tie,1.0,1.0,0.0,tie
40211217,24,0.15894039735099338,4.166666666666667,0.7993052538854533,3.0,5.0,3,0.0,0.0,0.25,0.3333333333333333,0.4166666666666667,0.75,0.25,1.5545851693377997,2.0,188,7.833333333333333,1.3191489361702127,2.0,0.6808510638297872,0.3191489361702128,74.95833333333333,64.5,3.0,160.0,0.5,0.0,0.7751357555389404,0.3872606754302978,-0.38787508010864263,LightGCN,0,1,True,0.0,0.0,0.0,tie,0,0,0.0,0.0,0.0,tie,0.0,0.0,0.0,tie
40211218,1,0.006622516556291391,3.0,0.0,3.0,3.0,1,0.0,0.0,1.0,0.0,0.0,0.0,1.0,-0.0,0.0,0,0.0,0.0,0.0,0.0,0.0,147.0,147.0,147.0,147.0,1.0,0.0,1.672067642211914,0.8340373039245605,-0.8380303382873535,LightGCN,0,1,False,,,,ineligible,0,0,,,,ineligible,,,,ineligible
40211219,21,0.1390728476821192,3.5238095238095237,0.7939681905015745,2.0,5.0,4,0.0,0.14285714285714285,0.23809523809523808,0.5714285714285714,0.047619047619047616,0.6190476190476191,0.38095238095238093,1.5645041853857056,3.0,131,6.238095238095238,1.3587786259541985,3.0,0.6641221374045801,0.33587786259541985,79.19047619047619,79.0,7.0,160.0,0.5238095238095238,0.0,0.3363407850265503,0.3623260259628296,0.025985240936279297,MF,1,0,True,0.3868528072345416,0.3868528072345416,0.0,tie,0,0,0.5,0.5,0.0,tie,1.0,1.0,0.0,tie
40211220,23,0.152317880794702,4.304347826086956,0.7480282840906632,3.0,5.0,3,0.0,0.0,0.17391304347826086,0.34782608695652173,0.4782608695652174,0.8260869565217391,0.17391304347826086,1.4777468341000444,2.0,164,7.130434782608695,1.2682926829268293,2.0,0.7317073170731707,0.2682926829268293,71.82608695652173,49.0,11.0,160.0,0.43478260869565216,0.0,0.6113359928131104,1.188947081565857,0.5776110887527466,MF,1,0,True,0.3868528072345416,0.0,-0.3868528072345416,MF,1,0,1.0,0.0,-1.0,MF,1.0,0.0,-1.0,MF
40211222,20,0.13245033112582782,4.25,0.7664854858377946,2.0,5.0,4,0.0,0.05,0.05,0.5,0.4,0.9,0.1,1.4609640474436811,3.0,117,5.85,1.2905982905982907,3.0,0.7777777777777778,0.2222222222222222,83.7,81.0,26.0,147.0,0.6,0.0,0.7219371795654297,0.8146697282791138,0.09273254871368408,MF,1,0,True,0.0,0.0,0.0,tie,0,0,0.0,0.0,0.0,tie,0.0,0.0,0.0,tie
40211223,25,0.16556291390728478,4.32,0.6764613810115105,3.0,5.0,3,0.0,0.0,0.12,0.44,0.44,0.88,0.12,1.4093608652873644,2.0,187,7.48,1.1764705882352942,2.0,0.8235294117647058,0.17647058823529413,75.24,50.0,9.0,160.0,0.48,0.0,0.1103302240371704,0.8500003814697266,0.7396701574325562,MF,1,0,True,0.0,0.0,0.0,tie,0,0,0.0,0.0,0.0,tie,0.0,0.0,0.0,tie
40211224,25,0.16556291390728478,2.04,0.9156418513807678,1.0,4.0,4,0.36,0.28,0.32,0.04,0.0,0.04,0.96,1.7566238110793628,3.0,215,8.6,1.4511627906976745,3.0,0.5906976744186047,0.40930232558139534,77.36,80.0,1.0,160.0,0.56,0.04,0.6551233530044556,0.8000848293304443,0.14496147632598877,MF,1,0,False,,,,ineligible,0,0,,,,ineligible,,,,ineligible
40211225,25,0.16556291390728478,3.0,1.2328828005937953,1.0,5.0,5,0.16,0.16,0.32,0.24,0.12,0.36,0.64,2.2332696895151085,4.0,242,9.68,1.7768595041322315,4.0,0.47107438016528924,0.5289256198347108,75.6,50.0,9.0,160.0,0.48,0.0,0.5805429220199585,0.5255597829818726,-0.05498313903808594,LightGCN,0,1,True,0.6309297535714575,0.6309297535714575,0.0,tie,0,0,1.0,1.0,0.0,tie,1.0,1.0,0.0,tie
40211226,19,0.12582781456953643,4.315789473684211,0.653140718210045,3.0,5.0,3,0.0,0.0,0.10526315789473684,0.47368421052631576,0.42105263157894735,0.8947368421052632,0.10526315789473684,1.3779630390761746,2.0,106,5.578947368421052,1.150943396226415,2.0,0.8490566037735849,0.1509433962264151,88.26315789473684,83.0,14.0,160.0,0.631578947368421,0.0,0.7976351976394653,0.7695872783660889,-0.028047919273376465,LightGCN,0,1,True,0.0,0.0,0.0,tie,0,0,0.0,0.0,0.0,tie,0.0,0.0,0.0,tie
40211227,24,0.15894039735099338,3.375,1.0728660991319778,1.0,5.0,5,0.08333333333333333,0.08333333333333333,0.3333333333333333,0.375,0.125,0.5,0.5,2.031453645923478,4.0,207,8.625,1.5990338164251208,4.0,0.5748792270531401,0.4251207729468599,80.04166666666667,81.0,4.0,160.0,0.5416666666666666,0.0,1.6346262097358704,1.190674066543579,-0.44395214319229126,LightGCN,0,1,True,0.2371977127692962,0.0,-0.2371977127692962,MF,1,0,0.5,0.0,-0.5,MF,1.0,0.0,-1.0,MF
40211228,22,0.1456953642384106,3.8636363636363638,0.6938335237488068,3.0,5.0,3,0.0,0.0,0.3181818181818182,0.5,0.18181818181818182,0.6818181818181818,0.3181818181818182,1.47283015230032,2.0,149,6.7727272727272725,1.1879194630872483,2.0,0.8120805369127517,0.18791946308724833,76.81818181818181,79.5,7.0,160.0,0.5454545454545454,0.0,0.2156012058258056,0.3362562656402588,0.12065505981445318,MF,1,0,True,0.6309297535714575,0.0,-0.6309297535714575,MF,1,0,1.0,0.0,-1.0,MF,1.0,0.0,-1.0,MF
40211229,23,0.152317880794702,2.3043478260869565,1.158514138649933,1.0,5.0,5,0.30434782608695654,0.30434782608695654,0.21739130434782608,0.13043478260869565,0.043478260869565216,0.17391304347826086,0.8260869565217391,2.1032360045175893,4.0,198,8.608695652173912,1.696969696969697,4.0,0.5151515151515151,0.48484848484848486,77.17391304347827,79.0,17.0,160.0,0.5217391304347826,0.0,0.8057761788368225,0.840329647064209,0.034553468227386475,MF,1,0,True,0.0,0.0,0.0,tie,0,0,0.0,0.0,0.0,tie,0.0,0.0,0.0,tie
40211230,24,0.15894039735099338,3.875,0.8809322713277489,2.0,5.0,4,0.0,0.08333333333333333,0.20833333333333334,0.4583333333333333,0.25,0.7083333333333334,0.2916666666666667,1.786080697230572,3.0,195,8.125,1.3897435897435897,3.0,0.6717948717948717,0.3282051282051282,69.25,65.0,2.0,160.0,0.5,0.041666666666666664,0.3384196758270263,0.3590394258499145,0.020619750022888184,MF,1,0,True,0.6131471927654584,0.2640681225725909,-0.3490790701928675,MF,1,0,0.5,0.5,0.0,tie,1.0,1.0,0.0,tie
40211231,5,0.033112582781456956,1.2,0.4000000000000001,1.0,2.0,2,0.8,0.2,0.0,0.0,0.0,0.0,1.0,0.7219280948873623,1.0,4,0.8,1.0,1.0,1.0,0.0,137.2,131.0,129.0,160.0,1.0,0.0,0.0,0.5855228900909424,0.5855228900909424,MF,1,0,False,,,,ineligible,0,0,,,,ineligible,,,,ineligible
40211232,9,0.059602649006622516,1.7777777777777777,1.0304020550550783,1.0,4.0,4,0.5555555555555556,0.2222222222222222,0.1111111111111111,0.1111111111111111,0.0,0.1111111111111111,0.8888888888888888,1.6577427265048887,3.0,25,2.7777777777777777,1.68,3.0,0.52,0.48,111.0,129.0,41.0,160.0,0.7777777777777778,0.0,1.3920040130615234,2.168732762336731,0.7767287492752075,MF,1,0,True,0.0,0.0,0.0,tie,0,0,0.0,0.0,0.0,tie,0.0,0.0,0.0,tie
40211233,25,0.16556291390728478,2.04,0.9583318840568753,1.0,4.0,4,0.36,0.32,0.24,0.08,0.0,0.08,0.92,1.8422921890824147,3.0,220,8.8,1.481818181818182,3.0,0.6,0.4,65.68,49.0,2.0,147.0,0.44,0.0,0.0,0.6371249556541443,0.6371249556541443,MF,1,0,False,,,,ineligible,0,0,,,,ineligible,,,,ineligible
40211234,24,0.15894039735099338,3.8333333333333335,0.9860132971832694,1.0,5.0,5,0.041666666666666664,0.041666666666666664,0.20833333333333334,0.4583333333333333,0.25,0.7083333333333334,0.2916666666666667,1.8694140305639055,4.0,196,8.166666666666666,1.5,4.0,0.6479591836734694,0.3520408163265306,67.45833333333333,49.0,5.0,160.0,0.4166666666666667,0.0,0.4278469085693359,0.2144058545430501,-0.21344105402628577,LightGCN,0,1,True,0.0,0.0,0.0,tie,0,0,0.0,0.0,0.0,tie,0.0,0.0,0.0,tie
40211235,22,0.1456953642384106,3.1818181818181817,0.9359663764533636,1.0,5.0,5,0.045454545454545456,0.18181818181818182,0.36363636363636365,0.36363636363636365,0.045454545454545456,0.4090909090909091,0.5909090909090909,1.913977073182752,4.0,169,7.681818181818182,1.4437869822485208,4.0,0.6390532544378699,0.3609467455621302,76.9090909090909,79.5,6.0,160.0,0.5454545454545454,0.0,1.355696201324463,0.4702198505401611,-0.8854763507843018,LightGCN,0,1,True,0.0,0.0,0.0,tie,0,0,0.0,0.0,0.0,tie,0.0,0.0,0.0,tie
40211236,2,0.013245033112582781,1.0,0.0,1.0,1.0,1,1.0,0.0,0.0,0.0,0.0,0.0,1.0,-0.0,0.0,0,0.0,0.0,0.0,0.0,0.0,139.0,139.0,131.0,147.0,1.0,0.0,1.009530544281006,0.0,-1.009530544281006,LightGCN,0,1,False,,,,ineligible,0,0,,,,ineligible,,,,ineligible
40211237,23,0.152317880794702,2.739130434782609,0.9425862342903827,1.0,4.0,4,0.13043478260869565,0.21739130434782608,0.43478260869565216,0.21739130434782608,0.0,0.21739130434782608,0.782608695652174,1.8629771995391555,3.0,185,8.043478260869565,1.4594594594594594,3.0,0.6216216216216216,0.3783783783783784,72.95652173913044,79.0,2.0,147.0,0.5217391304347826,0.0,0.6937490701675415,0.653956413269043,-0.039792656898498535,LightGCN,0,1,True,0.0,1.0,1.0,LightGCN,0,1,0.0,1.0,1.0,LightGCN,0.0,1.0,1.0,LightGCN
40211238,24,0.15894039735099338,2.7916666666666665,1.2576156893988808,1.0,5.0,5,0.20833333333333334,0.20833333333333334,0.25,0.25,0.08333333333333333,0.3333333333333333,0.6666666666666666,2.2416778774908437,4.0,225,9.375,1.808888888888889,4.0,0.4577777777777778,0.5422222222222223,77.20833333333333,79.5,3.0,160.0,0.5416666666666666,0.0,1.1982455253601074,0.9902586936950684,-0.20798683166503906,LightGCN,0,1,True,0.0,0.0,0.0,tie,0,0,0.0,0.0,0.0,tie,0.0,0.0,0.0,tie
40211239,25,0.16556291390728478,1.68,0.8818163074019442,1.0,4.0,4,0.56,0.24,0.16,0.04,0.0,0.04,0.96,1.571346433249389,3.0,188,7.52,1.4787234042553192,3.0,0.5957446808510638,0.40425531914893614,78.16,80.0,4.0,160.0,0.56,0.0,0.3857424855232239,0.8434133529663086,0.4576708674430847,MF,1,0,False,,,,ineligible,0,0,,,,ineligible,,,,ineligible
40211241,23,0.152317880794702,3.260869565217391,1.1118879871777758,1.0,5.0,5,0.08695652173913043,0.13043478260869565,0.34782608695652173,0.30434782608695654,0.13043478260869565,0.43478260869565216,0.5652173913043478,2.125246327416571,4.0,197,8.565217391304348,1.634517766497462,4.0,0.5431472081218274,0.45685279187817257,76.52173913043478,79.0,7.0,160.0,0.5217391304347826,0.0,0.0375188589096069,0.0439059734344482,0.006387114524841302,MF,1,0,False,,,,ineligible,0,0,,,,ineligible,,,,ineligible
40211242,23,0.152317880794702,4.434782608695652,0.49572844569527735,4.0,5.0,2,0.0,0.0,0.0,0.5652173913043478,0.43478260869565216,1.0,0.0,0.9876925088958034,1.0,130,5.6521739130434785,1.0,1.0,1.0,0.0,76.43478260869566,80.0,5.0,160.0,0.5652173913043478,0.0,0.722428560256958,0.3877707719802856,-0.3346577882766724,LightGCN,0,1,True,0.0,0.0,0.0,tie,0,0,0.0,0.0,0.0,tie,0.0,0.0,0.0,tie
40211243,9,0.059602649006622516,1.1111111111111112,0.3142696805273545,1.0,2.0,2,0.8888888888888888,0.1111111111111111,0.0,0.0,0.0,0.0,1.0,0.5032583347756457,1.0,8,0.8888888888888888,1.0,1.0,1.0,0.0,113.55555555555556,129.0,49.0,160.0,0.8888888888888888,0.0,0.0,0.6683119535446167,0.6683119535446167,MF,1,0,False,,,,ineligible,0,0,,,,ineligible,,,,ineligible
40211244,24,0.15894039735099338,3.5833333333333335,0.8122328620674137,2.0,5.0,4,0.0,0.08333333333333333,0.375,0.4166666666666667,0.125,0.5416666666666666,0.4583333333333333,1.7306502730537434,3.0,191,7.958333333333333,1.3089005235602094,3.0,0.7225130890052356,0.2774869109947644,71.08333333333333,49.5,14.0,160.0,0.4583333333333333,0.0,0.3638629118601481,0.9775675932566324,0.6137046813964844,MF,1,0,True,0.3868528072345416,0.3868528072345416,0.0,tie,0,0,0.5,0.5,0.0,tie,1.0,1.0,0.0,tie
40211245,24,0.15894039735099338,2.5833333333333335,1.1873172373979173,1.0,5.0,5,0.25,0.20833333333333334,0.2916666666666667,0.20833333333333334,0.041666666666666664,0.25,0.75,2.152439983737665,4.0,220,9.166666666666666,1.7363636363636363,4.0,0.4772727272727273,0.5227272727272727,69.83333333333333,64.5,3.0,147.0,0.5,0.0,0.1949888467788696,0.7693656086921692,0.5743767619132996,MF,1,0,False,,,,ineligible,0,0,,,,ineligible,,,,ineligible
40211246,22,0.1456953642384106,4.454545454545454,0.7820295697311477,2.0,5.0,4,0.0,0.045454545454545456,0.045454545454545456,0.3181818181818182,0.5909090909090909,0.9090909090909091,0.09090909090909091,1.379558855444687,3.0,132,6.0,1.3484848484848484,3.0,0.75,0.25,79.18181818181819,79.5,14.0,160.0,0.5454545454545454,0.0,0.478029727935791,0.5331172943115234,0.05508756637573242,MF,1,0,True,0.6131471927654584,0.0,-0.6131471927654584,MF,1,0,0.5,0.0,-0.5,MF,1.0,0.0,-1.0,MF
40211247,25,0.16556291390728478,3.4,1.1661903789690602,1.0,5.0,5,0.08,0.12,0.32,0.28,0.2,0.48,0.52,2.1632156925345845,4.0,237,9.48,1.6962025316455696,4.0,0.510548523206751,0.48945147679324896,77.96,80.0,7.0,160.0,0.56,0.0,1.0010939836502075,1.513690948486328,0.5125969648361204,MF,1,0,True,0.430676558073393,0.0,-0.430676558073393,MF,1,0,1.0,0.0,-1.0,MF,1.0,0.0,-1.0,MF
40211248,21,0.1390728476821192,3.142857142857143,0.9404008408634047,1.0,5.0,5,0.047619047619047616,0.19047619047619047,0.38095238095238093,0.3333333333333333,0.047619047619047616,0.38095238095238093,0.6190476190476191,1.932722924950035,4.0,155,7.380952380952381,1.4451612903225806,4.0,0.6387096774193548,0.36129032258064514,78.57142857142857,79.0,26.0,160.0,0.5238095238095238,0.0,0.7249553203582764,1.3206011056900024,0.5956457853317261,MF,1,0,True,0.6934264036172708,0.3868528072345416,-0.30657359638272924,MF,1,0,1.0,0.5,-0.5,MF,1.0,1.0,0.0,tie
40211249,23,0.152317880794702,3.5652173913043477,0.9243605054551868,2.0,5.0,4,0.0,0.13043478260869565,0.34782608695652173,0.34782608695652173,0.17391304347826086,0.5217391304347826,0.4782608695652174,1.882045108136862,3.0,188,8.173913043478262,1.425531914893617,3.0,0.6382978723404256,0.3617021276595745,69.30434782608695,49.0,3.0,147.0,0.43478260869565216,0.0,1.320812106132507,1.4961800575256348,0.17536795139312766,MF,1,0,True,0.0,0.0,0.0,tie,0,0,0.0,0.0,0.0,tie,0.0,0.0,0.0,tie
40211250,22,0.1456953642384106,3.5,0.7833494518006403,2.0,5.0,4,0.0,0.13636363636363635,0.2727272727272727,0.5454545454545454,0.045454545454545456,0.5909090909090909,0.4090909090909091,1.5828765043125574,3.0,147,6.681818181818182,1.3265306122448979,3.0,0.6938775510204082,0.30612244897959184,76.4090909090909,79.5,1.0,160.0,0.5454545454545454,0.045454545454545456,0.6659282445907593,0.8104015588760376,0.14447331428527832,MF,1,0,True,0.0,0.0,0.0,tie,0,0,0.0,0.0,0.0,tie,0.0,0.0,0.0,tie
40211252,24,0.15894039735099338,4.041666666666667,0.7347996703561832,3.0,5.0,3,0.0,0.0,0.25,0.4583333333333333,0.2916666666666667,0.75,0.25,1.5343371980653047,2.0,185,7.708333333333333,1.227027027027027,2.0,0.772972972972973,0.22702702702702704,74.0,79.5,2.0,160.0,0.5416666666666666,0.041666666666666664,0.2184751033782959,0.2561700344085693,0.03769493103027338,MF,1,0,True,1.0,0.6131471927654584,-0.38685280723454163,MF,1,0,1.0,0.5,-0.5,MF,1.0,1.0,0.0,tie
40211253,1,0.006622516556291391,1.0,0.0,1.0,1.0,1,1.0,0.0,0.0,0.0,0.0,0.0,1.0,-0.0,0.0,0,0.0,0.0,0.0,0.0,0.0,147.0,147.0,147.0,147.0,1.0,0.0,0.8585247993469238,2.0,1.1414752006530762,MF,1,0,False,,,,ineligible,0,0,,,,ineligible,,,,ineligible
40211254,1,0.006622516556291391,1.0,0.0,1.0,1.0,1,1.0,0.0,0.0,0.0,0.0,0.0,1.0,-0.0,0.0,0,0.0,0.0,0.0,0.0,0.0,147.0,147.0,147.0,147.0,1.0,0.0,0.1641702651977539,2.0,1.835829734802246,MF,1,0,False,,,,ineligible,0,0,,,,ineligible,,,,ineligible
40211255,24,0.15894039735099338,2.5416666666666665,1.1895085353016832,1.0,5.0,5,0.25,0.25,0.25,0.20833333333333334,0.041666666666666664,0.25,0.75,2.1625056054120884,4.0,221,9.208333333333334,1.7330316742081449,4.0,0.4841628959276018,0.5158371040723982,72.20833333333333,64.5,3.0,160.0,0.5,0.0,0.2176937460899353,0.3464263081550598,0.1287325620651245,MF,1,0,False,,,,ineligible,0,0,,,,ineligible,,,,ineligible
40211256,23,0.152317880794702,4.304347826086956,0.9525609695742019,1.0,5.0,4,0.043478260869565216,0.0,0.08695652173913043,0.34782608695652173,0.5217391304347826,0.8695652173913043,0.13043478260869565,1.5227119556807576,4.0,158,6.869565217391305,1.4936708860759493,4.0,0.7088607594936709,0.2911392405063291,67.34782608695652,49.0,5.0,160.0,0.43478260869565216,0.0,0.4107351303100586,0.2056238651275634,-0.2051112651824952,LightGCN,0,1,True,0.0,0.0,0.0,tie,0,0,0.0,0.0,0.0,tie,0.0,0.0,0.0,tie
40211257,24,0.15894039735099338,1.7916666666666667,0.9565200236040831,1.0,4.0,4,0.5416666666666666,0.16666666666666666,0.25,0.041666666666666664,0.0,0.041666666666666664,0.9583333333333334,1.600983694881109,3.0,177,7.375,1.6101694915254237,3.0,0.4632768361581921,0.536723163841808,82.54166666666667,80.5,26.0,160.0,0.5833333333333334,0.0,0.6417638063430786,0.4003502130508423,-0.24141359329223633,LightGCN,0,1,False,,,,ineligible,0,0,,,,ineligible,,,,ineligible
40211258,1,0.006622516556291391,1.0,0.0,1.0,1.0,1,1.0,0.0,0.0,0.0,0.0,0.0,1.0,-0.0,0.0,0,0.0,0.0,0.0,0.0,0.0,147.0,147.0,147.0,147.0,1.0,0.0,1.8357012271881104,0.0,-1.8357012271881104,LightGCN,0,1,False,,,,ineligible,0,0,,,,ineligible,,,,ineligible
40211259,21,0.1390728476821192,3.1904761904761907,1.366923818514983,1.0,5.0,5,0.14285714285714285,0.23809523809523808,0.09523809523809523,0.3333333333333333,0.19047619047619047,0.5238095238095238,0.47619047619047616,2.201078735588117,4.0,169,8.047619047619047,1.9881656804733727,4.0,0.39644970414201186,0.6035502958579881,61.61904761904762,49.0,5.0,131.0,0.42857142857142855,0.0,0.8207902908325195,1.1520256996154783,0.33123540878295876,MF,1,0,False,,,,ineligible,0,0,,,,ineligible,,,,ineligible
40211260,16,0.10596026490066225,3.5,1.118033988749895,1.0,5.0,5,0.0625,0.125,0.25,0.375,0.1875,0.5625,0.4375,2.10845859334435,4.0,95,5.9375,1.6421052631578947,4.0,0.5473684210526316,0.45263157894736844,69.625,49.5,14.0,131.0,0.4375,0.0,1.1016546487808228,0.5705661773681641,-0.5310884714126587,LightGCN,0,1,True,0.0,0.0,0.0,tie,0,0,0.0,0.0,0.0,tie,0.0,0.0,0.0,tie
40211261,21,0.1390728476821192,3.6666666666666665,0.7766431633476233,2.0,5.0,4,0.0,0.047619047619047616,0.38095238095238093,0.42857142857142855,0.14285714285714285,0.5714285714285714,0.42857142857142855,1.6644977792004614,3.0,143,6.809523809523809,1.2727272727272727,3.0,0.7482517482517482,0.2517482517482518,59.23809523809524,49.0,7.0,131.0,0.38095238095238093,0.0,0.7657482624053955,0.7417271137237549,-0.024021148681640625,LightGCN,0,1,True,0.3868528072345416,0.0,-0.3868528072345416,MF,1,0,0.5,0.0,-0.5,MF,1.0,0.0,-1.0,MF
40211262,20,0.13245033112582782,4.05,0.5894913061275798,3.0,5.0,3,0.0,0.0,0.15,0.65,0.2,0.85,0.15,1.278897902987479,2.0,103,5.15,1.116504854368932,2.0,0.883495145631068,0.11650485436893204,66.0,64.5,5.0,131.0,0.5,0.0,0.4667216539382934,0.2731108665466308,-0.1936107873916626,LightGCN,0,1,True,1.0,0.3868528072345416,-0.6131471927654584,MF,1,0,1.0,1.0,0.0,tie,1.0,1.0,0.0,tie
40211263,21,0.1390728476821192,1.7142857142857142,0.8247860988423225,1.0,3.0,3,0.5238095238095238,0.23809523809523808,0.23809523809523808,0.0,0.0,0.0,1.0,1.4745541487842893,2.0,135,6.428571428571429,1.4074074074074074,2.0,0.5925925925925926,0.4074074074074074,67.0952380952381,50.0,3.0,131.0,0.47619047619047616,0.0,0.6248950958251953,0.0367959737777709,-0.5880991220474244,LightGCN,0,1,False,,,,ineligible,0,0,,,,ineligible,,,,ineligible
40211264,4,0.026490066225165563,1.75,0.82915619758885,1.0,3.0,3,0.5,0.25,0.25,0.0,0.0,0.0,1.0,1.5,2.0,5,1.25,1.4,2.0,0.6,0.4,107.25,129.0,41.0,130.0,0.75,0.0,1.6968755722045898,1.2891671657562256,-0.40770840644836426,LightGCN,0,1,False,,,,ineligible,0,0,,,,ineligible,,,,ineligible
40211266,21,0.1390728476821192,2.5714285714285716,1.2177820811947069,1.0,5.0,5,0.23809523809523808,0.2857142857142857,0.19047619047619047,0.23809523809523808,0.047619047619047616,0.2857142857142857,0.7142857142857143,2.167124282150162,4.0,169,8.047619047619047,1.7751479289940828,4.0,0.46745562130177515,0.5325443786982249,68.57142857142857,78.0,1.0,147.0,0.5238095238095238,0.047619047619047616,1.3778027296066284,0.5879565477371216,-0.7898461818695068,LightGCN,0,1,False,,,,ineligible,0,0,,,,ineligible,,,,ineligible
40211267,15,0.09933774834437085,3.2,0.9092121131323905,1.0,4.0,4,0.06666666666666667,0.13333333333333333,0.3333333333333333,0.4666666666666667,0.0,0.4666666666666667,0.5333333333333333,1.6894822670191827,3.0,73,4.866666666666666,1.452054794520548,3.0,0.6438356164383562,0.3561643835616438,59.2,49.0,17.0,136.0,0.4,0.0,0.6100349426269531,0.8136050701141357,0.20357012748718262,MF,1,0,False,,,,ineligible,0,0,,,,ineligible,,,,ineligible
40311101,1,0.006622516556291391,1.0,0.0,1.0,1.0,1,1.0,0.0,0.0,0.0,0.0,0.0,1.0,-0.0,0.0,0,0.0,0.0,0.0,0.0,0.0,136.0,136.0,136.0,136.0,1.0,0.0,1.434363603591919,3.0,1.565636396408081,MF,1,0,True,0.0,1.0,1.0,LightGCN,0,1,0.0,1.0,1.0,LightGCN,0.0,1.0,1.0,LightGCN
40311104,17,0.11258278145695365,2.235294117647059,1.0017286097603766,1.0,4.0,4,0.29411764705882354,0.29411764705882354,0.29411764705882354,0.11764705882352941,0.0,0.11764705882352941,0.8823529411764706,1.9210556987026668,3.0,105,6.176470588235294,1.5238095238095237,3.0,0.5714285714285714,0.42857142857142855,81.29411764705883,75.0,25.0,137.0,0.6470588235294118,0.0,0.4409725069999695,0.8507227897644043,0.4097502827644348,MF,1,0,True,0.430676558073393,0.5,0.069323441926607,LightGCN,0,1,1.0,1.0,0.0,tie,1.0,1.0,0.0,tie
40311105,17,0.11258278145695365,1.7058823529411764,0.7487012977269327,1.0,3.0,3,0.47058823529411764,0.35294117647058826,0.17647058823529413,0.0,0.0,0.0,1.0,1.4836591643979626,2.0,90,5.294117647058823,1.2666666666666666,2.0,0.7333333333333333,0.26666666666666666,80.70588235294117,81.0,4.0,137.0,0.6470588235294118,0.0,1.1628788709640503,1.400941252708435,0.23806238174438477,MF,1,0,True,0.0,0.6309297535714575,0.6309297535714575,LightGCN,0,1,0.0,1.0,1.0,LightGCN,0.0,1.0,1.0,LightGCN
40311106,16,0.10596026490066225,2.9375,0.9662265521087692,1.0,4.0,4,0.125,0.125,0.4375,0.3125,0.0,0.3125,0.6875,1.7961796919474973,3.0,87,5.4375,1.5057471264367817,3.0,0.6091954022988506,0.39080459770114945,92.3125,82.0,49.0,137.0,0.8125,0.0,1.7103271484375,1.6606402397155762,-0.04968690872192383,LightGCN,0,1,True,0.0,0.6309297535714575,0.6309297535714575,LightGCN,0,1,0.0,1.0,1.0,LightGCN,0.0,1.0,1.0,LightGCN
40311107,17,0.11258278145695365,3.4705882352941178,1.143660123248446,1.0,5.0,5,0.058823529411764705,0.17647058823529413,0.17647058823529413,0.4117647058823529,0.17647058823529413,0.5882352941176471,0.4117647058823529,2.0923953729624785,4.0,106,6.235294117647059,1.6981132075471699,4.0,0.5094339622641509,0.49056603773584906,83.11764705882354,81.0,25.0,137.0,0.7058823529411765,0.0,0.4343752861022949,0.3467080593109131,-0.08766722679138184,LightGCN,0,1,False,,,,ineligible,0,0,,,,ineligible,,,,ineligible
40311108,16,0.10596026490066225,2.6875,0.8454843286542927,1.0,4.0,4,0.125,0.1875,0.5625,0.125,0.0,0.125,0.875,1.6697367178034825,3.0,79,4.9375,1.4050632911392404,3.0,0.6455696202531646,0.35443037974683544,83.375,81.0,48.0,137.0,0.6875,0.0,0.5599390268325806,0.7333463430404663,0.17340731620788574,MF,1,0,False,,,,ineligible,0,0,,,,ineligible,,,,ineligible
40311109,5,0.033112582781456956,1.0,0.0,1.0,1.0,1,1.0,0.0,0.0,0.0,0.0,0.0,1.0,-0.0,0.0,0,0.0,0.0,0.0,0.0,0.0,129.8,132.0,121.0,137.0,1.0,0.0,0.739729642868042,0.0,-0.739729642868042,LightGCN,0,1,False,,,,ineligible,0,0,,,,ineligible,,,,ineligible
40311110,5,0.033112582781456956,2.2,1.16619037896906,1.0,4.0,4,0.4,0.2,0.2,0.2,0.0,0.2,0.8,1.9219280948873623,3.0,9,1.8,1.7777777777777777,3.0,0.4444444444444444,0.5555555555555556,125.6,123.0,115.0,137.0,1.0,0.0,0.1681994199752807,0.5075526237487793,0.3393532037734986,MF,1,0,False,,,,ineligible,0,0,,,,ineligible,,,,ineligible
40311111,17,0.11258278145695365,2.588235294117647,1.1910856900774462,1.0,4.0,4,0.23529411764705882,0.29411764705882354,0.11764705882352941,0.35294117647058826,0.0,0.35294117647058826,0.6470588235294118,1.9039678130877662,3.0,104,6.117647058823529,1.8269230769230769,3.0,0.40384615384615385,0.5961538461538461,85.23529411764706,81.0,4.0,136.0,0.7647058823529411,0.0,0.0843267440795898,0.0191731452941894,-0.0651535987854004,LightGCN,0,1,False,,,,ineligible,0,0,,,,ineligible,,,,ineligible
40311112,17,0.11258278145695365,2.9411764705882355,0.9982683969692436,1.0,5.0,5,0.058823529411764705,0.29411764705882354,0.35294117647058826,0.23529411764705882,0.058823529411764705,0.29411764705882354,0.7058823529411765,2.021614871911295,4.0,105,6.176470588235294,1.5047619047619047,4.0,0.6,0.4,84.94117647058823,81.0,26.0,137.0,0.7058823529411765,0.0,0.0427906513214111,0.3234291076660156,0.28063845634460455,MF,1,0,True,1.0,0.6309297535714575,-0.36907024642854247,MF,1,0,1.0,1.0,0.0,tie,1.0,1.0,0.0,tie
40311113,6,0.039735099337748346,1.1666666666666667,0.37267799624996495,1.0,2.0,2,0.8333333333333334,0.16666666666666666,0.0,0.0,0.0,0.0,1.0,0.6500224216483541,1.0,5,0.8333333333333334,1.0,1.0,1.0,0.0,121.0,127.5,83.0,137.0,1.0,0.0,0.7850234508514404,0.0,-0.7850234508514404,LightGCN,0,1,False,,,,ineligible,0,0,,,,ineligible,,,,ineligible
40311114,19,0.12582781456953643,3.4210526315789473,1.0420520985907016,1.0,5.0,5,0.05263157894736842,0.10526315789473684,0.3684210526315789,0.3157894736842105,0.15789473684210525,0.47368421052631576,0.5263157894736842,2.0418145155018155,4.0,131,6.894736842105263,1.5572519083969465,4.0,0.5801526717557252,0.4198473282442748,76.36842105263158,81.0,1.0,137.0,0.6842105263157895,0.05263157894736842,1.5422343015670776,1.1562976837158203,-0.3859366178512573,LightGCN,0,1,True,1.0,1.0,0.0,tie,0,0,1.0,1.0,0.0,tie,1.0,1.0,0.0,tie
40311115,1,0.006622516556291391,1.0,0.0,1.0,1.0,1,1.0,0.0,0.0,0.0,0.0,0.0,1.0,-0.0,0.0,0,0.0,0.0,0.0,0.0,0.0,136.0,136.0,136.0,136.0,1.0,0.0,1.0320277214050293,0.0,-1.0320277214050293,LightGCN,0,1,False,,,,ineligible,0,0,,,,ineligible,,,,ineligible
40311116,16,0.10596026490066225,2.125,0.8569568250501305,1.0,4.0,4,0.25,0.4375,0.25,0.0625,0.0,0.0625,0.9375,1.771782221599798,3.0,87,5.4375,1.3563218390804597,3.0,0.6896551724137931,0.3103448275862069,95.6875,92.5,48.0,137.0,0.8125,0.0,1.1529080867767334,0.77353835105896,-0.37936973571777344,LightGCN,0,1,False,,,,ineligible,0,0,,,,ineligible,,,,ineligible
40311117,17,0.11258278145695365,3.1176470588235294,0.9629826790438176,1.0,5.0,5,0.058823529411764705,0.17647058823529413,0.4117647058823529,0.29411764705882354,0.058823529411764705,0.35294117647058826,0.6470588235294118,1.9688738747207215,4.0,102,6.0,1.4705882352941178,4.0,0.6274509803921569,0.37254901960784315,83.94117647058823,81.0,26.0,137.0,0.7058823529411765,0.0,1.4802976846694946,0.4602073431015014,-1.0200903415679932,LightGCN,0,1,True,0.0,1.0,1.0,LightGCN,0,1,0.0,1.0,1.0,LightGCN,0.0,1.0,1.0,LightGCN
40311118,17,0.11258278145695365,3.8823529411764706,0.7578881603955956,3.0,5.0,3,0.0,0.0,0.35294117647058826,0.4117647058823529,0.23529411764705882,0.6470588235294118,0.35294117647058826,1.548565226030918,2.0,94,5.529411764705882,1.2553191489361701,2.0,0.7446808510638298,0.2553191489361702,82.41176470588235,81.0,25.0,137.0,0.7058823529411765,0.0,0.7628707885742188,0.6343389749526978,-0.128531813621521,LightGCN,0,1,True,0.3065735963827292,0.5437713091520254,0.23719771276929624,LightGCN,0,1,0.5,1.0,0.5,LightGCN,1.0,1.0,0.0,tie
40311119,16,0.10596026490066225,2.3125,1.2103072956898178,1.0,5.0,5,0.3125,0.3125,0.1875,0.125,0.0625,0.1875,0.8125,2.1266144718101816,4.0,96,6.0,1.7604166666666667,4.0,0.5,0.5,82.875,81.0,26.0,137.0,0.75,0.0,1.888738751411438,1.1811530590057373,-0.7075856924057007,LightGCN,0,1,True,0.0,1.0,1.0,LightGCN,0,1,0.0,1.0,1.0,LightGCN,0.0,1.0,1.0,LightGCN
40311120,17,0.11258278145695365,2.176470588235294,0.9226110083151837,1.0,4.0,4,0.29411764705882354,0.29411764705882354,0.35294117647058826,0.058823529411764705,0.0,0.058823529411764705,0.9411764705882353,1.8092830792973653,3.0,101,5.9411764705882355,1.4455445544554455,3.0,0.6039603960396039,0.39603960396039606,94.82352941176471,83.0,49.0,137.0,0.8235294117647058,0.0,0.3092598915100097,1.0,0.6907401084899902,MF,1,0,False,,,,ineligible,0,0,,,,ineligible,,,,ineligible
40311121,17,0.11258278145695365,2.8823529411764706,1.1314931800983143,1.0,5.0,5,0.17647058823529413,0.11764705882352941,0.4117647058823529,0.23529411764705882,0.058823529411764705,0.29411764705882354,0.7058823529411765,2.063558608511122,4.0,105,6.176470588235294,1.6952380952380952,4.0,0.49523809523809526,0.5047619047619047,89.58823529411765,81.0,26.0,137.0,0.7647058823529411,0.0,1.0929090976715088,0.7317578792572021,-0.36115121841430664,LightGCN,0,1,True,0.0,1.0,1.0,LightGCN,0,1,0.0,1.0,1.0,LightGCN,0.0,1.0,1.0,LightGCN
40311122,16,0.10596026490066225,3.125,1.1110243021644486,1.0,5.0,5,0.0625,0.25,0.3125,0.25,0.125,0.375,0.625,2.149397470347699,4.0,97,6.0625,1.6288659793814433,4.0,0.5360824742268041,0.4639175257731959,85.25,81.0,26.0,137.0,0.6875,0.0,0.2999310493469238,0.4923497438430786,0.19241869449615484,MF,1,0,False,,,,ineligible,0,0,,,,ineligible,,,,ineligible
40311123,16,0.10596026490066225,1.75,0.75,1.0,3.0,3,0.4375,0.375,0.1875,0.0,0.0,0.0,1.0,1.5052408149441479,2.0,81,5.0625,1.2592592592592593,2.0,0.7407407407407407,0.25925925925925924,95.375,94.0,26.0,137.0,0.8125,0.0,0.6755290031433105,0.2524141073226928,-0.42311489582061773,LightGCN,0,1,False,,,,ineligible,0,0,,,,ineligible,,,,ineligible
40311124,9,0.059602649006622516,1.6666666666666667,0.9428090415820634,1.0,3.0,2,0.6666666666666666,0.0,0.3333333333333333,0.0,0.0,0.0,1.0,0.9182958340544896,2.0,18,2.0,2.0,2.0,0.0,1.0,112.66666666666667,115.0,81.0,137.0,1.0,0.0,0.4363818168640136,0.5851399898529053,0.14875817298889166,MF,1,0,False,,,,ineligible,0,0,,,,ineligible,,,,ineligible
40311125,1,0.006622516556291391,3.0,0.0,3.0,3.0,1,0.0,0.0,1.0,0.0,0.0,0.0,1.0,-0.0,0.0,0,0.0,0.0,0.0,0.0,0.0,137.0,137.0,137.0,137.0,1.0,0.0,0.5841338634490967,0.3098526000976562,-0.2742812633514405,LightGCN,0,1,False,,,,ineligible,0,0,,,,ineligible,,,,ineligible
40311126,1,0.006622516556291391,1.0,0.0,1.0,1.0,1,1.0,0.0,0.0,0.0,0.0,0.0,1.0,-0.0,0.0,0,0.0,0.0,0.0,0.0,0.0,132.0,132.0,132.0,132.0,1.0,0.0,0.3502845764160156,2.0,1.6497154235839844,MF,1,0,False,,,,ineligible,0,0,,,,ineligible,,,,ineligible
40311127,9,0.059602649006622516,1.1111111111111112,0.3142696805273545,1.0,2.0,2,0.8888888888888888,0.1111111111111111,0.0,0.0,0.0,0.0,1.0,0.5032583347756457,1.0,8,0.8888888888888888,1.0,1.0,1.0,0.0,101.55555555555556,105.0,48.0,136.0,0.8888888888888888,0.0,0.2803668975830078,0.1438710689544677,-0.13649582862854012,LightGCN,0,1,False,,,,ineligible,0,0,,,,ineligible,,,,ineligible
40311128,16,0.10596026490066225,3.75,0.9013878188659973,1.0,5.0,4,0.0625,0.0,0.1875,0.625,0.125,0.75,0.25,1.5016144718101818,4.0,71,4.4375,1.4929577464788732,4.0,0.704225352112676,0.29577464788732394,92.0625,82.0,48.0,137.0,0.8125,0.0,0.8719674348831177,0.4237071275711059,-0.4482603073120118,LightGCN,0,1,True,0.0,1.0,1.0,LightGCN,0,1,0.0,1.0,1.0,LightGCN,0.0,1.0,1.0,LightGCN
40311129,16,0.10596026490066225,1.75,0.75,1.0,3.0,3,0.4375,0.375,0.1875,0.0,0.0,0.0,1.0,1.5052408149441479,2.0,81,5.0625,1.2592592592592593,2.0,0.7407407407407407,0.25925925925925924,91.3125,81.0,48.0,137.0,0.8125,0.0,1.0550334453582764,1.1310656070709229,0.07603216171264648,MF,1,0,False,,,,ineligible,0,0,,,,ineligible,,,,ineligible
40311130,17,0.11258278145695365,2.0,1.0289915108550531,1.0,5.0,4,0.35294117647058826,0.4117647058823529,0.17647058823529413,0.0,0.058823529411764705,0.058823529411764705,0.9411764705882353,1.7394541964918901,4.0,97,5.705882352941177,1.5463917525773196,4.0,0.6494845360824743,0.35051546391752575,91.58823529411765,83.0,26.0,137.0,0.7647058823529411,0.0,0.3578004837036133,0.2729812860488891,-0.08481919765472418,LightGCN,0,1,False,,,,ineligible,0,0,,,,ineligible,,,,ineligible
40311131,16,0.10596026490066225,2.125,0.8569568250501305,1.0,3.0,3,0.3125,0.25,0.4375,0.0,0.0,0.0,1.0,1.5461796919474975,2.0,83,5.1875,1.4216867469879517,2.0,0.5783132530120482,0.42168674698795183,93.0625,82.0,49.0,137.0,0.8125,0.0,0.9841047525405884,0.6419345140457153,-0.34217023849487305,LightGCN,0,1,False,,,,ineligible,0,0,,,,ineligible,,,,ineligible
40311132,17,0.11258278145695365,2.235294117647059,1.0588235294117647,1.0,4.0,4,0.35294117647058826,0.17647058823529413,0.35294117647058826,0.11764705882352941,0.0,0.11764705882352941,0.8823529411764706,1.865437105319908,3.0,102,6.0,1.6470588235294117,3.0,0.47058823529411764,0.5294117647058824,85.76470588235294,81.0,26.0,137.0,0.6470588235294118,0.0,0.6227942705154419,0.6322407126426697,0.009446442127227783,MF,1,0,False,,,,ineligible,0,0,,,,ineligible,,,,ineligible
40311133,17,0.11258278145695365,3.3529411764705883,1.1852612752711698,2.0,5.0,4,0.0,0.29411764705882354,0.35294117647058826,0.058823529411764705,0.29411764705882354,0.35294117647058826,0.6470588235294118,1.8092830792973653,3.0,101,5.9411764705882355,1.8415841584158417,3.0,0.40594059405940597,0.594059405940594,85.88235294117646,81.0,26.0,137.0,0.7058823529411765,0.0,0.7357192039489746,0.9697319269180298,0.23401272296905518,MF,1,0,False,,,,ineligible,0,0,,,,ineligible,,,,ineligible
40311134,17,0.11258278145695365,2.0,0.9074852129730301,1.0,4.0,4,0.35294117647058826,0.35294117647058826,0.23529411764705882,0.058823529411764705,0.0,0.058823529411764705,0.9411764705882353,1.7921951936824647,3.0,100,5.882352941176471,1.42,3.0,0.64,0.36,88.88235294117646,81.0,7.0,137.0,0.7647058823529411,0.0,0.5086898803710938,0.7197341918945312,0.2110443115234375,MF,1,0,False,,,,ineligible,0,0,,,,ineligible,,,,ineligible
40311135,16,0.10596026490066225,3.0,1.118033988749895,1.0,5.0,5,0.0625,0.3125,0.3125,0.1875,0.125,0.3125,0.6875,2.1266144718101816,4.0,96,6.0,1.6458333333333333,4.0,0.53125,0.46875,95.0625,81.0,57.0,137.0,0.875,0.0,1.548789381980896,1.4168237447738647,-0.13196563720703125,LightGCN,0,1,True,0.0,0.6309297535714575,0.6309297535714575,LightGCN,0,1,0.0,1.0,1.0,LightGCN,0.0,1.0,1.0,LightGCN
40311136,1,0.006622516556291391,1.0,0.0,1.0,1.0,1,1.0,0.0,0.0,0.0,0.0,0.0,1.0,-0.0,0.0,0,0.0,0.0,0.0,0.0,0.0,136.0,136.0,136.0,136.0,1.0,0.0,2.4342968463897705,4.0,1.5657031536102295,MF,1,0,True,0.0,1.0,1.0,LightGCN,0,1,0.0,1.0,1.0,LightGCN,0.0,1.0,1.0,LightGCN
40311137,16,0.10596026490066225,3.5625,0.9333240326917549,2.0,5.0,4,0.0,0.125,0.375,0.3125,0.1875,0.5,0.5,1.8828560636920488,3.0,91,5.6875,1.4395604395604396,3.0,0.6263736263736264,0.37362637362637363,90.875,81.0,26.0,137.0,0.75,0.0,0.594249963760376,0.3724691867828369,-0.22178077697753906,LightGCN,0,1,True,0.0,0.5,0.5,LightGCN,0,1,0.0,1.0,1.0,LightGCN,0.0,1.0,1.0,LightGCN
40311138,16,0.10596026490066225,2.8125,1.3792547806696194,1.0,5.0,5,0.25,0.1875,0.1875,0.25,0.125,0.375,0.625,2.2806390622295662,4.0,101,6.3125,1.9702970297029703,4.0,0.40594059405940597,0.594059405940594,78.375,81.0,4.0,132.0,0.6875,0.0,0.2279173135757446,0.3572119474411011,0.12929463386535647,MF,1,0,True,0.0,1.0,1.0,LightGCN,0,1,0.0,1.0,1.0,LightGCN,0.0,1.0,1.0,LightGCN
40311139,17,0.11258278145695365,1.8823529411764706,0.9629826790438176,1.0,4.0,4,0.47058823529411764,0.23529411764705882,0.23529411764705882,0.058823529411764705,0.0,0.058823529411764705,0.9411764705882353,1.7345216647797512,3.0,96,5.647058823529412,1.5416666666666667,3.0,0.5416666666666666,0.4583333333333333,84.88235294117646,81.0,7.0,137.0,0.7647058823529411,0.0,0.7638593912124634,0.3816213607788086,-0.3822380304336548,LightGCN,0,1,False,,,,ineligible,0,0,,,,ineligible,,,,ineligible
40311140,17,0.11258278145695365,4.0,0.9701425001453319,2.0,5.0,4,0.0,0.11764705882352941,0.11764705882352941,0.4117647058823529,0.35294117647058826,0.7647058823529411,0.23529411764705882,1.7838593436779768,3.0,98,5.764705882352941,1.510204081632653,3.0,0.6122448979591837,0.3877551020408163,92.70588235294117,83.0,26.0,137.0,0.8235294117647058,0.0,1.8939752578735352,2.249732494354248,0.3557572364807129,MF,1,0,True,0.0,0.0,0.0,tie,0,0,0.0,0.0,0.0,tie,0.0,0.0,0.0,tie
40311141,1,0.006622516556291391,1.0,0.0,1.0,1.0,1,1.0,0.0,0.0,0.0,0.0,0.0,1.0,-0.0,0.0,0,0.0,0.0,0.0,0.0,0.0,137.0,137.0,137.0,137.0,1.0,0.0,0.900848388671875,0.0,-0.900848388671875,LightGCN,0,1,False,,,,ineligible,0,0,,,,ineligible,,,,ineligible
40311142,8,0.052980132450331126,1.5,0.8660254037844386,1.0,3.0,2,0.75,0.0,0.25,0.0,0.0,0.0,1.0,0.8112781244591328,2.0,12,1.5,2.0,2.0,0.0,1.0,116.0,122.0,81.0,137.0,1.0,0.0,0.8169047832489014,0.0,-0.8169047832489014,LightGCN,0,1,False,,,,ineligible,0,0,,,,ineligible,,,,ineligible
40311143,5,0.033112582781456956,1.6,0.8,1.0,3.0,3,0.6,0.2,0.2,0.0,0.0,0.0,1.0,1.3709505944546687,2.0,7,1.4,1.4285714285714286,2.0,0.5714285714285714,0.42857142857142855,117.4,121.0,83.0,136.0,1.0,0.0,0.6077084541320801,0.3281829357147217,-0.2795255184173584,LightGCN,0,1,False,,,,ineligible,0,0,,,,ineligible,,,,ineligible
40311145,1,0.006622516556291391,1.0,0.0,1.0,1.0,1,1.0,0.0,0.0,0.0,0.0,0.0,1.0,-0.0,0.0,0,0.0,0.0,0.0,0.0,0.0,136.0,136.0,136.0,136.0,1.0,0.0,1.0321221351623535,0.0,-1.0321221351623535,LightGCN,0,1,False,,,,ineligible,0,0,,,,ineligible,,,,ineligible
40311146,16,0.10596026490066225,1.5625,0.7880950133074057,1.0,3.0,3,0.625,0.1875,0.1875,0.0,0.0,0.0,1.0,1.3294340029249652,2.0,69,4.3125,1.434782608695652,2.0,0.5652173913043478,0.43478260869565216,80.625,81.0,26.0,132.0,0.6875,0.0,0.319786787033081,0.2040423154830932,-0.11574447154998779,LightGCN,0,1,False,,,,ineligible,0,0,,,,ineligible,,,,ineligible
40311148,5,0.033112582781456956,1.8,0.9797958971132713,1.0,3.0,2,0.6,0.0,0.4,0.0,0.0,0.0,1.0,0.9709505944546686,2.0,6,1.2,2.0,2.0,0.0,1.0,126.4,123.0,115.0,137.0,1.0,0.0,0.5903449058532715,0.6939859390258789,0.10364103317260742,MF,1,0,False,,,,ineligible,0,0,,,,ineligible,,,,ineligible
40311150,9,0.059602649006622516,1.3333333333333333,0.6666666666666666,1.0,3.0,3,0.7777777777777778,0.1111111111111111,0.1111111111111111,0.0,0.0,0.0,1.0,0.9864267287308424,2.0,15,1.6666666666666667,1.4666666666666666,2.0,0.5333333333333333,0.4666666666666667,104.0,105.0,48.0,137.0,0.8888888888888888,0.0,0.8173677921295166,1.541412115097046,0.7240443229675293,MF,1,0,False,,,,ineligible,0,0,,,,ineligible,,,,ineligible
40311151,17,0.11258278145695365,4.0588235294117645,0.5391265523477459,3.0,5.0,3,0.0,0.0,0.11764705882352941,0.7058823529411765,0.17647058823529413,0.8823529411764706,0.11764705882352941,1.1595547523787308,2.0,66,3.8823529411764706,1.0909090909090908,2.0,0.9090909090909091,0.09090909090909091,88.88235294117646,81.0,26.0,137.0,0.7647058823529411,0.0,0.6411781311035156,0.7182369232177734,0.07705879211425781,MF,1,0,True,1.0,1.0,0.0,tie,0,0,1.0,1.0,0.0,tie,1.0,1.0,0.0,tie
40311152,6,0.039735099337748346,2.3333333333333335,1.1055415967851332,1.0,4.0,4,0.3333333333333333,0.16666666666666666,0.3333333333333333,0.16666666666666666,0.0,0.16666666666666666,0.8333333333333334,1.9182958340544893,3.0,13,2.1666666666666665,1.6923076923076923,3.0,0.46153846153846156,0.5384615384615384,113.33333333333333,122.0,48.0,137.0,0.8333333333333334,0.0,4.470348358154297e-05,0.1660537719726562,0.16600906848907465,MF,1,0,False,,,,ineligible,0,0,,,,ineligible,,,,ineligible
40311153,17,0.11258278145695365,4.294117647058823,0.7487012977269327,3.0,5.0,3,0.0,0.0,0.17647058823529413,0.35294117647058826,0.47058823529411764,0.8235294117647058,0.17647058823529413,1.4836591643979626,2.0,90,5.294117647058823,1.2666666666666666,2.0,0.7333333333333333,0.26666666666666666,93.23529411764706,81.0,49.0,137.0,0.8235294117647058,0.0,0.0008268356323242,1.0,0.9991731643676758,MF,1,0,True,0.0,1.0,1.0,LightGCN,0,1,0.0,1.0,1.0,LightGCN,0.0,1.0,1.0,LightGCN
40311154,17,0.11258278145695365,3.764705882352941,0.9411764705882353,2.0,5.0,4,0.0,0.11764705882352941,0.23529411764705882,0.4117647058823529,0.23529411764705882,0.6470588235294118,0.35294117647058826,1.8726696380501495,3.0,102,6.0,1.4509803921568627,3.0,0.6274509803921569,0.37254901960784315,91.11764705882354,81.0,48.0,137.0,0.7647058823529411,0.0,1.176199436187744,1.4442763328552246,0.2680768966674807,MF,1,0,True,0.0,0.6309297535714575,0.6309297535714575,LightGCN,0,1,0.0,1.0,1.0,LightGCN,0.0,1.0,1.0,LightGCN
40311155,17,0.11258278145695365,2.9411764705882355,0.9982683969692435,1.0,5.0,5,0.058823529411764705,0.23529411764705882,0.5294117647058824,0.058823529411764705,0.11764705882352941,0.17647058823529413,0.8235294117647058,1.8210319581338212,4.0,93,5.470588235294118,1.5913978494623655,4.0,0.5483870967741935,0.45161290322580644,92.17647058823529,81.0,48.0,137.0,0.8235294117647058,0.0,0.137916088104248,0.0166606903076171,-0.12125539779663089,LightGCN,0,1,False,,,,ineligible,0,0,,,,ineligible,,,,ineligible
40311157,17,0.11258278145695365,4.0,0.7669649888473704,3.0,5.0,3,0.0,0.0,0.29411764705882354,0.4117647058823529,0.29411764705882354,0.7058823529411765,0.29411764705882354,1.5656531116458186,2.0,95,5.588235294117647,1.263157894736842,2.0,0.7368421052631579,0.2631578947368421,88.29411764705883,81.0,48.0,137.0,0.7647058823529411,0.0,1.708279371261597,2.056222915649414,0.34794354438781716,MF,1,0,False,,,,ineligible,0,0,,,,ineligible,,,,ineligible
40311158,16,0.10596026490066225,3.1875,1.5499495959546556,1.0,5.0,5,0.1875,0.25,0.0625,0.1875,0.3125,0.5,0.5,2.1800365325772653,4.0,98,6.125,2.2551020408163267,4.0,0.3469387755102041,0.6530612244897959,77.25,81.0,2.0,136.0,0.6875,0.0625,1.7599811553955078,1.658764123916626,-0.10121703147888184,LightGCN,0,1,True,0.0,0.5,0.5,LightGCN,0,1,0.0,1.0,1.0,LightGCN,0.0,1.0,1.0,LightGCN
40311159,5,0.033112582781456956,1.2,0.4,1.0,2.0,2,0.8,0.2,0.0,0.0,0.0,0.0,1.0,0.7219280948873623,1.0,4,0.8,1.0,1.0,1.0,0.0,118.0,123.0,83.0,137.0,1.0,0.0,0.1972116231918335,0.2721977233886719,0.07498610019683838,MF,1,0,False,,,,ineligible,0,0,,,,ineligible,,,,ineligible
40311160,2,0.013245033112582781,1.5,0.5,1.0,2.0,2,0.5,0.5,0.0,0.0,0.0,0.0,1.0,1.0,1.0,1,0.5,1.0,1.0,1.0,0.0,102.0,102.0,83.0,121.0,1.0,0.0,1.0351762771606443,0.0481617450714111,-0.9870145320892332,LightGCN,0,1,False,,,,ineligible,0,0,,,,ineligible,,,,ineligible
40311161,7,0.046357615894039736,1.0,0.0,1.0,1.0,1,1.0,0.0,0.0,0.0,0.0,0.0,1.0,-0.0,0.0,0,0.0,0.0,0.0,0.0,0.0,97.85714285714286,105.0,57.0,123.0,0.8571428571428571,0.0,0.1403965950012207,0.9456264972686768,0.805229902267456,MF,1,0,False,,,,ineligible,0,0,,,,ineligible,,,,ineligible
40311162,12,0.07947019867549669,1.5,0.9574271077563381,1.0,4.0,4,0.75,0.08333333333333333,0.08333333333333333,0.08333333333333333,0.0,0.08333333333333333,0.9166666666666666,1.207518749639422,3.0,30,2.5,1.9333333333333333,3.0,0.36666666666666664,0.6333333333333333,87.58333333333333,82.0,48.0,136.0,0.75,0.0,0.0,0.3209890127182007,0.3209890127182007,MF,1,0,False,,,,ineligible,0,0,,,,ineligible,,,,ineligible
40311165,2,0.013245033112582781,1.0,0.0,1.0,1.0,1,1.0,0.0,0.0,0.0,0.0,0.0,1.0,-0.0,0.0,0,0.0,0.0,0.0,0.0,0.0,93.0,93.0,81.0,105.0,1.0,0.0,1.1484496593475342,0.0,-1.1484496593475342,LightGCN,0,1,False,,,,ineligible,0,0,,,,ineligible,,,,ineligible
40311166,2,0.013245033112582781,1.5,0.5,1.0,2.0,2,0.5,0.5,0.0,0.0,0.0,0.0,1.0,1.0,1.0,1,0.5,1.0,1.0,1.0,0.0,91.5,91.5,81.0,102.0,1.0,0.0,0.652338981628418,1.5744907855987549,0.9221518039703369,MF,1,0,False,,,,ineligible,0,0,,,,ineligible,,,,ineligible
40311167,1,0.006622516556291391,1.0,0.0,1.0,1.0,1,1.0,0.0,0.0,0.0,0.0,0.0,1.0,-0.0,0.0,0,0.0,0.0,0.0,0.0,0.0,81.0,81.0,81.0,81.0,1.0,0.0,0.1729604005813598,1.0,0.8270395994186401,MF,1,0,False,,,,ineligible,0,0,,,,ineligible,,,,ineligible
40311169,4,0.026490066225165563,1.0,0.0,1.0,1.0,1,1.0,0.0,0.0,0.0,0.0,0.0,1.0,-0.0,0.0,0,0.0,0.0,0.0,0.0,0.0,47.75,42.5,1.0,105.0,0.5,0.25,1.0200529098510742,0.0,-1.0200529098510742,LightGCN,0,1,False,,,,ineligible,0,0,,,,ineligible,,,,ineligible
40311170,1,0.006622516556291391,1.0,0.0,1.0,1.0,1,1.0,0.0,0.0,0.0,0.0,0.0,1.0,-0.0,0.0,0,0.0,0.0,0.0,0.0,0.0,81.0,81.0,81.0,81.0,1.0,0.0,1.5375609397888184,0.0,-1.5375609397888184,LightGCN,0,1,False,,,,ineligible,0,0,,,,ineligible,,,,ineligible
40311172,2,0.013245033112582781,4.5,0.5,4.0,5.0,2,0.0,0.0,0.0,0.5,0.5,1.0,0.0,1.0,1.0,1,0.5,1.0,1.0,1.0,0.0,49.5,49.5,26.0,73.0,0.5,0.0,0.5218429565429688,0.7270803451538086,0.20523738861083984,MF,1,0,True,0.0,0.0,0.0,tie,0,0,0.0,0.0,0.0,tie,0.0,0.0,0.0,tie
40311173,2,0.013245033112582781,3.0,1.0,2.0,4.0,2,0.0,0.5,0.0,0.5,0.0,0.5,0.5,1.0,2.0,1,0.5,2.0,2.0,0.0,1.0,49.5,49.5,26.0,73.0,0.5,0.0,1.2466411590576172,1.523477554321289,0.2768363952636719,MF,1,0,False,,,,ineligible,0,0,,,,ineligible,,,,ineligible
40311201,16,0.10596026490066225,4.75,0.4330127018922193,4.0,5.0,2,0.0,0.0,0.0,0.25,0.75,1.0,0.0,0.8112781244591328,1.0,48,3.0,1.0,1.0,1.0,0.0,100.3125,85.0,30.0,160.0,0.875,0.0,2.9476125240325928,2.489765882492065,-0.4578466415405278,LightGCN,0,1,False,,,,ineligible,0,0,,,,ineligible,,,,ineligible
40311202,16,0.10596026490066225,3.75,0.9682458365518543,2.0,5.0,4,0.0,0.125,0.25,0.375,0.25,0.625,0.375,1.9056390622295665,3.0,92,5.75,1.4782608695652173,3.0,0.6086956521739131,0.391304347826087,96.6875,82.5,30.0,160.0,0.875,0.0,1.2393319606781006,2.246464252471924,1.0071322917938232,MF,1,0,False,,,,ineligible,0,0,,,,ineligible,,,,ineligible
40311204,16,0.10596026490066225,3.625,1.165922381636102,1.0,5.0,4,0.0625,0.1875,0.0,0.5625,0.1875,0.75,0.25,1.6225562489182659,4.0,78,4.875,1.9230769230769231,4.0,0.38461538461538464,0.6153846153846154,99.1875,85.0,30.0,160.0,0.875,0.0,1.272644281387329,1.488994598388672,0.216350317001343,MF,1,0,True,0.430676558073393,0.6309297535714575,0.20025319549806453,LightGCN,0,1,1.0,1.0,0.0,tie,1.0,1.0,0.0,tie
40311205,17,0.11258278145695365,3.2941176470588234,1.4456712620522951,1.0,5.0,5,0.17647058823529413,0.11764705882352941,0.23529411764705882,0.17647058823529413,0.29411764705882354,0.47058823529411764,0.5294117647058824,2.256908989558354,4.0,113,6.647058823529412,2.0707964601769913,4.0,0.36283185840707965,0.6371681415929203,97.52941176470588,83.0,17.0,160.0,0.8823529411764706,0.0,0.9870131015777588,1.5666215419769287,0.5796084403991699,MF,1,0,False,,,,ineligible,0,0,,,,ineligible,,,,ineligible
40311206,16,0.10596026490066225,3.0625,1.3905372163304368,1.0,5.0,5,0.1875,0.1875,0.1875,0.25,0.1875,0.4375,0.5625,2.311278124459133,4.0,102,6.375,1.9705882352941178,4.0,0.4117647058823529,0.5882352941176471,102.75,85.0,30.0,160.0,0.9375,0.0,0.2219228744506836,0.4870772361755371,0.2651543617248535,MF,1,0,True,0.3868528072345416,0.6309297535714575,0.24407694633691596,LightGCN,0,1,1.0,1.0,0.0,tie,1.0,1.0,0.0,tie
40311207,16,0.10596026490066225,3.75,1.0897247358851685,1.0,5.0,5,0.0625,0.0625,0.1875,0.4375,0.25,0.6875,0.3125,1.9746017527145814,4.0,90,5.625,1.6222222222222222,4.0,0.5888888888888889,0.4111111111111111,105.5,106.5,30.0,160.0,0.9375,0.0,0.0353474617004394,0.1392536163330078,0.10390615463256841,MF,1,0,True,0.3868528072345416,0.6309297535714575,0.24407694633691596,LightGCN,0,1,1.0,1.0,0.0,tie,1.0,1.0,0.0,tie
40311208,16,0.10596026490066225,3.5,0.7071067811865476,2.0,5.0,4,0.0,0.0625,0.4375,0.4375,0.0625,0.5,0.5,1.5435644431995963,3.0,78,4.875,1.205128205128205,3.0,0.8076923076923077,0.19230769230769232,103.0625,106.5,30.0,160.0,0.875,0.0,0.3292577266693115,0.3840866088867187,0.05482888221740717,MF,1,0,True,0.0,0.6309297535714575,0.6309297535714575,LightGCN,0,1,0.0,1.0,1.0,LightGCN,0.0,1.0,1.0,LightGCN
40311209,17,0.11258278145695365,2.0,0.9074852129730301,1.0,4.0,4,0.35294117647058826,0.35294117647058826,0.23529411764705882,0.058823529411764705,0.0,0.058823529411764705,0.9411764705882353,1.7921951936824647,3.0,100,5.882352941176471,1.42,3.0,0.64,0.36,97.88235294117646,83.0,17.0,160.0,0.8823529411764706,0.0,1.1873736381530762,0.0,-1.1873736381530762,LightGCN,0,1,False,,,,ineligible,0,0,,,,ineligible,,,,ineligible
40311210,17,0.11258278145695365,1.8823529411764706,1.0222439527636922,1.0,4.0,4,0.5294117647058824,0.11764705882352941,0.29411764705882354,0.058823529411764705,0.0,0.058823529411764705,0.9411764705882353,1.608700165519891,3.0,89,5.235294117647059,1.7303370786516854,3.0,0.3707865168539326,0.6292134831460674,96.76470588235294,87.0,4.0,160.0,0.8235294117647058,0.0,0.9228849411010742,0.7698276042938232,-0.15305733680725098,LightGCN,0,1,False,,,,ineligible,0,0,,,,ineligible,,,,ineligible
40311211,16,0.10596026490066225,3.0,1.224744871391589,1.0,5.0,5,0.1875,0.125,0.25,0.375,0.0625,0.4375,0.5625,2.1084585933443494,4.0,95,5.9375,1.8105263157894738,4.0,0.4631578947368421,0.5368421052631579,94.125,104.5,4.0,160.0,0.75,0.0,0.6083091497421265,0.1604584455490112,-0.44785070419311523,LightGCN,0,1,False,,,,ineligible,0,0,,,,ineligible,,,,ineligible
40311212,11,0.0728476821192053,2.1818181818181817,1.2662171161076472,1.0,4.0,4,0.45454545454545453,0.18181818181818182,0.09090909090909091,0.2727272727272727,0.0,0.2727272727272727,0.7272727272727273,1.789929075309999,3.0,41,3.727272727272727,2.0,3.0,0.36585365853658536,0.6341463414634146,117.54545454545455,129.0,43.0,160.0,0.9090909090909091,0.0,1.2016148567199707,1.273942232131958,0.0723273754119873,MF,1,0,False,,,,ineligible,0,0,,,,ineligible,,,,ineligible
40311213,1,0.006622516556291391,1.0,0.0,1.0,1.0,1,1.0,0.0,0.0,0.0,0.0,0.0,1.0,-0.0,0.0,0,0.0,0.0,0.0,0.0,0.0,160.0,160.0,160.0,160.0,1.0,0.0,1.7316679954528809,0.0,-1.7316679954528809,LightGCN,0,1,False,,,,ineligible,0,0,,,,ineligible,,,,ineligible
40311214,16,0.10596026490066225,2.1875,0.8816709987291178,1.0,4.0,4,0.25,0.375,0.3125,0.0625,0.0,0.0625,0.9375,1.8050365325772657,3.0,89,5.5625,1.3820224719101124,3.0,0.6629213483146067,0.33707865168539325,106.5,106.5,43.0,160.0,0.9375,0.0,0.0271589756011962,0.3230347633361816,0.2958757877349854,MF,1,0,False,,,,ineligible,0,0,,,,ineligible,,,,ineligible
40311215,16,0.10596026490066225,3.4375,1.1162856937182344,1.0,5.0,5,0.0625,0.125,0.3125,0.3125,0.1875,0.5,0.5,2.1266144718101816,4.0,96,6.0,1.6354166666666667,4.0,0.5416666666666666,0.4583333333333333,100.375,85.0,30.0,160.0,0.875,0.0,0.4850642681121826,0.1816906929016113,-0.3033735752105713,LightGCN,0,1,False,,,,ineligible,0,0,,,,ineligible,,,,ineligible
40311216,16,0.10596026490066225,3.3125,0.8454843286542927,1.0,5.0,4,0.0625,0.0,0.5625,0.3125,0.0625,0.375,0.625,1.4913146570363986,4.0,74,4.625,1.4189189189189189,4.0,0.6756756756756757,0.32432432432432434,98.1875,85.0,30.0,147.0,0.875,0.0,0.4727280139923095,0.3654890060424804,-0.1072390079498291,LightGCN,0,1,False,,,,ineligible,0,0,,,,ineligible,,,,ineligible
40311217,16,0.10596026490066225,3.1875,0.9499177595981665,1.0,5.0,5,0.0625,0.125,0.4375,0.3125,0.0625,0.375,0.625,1.9211796919474973,4.0,88,5.5,1.4659090909090908,4.0,0.6363636363636364,0.36363636363636365,95.625,82.5,30.0,160.0,0.875,0.0,0.0745294094085693,0.6447975635528564,0.5702681541442871,MF,1,0,False,,,,ineligible,0,0,,,,ineligible,,,,ineligible
40311218,17,0.11258278145695365,2.588235294117647,1.3310245292923248,1.0,5.0,5,0.29411764705882354,0.23529411764705882,0.11764705882352941,0.29411764705882354,0.058823529411764705,0.35294117647058826,0.6470588235294118,2.133387491316597,4.0,109,6.411764705882353,1.963302752293578,4.0,0.3944954128440367,0.6055045871559633,91.88235294117646,82.0,4.0,160.0,0.8235294117647058,0.0,1.932504653930664,1.2767930030822754,-0.6557116508483887,LightGCN,0,1,True,0.0,0.6309297535714575,0.6309297535714575,LightGCN,0,1,0.0,1.0,1.0,LightGCN,0.0,1.0,1.0,LightGCN
40311219,9,0.059602649006622516,2.3333333333333335,1.4142135623730951,1.0,5.0,5,0.4444444444444444,0.1111111111111111,0.2222222222222222,0.1111111111111111,0.1111111111111111,0.2222222222222222,0.7777777777777778,2.058813890331201,4.0,29,3.2222222222222223,2.1379310344827585,4.0,0.3103448275862069,0.6896551724137931,124.66666666666667,130.0,81.0,160.0,1.0,0.0,0.7714910507202148,0.573535680770874,-0.19795536994934082,LightGCN,0,1,False,,,,ineligible,0,0,,,,ineligible,,,,ineligible
40311221,15,0.09933774834437085,2.6,0.8,1.0,4.0,4,0.06666666666666667,0.4,0.4,0.13333333333333333,0.0,0.13333333333333333,0.8666666666666667,1.7055872616982601,3.0,74,4.933333333333334,1.2972972972972974,3.0,0.7297297297297297,0.2702702702702703,101.2,83.0,43.0,160.0,0.9333333333333333,0.0,0.2152752876281738,0.919339656829834,0.7040643692016602,MF,1,0,False,,,,ineligible,0,0,,,,ineligible,,,,ineligible
40311223,15,0.09933774834437085,2.466666666666667,0.7180219742846006,1.0,3.0,3,0.13333333333333333,0.26666666666666666,0.6,0.0,0.0,0.0,1.0,1.3382689280764644,2.0,62,4.133333333333334,1.2903225806451613,2.0,0.7096774193548387,0.2903225806451613,100.46666666666667,83.0,43.0,160.0,0.9333333333333333,0.0,0.1033570766448974,0.8665781021118164,0.763221025466919,MF,1,0,False,,,,ineligible,0,0,,,,ineligible,,,,ineligible
40311224,6,0.039735099337748346,1.1666666666666667,0.3726779962499649,1.0,2.0,2,0.8333333333333334,0.16666666666666666,0.0,0.0,0.0,0.0,1.0,0.6500224216483541,1.0,5,0.8333333333333334,1.0,1.0,1.0,0.0,130.33333333333334,133.5,78.0,160.0,1.0,0.0,0.0172106027603149,0.0,-0.0172106027603149,LightGCN,0,1,False,,,,ineligible,0,0,,,,ineligible,,,,ineligible
40311226,16,0.10596026490066225,3.5,0.9354143466934853,1.0,5.0,5,0.0625,0.0625,0.25,0.5625,0.0625,0.625,0.375,1.7169171866886992,4.0,78,4.875,1.5128205128205128,4.0,0.6410256410256411,0.358974358974359,100.0625,85.0,30.0,160.0,0.875,0.0,0.1254615783691406,0.0350961685180664,-0.09036540985107419,LightGCN,0,1,True,0.430676558073393,0.6309297535714575,0.20025319549806453,LightGCN,0,1,1.0,1.0,0.0,tie,1.0,1.0,0.0,tie
40311227,17,0.11258278145695365,2.764705882352941,1.2141039670911935,1.0,5.0,5,0.17647058823529413,0.23529411764705882,0.35294117647058826,0.11764705882352941,0.11764705882352941,0.23529411764705882,0.7647058823529411,2.1895415173391393,4.0,110,6.470588235294118,1.7636363636363637,4.0,0.4727272727272727,0.5272727272727272,99.76470588235294,87.0,30.0,147.0,0.8823529411764706,0.0,2.1043096780776978,0.9343266487121582,-1.1699830293655396,LightGCN,0,1,True,0.0,0.6309297535714575,0.6309297535714575,LightGCN,0,1,0.0,1.0,1.0,LightGCN,0.0,1.0,1.0,LightGCN
40311229,16,0.10596026490066225,3.5625,0.998044963916957,1.0,5.0,5,0.0625,0.0625,0.25,0.5,0.125,0.625,0.375,1.875,4.0,85,5.3125,1.5411764705882354,4.0,0.6235294117647059,0.3764705882352941,99.375,82.5,30.0,160.0,0.875,0.0,1.071474313735962,2.0094265937805176,0.9379522800445557,MF,1,0,False,,,,ineligible,0,0,,,,ineligible,,,,ineligible
40311230,17,0.11258278145695365,2.411764705882353,0.8442764761416073,1.0,4.0,4,0.17647058823529413,0.29411764705882354,0.47058823529411764,0.058823529411764705,0.0,0.058823529411764705,0.9411764705882353,1.7130788426267936,3.0,95,5.588235294117647,1.368421052631579,3.0,0.6631578947368421,0.3368421052631579,98.23529411764706,83.0,17.0,160.0,0.8823529411764706,0.0,0.1637706756591797,0.2747073173522949,0.11093664169311523,MF,1,0,False,,,,ineligible,0,0,,,,ineligible,,,,ineligible
40311231,16,0.10596026490066225,3.125,1.0532687216470449,1.0,5.0,5,0.0625,0.25,0.25,0.375,0.0625,0.4375,0.5625,2.0306390622295662,4.0,93,5.8125,1.5913978494623655,4.0,0.5376344086021505,0.46236559139784944,100.0,82.5,30.0,160.0,0.875,0.0,0.2783088684082031,0.8798582553863525,0.6015493869781494,MF,1,0,True,1.0,0.5,-0.5,MF,1,0,1.0,1.0,0.0,tie,1.0,1.0,0.0,tie
40311232,15,0.09933774834437085,2.533333333333333,1.0873004286866725,1.0,5.0,5,0.2,0.26666666666666666,0.4,0.06666666666666667,0.06666666666666667,0.13333333333333333,0.8666666666666667,2.0225797618424917,4.0,81,5.4,1.6296296296296295,4.0,0.5308641975308642,0.4691358024691358,103.8,87.0,43.0,160.0,0.9333333333333333,0.0,0.343876838684082,0.9892168045043944,0.6453399658203125,MF,1,0,False,,,,ineligible,0,0,,,,ineligible,,,,ineligible
40311233,16,0.10596026490066225,3.1875,0.9499177595981665,1.0,5.0,5,0.0625,0.125,0.4375,0.3125,0.0625,0.375,0.625,1.9211796919474973,4.0,88,5.5,1.4659090909090908,4.0,0.6363636363636364,0.36363636363636365,103.3125,106.5,30.0,160.0,0.875,0.0,0.0336153507232666,0.5564045906066895,0.5227892398834229,MF,1,0,False,,,,ineligible,0,0,,,,ineligible,,,,ineligible
40311235,17,0.11258278145695365,2.235294117647059,1.0588235294117647,1.0,4.0,4,0.35294117647058826,0.17647058823529413,0.35294117647058826,0.11764705882352941,0.0,0.11764705882352941,0.8823529411764706,1.865437105319908,3.0,102,6.0,1.6470588235294117,3.0,0.47058823529411764,0.5294117647058824,96.47058823529412,83.0,4.0,160.0,0.8823529411764706,0.0,0.6181650161743164,0.0,-0.6181650161743164,LightGCN,0,1,False,,,,ineligible,0,0,,,,ineligible,,,,ineligible
40311236,16,0.10596026490066225,4.0625,0.6584783595532961,2.0,5.0,3,0.0,0.0625,0.0,0.75,0.1875,0.9375,0.0625,1.014097655573916,3.0,51,3.1875,1.3529411764705883,3.0,0.7058823529411765,0.29411764705882354,103.375,106.5,30.0,160.0,0.875,0.0,0.8115010261535645,1.390522003173828,0.5790209770202634,MF,1,0,False,,,,ineligible,0,0,,,,ineligible,,,,ineligible
40311237,15,0.09933774834437085,2.4,1.0198039027185568,1.0,4.0,4,0.26666666666666666,0.2,0.4,0.13333333333333333,0.0,0.13333333333333333,0.8666666666666667,1.8892464285091581,3.0,80,5.333333333333333,1.575,3.0,0.525,0.475,108.26666666666667,126.0,43.0,160.0,0.9333333333333333,0.0,0.4944417476654053,1.006546974182129,0.5121052265167236,MF,1,0,False,,,,ineligible,0,0,,,,ineligible,,,,ineligible
40311238,16,0.10596026490066225,3.1875,1.0135796712641785,1.0,4.0,4,0.125,0.0625,0.3125,0.5,0.0,0.5,0.5,1.6493974703476992,3.0,81,5.0625,1.617283950617284,3.0,0.5802469135802469,0.41975308641975306,96.9375,82.5,30.0,160.0,0.875,0.0,0.5142257213592529,0.4291307926177978,-0.08509492874145513,LightGCN,0,1,False,,,,ineligible,0,0,,,,ineligible,,,,ineligible
40311240,2,0.013245033112582781,1.0,0.0,1.0,1.0,1,1.0,0.0,0.0,0.0,0.0,0.0,1.0,-0.0,0.0,0,0.0,0.0,0.0,0.0,0.0,141.5,141.5,136.0,147.0,1.0,0.0,0.9682333469390868,0.0,-0.9682333469390868,LightGCN,0,1,False,,,,ineligible,0,0,,,,ineligible,,,,ineligible
40311241,16,0.10596026490066225,1.3125,0.582961190818051,1.0,3.0,3,0.75,0.1875,0.0625,0.0,0.0,0.0,1.0,1.014097655573916,2.0,51,3.1875,1.2352941176470589,2.0,0.7647058823529411,0.23529411764705882,101.75,85.0,17.0,160.0,0.9375,0.0,0.2471771240234375,1.4697881937026978,1.2226110696792603,MF,1,0,False,,,,ineligible,0,0,,,,ineligible,,,,ineligible
40311242,1,0.006622516556291391,1.0,0.0,1.0,1.0,1,1.0,0.0,0.0,0.0,0.0,0.0,1.0,-0.0,0.0,0,0.0,0.0,0.0,0.0,0.0,147.0,147.0,147.0,147.0,1.0,0.0,0.835594892501831,1.0,0.16440510749816895,MF,1,0,False,,,,ineligible,0,0,,,,ineligible,,,,ineligible
40311243,16,0.10596026490066225,3.8125,0.8816709987291178,1.0,5.0,4,0.0625,0.0,0.125,0.6875,0.125,0.8125,0.1875,1.3716407621868583,4.0,63,3.9375,1.5396825396825398,4.0,0.6984126984126984,0.30158730158730157,102.9375,104.5,30.0,160.0,0.875,0.0,0.8388664722442627,1.062117576599121,0.2232511043548584,MF,1,0,True,0.0,0.3868528072345416,0.3868528072345416,LightGCN,0,1,0.0,1.0,1.0,LightGCN,0.0,1.0,1.0,LightGCN
40311244,16,0.10596026490066225,3.1875,1.0135796712641785,1.0,5.0,5,0.0625,0.1875,0.3125,0.375,0.0625,0.4375,0.5625,2.0078560636920493,4.0,92,5.75,1.5326086956521738,4.0,0.5869565217391305,0.41304347826086957,103.3125,106.5,30.0,160.0,0.875,0.0,0.5774917602539062,0.6630821228027344,0.08559036254882812,MF,1,0,False,,,,ineligible,0,0,,,,ineligible,,,,ineligible
40311245,16,0.10596026490066225,2.5625,0.8637671850678283,1.0,4.0,4,0.0625,0.5,0.25,0.1875,0.0,0.1875,0.8125,1.7028195311147831,3.0,83,5.1875,1.4096385542168675,3.0,0.6265060240963856,0.37349397590361444,100.375,85.0,30.0,160.0,0.875,0.0,0.3034696578979492,0.1096012592315673,-0.19386839866638192,LightGCN,0,1,False,,,,ineligible,0,0,,,,ineligible,,,,ineligible
40311246,2,0.013245033112582781,2.5,0.5,2.0,3.0,2,0.0,0.5,0.5,0.0,0.0,0.0,1.0,1.0,1.0,1,0.5,1.0,1.0,1.0,0.0,153.5,153.5,147.0,160.0,1.0,0.0,2.246643304824829,0.5169413089752197,-1.7297019958496094,LightGCN,0,1,False,,,,ineligible,0,0,,,,ineligible,,,,ineligible
40311247,17,0.11258278145695365,4.0,0.9074852129730301,2.0,5.0,4,0.0,0.11764705882352941,0.058823529411764705,0.5294117647058824,0.29411764705882354,0.8235294117647058,0.17647058823529413,1.608700165519891,3.0,89,5.235294117647059,1.4831460674157304,3.0,0.6292134831460674,0.3707865168539326,93.94117647058823,82.0,3.0,160.0,0.8235294117647058,0.0,1.4383859634399414,2.722454071044922,1.2840681076049805,MF,1,0,False,,,,ineligible,0,0,,,,ineligible,,,,ineligible
40311248,16,0.10596026490066225,4.4375,0.7043392293490403,3.0,5.0,3,0.0,0.0,0.125,0.3125,0.5625,0.875,0.125,1.3663146570363986,2.0,73,4.5625,1.2465753424657535,2.0,0.7534246575342466,0.2465753424657534,98.6875,82.5,30.0,160.0,0.875,0.0,0.5947690010070801,0.3813114166259765,-0.21345758438110357,LightGCN,0,1,True,0.6309297535714575,0.5,-0.13092975357145753,MF,1,0,1.0,1.0,0.0,tie,1.0,1.0,0.0,tie
40311249,16,0.10596026490066225,3.8125,0.8816709987291178,2.0,5.0,4,0.0,0.0625,0.3125,0.375,0.25,0.625,0.375,1.8050365325772657,3.0,89,5.5625,1.3820224719101124,3.0,0.6629213483146067,0.33707865168539325,106.25,106.5,43.0,160.0,0.9375,0.0,0.8313984870910645,0.5807828903198242,-0.25061559677124023,LightGCN,0,1,True,0.6309297535714575,0.6309297535714575,0.0,tie,0,0,1.0,1.0,0.0,tie,1.0,1.0,0.0,tie
40311250,18,0.11920529801324503,4.277777777777778,0.9891385452647142,1.0,5.0,4,0.05555555555555555,0.0,0.05555555555555555,0.3888888888888889,0.5,0.8888888888888888,0.1111111111111111,1.4932133643654213,4.0,96,5.333333333333333,1.53125,4.0,0.7291666666666666,0.2708333333333333,87.44444444444444,82.5,1.0,160.0,0.7777777777777778,0.1111111111111111,0.0072536468505859,1.0,0.9927463531494141,MF,1,0,True,0.0,0.6309297535714575,0.6309297535714575,LightGCN,0,1,0.0,1.0,1.0,LightGCN,0.0,1.0,1.0,LightGCN
40311253,16,0.10596026490066225,2.6875,0.6817945071647321,1.0,4.0,4,0.0625,0.25,0.625,0.0625,0.0,0.0625,0.9375,1.4237949406953985,3.0,69,4.3125,1.2318840579710144,3.0,0.782608695652174,0.21739130434782608,103.3125,106.5,30.0,160.0,0.875,0.0,0.4027278423309326,0.4785628318786621,0.07583498954772949,MF,1,0,False,,,,ineligible,0,0,,,,ineligible,,,,ineligible
40311254,6,0.039735099337748346,3.5,0.5,3.0,4.0,2,0.0,0.0,0.5,0.5,0.0,0.5,0.5,1.0,1.0,9,1.5,1.0,1.0,1.0,0.0,129.16666666666666,130.5,78.0,160.0,1.0,0.0,0.5795865058898926,0.7454383373260498,0.16585183143615723,MF,1,0,False,,,,ineligible,0,0,,,,ineligible,,,,ineligible
40311255,5,0.033112582781456956,1.6,0.4898979485566356,1.0,2.0,2,0.4,0.6,0.0,0.0,0.0,0.0,1.0,0.9709505944546686,1.0,6,1.2,1.0,1.0,1.0,0.0,137.2,131.0,129.0,160.0,1.0,0.0,0.7405704259872437,0.0112063884735107,-0.7293640375137329,LightGCN,0,1,False,,,,ineligible,0,0,,,,ineligible,,,,ineligible
40311256,16,0.10596026490066225,4.0,0.8660254037844386,3.0,5.0,3,0.0,0.0,0.375,0.25,0.375,0.625,0.375,1.561278124459133,2.0,84,5.25,1.4285714285714286,2.0,0.5714285714285714,0.42857142857142855,102.75,85.0,30.0,160.0,0.9375,0.0,0.3582477569580078,1.1749773025512695,0.8167295455932617,MF,1,0,False,,,,ineligible,0,0,,,,ineligible,,,,ineligible
40311257,16,0.10596026490066225,4.125,0.7806247497997998,3.0,5.0,3,0.0,0.0,0.25,0.375,0.375,0.75,0.25,1.561278124459133,2.0,84,5.25,1.2857142857142858,2.0,0.7142857142857143,0.2857142857142857,100.125,85.0,30.0,160.0,0.875,0.0,1.1435871124267578,1.5312881469726562,0.38770103454589844,MF,1,0,False,,,,ineligible,0,0,,,,ineligible,,,,ineligible
40311258,16,0.10596026490066225,3.4375,1.1709371246996996,1.0,5.0,4,0.125,0.0,0.375,0.3125,0.1875,0.5,0.5,1.8828560636920488,4.0,91,5.6875,1.7472527472527473,4.0,0.4945054945054945,0.5054945054945055,106.25,106.5,43.0,160.0,0.9375,0.0,0.6715178489685059,1.635085105895996,0.9635672569274902,MF,1,0,True,1.0,0.5,-0.5,MF,1,0,1.0,1.0,0.0,tie,1.0,1.0,0.0,tie
40311259,16,0.10596026490066225,3.25,1.0307764064044151,1.0,4.0,4,0.125,0.0625,0.25,0.5625,0.0,0.5625,0.4375,1.5919171866886992,3.0,77,4.8125,1.6883116883116882,3.0,0.5454545454545454,0.45454545454545453,99.25,85.0,30.0,160.0,0.875,0.0,1.0361485481262207,0.3215556144714355,-0.7145929336547852,LightGCN,0,1,True,0.0,0.6309297535714575,0.6309297535714575,LightGCN,0,1,0.0,1.0,1.0,LightGCN,0.0,1.0,1.0,LightGCN
40311260,17,0.11258278145695365,3.1176470588235294,1.2310852668503736,1.0,5.0,5,0.17647058823529413,0.11764705882352941,0.17647058823529413,0.47058823529411764,0.058823529411764705,0.5294117647058824,0.47058823529411764,1.9986525468781666,4.0,101,5.9411764705882355,1.881188118811881,4.0,0.43564356435643564,0.5643564356435643,104.88235294117646,87.0,43.0,160.0,0.9411764705882353,0.0,0.4395325183868408,1.0,0.5604674816131592,MF,1,0,False,,,,ineligible,0,0,,,,ineligible,,,,ineligible
40311261,16,0.10596026490066225,3.625,1.1110243021644486,1.0,5.0,5,0.0625,0.0625,0.3125,0.3125,0.25,0.5625,0.4375,2.0487949406953985,4.0,94,5.875,1.6382978723404256,4.0,0.5425531914893617,0.4574468085106383,103.25,106.5,30.0,160.0,0.875,0.0,0.0979721546173095,0.2666285037994385,0.16865634918212896,MF,1,0,False,,,,ineligible,0,0,,,,ineligible,,,,ineligible
40311262,4,0.026490066225165563,2.0,1.224744871391589,1.0,4.0,3,0.5,0.25,0.0,0.25,0.0,0.25,0.75,1.5,3.0,5,1.25,2.0,3.0,0.4,0.6,82.5,82.0,43.0,123.0,0.75,0.0,1.6780974864959717,0.976637601852417,-0.7014598846435547,LightGCN,0,1,False,,,,ineligible,0,0,,,,ineligible,,,,ineligible
40311263,2,0.013245033112582781,2.5,1.5,1.0,4.0,2,0.5,0.0,0.0,0.5,0.0,0.5,0.5,1.0,3.0,1,0.5,3.0,3.0,0.0,1.0,61.0,61.0,43.0,79.0,0.5,0.0,2.079791784286499,1.7146992683410645,-0.36509251594543457,LightGCN,0,1,False,,,,ineligible,0,0,,,,ineligible,,,,ineligible
40311264,2,0.013245033112582781,2.5,0.5,2.0,3.0,2,0.0,0.5,0.5,0.0,0.0,0.0,1.0,1.0,1.0,1,0.5,1.0,1.0,1.0,0.0,22.0,22.0,1.0,43.0,0.0,0.5,1.0658597946166992,2.2137176990509038,1.1478579044342045,MF,1,0,True,0.0,0.0,0.0,tie,0,0,0.0,0.0,0.0,tie,0.0,0.0,0.0,tie
40311265,2,0.013245033112582781,4.0,0.0,4.0,4.0,1,0.0,0.0,0.0,1.0,0.0,1.0,0.0,-0.0,0.0,0,0.0,0.0,0.0,0.0,0.0,22.0,22.0,1.0,43.0,0.0,0.5,0.9716665744781494,0.3964236974716186,-0.5752428770065308,LightGCN,0,1,False,,,,ineligible,0,0,,,,ineligible,,,,ineligible
40311266,2,0.013245033112582781,2.0,1.0,1.0,3.0,2,0.5,0.0,0.5,0.0,0.0,0.0,1.0,1.0,2.0,1,0.5,2.0,2.0,0.0,1.0,22.0,22.0,1.0,43.0,0.0,0.5,0.3157010078430176,1.0,0.6842989921569824,MF,1,0,False,,,,ineligible,0,0,,,,ineligible,,,,ineligible
40312142,12,0.07947019867549669,3.0,1.0801234497346435,1.0,5.0,5,0.08333333333333333,0.25,0.3333333333333333,0.25,0.08333333333333333,0.3333333333333333,0.6666666666666666,2.1258145836939115,4.0,54,4.5,1.5925925925925926,4.0,0.5555555555555556,0.4444444444444444,85.16666666666667,81.0,26.0,136.0,0.75,0.0,0.0150184631347656,0.6090285778045654,0.5940101146697998,MF,1,0,False,,,,ineligible,0,0,,,,ineligible,,,,ineligible
40320310,15,0.09933774834437085,1.8666666666666667,0.8844332774281065,1.0,3.0,3,0.4666666666666667,0.2,0.3333333333333333,0.0,0.0,0.0,1.0,1.5058231002082845,2.0,71,4.733333333333333,1.4929577464788732,2.0,0.5070422535211268,0.49295774647887325,77.2,81.0,7.0,123.0,0.6666666666666666,0.0,0.2536922693252563,0.4498699903488159,0.19617772102355963,MF,1,0,False,,,,ineligible,0,0,,,,ineligible,,,,ineligible
40320324,11,0.0728476821192053,1.8181818181818181,1.02851895445316,1.0,4.0,4,0.5454545454545454,0.18181818181818182,0.18181818181818182,0.09090909090909091,0.0,0.09090909090909091,0.9090909090909091,1.6858157091530304,3.0,38,3.4545454545454546,1.6842105263157894,3.0,0.47368421052631576,0.5263157894736842,84.27272727272727,81.0,57.0,136.0,0.8181818181818182,0.0,1.4111895561218262,0.6671218872070312,-0.7440676689147949,LightGCN,0,1,False,,,,ineligible,0,0,,,,ineligible,,,,ineligible
40320326,15,0.09933774834437085,2.3333333333333335,1.0749676997731399,1.0,5.0,4,0.26666666666666666,0.26666666666666666,0.4,0.0,0.06666666666666667,0.06666666666666667,0.9333333333333333,1.8062389286533895,4.0,78,5.2,1.641025641025641,4.0,0.5128205128205128,0.48717948717948717,81.73333333333333,81.0,26.0,123.0,0.7333333333333333,0.0,2.41940438747406,1.313765525817871,-1.105638861656189,LightGCN,0,1,True,0.0,0.430676558073393,0.430676558073393,LightGCN,0,1,0.0,1.0,1.0,LightGCN,0.0,1.0,1.0,LightGCN
40327247,3,0.019867549668874173,1.6666666666666667,0.4714045207910317,1.0,2.0,2,0.3333333333333333,0.6666666666666666,0.0,0.0,0.0,0.0,1.0,0.9182958340544896,1.0,2,0.6666666666666666,1.0,1.0,1.0,0.0,84.66666666666667,83.0,48.0,123.0,0.6666666666666666,0.0,1.8371777534484863,2.1842219829559326,0.3470442295074463,MF,1,0,True,0.0,0.430676558073393,0.430676558073393,LightGCN,0,1,0.0,1.0,1.0,LightGCN,0.0,1.0,1.0,LightGCN
40333126,7,0.046357615894039736,1.2857142857142858,0.6998542122237652,1.0,3.0,2,0.8571428571428571,0.0,0.14285714285714285,0.0,0.0,0.0,1.0,0.5916727785823275,2.0,6,0.8571428571428571,2.0,2.0,0.0,1.0,92.85714285714286,105.0,48.0,123.0,0.7142857142857143,0.0,0.524125337600708,0.0006188154220581,-0.5235065221786499,LightGCN,0,1,False,,,,ineligible,0,0,,,,ineligible,,,,ineligible
40411101,11,0.0728476821192053,2.6363636363636362,1.4316377952748747,1.0,5.0,5,0.36363636363636365,0.09090909090909091,0.18181818181818182,0.2727272727272727,0.09090909090909091,0.36363636363636365,0.6363636363636364,2.1180782093497093,4.0,45,4.090909090909091,2.1333333333333333,4.0,0.3333333333333333,0.6666666666666666,104.81818181818181,123.0,35.0,137.0,0.8181818181818182,0.0,0.9611413478851318,1.034670352935791,0.07352900505065918,MF,1,0,False,,,,ineligible,0,0,,,,ineligible,,,,ineligible
40411102,10,0.06622516556291391,3.5,0.9219544457292888,2.0,5.0,4,0.0,0.1,0.5,0.2,0.2,0.4,0.6,1.7609640474436812,3.0,33,3.3,1.4848484848484849,3.0,0.5757575757575758,0.42424242424242425,107.7,113.0,57.0,137.0,0.9,0.0,1.6800336837768557,1.233086347579956,-0.44694733619689964,LightGCN,0,1,True,0.0,0.6309297535714575,0.6309297535714575,LightGCN,0,1,0.0,1.0,1.0,LightGCN,0.0,1.0,1.0,LightGCN
40411104,9,0.059602649006622516,3.111111111111111,0.8748897637790901,2.0,5.0,4,0.0,0.2222222222222222,0.5555555555555556,0.1111111111111111,0.1111111111111111,0.2222222222222222,0.7777777777777778,1.6577427265048887,3.0,25,2.7777777777777777,1.44,3.0,0.64,0.36,105.0,105.0,48.0,137.0,0.8888888888888888,0.0,1.20141339302063,1.2218072414398191,0.02039384841918901,MF,1,0,False,,,,ineligible,0,0,,,,ineligible,,,,ineligible
40411105,10,0.06622516556291391,3.3,1.4177446878757827,1.0,5.0,5,0.2,0.1,0.1,0.4,0.2,0.6,0.4,2.1219280948873624,4.0,37,3.7,2.081081081081081,4.0,0.40540540540540543,0.5945945945945946,108.7,118.0,57.0,137.0,0.9,0.0,0.5064244270324707,1.7655160427093506,1.2590916156768799,MF,1,0,True,1.0,0.5,-0.5,MF,1,0,1.0,1.0,0.0,tie,1.0,1.0,0.0,tie
40411106,10,0.06622516556291391,4.6,0.6633249580710799,3.0,5.0,3,0.0,0.0,0.1,0.2,0.7,0.9,0.1,1.1567796494470395,2.0,23,2.3,1.3043478260869565,2.0,0.6956521739130435,0.30434782608695654,109.0,118.0,57.0,137.0,0.9,0.0,1.057403802871704,0.6187534332275391,-0.43865036964416504,LightGCN,0,1,True,0.0,0.430676558073393,0.430676558073393,LightGCN,0,1,0.0,1.0,1.0,LightGCN,0.0,1.0,1.0,LightGCN
40411108,10,0.06622516556291391,3.0,0.7745966692414834,2.0,4.0,3,0.0,0.3,0.4,0.3,0.0,0.3,0.7,1.5709505944546684,2.0,33,3.3,1.2727272727272727,2.0,0.7272727272727273,0.2727272727272727,98.1,103.5,48.0,137.0,0.8,0.0,1.1883912086486816,0.8775715827941895,-0.3108196258544922,LightGCN,0,1,True,0.0,0.6309297535714575,0.6309297535714575,LightGCN,0,1,0.0,1.0,1.0,LightGCN,0.0,1.0,1.0,LightGCN
40411109,11,0.0728476821192053,1.9090909090909092,1.2398346997259868,1.0,5.0,4,0.5454545454545454,0.18181818181818182,0.18181818181818182,0.0,0.09090909090909091,0.09090909090909091,0.9090909090909091,1.6858157091530304,4.0,38,3.4545454545454546,1.9473684210526316,4.0,0.42105263157894735,0.5789473684210527,91.27272727272727,115.0,9.0,132.0,0.7272727272727273,0.0,2.498849868774414,3.3032909631729126,0.8044410943984985,MF,1,0,True,0.0,0.0,0.0,tie,0,0,0.0,0.0,0.0,tie,0.0,0.0,0.0,tie
40411110,10,0.06622516556291391,2.1,1.2206555615733703,1.0,5.0,4,0.4,0.3,0.2,0.0,0.1,0.1,0.9,1.8464393446710154,4.0,35,3.5,1.8,4.0,0.5142857142857142,0.4857142857142857,108.7,118.0,57.0,137.0,0.9,0.0,0.6573402881622314,1.0454206466674805,0.388080358505249,MF,1,0,False,,,,ineligible,0,0,,,,ineligible,,,,ineligible
40411111,10,0.06622516556291391,2.0,1.3416407864998738,1.0,5.0,3,0.6,0.0,0.3,0.0,0.1,0.1,0.9,1.295461844238322,4.0,27,2.7,2.4444444444444446,4.0,0.0,1.0,109.0,118.0,57.0,137.0,0.9,0.0,1.4969048500061035,1.1569585800170898,-0.33994626998901367,LightGCN,0,1,False,,,,ineligible,0,0,,,,ineligible,,,,ineligible
40411113,10,0.06622516556291391,4.7,0.45825756949558405,4.0,5.0,2,0.0,0.0,0.0,0.3,0.7,1.0,0.0,0.8812908992306927,1.0,21,2.1,1.0,1.0,1.0,0.0,98.8,103.5,48.0,136.0,0.8,0.0,1.0598337650299072,0.0,-1.0598337650299072,LightGCN,0,1,True,0.0,0.5,0.5,LightGCN,0,1,0.0,1.0,1.0,LightGCN,0.0,1.0,1.0,LightGCN
40411114,9,0.059602649006622516,1.8888888888888888,0.8748897637790901,1.0,3.0,3,0.4444444444444444,0.2222222222222222,0.3333333333333333,0.0,0.0,0.0,1.0,1.5304930567574826,2.0,26,2.888888888888889,1.4615384615384615,2.0,0.5384615384615384,0.46153846153846156,105.22222222222223,105.0,48.0,137.0,0.8888888888888888,0.0,1.1796913146972656,0.9528160095214844,-0.22687530517578125,LightGCN,0,1,False,,,,ineligible,0,0,,,,ineligible,,,,ineligible
40411115,9,0.059602649006622516,1.8888888888888888,0.9938079899999066,1.0,4.0,4,0.4444444444444444,0.3333333333333333,0.1111111111111111,0.1111111111111111,0.0,0.1111111111111111,0.8888888888888888,1.7527152789797045,3.0,27,3.0,1.5555555555555556,3.0,0.5925925925925926,0.4074074074074074,103.11111111111111,105.0,48.0,137.0,0.8888888888888888,0.0,0.9352643489837646,0.8922640085220337,-0.04300034046173096,LightGCN,0,1,False,,,,ineligible,0,0,,,,ineligible,,,,ineligible
40411117,8,0.052980132450331126,1.25,0.4330127018922193,1.0,2.0,2,0.75,0.25,0.0,0.0,0.0,0.0,1.0,0.8112781244591328,1.0,12,1.5,1.0,1.0,1.0,0.0,109.375,110.0,81.0,136.0,1.0,0.0,0.3196243047714233,0.1182246208190918,-0.2013996839523315,LightGCN,0,1,False,,,,ineligible,0,0,,,,ineligible,,,,ineligible
40411118,5,0.033112582781456956,1.0,0.0,1.0,1.0,1,1.0,0.0,0.0,0.0,0.0,0.0,1.0,-0.0,0.0,0,0.0,0.0,0.0,0.0,0.0,125.6,123.0,115.0,137.0,1.0,0.0,0.2185701131820678,0.0,-0.2185701131820678,LightGCN,0,1,False,,,,ineligible,0,0,,,,ineligible,,,,ineligible
40411119,1,0.006622516556291391,1.0,0.0,1.0,1.0,1,1.0,0.0,0.0,0.0,0.0,0.0,1.0,-0.0,0.0,0,0.0,0.0,0.0,0.0,0.0,136.0,136.0,136.0,136.0,1.0,0.0,1.032130241394043,0.0,-1.032130241394043,LightGCN,0,1,False,,,,ineligible,0,0,,,,ineligible,,,,ineligible
40411120,10,0.06622516556291391,3.3,1.004987562112089,1.0,4.0,4,0.1,0.1,0.2,0.6,0.0,0.6,0.4,1.570950594454669,3.0,29,2.9,1.6896551724137931,3.0,0.5172413793103449,0.4827586206896552,113.5,118.0,81.0,137.0,1.0,0.0,0.7171878814697266,1.8613529205322263,1.1441650390624998,MF,1,0,True,1.0,0.430676558073393,-0.569323441926607,MF,1,0,1.0,1.0,0.0,tie,1.0,1.0,0.0,tie
40411121,1,0.006622516556291391,1.0,0.0,1.0,1.0,1,1.0,0.0,0.0,0.0,0.0,0.0,1.0,-0.0,0.0,0,0.0,0.0,0.0,0.0,0.0,137.0,137.0,137.0,137.0,1.0,0.0,0.9006235599517822,0.0,-0.9006235599517822,LightGCN,0,1,False,,,,ineligible,0,0,,,,ineligible,,,,ineligible
40411122,6,0.039735099337748346,1.3333333333333333,0.74535599249993,1.0,3.0,2,0.8333333333333334,0.0,0.16666666666666666,0.0,0.0,0.0,1.0,0.6500224216483541,2.0,5,0.8333333333333334,2.0,2.0,0.0,1.0,121.0,127.5,83.0,137.0,1.0,0.0,0.5808529853820801,0.0,-0.5808529853820801,LightGCN,0,1,False,,,,ineligible,0,0,,,,ineligible,,,,ineligible
40411124,9,0.059602649006622516,1.7777777777777777,1.4740554623801778,1.0,5.0,3,0.7777777777777778,0.0,0.0,0.1111111111111111,0.1111111111111111,0.2222222222222222,0.7777777777777778,0.9864267287308424,4.0,15,1.6666666666666667,3.3333333333333335,4.0,0.06666666666666667,0.9333333333333333,110.88888888888889,121.0,48.0,137.0,0.8888888888888888,0.0,0.3717875480651855,0.7885098457336426,0.4167222976684571,MF,1,0,False,,,,ineligible,0,0,,,,ineligible,,,,ineligible
40411125,6,0.039735099337748346,1.8333333333333333,1.462494064565354,1.0,5.0,3,0.6666666666666666,0.16666666666666666,0.0,0.0,0.16666666666666666,0.16666666666666666,0.8333333333333334,1.2516291673878228,4.0,9,1.5,2.5555555555555554,4.0,0.4444444444444444,0.5555555555555556,119.16666666666667,122.0,83.0,137.0,1.0,0.0,2.08267879486084,3.1121160984039307,1.0294373035430908,MF,1,0,True,0.0,0.6309297535714575,0.6309297535714575,LightGCN,0,1,0.0,1.0,1.0,LightGCN,0.0,1.0,1.0,LightGCN
40411126,10,0.06622516556291391,2.6,1.2806248474865698,1.0,5.0,5,0.3,0.1,0.4,0.1,0.1,0.2,0.8,2.0464393446710156,4.0,36,3.6,1.9444444444444444,4.0,0.3333333333333333,0.6666666666666666,106.0,110.0,57.0,137.0,0.9,0.0,0.0949997901916503,0.6384062767028809,0.5434064865112306,MF,1,0,False,,,,ineligible,0,0,,,,ineligible,,,,ineligible
40411127,11,0.0728476821192053,2.3636363636363638,1.2264306875665492,1.0,5.0,5,0.2727272727272727,0.36363636363636365,0.18181818181818182,0.09090909090909091,0.09090909090909091,0.18181818181818182,0.8181818181818182,2.1180782093497093,4.0,45,4.090909090909091,1.7777777777777777,4.0,0.5111111111111111,0.4888888888888889,105.54545454545455,115.0,48.0,160.0,0.8181818181818182,0.0,1.2628142833709717,1.829577922821045,0.5667636394500732,MF,1,0,True,1.0,1.0,0.0,tie,0,0,1.0,1.0,0.0,tie,1.0,1.0,0.0,tie
40411128,10,0.06622516556291391,2.6,1.019803902718557,1.0,4.0,4,0.2,0.2,0.4,0.2,0.0,0.2,0.8,1.9219280948873623,3.0,36,3.6,1.5555555555555556,3.0,0.5555555555555556,0.4444444444444444,110.2,118.0,48.0,137.0,0.9,0.0,0.553814172744751,0.3779692649841308,-0.17584490776062017,LightGCN,0,1,False,,,,ineligible,0,0,,,,ineligible,,,,ineligible
40411129,6,0.039735099337748346,1.6666666666666667,0.7453559924999299,1.0,3.0,3,0.5,0.3333333333333333,0.16666666666666666,0.0,0.0,0.0,1.0,1.4591479170272448,2.0,11,1.8333333333333333,1.2727272727272727,2.0,0.7272727272727273,0.2727272727272727,112.66666666666667,122.0,48.0,137.0,0.8333333333333334,0.0,0.6359522342681885,0.5603374242782593,-0.0756148099899292,LightGCN,0,1,False,,,,ineligible,0,0,,,,ineligible,,,,ineligible
40411130,11,0.0728476821192053,2.3636363636363638,1.3666633071248098,1.0,5.0,5,0.36363636363636365,0.2727272727272727,0.09090909090909091,0.18181818181818182,0.09090909090909091,0.2727272727272727,0.7272727272727273,2.1180782093497093,4.0,45,4.090909090909091,2.0,4.0,0.4222222222222222,0.5777777777777777,105.36363636363636,123.0,9.0,137.0,0.8181818181818182,0.0,0.1578412055969238,0.827181339263916,0.6693401336669922,MF,1,0,False,,,,ineligible,0,0,,,,ineligible,,,,ineligible
40411131,5,0.033112582781456956,1.0,0.0,1.0,1.0,1,1.0,0.0,0.0,0.0,0.0,0.0,1.0,-0.0,0.0,0,0.0,0.0,0.0,0.0,0.0,115.6,121.0,83.0,136.0,1.0,0.0,0.4772453308105469,0.0,-0.4772453308105469,LightGCN,0,1,False,,,,ineligible,0,0,,,,ineligible,,,,ineligible
40411132,1,0.006622516556291391,1.0,0.0,1.0,1.0,1,1.0,0.0,0.0,0.0,0.0,0.0,1.0,-0.0,0.0,0,0.0,0.0,0.0,0.0,0.0,136.0,136.0,136.0,136.0,1.0,0.0,0.5657439231872559,1.0,0.43425607681274414,MF,1,0,False,,,,ineligible,0,0,,,,ineligible,,,,ineligible
40411133,10,0.06622516556291391,2.5,1.118033988749895,1.0,4.0,4,0.2,0.4,0.1,0.3,0.0,0.3,0.7,1.8464393446710154,3.0,35,3.5,1.7428571428571429,3.0,0.42857142857142855,0.5714285714285714,105.1,110.0,48.0,137.0,0.9,0.0,0.541111946105957,0.3649191856384277,-0.17619276046752935,LightGCN,0,1,False,,,,ineligible,0,0,,,,ineligible,,,,ineligible
40411134,6,0.039735099337748346,1.5,0.5,1.0,2.0,2,0.5,0.5,0.0,0.0,0.0,0.0,1.0,1.0,1.0,9,1.5,1.0,1.0,1.0,0.0,115.16666666666667,127.5,48.0,137.0,0.8333333333333334,0.0,0.9532430171966552,0.2233260869979858,-0.7299169301986693,LightGCN,0,1,False,,,,ineligible,0,0,,,,ineligible,,,,ineligible
40411137,1,0.006622516556291391,1.0,0.0,1.0,1.0,1,1.0,0.0,0.0,0.0,0.0,0.0,1.0,-0.0,0.0,0,0.0,0.0,0.0,0.0,0.0,136.0,136.0,136.0,136.0,1.0,0.0,0.5655636787414551,1.0,0.4344363212585449,MF,1,0,False,,,,ineligible,0,0,,,,ineligible,,,,ineligible
40411138,10,0.06622516556291391,1.4,0.66332495807108,1.0,3.0,3,0.7,0.2,0.1,0.0,0.0,0.0,1.0,1.1567796494470395,2.0,23,2.3,1.3043478260869565,2.0,0.6956521739130435,0.30434782608695654,108.1,118.0,48.0,137.0,0.9,0.0,0.683178186416626,0.0,-0.683178186416626,LightGCN,0,1,False,,,,ineligible,0,0,,,,ineligible,,,,ineligible
40411140,10,0.06622516556291391,1.9,0.8306623862918074,1.0,3.0,3,0.4,0.3,0.3,0.0,0.0,0.0,1.0,1.5709505944546684,2.0,33,3.3,1.3636363636363635,2.0,0.6363636363636364,0.36363636363636365,101.4,108.5,48.0,137.0,0.8,0.0,1.102121353149414,0.3838517665863037,-0.7182695865631104,LightGCN,0,1,False,,,,ineligible,0,0,,,,ineligible,,,,ineligible
40411141,10,0.06622516556291391,1.6,1.0198039027185568,1.0,4.0,4,0.7,0.1,0.1,0.1,0.0,0.1,0.9,1.3567796494470397,3.0,24,2.4,1.9166666666666667,3.0,0.375,0.625,108.7,118.0,57.0,137.0,0.9,0.0,0.8610086441040039,0.7492820024490356,-0.11172664165496826,LightGCN,0,1,False,,,,ineligible,0,0,,,,ineligible,,,,ineligible
40411143,10,0.06622516556291391,1.6,0.9165151389911679,1.0,3.0,2,0.7,0.0,0.3,0.0,0.0,0.0,1.0,0.8812908992306927,2.0,21,2.1,2.0,2.0,0.0,1.0,99.3,103.5,48.0,137.0,0.8,0.0,0.8138763904571533,0.6909291744232178,-0.12294721603393555,LightGCN,0,1,False,,,,ineligible,0,0,,,,ineligible,,,,ineligible
40411145,9,0.059602649006622516,1.4444444444444444,0.4969039949999533,1.0,2.0,2,0.5555555555555556,0.4444444444444444,0.0,0.0,0.0,0.0,1.0,0.9910760598382222,1.0,20,2.2222222222222223,1.0,1.0,1.0,0.0,110.88888888888889,115.0,81.0,136.0,1.0,0.0,1.355029821395874,1.816162109375,0.461132287979126,MF,1,0,True,0.0,1.0,1.0,LightGCN,0,1,0.0,1.0,1.0,LightGCN,0.0,1.0,1.0,LightGCN
40411146,9,0.059602649006622516,2.111111111111111,0.9938079899999066,1.0,4.0,4,0.3333333333333333,0.3333333333333333,0.2222222222222222,0.1111111111111111,0.0,0.1111111111111111,0.8888888888888888,1.8910611120726526,3.0,29,3.2222222222222223,1.5172413793103448,3.0,0.5862068965517241,0.41379310344827586,105.0,115.0,48.0,137.0,0.8888888888888888,0.0,0.0367743968963623,0.5260684490203857,0.48929405212402344,MF,1,0,False,,,,ineligible,0,0,,,,ineligible,,,,ineligible
40411147,10,0.06622516556291391,3.7,0.9,2.0,5.0,4,0.0,0.1,0.3,0.4,0.2,0.6,0.4,1.8464393446710154,3.0,35,3.5,1.4,3.0,0.6571428571428571,0.34285714285714286,107.6,118.0,48.0,137.0,0.8,0.0,0.909233570098877,1.2863798141479492,0.37714624404907227,MF,1,0,True,0.0,0.0,0.0,tie,0,0,0.0,0.0,0.0,tie,0.0,0.0,0.0,tie
40411148,6,0.039735099337748346,5.0,0.0,5.0,5.0,1,0.0,0.0,0.0,0.0,1.0,1.0,0.0,-0.0,0.0,0,0.0,0.0,0.0,0.0,0.0,104.5,118.0,48.0,137.0,0.8333333333333334,0.0,0.8768997192382812,0.0500345230102539,-0.8268651962280273,LightGCN,0,1,True,0.0,0.5,0.5,LightGCN,0,1,0.0,1.0,1.0,LightGCN,0.0,1.0,1.0,LightGCN
40411149,6,0.039735099337748346,2.6666666666666665,1.4907119849998596,1.0,5.0,5,0.3333333333333333,0.16666666666666666,0.16666666666666666,0.16666666666666666,0.16666666666666666,0.3333333333333333,0.6666666666666666,2.2516291673878226,4.0,14,2.3333333333333335,2.142857142857143,4.0,0.35714285714285715,0.6428571428571429,107.16666666666667,122.0,48.0,136.0,0.8333333333333334,0.0,0.0516853332519531,0.8661470413208008,0.8144617080688477,MF,1,0,False,,,,ineligible,0,0,,,,ineligible,,,,ineligible
40411150,6,0.039735099337748346,2.3333333333333335,1.3743685418725535,1.0,5.0,4,0.3333333333333333,0.3333333333333333,0.16666666666666666,0.0,0.16666666666666666,0.16666666666666666,0.8333333333333334,1.9182958340544893,4.0,13,2.1666666666666665,2.0,4.0,0.46153846153846156,0.5384615384615384,120.66666666666667,126.5,83.0,137.0,1.0,0.0,1.8999276161193848,1.253983974456787,-0.6459436416625977,LightGCN,0,1,False,,,,ineligible,0,0,,,,ineligible,,,,ineligible
40411151,6,0.039735099337748346,4.166666666666667,0.8975274678557507,3.0,5.0,3,0.0,0.0,0.3333333333333333,0.16666666666666666,0.5,0.6666666666666666,0.3333333333333333,1.4591479170272448,2.0,11,1.8333333333333333,1.5454545454545454,2.0,0.45454545454545453,0.5454545454545454,118.5,122.0,83.0,137.0,1.0,0.0,0.616769552230835,1.0383577346801758,0.4215881824493408,MF,1,0,False,,,,ineligible,0,0,,,,ineligible,,,,ineligible
40411152,10,0.06622516556291391,1.8,0.8717797887081347,1.0,3.0,3,0.5,0.2,0.3,0.0,0.0,0.0,1.0,1.4854752972273344,2.0,31,3.1,1.4838709677419355,2.0,0.5161290322580645,0.4838709677419355,98.0,103.5,48.0,136.0,0.8,0.0,0.1261215209960937,0.318061351776123,0.1919398307800293,MF,1,0,False,,,,ineligible,0,0,,,,ineligible,,,,ineligible
40411153,1,0.006622516556291391,4.0,0.0,4.0,4.0,1,0.0,0.0,0.0,1.0,0.0,1.0,0.0,-0.0,0.0,0,0.0,0.0,0.0,0.0,0.0,136.0,136.0,136.0,136.0,1.0,0.0,0.3562910556793213,0.3723764419555664,0.016085386276245117,MF,1,0,True,0.6309297535714575,1.0,0.36907024642854247,LightGCN,0,1,1.0,1.0,0.0,tie,1.0,1.0,0.0,tie
40411155,6,0.039735099337748346,2.6666666666666665,1.3743685418725535,1.0,5.0,3,0.3333333333333333,0.0,0.5,0.0,0.16666666666666666,0.16666666666666666,0.8333333333333334,1.4591479170272448,4.0,11,1.8333333333333333,2.3636363636363638,4.0,0.0,1.0,118.5,122.0,83.0,137.0,1.0,0.0,0.7620477676391602,0.9551401138305664,0.19309234619140625,MF,1,0,True,0.3868528072345416,1.0,0.6131471927654584,LightGCN,0,1,1.0,1.0,0.0,tie,1.0,1.0,0.0,tie
40411156,6,0.039735099337748346,3.3333333333333335,1.699673171197595,1.0,5.0,3,0.3333333333333333,0.0,0.0,0.3333333333333333,0.3333333333333333,0.6666666666666666,0.3333333333333333,1.584962500721156,4.0,12,2.0,2.6666666666666665,4.0,0.3333333333333333,0.6666666666666666,106.66666666666667,118.0,48.0,137.0,0.8333333333333334,0.0,0.0293364524841308,0.0742039680480957,0.0448675155639649,MF,1,0,False,,,,ineligible,0,0,,,,ineligible,,,,ineligible
40411157,6,0.039735099337748346,3.3333333333333335,0.9428090415820634,2.0,5.0,4,0.0,0.16666666666666666,0.5,0.16666666666666666,0.16666666666666666,0.3333333333333333,0.6666666666666666,1.7924812503605778,3.0,12,2.0,1.5,3.0,0.5833333333333334,0.4166666666666667,107.0,119.0,48.0,137.0,0.8333333333333334,0.0,1.4143743515014648,2.005387306213379,0.5910129547119141,MF,1,0,True,0.0,0.5,0.5,LightGCN,0,1,0.0,1.0,1.0,LightGCN,0.0,1.0,1.0,LightGCN
40411158,9,0.059602649006622516,1.7777777777777777,0.7856742013183862,1.0,3.0,3,0.4444444444444444,0.3333333333333333,0.2222222222222222,0.0,0.0,0.0,1.0,1.5304930567574824,2.0,26,2.888888888888889,1.3076923076923077,2.0,0.6923076923076923,0.3076923076923077,116.88888888888889,121.0,81.0,137.0,1.0,0.0,0.9055272340774536,0.5508053302764893,-0.35472190380096436,LightGCN,0,1,False,,,,ineligible,0,0,,,,ineligible,,,,ineligible
40411159,10,0.06622516556291391,2.6,0.8,1.0,4.0,4,0.1,0.3,0.5,0.1,0.0,0.1,0.9,1.6854752972273344,3.0,32,3.2,1.3125,3.0,0.71875,0.28125,102.7,110.0,48.0,137.0,0.8,0.0,0.3730344772338867,0.0823366641998291,-0.2906978130340576,LightGCN,0,1,False,,,,ineligible,0,0,,,,ineligible,,,,ineligible
40411160,10,0.06622516556291391,2.3,1.1874342087037917,1.0,4.0,4,0.4,0.1,0.3,0.2,0.0,0.2,0.8,1.8464393446710154,3.0,35,3.5,1.8571428571428572,3.0,0.37142857142857144,0.6285714285714286,110.5,124.5,35.0,137.0,0.9,0.0,0.174626350402832,0.0745207071304321,-0.1001056432723999,LightGCN,0,1,False,,,,ineligible,0,0,,,,ineligible,,,,ineligible
40411161,7,0.046357615894039736,4.714285714285714,0.45175395145262565,4.0,5.0,2,0.0,0.0,0.0,0.2857142857142857,0.7142857142857143,1.0,0.0,0.863120568566631,1.0,10,1.4285714285714286,1.0,1.0,1.0,0.0,87.14285714285714,83.0,48.0,121.0,0.7142857142857143,0.0,0.9401495456695556,1.4258670806884766,0.485717535018921,MF,1,0,False,,,,ineligible,0,0,,,,ineligible,,,,ineligible
40411163,2,0.013245033112582781,3.0,0.0,3.0,3.0,1,0.0,0.0,1.0,0.0,0.0,0.0,1.0,-0.0,0.0,0,0.0,0.0,0.0,0.0,0.0,93.0,93.0,81.0,105.0,1.0,0.0,0.8863358497619629,0.8809993267059326,-0.0053365230560302734,LightGCN,0,1,True,0.0,0.0,0.0,tie,0,0,0.0,0.0,0.0,tie,0.0,0.0,0.0,tie
40411164,2,0.013245033112582781,1.0,0.0,1.0,1.0,1,1.0,0.0,0.0,0.0,0.0,0.0,1.0,-0.0,0.0,0,0.0,0.0,0.0,0.0,0.0,91.5,91.5,81.0,102.0,1.0,0.0,1.2193830013275146,0.0,-1.2193830013275146,LightGCN,0,1,False,,,,ineligible,0,0,,,,ineligible,,,,ineligible
40411165,1,0.006622516556291391,1.0,0.0,1.0,1.0,1,1.0,0.0,0.0,0.0,0.0,0.0,1.0,-0.0,0.0,0,0.0,0.0,0.0,0.0,0.0,81.0,81.0,81.0,81.0,1.0,0.0,0.8044096231460571,0.0,-0.8044096231460571,LightGCN,0,1,False,,,,ineligible,0,0,,,,ineligible,,,,ineligible
40411166,1,0.006622516556291391,2.0,0.0,2.0,2.0,1,0.0,1.0,0.0,0.0,0.0,0.0,1.0,-0.0,0.0,0,0.0,0.0,0.0,0.0,0.0,57.0,57.0,57.0,57.0,0.0,0.0,1.2053110599517822,0.3837615251541137,-0.8215495347976685,LightGCN,0,1,False,,,,ineligible,0,0,,,,ineligible,,,,ineligible
40411167,1,0.006622516556291391,2.0,0.0,2.0,2.0,1,0.0,1.0,0.0,0.0,0.0,0.0,1.0,-0.0,0.0,0,0.0,0.0,0.0,0.0,0.0,102.0,102.0,102.0,102.0,1.0,0.0,1.4214863777160645,0.906702995300293,-0.5147833824157715,LightGCN,0,1,False,,,,ineligible,0,0,,,,ineligible,,,,ineligible
40411168,1,0.006622516556291391,1.0,0.0,1.0,1.0,1,1.0,0.0,0.0,0.0,0.0,0.0,1.0,-0.0,0.0,0,0.0,0.0,0.0,0.0,0.0,160.0,160.0,160.0,160.0,1.0,0.0,1.0566449165344238,0.0,-1.0566449165344238,LightGCN,0,1,False,,,,ineligible,0,0,,,,ineligible,,,,ineligible
40411169,1,0.006622516556291391,2.0,0.0,2.0,2.0,1,0.0,1.0,0.0,0.0,0.0,0.0,1.0,-0.0,0.0,0,0.0,0.0,0.0,0.0,0.0,102.0,102.0,102.0,102.0,1.0,0.0,1.2743399143218994,0.4364485740661621,-0.8378913402557373,LightGCN,0,1,False,,,,ineligible,0,0,,,,ineligible,,,,ineligible
40411201,9,0.059602649006622516,3.2222222222222223,0.9162456945817024,2.0,5.0,4,0.0,0.2222222222222222,0.4444444444444444,0.2222222222222222,0.1111111111111111,0.3333333333333333,0.6666666666666666,1.836591668108979,3.0,28,3.111111111111111,1.4285714285714286,3.0,0.6428571428571429,0.35714285714285715,129.88888888888889,130.0,81.0,160.0,1.0,0.0,0.6908130645751953,0.6591081619262695,-0.03170490264892578,LightGCN,0,1,True,0.0,0.5,0.5,LightGCN,0,1,0.0,1.0,1.0,LightGCN,0.0,1.0,1.0,LightGCN
40411202,9,0.059602649006622516,2.6666666666666665,0.9428090415820634,1.0,4.0,4,0.1111111111111111,0.3333333333333333,0.3333333333333333,0.2222222222222222,0.0,0.2222222222222222,0.7777777777777778,1.8910611120726528,3.0,29,3.2222222222222223,1.4482758620689655,3.0,0.6206896551724138,0.3793103448275862,119.22222222222223,129.0,35.0,160.0,0.8888888888888888,0.0,0.7462348937988281,1.2649750709533691,0.518740177154541,MF,1,0,True,0.430676558073393,1.0,0.569323441926607,LightGCN,0,1,1.0,1.0,0.0,tie,1.0,1.0,0.0,tie
40411205,10,0.06622516556291391,2.1,1.1357816691600546,1.0,4.0,4,0.4,0.3,0.1,0.2,0.0,0.2,0.8,1.8464393446710154,3.0,35,3.5,1.7428571428571429,3.0,0.4857142857142857,0.5142857142857142,103.5,129.0,9.0,160.0,0.8,0.0,0.0472314357757568,0.9116926193237304,0.8644611835479735,MF,1,0,False,,,,ineligible,0,0,,,,ineligible,,,,ineligible
40411207,9,0.059602649006622516,2.111111111111111,0.9938079899999066,1.0,4.0,4,0.3333333333333333,0.3333333333333333,0.2222222222222222,0.1111111111111111,0.0,0.1111111111111111,0.8888888888888888,1.8910611120726526,3.0,29,3.2222222222222223,1.5172413793103448,3.0,0.5862068965517241,0.41379310344827586,113.33333333333333,129.0,35.0,160.0,0.8888888888888888,0.0,1.0391857624053955,1.094672441482544,0.05548667907714844,MF,1,0,False,,,,ineligible,0,0,,,,ineligible,,,,ineligible
40411208,9,0.059602649006622516,2.888888888888889,0.3142696805273545,2.0,3.0,2,0.0,0.1111111111111111,0.8888888888888888,0.0,0.0,0.0,1.0,0.5032583347756457,1.0,8,0.8888888888888888,1.0,1.0,1.0,0.0,110.11111111111111,129.0,35.0,147.0,0.8888888888888888,0.0,0.800609827041626,1.0974843502044678,0.2968745231628418,MF,1,0,True,0.0,1.0,1.0,LightGCN,0,1,0.0,1.0,1.0,LightGCN,0.0,1.0,1.0,LightGCN
40411209,9,0.059602649006622516,1.8888888888888888,0.7370277311900889,1.0,3.0,3,0.3333333333333333,0.4444444444444444,0.2222222222222222,0.0,0.0,0.0,1.0,1.5304930567574824,2.0,26,2.888888888888889,1.2307692307692308,2.0,0.7692307692307693,0.23076923076923078,110.11111111111111,129.0,35.0,147.0,0.8888888888888888,0.0,0.887373685836792,0.969651460647583,0.08227777481079102,MF,1,0,False,,,,ineligible,0,0,,,,ineligible,,,,ineligible
40411210,9,0.059602649006622516,3.5555555555555554,0.8314794192830981,2.0,5.0,4,0.0,0.1111111111111111,0.3333333333333333,0.4444444444444444,0.1111111111111111,0.5555555555555556,0.4444444444444444,1.7527152789797047,3.0,27,3.0,1.3333333333333333,3.0,0.7037037037037037,0.2962962962962963,129.55555555555554,130.0,78.0,160.0,1.0,0.0,1.2572121620178225,0.7870044708251953,-0.4702076911926272,LightGCN,0,1,True,0.430676558073393,1.0,0.569323441926607,LightGCN,0,1,1.0,1.0,0.0,tie,1.0,1.0,0.0,tie
40411211,9,0.059602649006622516,2.888888888888889,1.1967032904743342,1.0,4.0,4,0.2222222222222222,0.1111111111111111,0.2222222222222222,0.4444444444444444,0.0,0.4444444444444444,0.5555555555555556,1.8365916681089791,3.0,28,3.111111111111111,1.8571428571428572,3.0,0.42857142857142855,0.5714285714285714,118.33333333333333,129.0,35.0,160.0,0.8888888888888888,0.0,0.2305328845977783,0.7769870758056641,0.5464541912078857,MF,1,0,False,,,,ineligible,0,0,,,,ineligible,,,,ineligible
40411212,9,0.059602649006622516,2.111111111111111,1.1967032904743342,1.0,4.0,4,0.4444444444444444,0.2222222222222222,0.1111111111111111,0.2222222222222222,0.0,0.2222222222222222,0.7777777777777778,1.836591668108979,3.0,28,3.111111111111111,1.8571428571428572,3.0,0.42857142857142855,0.5714285714285714,122.22222222222223,129.0,78.0,160.0,1.0,0.0,1.5033423900604248,0.6034965515136719,-0.8998458385467529,LightGCN,0,1,False,,,,ineligible,0,0,,,,ineligible,,,,ineligible
40411213,9,0.059602649006622516,3.888888888888889,0.7370277311900889,3.0,5.0,3,0.0,0.0,0.3333333333333333,0.4444444444444444,0.2222222222222222,0.6666666666666666,0.3333333333333333,1.5304930567574824,2.0,26,2.888888888888889,1.2307692307692308,2.0,0.7692307692307693,0.23076923076923078,111.66666666666667,129.0,35.0,160.0,0.8888888888888888,0.0,0.1357512474060058,0.7468743324279785,0.6111230850219727,MF,1,0,False,,,,ineligible,0,0,,,,ineligible,,,,ineligible
40411214,5,0.033112582781456956,2.0,1.2649110640673518,1.0,4.0,3,0.6,0.0,0.2,0.2,0.0,0.2,0.8,1.3709505944546687,3.0,7,1.4,2.2857142857142856,3.0,0.14285714285714285,0.8571428571428571,134.2,130.0,129.0,147.0,1.0,0.0,0.5982153415679932,0.8629875183105469,0.2647721767425537,MF,1,0,False,,,,ineligible,0,0,,,,ineligible,,,,ineligible
40411215,9,0.059602649006622516,3.111111111111111,1.0999438818457405,1.0,5.0,5,0.1111111111111111,0.1111111111111111,0.4444444444444444,0.2222222222222222,0.1111111111111111,0.3333333333333333,0.6666666666666666,2.0588138903312014,4.0,29,3.2222222222222223,1.6551724137931034,4.0,0.5172413793103449,0.4827586206896552,113.77777777777777,130.0,35.0,160.0,0.8888888888888888,0.0,0.5427563190460205,0.4433526992797851,-0.09940361976623541,LightGCN,0,1,False,,,,ineligible,0,0,,,,ineligible,,,,ineligible
40411216,5,0.033112582781456956,1.2,0.4000000000000001,1.0,2.0,2,0.8,0.2,0.0,0.0,0.0,0.0,1.0,0.7219280948873623,1.0,4,0.8,1.0,1.0,1.0,0.0,126.4,129.0,78.0,160.0,1.0,0.0,1.4793453216552734,0.0,-1.4793453216552734,LightGCN,0,1,False,,,,ineligible,0,0,,,,ineligible,,,,ineligible
40411217,9,0.059602649006622516,3.6666666666666665,0.9428090415820634,2.0,5.0,3,0.0,0.2222222222222222,0.0,0.6666666666666666,0.1111111111111111,0.7777777777777778,0.2222222222222222,1.224394445405986,3.0,20,2.2222222222222223,1.8,3.0,0.3,0.7,124.22222222222223,130.0,78.0,160.0,1.0,0.0,1.4185361862182615,0.7615442276000977,-0.6569919586181638,LightGCN,0,1,True,0.0,1.0,1.0,LightGCN,0,1,0.0,1.0,1.0,LightGCN,0.0,1.0,1.0,LightGCN
40411218,9,0.059602649006622516,2.7777777777777777,1.314684396244359,1.0,5.0,5,0.2222222222222222,0.2222222222222222,0.2222222222222222,0.2222222222222222,0.1111111111111111,0.3333333333333333,0.6666666666666666,2.2810361125534238,4.0,32,3.5555555555555554,1.875,4.0,0.4375,0.5625,119.11111111111111,130.0,35.0,160.0,0.8888888888888888,0.0,0.9169154167175292,1.2572884559631348,0.3403730392456056,MF,1,0,False,,,,ineligible,0,0,,,,ineligible,,,,ineligible
40411219,9,0.059602649006622516,3.888888888888889,1.1967032904743342,1.0,5.0,4,0.1111111111111111,0.0,0.1111111111111111,0.4444444444444444,0.3333333333333333,0.7777777777777778,0.2222222222222222,1.752715278979705,4.0,27,3.0,1.7777777777777777,4.0,0.5925925925925926,0.4074074074074074,111.77777777777777,129.0,35.0,160.0,0.8888888888888888,0.0,0.9692280292510986,0.9322237968444824,-0.03700423240661621,LightGCN,0,1,False,,,,ineligible,0,0,,,,ineligible,,,,ineligible
40411220,9,0.059602649006622516,3.2222222222222223,0.9162456945817024,2.0,5.0,4,0.0,0.2222222222222222,0.4444444444444444,0.2222222222222222,0.1111111111111111,0.3333333333333333,0.6666666666666666,1.836591668108979,3.0,28,3.111111111111111,1.4285714285714286,3.0,0.6428571428571429,0.35714285714285715,113.66666666666667,129.0,35.0,160.0,0.8888888888888888,0.0,0.888359546661377,0.0562386512756347,-0.8321208953857423,LightGCN,0,1,False,,,,ineligible,0,0,,,,ineligible,,,,ineligible
40411221,9,0.059602649006622516,2.888888888888889,1.1967032904743342,1.0,5.0,5,0.1111111111111111,0.3333333333333333,0.2222222222222222,0.2222222222222222,0.1111111111111111,0.3333333333333333,0.6666666666666666,2.197159723424149,4.0,31,3.4444444444444446,1.7419354838709677,4.0,0.4838709677419355,0.5161290322580645,119.11111111111111,130.0,35.0,160.0,0.8888888888888888,0.0,0.8491494655609131,0.7708306312561035,-0.07831883430480957,LightGCN,0,1,False,,,,ineligible,0,0,,,,ineligible,,,,ineligible
40411222,9,0.059602649006622516,2.0,1.1547005383792515,1.0,4.0,3,0.5555555555555556,0.0,0.3333333333333333,0.1111111111111111,0.0,0.1111111111111111,0.8888888888888888,1.3516441151533922,3.0,23,2.5555555555555554,2.0869565217391304,3.0,0.13043478260869565,0.8695652173913043,124.55555555555556,130.0,78.0,160.0,1.0,0.0,1.0111393928527832,0.0555919408798217,-0.9555474519729615,LightGCN,0,1,False,,,,ineligible,0,0,,,,ineligible,,,,ineligible
40411224,10,0.06622516556291391,3.0,1.2649110640673518,1.0,5.0,5,0.2,0.1,0.3,0.3,0.1,0.4,0.6,2.1709505944546685,4.0,38,3.8,1.8421052631578947,4.0,0.4473684210526316,0.5526315789473685,99.5,127.5,9.0,147.0,0.8,0.0,1.7695913314819336,2.1259326934814453,0.3563413619995117,MF,1,0,False,,,,ineligible,0,0,,,,ineligible,,,,ineligible
40411225,4,0.026490066225165563,2.5,0.8660254037844386,2.0,4.0,2,0.0,0.75,0.0,0.25,0.0,0.25,0.75,0.8112781244591328,2.0,3,0.75,2.0,2.0,0.0,1.0,143.0,141.5,129.0,160.0,1.0,0.0,0.8479478359222412,0.0833499431610107,-0.7645978927612305,LightGCN,0,1,False,,,,ineligible,0,0,,,,ineligible,,,,ineligible
40411226,9,0.059602649006622516,2.7777777777777777,1.0304020550550783,1.0,4.0,4,0.1111111111111111,0.3333333333333333,0.2222222222222222,0.3333333333333333,0.0,0.3333333333333333,0.6666666666666666,1.8910611120726526,3.0,29,3.2222222222222223,1.5862068965517242,3.0,0.5172413793103449,0.4827586206896552,111.66666666666667,129.0,35.0,160.0,0.8888888888888888,0.0,1.7878971099853516,1.717519760131836,-0.07037734985351562,LightGCN,0,1,False,,,,ineligible,0,0,,,,ineligible,,,,ineligible
40411227,9,0.059602649006622516,3.888888888888889,0.7370277311900889,3.0,5.0,3,0.0,0.0,0.3333333333333333,0.4444444444444444,0.2222222222222222,0.6666666666666666,0.3333333333333333,1.5304930567574824,2.0,26,2.888888888888889,1.2307692307692308,2.0,0.7692307692307693,0.23076923076923078,113.66666666666667,129.0,35.0,160.0,0.8888888888888888,0.0,0.5969586372375488,0.3568999767303467,-0.24005866050720215,LightGCN,0,1,True,0.0,0.6309297535714575,0.6309297535714575,LightGCN,0,1,0.0,1.0,1.0,LightGCN,0.0,1.0,1.0,LightGCN
40411228,9,0.059602649006622516,3.4444444444444446,1.0657403385139377,2.0,5.0,4,0.0,0.2222222222222222,0.3333333333333333,0.2222222222222222,0.2222222222222222,0.4444444444444444,0.5555555555555556,1.974937501201927,3.0,30,3.3333333333333335,1.6,3.0,0.5333333333333333,0.4666666666666667,110.11111111111111,129.0,35.0,147.0,0.8888888888888888,0.0,0.4804463386535644,0.3203048706054687,-0.1601414680480957,LightGCN,0,1,False,,,,ineligible,0,0,,,,ineligible,,,,ineligible
40411229,5,0.033112582781456956,2.0,1.5491933384829668,1.0,5.0,3,0.6,0.2,0.0,0.0,0.2,0.2,0.8,1.3709505944546687,4.0,7,1.4,2.5714285714285716,4.0,0.42857142857142855,0.5714285714285714,126.6,130.0,78.0,160.0,1.0,0.0,1.8427190780639648,0.6231842041015625,-1.2195348739624023,LightGCN,0,1,False,,,,ineligible,0,0,,,,ineligible,,,,ineligible
40411230,10,0.06622516556291391,2.4,1.2,1.0,4.0,4,0.3,0.3,0.1,0.3,0.0,0.3,0.7,1.895461844238322,3.0,36,3.6,1.8333333333333333,3.0,0.4166666666666667,0.5833333333333334,124.7,129.5,78.0,160.0,1.0,0.0,2.3961572647094727,2.621768593788147,0.22561132907867432,MF,1,0,True,0.0,0.0,0.0,tie,0,0,0.0,0.0,0.0,tie,0.0,0.0,0.0,tie
40411231,1,0.006622516556291391,1.0,0.0,1.0,1.0,1,1.0,0.0,0.0,0.0,0.0,0.0,1.0,-0.0,0.0,0,0.0,0.0,0.0,0.0,0.0,147.0,147.0,147.0,147.0,1.0,0.0,1.16444730758667,3.0,1.83555269241333,MF,1,0,True,0.0,0.430676558073393,0.430676558073393,LightGCN,0,1,0.0,1.0,1.0,LightGCN,0.0,1.0,1.0,LightGCN
40411233,11,0.0728476821192053,2.8181818181818183,1.4024771473219557,1.0,5.0,5,0.2727272727272727,0.09090909090909091,0.36363636363636365,0.09090909090909091,0.18181818181818182,0.2727272727272727,0.7272727272727273,2.1180782093497093,4.0,45,4.090909090909091,2.088888888888889,4.0,0.28888888888888886,0.7111111111111111,109.81818181818181,129.0,35.0,160.0,0.8181818181818182,0.0,0.6590957641601562,1.3665441274642944,0.7074483633041382,MF,1,0,False,,,,ineligible,0,0,,,,ineligible,,,,ineligible
40411234,5,0.033112582781456956,1.0,0.0,1.0,1.0,1,1.0,0.0,0.0,0.0,0.0,0.0,1.0,-0.0,0.0,0,0.0,0.0,0.0,0.0,0.0,114.6,136.0,1.0,160.0,0.8,0.2,0.2885712385177612,0.0,-0.2885712385177612,LightGCN,0,1,False,,,,ineligible,0,0,,,,ineligible,,,,ineligible
40411235,9,0.059602649006622516,2.4444444444444446,1.1653431646335017,1.0,4.0,3,0.2222222222222222,0.4444444444444444,0.0,0.3333333333333333,0.0,0.3333333333333333,0.6666666666666666,1.5304930567574826,3.0,26,2.888888888888889,1.9230769230769231,3.0,0.3076923076923077,0.6923076923076923,113.0,129.0,35.0,160.0,0.8888888888888888,0.0,1.7854204177856443,2.3317837715148926,0.5463633537292483,MF,1,0,True,0.0,0.0,0.0,tie,0,0,0.0,0.0,0.0,tie,0.0,0.0,0.0,tie
40411236,9,0.059602649006622516,3.4444444444444446,0.9558139185602919,1.0,4.0,3,0.1111111111111111,0.0,0.2222222222222222,0.6666666666666666,0.0,0.6666666666666666,0.3333333333333333,1.224394445405986,3.0,20,2.2222222222222223,1.7,3.0,0.6,0.4,122.22222222222223,129.0,78.0,160.0,1.0,0.0,0.0679867267608642,0.7772817611694336,0.7092950344085693,MF,1,0,False,,,,ineligible,0,0,,,,ineligible,,,,ineligible
40411237,10,0.06622516556291391,1.3,0.45825756949558405,1.0,2.0,2,0.7,0.3,0.0,0.0,0.0,0.0,1.0,0.8812908992306927,1.0,21,2.1,1.0,1.0,1.0,0.0,102.4,127.5,9.0,160.0,0.8,0.0,0.7441003322601318,1.649890422821045,0.9057900905609131,MF,1,0,False,,,,ineligible,0,0,,,,ineligible,,,,ineligible
40411238,9,0.059602649006622516,2.7777777777777777,0.7856742013183862,2.0,4.0,3,0.0,0.4444444444444444,0.3333333333333333,0.2222222222222222,0.0,0.2222222222222222,0.7777777777777778,1.5304930567574824,2.0,26,2.888888888888889,1.3076923076923077,2.0,0.6923076923076923,0.3076923076923077,113.55555555555556,129.0,35.0,160.0,0.8888888888888888,0.0,0.6063332557678223,0.1698956489562988,-0.43643760681152344,LightGCN,0,1,False,,,,ineligible,0,0,,,,ineligible,,,,ineligible
40411240,10,0.06622516556291391,2.1,1.374772708486752,1.0,5.0,5,0.5,0.2,0.1,0.1,0.1,0.2,0.8,1.9609640474436814,4.0,34,3.4,2.088235294117647,4.0,0.4117647058823529,0.5882352941176471,107.9,129.0,9.0,160.0,0.8,0.0,0.2697789669036865,0.7208616733551025,0.451082706451416,MF,1,0,False,,,,ineligible,0,0,,,,ineligible,,,,ineligible
40411241,9,0.059602649006622516,1.5555555555555556,0.6849348892187752,1.0,3.0,3,0.5555555555555556,0.3333333333333333,0.1111111111111111,0.0,0.0,0.0,1.0,1.3516441151533922,2.0,23,2.5555555555555554,1.2173913043478262,2.0,0.782608695652174,0.21739130434782608,110.11111111111111,129.0,35.0,147.0,0.8888888888888888,0.0,1.786954402923584,2.4325904846191406,0.6456360816955566,MF,1,0,True,0.0,0.6309297535714575,0.6309297535714575,LightGCN,0,1,0.0,1.0,1.0,LightGCN,0.0,1.0,1.0,LightGCN
40411242,10,0.06622516556291391,2.4,1.3564659966250538,1.0,5.0,5,0.4,0.1,0.3,0.1,0.1,0.2,0.8,2.0464393446710156,4.0,36,3.6,2.0555555555555554,4.0,0.3055555555555556,0.6944444444444444,101.3,127.5,9.0,160.0,0.8,0.0,0.499241828918457,0.904249668121338,0.405007839202881,MF,1,0,False,,,,ineligible,0,0,,,,ineligible,,,,ineligible
40411243,9,0.059602649006622516,2.5555555555555554,1.3425606637327303,1.0,4.0,3,0.3333333333333333,0.2222222222222222,0.0,0.4444444444444444,0.0,0.4444444444444444,0.5555555555555556,1.5304930567574826,3.0,26,2.888888888888889,2.230769230769231,3.0,0.23076923076923078,0.7692307692307693,129.55555555555554,130.0,78.0,160.0,1.0,0.0,1.1458570957183838,2.0399088859558105,0.8940517902374268,MF,1,0,False,,,,ineligible,0,0,,,,ineligible,,,,ineligible
40411244,9,0.059602649006622516,2.7777777777777777,0.9162456945817024,1.0,4.0,4,0.1111111111111111,0.2222222222222222,0.4444444444444444,0.2222222222222222,0.0,0.2222222222222222,0.7777777777777778,1.836591668108979,3.0,28,3.111111111111111,1.4285714285714286,3.0,0.6428571428571429,0.35714285714285715,112.88888888888889,129.0,35.0,160.0,0.8888888888888888,0.0,0.2002396583557129,0.3389668464660644,0.1387271881103515,MF,1,0,False,,,,ineligible,0,0,,,,ineligible,,,,ineligible
40411246,9,0.059602649006622516,2.4444444444444446,0.9558139185602919,1.0,4.0,4,0.2222222222222222,0.2222222222222222,0.4444444444444444,0.1111111111111111,0.0,0.1111111111111111,0.8888888888888888,1.8365916681089791,3.0,28,3.111111111111111,1.5,3.0,0.5714285714285714,0.42857142857142855,114.11111111111111,130.0,35.0,160.0,0.8888888888888888,0.0,0.2549364566802978,0.1549808979034423,-0.0999555587768555,LightGCN,0,1,False,,,,ineligible,0,0,,,,ineligible,,,,ineligible
40411247,9,0.059602649006622516,3.111111111111111,0.8748897637790901,2.0,4.0,3,0.0,0.3333333333333333,0.2222222222222222,0.4444444444444444,0.0,0.4444444444444444,0.5555555555555556,1.5304930567574826,2.0,26,2.888888888888889,1.4615384615384615,2.0,0.5384615384615384,0.46153846153846156,111.66666666666667,129.0,35.0,160.0,0.8888888888888888,0.0,0.3103628158569336,0.0919525623321533,-0.21841025352478027,LightGCN,0,1,False,,,,ineligible,0,0,,,,ineligible,,,,ineligible
40411248,9,0.059602649006622516,3.7777777777777777,0.41573970964154905,3.0,4.0,2,0.0,0.0,0.2222222222222222,0.7777777777777778,0.0,0.7777777777777778,0.2222222222222222,0.7642045065086203,1.0,14,1.5555555555555556,1.0,1.0,1.0,0.0,124.55555555555556,130.0,78.0,160.0,1.0,0.0,0.3265721797943115,0.3645768165588379,0.03800463676452637,MF,1,0,True,0.430676558073393,0.5,0.069323441926607,LightGCN,0,1,1.0,1.0,0.0,tie,1.0,1.0,0.0,tie
40411250,9,0.059602649006622516,3.3333333333333335,0.9428090415820634,2.0,5.0,4,0.0,0.2222222222222222,0.3333333333333333,0.3333333333333333,0.1111111111111111,0.4444444444444444,0.5555555555555556,1.8910611120726526,3.0,29,3.2222222222222223,1.4482758620689655,3.0,0.6206896551724138,0.3793103448275862,114.0,129.0,35.0,160.0,0.8888888888888888,0.0,0.3094582557678222,0.1042909622192382,-0.205167293548584,LightGCN,0,1,False,,,,ineligible,0,0,,,,ineligible,,,,ineligible
40411251,9,0.059602649006622516,2.7777777777777777,1.314684396244359,1.0,5.0,5,0.2222222222222222,0.2222222222222222,0.2222222222222222,0.2222222222222222,0.1111111111111111,0.3333333333333333,0.6666666666666666,2.2810361125534238,4.0,32,3.5555555555555554,1.875,4.0,0.4375,0.5625,118.66666666666667,129.0,35.0,160.0,0.8888888888888888,0.0,0.6626322269439697,0.9126148223876952,0.24998259544372547,MF,1,0,False,,,,ineligible,0,0,,,,ineligible,,,,ineligible
40411252,9,0.059602649006622516,1.5555555555555556,0.6849348892187752,1.0,3.0,3,0.5555555555555556,0.3333333333333333,0.1111111111111111,0.0,0.0,0.0,1.0,1.3516441151533922,2.0,23,2.5555555555555554,1.2173913043478262,2.0,0.782608695652174,0.21739130434782608,109.55555555555556,129.0,35.0,147.0,0.8888888888888888,0.0,0.6721315383911133,0.6927605867385864,0.020629048347473145,MF,1,0,False,,,,ineligible,0,0,,,,ineligible,,,,ineligible
40411253,5,0.033112582781456956,2.4,0.8,1.0,3.0,3,0.2,0.2,0.6,0.0,0.0,0.0,1.0,1.3709505944546687,2.0,7,1.4,1.4285714285714286,2.0,0.5714285714285714,0.42857142857142855,123.8,129.0,78.0,147.0,1.0,0.0,0.231485366821289,0.710097074508667,0.478611707687378,MF,1,0,False,,,,ineligible,0,0,,,,ineligible,,,,ineligible
40411254,10,0.06622516556291391,3.2,0.6,2.0,4.0,3,0.0,0.1,0.6,0.3,0.0,0.3,0.7,1.295461844238322,2.0,27,2.7,1.1111111111111112,2.0,0.8888888888888888,0.1111111111111111,110.1,129.0,1.0,160.0,0.9,0.1,1.3769545555114746,0.8843574523925781,-0.4925971031188965,LightGCN,0,1,True,1.0,1.0,0.0,tie,0,0,1.0,1.0,0.0,tie,1.0,1.0,0.0,tie
40411255,9,0.059602649006622516,4.222222222222222,0.7856742013183862,3.0,5.0,3,0.0,0.0,0.2222222222222222,0.3333333333333333,0.4444444444444444,0.7777777777777778,0.2222222222222222,1.5304930567574826,2.0,26,2.888888888888889,1.3076923076923077,2.0,0.6923076923076923,0.3076923076923077,118.33333333333333,129.0,35.0,160.0,0.8888888888888888,0.0,0.2625243663787842,0.6919660568237305,0.4294416904449463,MF,1,0,True,0.0,1.0,1.0,LightGCN,0,1,0.0,1.0,1.0,LightGCN,0.0,1.0,1.0,LightGCN
40411256,9,0.059602649006622516,3.111111111111111,0.5665577237325317,2.0,4.0,3,0.0,0.1111111111111111,0.6666666666666666,0.2222222222222222,0.0,0.2222222222222222,0.7777777777777778,1.224394445405986,2.0,20,2.2222222222222223,1.1,2.0,0.9,0.1,110.33333333333333,129.0,35.0,147.0,0.8888888888888888,0.0,0.54667067527771,0.1321473121643066,-0.4145233631134033,LightGCN,0,1,False,,,,ineligible,0,0,,,,ineligible,,,,ineligible
40411257,4,0.026490066225165563,2.75,0.82915619758885,2.0,4.0,3,0.0,0.5,0.25,0.25,0.0,0.25,0.75,1.5,2.0,5,1.25,1.4,2.0,0.6,0.4,138.75,133.0,129.0,160.0,1.0,0.0,0.3581891059875488,0.9531404972076416,0.5949513912200928,MF,1,0,False,,,,ineligible,0,0,,,,ineligible,,,,ineligible
40411258,11,0.0728476821192053,2.6363636363636362,1.1499191491521379,1.0,4.0,4,0.2727272727272727,0.09090909090909091,0.36363636363636365,0.2727272727272727,0.0,0.2727272727272727,0.7272727272727273,1.867633890971212,3.0,43,3.909090909090909,1.7674418604651163,3.0,0.4418604651162791,0.5581395348837209,107.18181818181819,129.0,1.0,160.0,0.8181818181818182,0.09090909090909091,0.7845973968505859,0.3629295825958252,-0.42166781425476074,LightGCN,0,1,False,,,,ineligible,0,0,,,,ineligible,,,,ineligible
40411259,1,0.006622516556291391,4.0,0.0,4.0,4.0,1,0.0,0.0,0.0,1.0,0.0,1.0,0.0,-0.0,0.0,0,0.0,0.0,0.0,0.0,0.0,136.0,136.0,136.0,136.0,1.0,0.0,1.7874369621276855,2.0685691833496094,0.28113222122192383,MF,1,0,False,,,,ineligible,0,0,,,,ineligible,,,,ineligible
40411261,2,0.013245033112582781,3.0,1.0,2.0,4.0,2,0.0,0.5,0.0,0.5,0.0,0.5,0.5,1.0,2.0,1,0.5,2.0,2.0,0.0,1.0,131.5,131.5,131.0,132.0,1.0,0.0,0.2157990932464599,0.9799857139587402,0.7641866207122803,MF,1,0,False,,,,ineligible,0,0,,,,ineligible,,,,ineligible
40411263,2,0.013245033112582781,1.0,0.0,1.0,1.0,1,1.0,0.0,0.0,0.0,0.0,0.0,1.0,-0.0,0.0,0,0.0,0.0,0.0,0.0,0.0,80.5,80.5,35.0,126.0,0.5,0.0,0.7518893480300903,0.0,-0.7518893480300903,LightGCN,0,1,False,,,,ineligible,0,0,,,,ineligible,,,,ineligible
40411264,2,0.013245033112582781,1.5,0.5,1.0,2.0,2,0.5,0.5,0.0,0.0,0.0,0.0,1.0,1.0,1.0,1,0.5,1.0,1.0,1.0,0.0,128.5,128.5,126.0,131.0,1.0,0.0,0.8822829723358154,0.6244442462921143,-0.25783872604370117,LightGCN,0,1,False,,,,ineligible,0,0,,,,ineligible,,,,ineligible
40411265,1,0.006622516556291391,2.0,0.0,2.0,2.0,1,0.0,1.0,0.0,0.0,0.0,0.0,1.0,-0.0,0.0,0,0.0,0.0,0.0,0.0,0.0,131.0,131.0,131.0,131.0,1.0,0.0,1.6934237480163574,1.4142043590545654,-0.279219388961792,LightGCN,0,1,False,,,,ineligible,0,0,,,,ineligible,,,,ineligible
40511101,1,0.006622516556291391,1.0,0.0,1.0,1.0,1,1.0,0.0,0.0,0.0,0.0,0.0,1.0,-0.0,0.0,0,0.0,0.0,0.0,0.0,0.0,136.0,136.0,136.0,136.0,1.0,0.0,0.4344072341918945,2.0,1.5655927658081055,MF,1,0,False,,,,ineligible,0,0,,,,ineligible,,,,ineligible
40511102,1,0.006622516556291391,5.0,0.0,5.0,5.0,1,0.0,0.0,0.0,0.0,1.0,1.0,0.0,-0.0,0.0,0,0.0,0.0,0.0,0.0,0.0,137.0,137.0,137.0,137.0,1.0,0.0,1.725386619567871,0.9851980209350586,-0.7401885986328125,LightGCN,0,1,True,0.0,0.6309297535714575,0.6309297535714575,LightGCN,0,1,0.0,1.0,1.0,LightGCN,0.0,1.0,1.0,LightGCN
40511103,1,0.006622516556291391,1.0,0.0,1.0,1.0,1,1.0,0.0,0.0,0.0,0.0,0.0,1.0,-0.0,0.0,0,0.0,0.0,0.0,0.0,0.0,136.0,136.0,136.0,136.0,1.0,0.0,0.5656044483184814,1.0,0.43439555168151855,MF,1,0,False,,,,ineligible,0,0,,,,ineligible,,,,ineligible
40511104,1,0.006622516556291391,4.0,0.0,4.0,4.0,1,0.0,0.0,0.0,1.0,0.0,1.0,0.0,-0.0,0.0,0,0.0,0.0,0.0,0.0,0.0,132.0,132.0,132.0,132.0,1.0,0.0,1.4550070762634275,1.1723620891571045,-0.282644987106323,LightGCN,0,1,True,1.0,1.0,0.0,tie,0,0,1.0,1.0,0.0,tie,1.0,1.0,0.0,tie
40511105,1,0.006622516556291391,4.0,0.0,4.0,4.0,1,0.0,0.0,0.0,1.0,0.0,1.0,0.0,-0.0,0.0,0,0.0,0.0,0.0,0.0,0.0,132.0,132.0,132.0,132.0,1.0,0.0,1.455167293548584,1.1782629489898682,-0.2769043445587158,LightGCN,0,1,True,1.0,1.0,0.0,tie,0,0,1.0,1.0,0.0,tie,1.0,1.0,0.0,tie
40511107,1,0.006622516556291391,2.0,0.0,2.0,2.0,1,0.0,1.0,0.0,0.0,0.0,0.0,1.0,-0.0,0.0,0,0.0,0.0,0.0,0.0,0.0,136.0,136.0,136.0,136.0,1.0,0.0,2.551292181015014,3.81966495513916,1.268372774124146,MF,1,0,True,0.0,0.0,0.0,tie,0,0,0.0,0.0,0.0,tie,0.0,0.0,0.0,tie
40511108,1,0.006622516556291391,4.0,0.0,4.0,4.0,1,0.0,0.0,0.0,1.0,0.0,1.0,0.0,-0.0,0.0,0,0.0,0.0,0.0,0.0,0.0,137.0,137.0,137.0,137.0,1.0,0.0,0.9356734752655028,0.736849308013916,-0.1988241672515868,LightGCN,0,1,False,,,,ineligible,0,0,,,,ineligible,,,,ineligible
40511109,1,0.006622516556291391,4.0,0.0,4.0,4.0,1,0.0,0.0,0.0,1.0,0.0,1.0,0.0,-0.0,0.0,0,0.0,0.0,0.0,0.0,0.0,137.0,137.0,137.0,137.0,1.0,0.0,1.935758352279663,1.7406699657440186,-0.19508838653564453,LightGCN,0,1,False,,,,ineligible,0,0,,,,ineligible,,,,ineligible
40511111,1,0.006622516556291391,1.0,0.0,1.0,1.0,1,1.0,0.0,0.0,0.0,0.0,0.0,1.0,-0.0,0.0,0,0.0,0.0,0.0,0.0,0.0,132.0,132.0,132.0,132.0,1.0,0.0,0.2432613372802734,1.0,0.7567386627197266,MF,1,0,False,,,,ineligible,0,0,,,,ineligible,,,,ineligible
40511112,1,0.006622516556291391,1.0,0.0,1.0,1.0,1,1.0,0.0,0.0,0.0,0.0,0.0,1.0,-0.0,0.0,0,0.0,0.0,0.0,0.0,0.0,132.0,132.0,132.0,132.0,1.0,0.0,1.6504220962524414,0.0,-1.6504220962524414,LightGCN,0,1,False,,,,ineligible,0,0,,,,ineligible,,,,ineligible
40511114,1,0.006622516556291391,2.0,0.0,2.0,2.0,1,0.0,1.0,0.0,0.0,0.0,0.0,1.0,-0.0,0.0,0,0.0,0.0,0.0,0.0,0.0,137.0,137.0,137.0,137.0,1.0,0.0,1.4323060512542725,0.0729315280914306,-1.3593745231628418,LightGCN,0,1,False,,,,ineligible,0,0,,,,ineligible,,,,ineligible
40511115,1,0.006622516556291391,1.0,0.0,1.0,1.0,1,1.0,0.0,0.0,0.0,0.0,0.0,1.0,-0.0,0.0,0,0.0,0.0,0.0,0.0,0.0,132.0,132.0,132.0,132.0,1.0,0.0,0.756224513053894,0.0,-0.756224513053894,LightGCN,0,1,False,,,,ineligible,0,0,,,,ineligible,,,,ineligible
40511117,1,0.006622516556291391,1.0,0.0,1.0,1.0,1,1.0,0.0,0.0,0.0,0.0,0.0,1.0,-0.0,0.0,0,0.0,0.0,0.0,0.0,0.0,136.0,136.0,136.0,136.0,1.0,0.0,1.0323235988616943,0.0,-1.0323235988616943,LightGCN,0,1,False,,,,ineligible,0,0,,,,ineligible,,,,ineligible
40511118,1,0.006622516556291391,2.0,0.0,2.0,2.0,1,0.0,1.0,0.0,0.0,0.0,0.0,1.0,-0.0,0.0,0,0.0,0.0,0.0,0.0,0.0,136.0,136.0,136.0,136.0,1.0,0.0,0.4486393928527832,0.8224644660949707,0.3738250732421875,MF,1,0,False,,,,ineligible,0,0,,,,ineligible,,,,ineligible
40511119,1,0.006622516556291391,4.0,0.0,4.0,4.0,1,0.0,0.0,0.0,1.0,0.0,1.0,0.0,-0.0,0.0,0,0.0,0.0,0.0,0.0,0.0,136.0,136.0,136.0,136.0,1.0,0.0,1.3564722537994385,0.6418499946594238,-0.7146222591400146,LightGCN,0,1,True,0.6309297535714575,1.0,0.36907024642854247,LightGCN,0,1,1.0,1.0,0.0,tie,1.0,1.0,0.0,tie
40511120,1,0.006622516556291391,1.0,0.0,1.0,1.0,1,1.0,0.0,0.0,0.0,0.0,0.0,1.0,-0.0,0.0,0,0.0,0.0,0.0,0.0,0.0,137.0,137.0,137.0,137.0,1.0,0.0,0.9007136821746826,0.0,-0.9007136821746826,LightGCN,0,1,False,,,,ineligible,0,0,,,,ineligible,,,,ineligible
40511121,1,0.006622516556291391,1.0,0.0,1.0,1.0,1,1.0,0.0,0.0,0.0,0.0,0.0,1.0,-0.0,0.0,0,0.0,0.0,0.0,0.0,0.0,136.0,136.0,136.0,136.0,1.0,0.0,0.4344997406005859,2.0,1.565500259399414,MF,1,0,False,,,,ineligible,0,0,,,,ineligible,,,,ineligible
40511122,1,0.006622516556291391,2.0,0.0,2.0,2.0,1,0.0,1.0,0.0,0.0,0.0,0.0,1.0,-0.0,0.0,0,0.0,0.0,0.0,0.0,0.0,137.0,137.0,137.0,137.0,1.0,0.0,1.432323694229126,0.0815308094024658,-1.3507928848266602,LightGCN,0,1,False,,,,ineligible,0,0,,,,ineligible,,,,ineligible
40511123,1,0.006622516556291391,4.0,0.0,4.0,4.0,1,0.0,0.0,0.0,1.0,0.0,1.0,0.0,-0.0,0.0,0,0.0,0.0,0.0,0.0,0.0,137.0,137.0,137.0,137.0,1.0,0.0,1.9357030391693115,1.7305636405944824,-0.2051393985748291,LightGCN,0,1,False,,,,ineligible,0,0,,,,ineligible,,,,ineligible
40511125,1,0.006622516556291391,1.0,0.0,1.0,1.0,1,1.0,0.0,0.0,0.0,0.0,0.0,1.0,-0.0,0.0,0,0.0,0.0,0.0,0.0,0.0,132.0,132.0,132.0,132.0,1.0,0.0,0.350238561630249,2.0,1.649761438369751,MF,1,0,False,,,,ineligible,0,0,,,,ineligible,,,,ineligible
40511127,1,0.006622516556291391,2.0,0.0,2.0,2.0,1,0.0,1.0,0.0,0.0,0.0,0.0,1.0,-0.0,0.0,0,0.0,0.0,0.0,0.0,0.0,136.0,136.0,136.0,136.0,1.0,0.0,1.079087734222412,1.9448275566101076,0.8657398223876955,MF,1,0,True,0.0,1.0,1.0,LightGCN,0,1,0.0,1.0,1.0,LightGCN,0.0,1.0,1.0,LightGCN
40511128,1,0.006622516556291391,1.0,0.0,1.0,1.0,1,1.0,0.0,0.0,0.0,0.0,0.0,1.0,-0.0,0.0,0,0.0,0.0,0.0,0.0,0.0,137.0,137.0,137.0,137.0,1.0,0.0,0.9008185863494872,0.0,-0.9008185863494872,LightGCN,0,1,False,,,,ineligible,0,0,,,,ineligible,,,,ineligible
40511129,1,0.006622516556291391,5.0,0.0,5.0,5.0,1,0.0,0.0,0.0,0.0,1.0,1.0,0.0,-0.0,0.0,0,0.0,0.0,0.0,0.0,0.0,137.0,137.0,137.0,137.0,1.0,0.0,0.8395843505859375,0.4282727241516113,-0.4113116264343262,LightGCN,0,1,True,0.0,0.0,0.0,tie,0,0,0.0,0.0,0.0,tie,0.0,0.0,0.0,tie
40511130,1,0.006622516556291391,2.0,0.0,2.0,2.0,1,0.0,1.0,0.0,0.0,0.0,0.0,1.0,-0.0,0.0,0,0.0,0.0,0.0,0.0,0.0,132.0,132.0,132.0,132.0,1.0,0.0,1.068290948867798,2.2668392658233643,1.1985483169555662,MF,1,0,True,0.0,1.0,1.0,LightGCN,0,1,0.0,1.0,1.0,LightGCN,0.0,1.0,1.0,LightGCN
40511131,1,0.006622516556291391,4.0,0.0,4.0,4.0,1,0.0,0.0,0.0,1.0,0.0,1.0,0.0,-0.0,0.0,0,0.0,0.0,0.0,0.0,0.0,136.0,136.0,136.0,136.0,1.0,0.0,1.3563995361328125,0.6361885070800781,-0.7202110290527344,LightGCN,0,1,True,0.6309297535714575,1.0,0.36907024642854247,LightGCN,0,1,1.0,1.0,0.0,tie,1.0,1.0,0.0,tie
40511133,1,0.006622516556291391,5.0,0.0,5.0,5.0,1,0.0,0.0,0.0,0.0,1.0,1.0,0.0,-0.0,0.0,0,0.0,0.0,0.0,0.0,0.0,136.0,136.0,136.0,136.0,1.0,0.0,0.6760032176971436,1.0124802589416504,0.33647704124450684,MF,1,0,False,,,,ineligible,0,0,,,,ineligible,,,,ineligible
40511134,1,0.006622516556291391,5.0,0.0,5.0,5.0,1,0.0,0.0,0.0,0.0,1.0,1.0,0.0,-0.0,0.0,0,0.0,0.0,0.0,0.0,0.0,136.0,136.0,136.0,136.0,1.0,0.0,1.675947904586792,1.9941940307617188,0.31824612617492676,MF,1,0,False,,,,ineligible,0,0,,,,ineligible,,,,ineligible
40511135,1,0.006622516556291391,4.0,0.0,4.0,4.0,1,0.0,0.0,0.0,1.0,0.0,1.0,0.0,-0.0,0.0,0,0.0,0.0,0.0,0.0,0.0,136.0,136.0,136.0,136.0,1.0,0.0,0.3560192584991455,0.3721818923950195,0.016162633895873968,MF,1,0,True,0.6309297535714575,1.0,0.36907024642854247,LightGCN,0,1,1.0,1.0,0.0,tie,1.0,1.0,0.0,tie
40511136,1,0.006622516556291391,2.0,0.0,2.0,2.0,1,0.0,1.0,0.0,0.0,0.0,0.0,1.0,-0.0,0.0,0,0.0,0.0,0.0,0.0,0.0,132.0,132.0,132.0,132.0,1.0,0.0,2.068371295928955,3.274379849433899,1.2060085535049438,MF,1,0,True,0.0,1.0,1.0,LightGCN,0,1,0.0,1.0,1.0,LightGCN,0.0,1.0,1.0,LightGCN
40511138,1,0.006622516556291391,3.0,0.0,3.0,3.0,1,0.0,0.0,1.0,0.0,0.0,0.0,1.0,-0.0,0.0,0,0.0,0.0,0.0,0.0,0.0,137.0,137.0,137.0,137.0,1.0,0.0,1.5840821266174316,1.2956490516662598,-0.2884330749511719,LightGCN,0,1,False,,,,ineligible,0,0,,,,ineligible,,,,ineligible
40511139,1,0.006622516556291391,1.0,0.0,1.0,1.0,1,1.0,0.0,0.0,0.0,0.0,0.0,1.0,-0.0,0.0,0,0.0,0.0,0.0,0.0,0.0,136.0,136.0,136.0,136.0,1.0,0.0,1.0321543216705322,0.0,-1.0321543216705322,LightGCN,0,1,False,,,,ineligible,0,0,,,,ineligible,,,,ineligible
40511141,1,0.006622516556291391,1.0,0.0,1.0,1.0,1,1.0,0.0,0.0,0.0,0.0,0.0,1.0,-0.0,0.0,0,0.0,0.0,0.0,0.0,0.0,136.0,136.0,136.0,136.0,1.0,0.0,1.4340159893035889,3.0,1.5659840106964111,MF,1,0,True,0.0,1.0,1.0,LightGCN,0,1,0.0,1.0,1.0,LightGCN,0.0,1.0,1.0,LightGCN
40511142,1,0.006622516556291391,3.0,0.0,3.0,3.0,1,0.0,0.0,1.0,0.0,0.0,0.0,1.0,-0.0,0.0,0,0.0,0.0,0.0,0.0,0.0,137.0,137.0,137.0,137.0,1.0,0.0,0.4159519672393799,0.7032332420349121,0.2872812747955322,MF,1,0,False,,,,ineligible,0,0,,,,ineligible,,,,ineligible
40511143,1,0.006622516556291391,4.0,0.0,4.0,4.0,1,0.0,0.0,0.0,1.0,0.0,1.0,0.0,-0.0,0.0,0,0.0,0.0,0.0,0.0,0.0,132.0,132.0,132.0,132.0,1.0,0.0,0.699418306350708,1.028982162475586,0.32956385612487793,MF,1,0,True,0.0,0.3868528072345416,0.3868528072345416,LightGCN,0,1,0.0,1.0,1.0,LightGCN,0.0,1.0,1.0,LightGCN
40511144,1,0.006622516556291391,4.0,0.0,4.0,4.0,1,0.0,0.0,0.0,1.0,0.0,1.0,0.0,-0.0,0.0,0,0.0,0.0,0.0,0.0,0.0,137.0,137.0,137.0,137.0,1.0,0.0,1.9399821758270264,2.157259464263916,0.21727728843688965,MF,1,0,False,,,,ineligible,0,0,,,,ineligible,,,,ineligible
40511145,1,0.006622516556291391,2.0,0.0,2.0,2.0,1,0.0,1.0,0.0,0.0,0.0,0.0,1.0,-0.0,0.0,0,0.0,0.0,0.0,0.0,0.0,136.0,136.0,136.0,136.0,1.0,0.0,1.079108715057373,1.9478764533996584,0.8687677383422854,MF,1,0,True,0.0,1.0,1.0,LightGCN,0,1,0.0,1.0,1.0,LightGCN,0.0,1.0,1.0,LightGCN
40511146,1,0.006622516556291391,4.0,0.0,4.0,4.0,1,0.0,0.0,0.0,1.0,0.0,1.0,0.0,-0.0,0.0,0,0.0,0.0,0.0,0.0,0.0,132.0,132.0,132.0,132.0,1.0,0.0,1.4547781944274902,1.1813719272613523,-0.2734062671661379,LightGCN,0,1,True,1.0,1.0,0.0,tie,0,0,1.0,1.0,0.0,tie,1.0,1.0,0.0,tie
40511147,1,0.006622516556291391,4.0,0.0,4.0,4.0,1,0.0,0.0,0.0,1.0,0.0,1.0,0.0,-0.0,0.0,0,0.0,0.0,0.0,0.0,0.0,137.0,137.0,137.0,137.0,1.0,0.0,2.0641908645629883,2.268573045730591,0.20438218116760254,MF,1,0,True,0.0,0.3868528072345416,0.3868528072345416,LightGCN,0,1,0.0,1.0,1.0,LightGCN,0.0,1.0,1.0,LightGCN
40511148,1,0.006622516556291391,5.0,0.0,5.0,5.0,1,0.0,0.0,0.0,0.0,1.0,1.0,0.0,-0.0,0.0,0,0.0,0.0,0.0,0.0,0.0,132.0,132.0,132.0,132.0,1.0,0.0,0.2219676971435547,0.112239122390747,-0.10972857475280769,LightGCN,0,1,True,0.5,0.3868528072345416,-0.11314719276545843,MF,1,0,1.0,1.0,0.0,tie,1.0,1.0,0.0,tie
40511149,1,0.006622516556291391,3.0,0.0,3.0,3.0,1,0.0,0.0,1.0,0.0,0.0,0.0,1.0,-0.0,0.0,0,0.0,0.0,0.0,0.0,0.0,137.0,137.0,137.0,137.0,1.0,0.0,0.6849212646484375,0.0954704284667968,-0.5894508361816407,LightGCN,0,1,False,,,,ineligible,0,0,,,,ineligible,,,,ineligible
40511151,1,0.006622516556291391,5.0,0.0,5.0,5.0,1,0.0,0.0,0.0,0.0,1.0,1.0,0.0,-0.0,0.0,0,0.0,0.0,0.0,0.0,0.0,137.0,137.0,137.0,137.0,1.0,0.0,0.2742767333984375,1.0139312744140625,0.739654541015625,MF,1,0,False,,,,ineligible,0,0,,,,ineligible,,,,ineligible
40511153,1,0.006622516556291391,1.0,0.0,1.0,1.0,1,1.0,0.0,0.0,0.0,0.0,0.0,1.0,-0.0,0.0,0,0.0,0.0,0.0,0.0,0.0,132.0,132.0,132.0,132.0,1.0,0.0,0.7569794654846191,0.0,-0.7569794654846191,LightGCN,0,1,False,,,,ineligible,0,0,,,,ineligible,,,,ineligible
40511155,1,0.006622516556291391,4.0,0.0,4.0,4.0,1,0.0,0.0,0.0,1.0,0.0,1.0,0.0,-0.0,0.0,0,0.0,0.0,0.0,0.0,0.0,132.0,132.0,132.0,132.0,1.0,0.0,1.699599266052246,2.0401816368103027,0.34058237075805664,MF,1,0,True,0.0,0.3868528072345416,0.3868528072345416,LightGCN,0,1,0.0,1.0,1.0,LightGCN,0.0,1.0,1.0,LightGCN
40511156,1,0.006622516556291391,4.0,0.0,4.0,4.0,1,0.0,0.0,0.0,1.0,0.0,1.0,0.0,-0.0,0.0,0,0.0,0.0,0.0,0.0,0.0,132.0,132.0,132.0,132.0,1.0,0.0,0.3007957935333252,0.0242204666137695,-0.2765753269195557,LightGCN,0,1,False,,,,ineligible,0,0,,,,ineligible,,,,ineligible
40511158,1,0.006622516556291391,5.0,0.0,5.0,5.0,1,0.0,0.0,0.0,0.0,1.0,1.0,0.0,-0.0,0.0,0,0.0,0.0,0.0,0.0,0.0,137.0,137.0,137.0,137.0,1.0,0.0,2.1606388092041016,2.5709171295166016,0.4102783203125,MF,1,0,False,,,,ineligible,0,0,,,,ineligible,,,,ineligible
40511159,1,0.006622516556291391,2.0,0.0,2.0,2.0,1,0.0,1.0,0.0,0.0,0.0,0.0,1.0,-0.0,0.0,0,0.0,0.0,0.0,0.0,0.0,136.0,136.0,136.0,136.0,1.0,0.0,1.551276683807373,2.8214406967163086,1.2701640129089355,MF,1,0,True,0.0,0.0,0.0,tie,0,0,0.0,0.0,0.0,tie,0.0,0.0,0.0,tie
40511160,1,0.006622516556291391,1.0,0.0,1.0,1.0,1,1.0,0.0,0.0,0.0,0.0,0.0,1.0,-0.0,0.0,0,0.0,0.0,0.0,0.0,0.0,132.0,132.0,132.0,132.0,1.0,0.0,2.3491315841674805,4.0,1.6508684158325195,MF,1,0,True,0.0,1.0,1.0,LightGCN,0,1,0.0,1.0,1.0,LightGCN,0.0,1.0,1.0,LightGCN
40511201,1,0.006622516556291391,3.0,0.0,3.0,3.0,1,0.0,0.0,1.0,0.0,0.0,0.0,1.0,-0.0,0.0,0,0.0,0.0,0.0,0.0,0.0,147.0,147.0,147.0,147.0,1.0,0.0,1.9406540393829343,2.8802621364593506,0.9396080970764162,MF,1,0,True,0.0,0.6309297535714575,0.6309297535714575,LightGCN,0,1,0.0,1.0,1.0,LightGCN,0.0,1.0,1.0,LightGCN
40511202,1,0.006622516556291391,4.0,0.0,4.0,4.0,1,0.0,0.0,0.0,1.0,0.0,1.0,0.0,-0.0,0.0,0,0.0,0.0,0.0,0.0,0.0,147.0,147.0,147.0,147.0,1.0,0.0,2.041290283203125,2.379530191421509,0.3382399082183838,MF,1,0,True,0.0,0.0,0.0,tie,0,0,0.0,0.0,0.0,tie,0.0,0.0,0.0,tie
40511203,1,0.006622516556291391,3.0,0.0,3.0,3.0,1,0.0,0.0,1.0,0.0,0.0,0.0,1.0,-0.0,0.0,0,0.0,0.0,0.0,0.0,0.0,147.0,147.0,147.0,147.0,1.0,0.0,1.9406232833862305,2.881483554840088,0.9408602714538574,MF,1,0,True,0.0,0.6309297535714575,0.6309297535714575,LightGCN,0,1,0.0,1.0,1.0,LightGCN,0.0,1.0,1.0,LightGCN
40511204,1,0.006622516556291391,3.0,0.0,3.0,3.0,1,0.0,0.0,1.0,0.0,0.0,0.0,1.0,-0.0,0.0,0,0.0,0.0,0.0,0.0,0.0,160.0,160.0,160.0,160.0,1.0,0.0,0.7630114555358887,0.6445034742355347,-0.118507981300354,LightGCN,0,1,False,,,,ineligible,0,0,,,,ineligible,,,,ineligible
40511205,1,0.006622516556291391,5.0,0.0,5.0,5.0,1,0.0,0.0,0.0,0.0,1.0,1.0,0.0,-0.0,0.0,0,0.0,0.0,0.0,0.0,0.0,160.0,160.0,160.0,160.0,1.0,0.0,1.578066349029541,1.7486188411712646,0.17055249214172363,MF,1,0,True,0.0,0.6309297535714575,0.6309297535714575,LightGCN,0,1,0.0,1.0,1.0,LightGCN,0.0,1.0,1.0,LightGCN
40511206,1,0.006622516556291391,4.0,0.0,4.0,4.0,1,0.0,0.0,0.0,1.0,0.0,1.0,0.0,-0.0,0.0,0,0.0,0.0,0.0,0.0,0.0,160.0,160.0,160.0,160.0,1.0,0.0,1.7082419395446775,2.762502670288086,1.0542607307434084,MF,1,0,True,0.0,0.6309297535714575,0.6309297535714575,LightGCN,0,1,0.0,1.0,1.0,LightGCN,0.0,1.0,1.0,LightGCN
40511207,1,0.006622516556291391,3.0,0.0,3.0,3.0,1,0.0,0.0,1.0,0.0,0.0,0.0,1.0,-0.0,0.0,0,0.0,0.0,0.0,0.0,0.0,147.0,147.0,147.0,147.0,1.0,0.0,0.6721925735473633,0.1623241901397705,-0.5098683834075928,LightGCN,0,1,False,,,,ineligible,0,0,,,,ineligible,,,,ineligible
40511208,1,0.006622516556291391,5.0,0.0,5.0,5.0,1,0.0,0.0,0.0,0.0,1.0,1.0,0.0,-0.0,0.0,0,0.0,0.0,0.0,0.0,0.0,136.0,136.0,136.0,136.0,1.0,0.0,0.0493099689483642,0.8088657855987549,0.7595558166503906,MF,1,0,False,,,,ineligible,0,0,,,,ineligible,,,,ineligible
40511209,1,0.006622516556291391,3.0,0.0,3.0,3.0,1,0.0,0.0,1.0,0.0,0.0,0.0,1.0,-0.0,0.0,0,0.0,0.0,0.0,0.0,0.0,160.0,160.0,160.0,160.0,1.0,0.0,0.9063003063201904,2.740735650062561,1.8344353437423706,MF,1,0,True,0.0,0.6309297535714575,0.6309297535714575,LightGCN,0,1,0.0,1.0,1.0,LightGCN,0.0,1.0,1.0,LightGCN
40511210,1,0.006622516556291391,2.0,0.0,2.0,2.0,1,0.0,1.0,0.0,0.0,0.0,0.0,1.0,-0.0,0.0,0,0.0,0.0,0.0,0.0,0.0,160.0,160.0,160.0,160.0,1.0,0.0,0.5079119205474854,1.0,0.49208807945251465,MF,1,0,False,,,,ineligible,0,0,,,,ineligible,,,,ineligible
40511211,1,0.006622516556291391,3.0,0.0,3.0,3.0,1,0.0,0.0,1.0,0.0,0.0,0.0,1.0,-0.0,0.0,0,0.0,0.0,0.0,0.0,0.0,147.0,147.0,147.0,147.0,1.0,0.0,0.9406328201293944,1.8785395622253416,0.9379067420959472,MF,1,0,True,0.0,0.6309297535714575,0.6309297535714575,LightGCN,0,1,0.0,1.0,1.0,LightGCN,0.0,1.0,1.0,LightGCN
40511212,1,0.006622516556291391,4.0,0.0,4.0,4.0,1,0.0,0.0,0.0,1.0,0.0,1.0,0.0,-0.0,0.0,0,0.0,0.0,0.0,0.0,0.0,136.0,136.0,136.0,136.0,1.0,0.0,0.7922272682189941,1.5123651027679443,0.7201378345489502,MF,1,0,False,,,,ineligible,0,0,,,,ineligible,,,,ineligible
40511213,1,0.006622516556291391,5.0,0.0,5.0,5.0,1,0.0,0.0,0.0,0.0,1.0,1.0,0.0,-0.0,0.0,0,0.0,0.0,0.0,0.0,0.0,136.0,136.0,136.0,136.0,1.0,0.0,0.1233539581298828,1.323066234588623,1.1997122764587402,MF,1,0,False,,,,ineligible,0,0,,,,ineligible,,,,ineligible
40511215,1,0.006622516556291391,1.0,0.0,1.0,1.0,1,1.0,0.0,0.0,0.0,0.0,0.0,1.0,-0.0,0.0,0,0.0,0.0,0.0,0.0,0.0,147.0,147.0,147.0,147.0,1.0,0.0,1.1414570808410645,0.0,-1.1414570808410645,LightGCN,0,1,False,,,,ineligible,0,0,,,,ineligible,,,,ineligible
40511217,1,0.006622516556291391,2.0,0.0,2.0,2.0,1,0.0,1.0,0.0,0.0,0.0,0.0,1.0,-0.0,0.0,0,0.0,0.0,0.0,0.0,0.0,147.0,147.0,147.0,147.0,1.0,0.0,1.405827522277832,0.0521390438079834,-1.3536884784698486,LightGCN,0,1,False,,,,ineligible,0,0,,,,ineligible,,,,ineligible
40511218,1,0.006622516556291391,3.0,0.0,3.0,3.0,1,0.0,0.0,1.0,0.0,0.0,0.0,1.0,-0.0,0.0,0,0.0,0.0,0.0,0.0,0.0,160.0,160.0,160.0,160.0,1.0,0.0,1.906189441680908,3.73827588558197,1.8320864439010622,MF,1,0,True,0.0,0.6309297535714575,0.6309297535714575,LightGCN,0,1,0.0,1.0,1.0,LightGCN,0.0,1.0,1.0,LightGCN
40511219,1,0.006622516556291391,1.0,0.0,1.0,1.0,1,1.0,0.0,0.0,0.0,0.0,0.0,1.0,-0.0,0.0,0,0.0,0.0,0.0,0.0,0.0,160.0,160.0,160.0,160.0,1.0,0.0,1.7318758964538574,0.0,-1.7318758964538574,LightGCN,0,1,False,,,,ineligible,0,0,,,,ineligible,,,,ineligible
40511220,1,0.006622516556291391,3.0,0.0,3.0,3.0,1,0.0,0.0,1.0,0.0,0.0,0.0,1.0,-0.0,0.0,0,0.0,0.0,0.0,0.0,0.0,160.0,160.0,160.0,160.0,1.0,0.0,1.236867904663086,2.6504229307174683,1.4135550260543823,MF,1,0,True,0.0,1.0,1.0,LightGCN,0,1,0.0,1.0,1.0,LightGCN,0.0,1.0,1.0,LightGCN
40511221,1,0.006622516556291391,5.0,0.0,5.0,5.0,1,0.0,0.0,0.0,0.0,1.0,1.0,0.0,-0.0,0.0,0,0.0,0.0,0.0,0.0,0.0,160.0,160.0,160.0,160.0,1.0,0.0,1.5787160396575928,1.7593655586242676,0.1806495189666748,MF,1,0,True,0.0,0.6309297535714575,0.6309297535714575,LightGCN,0,1,0.0,1.0,1.0,LightGCN,0.0,1.0,1.0,LightGCN
40511222,1,0.006622516556291391,4.0,0.0,4.0,4.0,1,0.0,0.0,0.0,1.0,0.0,1.0,0.0,-0.0,0.0,0,0.0,0.0,0.0,0.0,0.0,147.0,147.0,147.0,147.0,1.0,0.0,1.8029155731201167,1.8214881420135496,0.01857256889343284,MF,1,0,True,0.0,0.6309297535714575,0.6309297535714575,LightGCN,0,1,0.0,1.0,1.0,LightGCN,0.0,1.0,1.0,LightGCN
40511223,1,0.006622516556291391,5.0,0.0,5.0,5.0,1,0.0,0.0,0.0,0.0,1.0,1.0,0.0,-0.0,0.0,0,0.0,0.0,0.0,0.0,0.0,136.0,136.0,136.0,136.0,1.0,0.0,1.9534623622894287,2.82372522354126,0.8702628612518315,MF,1,0,False,,,,ineligible,0,0,,,,ineligible,,,,ineligible
40511224,1,0.006622516556291391,1.0,0.0,1.0,1.0,1,1.0,0.0,0.0,0.0,0.0,0.0,1.0,-0.0,0.0,0,0.0,0.0,0.0,0.0,0.0,160.0,160.0,160.0,160.0,1.0,0.0,0.2501916885375976,1.0,0.7498083114624023,MF,1,0,False,,,,ineligible,0,0,,,,ineligible,,,,ineligible
40511225,1,0.006622516556291391,4.0,0.0,4.0,4.0,1,0.0,0.0,0.0,1.0,0.0,1.0,0.0,-0.0,0.0,0,0.0,0.0,0.0,0.0,0.0,160.0,160.0,160.0,160.0,1.0,0.0,0.9654700756072998,1.8322758674621584,0.8668057918548586,MF,1,0,True,0.0,0.5,0.5,LightGCN,0,1,0.0,1.0,1.0,LightGCN,0.0,1.0,1.0,LightGCN
40511226,1,0.006622516556291391,4.0,0.0,4.0,4.0,1,0.0,0.0,0.0,1.0,0.0,1.0,0.0,-0.0,0.0,0,0.0,0.0,0.0,0.0,0.0,160.0,160.0,160.0,160.0,1.0,0.0,0.0344226360321044,0.8202753067016602,0.7858526706695558,MF,1,0,False,,,,ineligible,0,0,,,,ineligible,,,,ineligible
40511227,1,0.006622516556291391,2.0,0.0,2.0,2.0,1,0.0,1.0,0.0,0.0,0.0,0.0,1.0,-0.0,0.0,0,0.0,0.0,0.0,0.0,0.0,147.0,147.0,147.0,147.0,1.0,0.0,2.5941476821899414,3.9644817113876334,1.370334029197692,MF,1,0,True,0.0,0.5,0.5,LightGCN,0,1,0.0,1.0,1.0,LightGCN,0.0,1.0,1.0,LightGCN
40511228,1,0.006622516556291391,4.0,0.0,4.0,4.0,1,0.0,0.0,0.0,1.0,0.0,1.0,0.0,-0.0,0.0,0,0.0,0.0,0.0,0.0,0.0,136.0,136.0,136.0,136.0,1.0,0.0,0.7918896675109863,1.515972375869751,0.7240827083587646,MF,1,0,False,,,,ineligible,0,0,,,,ineligible,,,,ineligible
40511229,1,0.006622516556291391,2.0,0.0,2.0,2.0,1,0.0,1.0,0.0,0.0,0.0,0.0,1.0,-0.0,0.0,0,0.0,0.0,0.0,0.0,0.0,147.0,147.0,147.0,147.0,1.0,0.0,1.0538005828857422,2.901075005531311,1.8472744226455688,MF,1,0,True,0.0,1.0,1.0,LightGCN,0,1,0.0,1.0,1.0,LightGCN,0.0,1.0,1.0,LightGCN
40511231,1,0.006622516556291391,1.0,0.0,1.0,1.0,1,1.0,0.0,0.0,0.0,0.0,0.0,1.0,-0.0,0.0,0,0.0,0.0,0.0,0.0,0.0,160.0,160.0,160.0,160.0,1.0,0.0,1.7319931983947754,0.0,-1.7319931983947754,LightGCN,0,1,False,,,,ineligible,0,0,,,,ineligible,,,,ineligible
40511233,1,0.006622516556291391,2.0,0.0,2.0,2.0,1,0.0,1.0,0.0,0.0,0.0,0.0,1.0,-0.0,0.0,0,0.0,0.0,0.0,0.0,0.0,160.0,160.0,160.0,160.0,1.0,0.0,1.0865676403045654,3.0,1.9134323596954346,MF,1,0,True,0.0,0.6309297535714575,0.6309297535714575,LightGCN,0,1,0.0,1.0,1.0,LightGCN,0.0,1.0,1.0,LightGCN
40511234,1,0.006622516556291391,5.0,0.0,5.0,5.0,1,0.0,0.0,0.0,0.0,1.0,1.0,0.0,-0.0,0.0,0,0.0,0.0,0.0,0.0,0.0,160.0,160.0,160.0,160.0,1.0,0.0,1.5781121253967283,1.7462053298950195,0.16809320449829124,MF,1,0,True,0.0,0.6309297535714575,0.6309297535714575,LightGCN,0,1,0.0,1.0,1.0,LightGCN,0.0,1.0,1.0,LightGCN
40511235,1,0.006622516556291391,3.0,0.0,3.0,3.0,1,0.0,0.0,1.0,0.0,0.0,0.0,1.0,-0.0,0.0,0,0.0,0.0,0.0,0.0,0.0,147.0,147.0,147.0,147.0,1.0,0.0,1.6720209121704102,0.8184106349945068,-0.8536102771759033,LightGCN,0,1,False,,,,ineligible,0,0,,,,ineligible,,,,ineligible
40511237,1,0.006622516556291391,4.0,0.0,4.0,4.0,1,0.0,0.0,0.0,1.0,0.0,1.0,0.0,-0.0,0.0,0,0.0,0.0,0.0,0.0,0.0,147.0,147.0,147.0,147.0,1.0,0.0,1.803034782409668,1.822326183319092,0.01929140090942405,MF,1,0,True,0.0,0.6309297535714575,0.6309297535714575,LightGCN,0,1,0.0,1.0,1.0,LightGCN,0.0,1.0,1.0,LightGCN
40511238,1,0.006622516556291391,5.0,0.0,5.0,5.0,1,0.0,0.0,0.0,0.0,1.0,1.0,0.0,-0.0,0.0,0,0.0,0.0,0.0,0.0,0.0,160.0,160.0,160.0,160.0,1.0,0.0,0.7561469078063965,1.042896032333374,0.28674912452697754,MF,1,0,True,0.0,0.430676558073393,0.430676558073393,LightGCN,0,1,0.0,1.0,1.0,LightGCN,0.0,1.0,1.0,LightGCN
40511239,1,0.006622516556291391,5.0,0.0,5.0,5.0,1,0.0,0.0,0.0,0.0,1.0,1.0,0.0,-0.0,0.0,0,0.0,0.0,0.0,0.0,0.0,136.0,136.0,136.0,136.0,1.0,0.0,1.1222622394561768,0.3168725967407226,-0.8053896427154541,LightGCN,0,1,True,0.0,0.6309297535714575,0.6309297535714575,LightGCN,0,1,0.0,1.0,1.0,LightGCN,0.0,1.0,1.0,LightGCN
40511242,1,0.006622516556291391,5.0,0.0,5.0,5.0,1,0.0,0.0,0.0,0.0,1.0,1.0,0.0,-0.0,0.0,0,0.0,0.0,0.0,0.0,0.0,160.0,160.0,160.0,160.0,1.0,0.0,0.5784621238708496,0.7504990100860596,0.17203688621520996,MF,1,0,True,0.0,0.6309297535714575,0.6309297535714575,LightGCN,0,1,0.0,1.0,1.0,LightGCN,0.0,1.0,1.0,LightGCN
40511243,1,0.006622516556291391,3.0,0.0,3.0,3.0,1,0.0,0.0,1.0,0.0,0.0,0.0,1.0,-0.0,0.0,0,0.0,0.0,0.0,0.0,0.0,147.0,147.0,147.0,147.0,1.0,0.0,0.327888011932373,1.1720846891403198,0.8441966772079468,MF,1,0,False,,,,ineligible,0,0,,,,ineligible,,,,ineligible
40511244,1,0.006622516556291391,5.0,0.0,5.0,5.0,1,0.0,0.0,0.0,0.0,1.0,1.0,0.0,-0.0,0.0,0,0.0,0.0,0.0,0.0,0.0,147.0,147.0,147.0,147.0,1.0,0.0,1.8214430809021,1.588026523590088,-0.23341655731201216,LightGCN,0,1,True,0.0,0.0,0.0,tie,0,0,0.0,0.0,0.0,tie,0.0,0.0,0.0,tie
40511246,1,0.006622516556291391,4.0,0.0,4.0,4.0,1,0.0,0.0,0.0,1.0,0.0,1.0,0.0,-0.0,0.0,0,0.0,0.0,0.0,0.0,0.0,160.0,160.0,160.0,160.0,1.0,0.0,0.0344178676605224,0.8492662906646729,0.8148484230041505,MF,1,0,False,,,,ineligible,0,0,,,,ineligible,,,,ineligible
40511247,1,0.006622516556291391,5.0,0.0,5.0,5.0,1,0.0,0.0,0.0,0.0,1.0,1.0,0.0,-0.0,0.0,0,0.0,0.0,0.0,0.0,0.0,160.0,160.0,160.0,160.0,1.0,0.0,0.5779848098754883,0.7516603469848633,0.173675537109375,MF,1,0,True,0.0,0.6309297535714575,0.6309297535714575,LightGCN,0,1,0.0,1.0,1.0,LightGCN,0.0,1.0,1.0,LightGCN
40511248,1,0.006622516556291391,2.0,0.0,2.0,2.0,1,0.0,1.0,0.0,0.0,0.0,0.0,1.0,-0.0,0.0,0,0.0,0.0,0.0,0.0,0.0,147.0,147.0,147.0,147.0,1.0,0.0,0.053898811340332,1.90439248085022,1.850493669509888,MF,1,0,False,,,,ineligible,0,0,,,,ineligible,,,,ineligible
40511250,1,0.006622516556291391,5.0,0.0,5.0,5.0,1,0.0,0.0,0.0,0.0,1.0,1.0,0.0,-0.0,0.0,0,0.0,0.0,0.0,0.0,0.0,160.0,160.0,160.0,160.0,1.0,0.0,0.5795555114746094,0.7611455917358398,0.18159008026123047,MF,1,0,True,0.0,0.6309297535714575,0.6309297535714575,LightGCN,0,1,0.0,1.0,1.0,LightGCN,0.0,1.0,1.0,LightGCN
40511251,1,0.006622516556291391,4.0,0.0,4.0,4.0,1,0.0,0.0,0.0,1.0,0.0,1.0,0.0,-0.0,0.0,0,0.0,0.0,0.0,0.0,0.0,147.0,147.0,147.0,147.0,1.0,0.0,1.8029708862304688,1.8222076892852783,0.01923680305480957,MF,1,0,True,0.0,0.6309297535714575,0.6309297535714575,LightGCN,0,1,0.0,1.0,1.0,LightGCN,0.0,1.0,1.0,LightGCN
40511252,1,0.006622516556291391,3.0,0.0,3.0,3.0,1,0.0,0.0,1.0,0.0,0.0,0.0,1.0,-0.0,0.0,0,0.0,0.0,0.0,0.0,0.0,147.0,147.0,147.0,147.0,1.0,0.0,1.327807903289795,2.187499046325684,0.8596911430358891,MF,1,0,True,0.0,0.3868528072345416,0.3868528072345416,LightGCN,0,1,0.0,1.0,1.0,LightGCN,0.0,1.0,1.0,LightGCN
40511253,1,0.006622516556291391,5.0,0.0,5.0,5.0,1,0.0,0.0,0.0,0.0,1.0,1.0,0.0,-0.0,0.0,0,0.0,0.0,0.0,0.0,0.0,136.0,136.0,136.0,136.0,1.0,0.0,1.0487408638000488,0.1750040054321289,-0.8737368583679199,LightGCN,0,1,True,0.0,0.3868528072345416,0.3868528072345416,LightGCN,0,1,0.0,1.0,1.0,LightGCN,0.0,1.0,1.0,LightGCN
40511255,1,0.006622516556291391,4.0,0.0,4.0,4.0,1,0.0,0.0,0.0,1.0,0.0,1.0,0.0,-0.0,0.0,0,0.0,0.0,0.0,0.0,0.0,160.0,160.0,160.0,160.0,1.0,0.0,1.7082645893096924,2.76033616065979,1.0520715713500977,MF,1,0,True,0.0,0.6309297535714575,0.6309297535714575,LightGCN,0,1,0.0,1.0,1.0,LightGCN,0.0,1.0,1.0,LightGCN
40511256,1,0.006622516556291391,1.0,0.0,1.0,1.0,1,1.0,0.0,0.0,0.0,0.0,0.0,1.0,-0.0,0.0,0,0.0,0.0,0.0,0.0,0.0,160.0,160.0,160.0,160.0,1.0,0.0,0.7495172023773193,2.0,1.2504827976226807,MF,1,0,False,,,,ineligible,0,0,,,,ineligible,,,,ineligible
40511258,1,0.006622516556291391,1.0,0.0,1.0,1.0,1,1.0,0.0,0.0,0.0,0.0,0.0,1.0,-0.0,0.0,0,0.0,0.0,0.0,0.0,0.0,160.0,160.0,160.0,160.0,1.0,0.0,0.7314634323120117,1.0,0.2685365676879883,MF,1,0,False,,,,ineligible,0,0,,,,ineligible,,,,ineligible
40511259,1,0.006622516556291391,4.0,0.0,4.0,4.0,1,0.0,0.0,0.0,1.0,0.0,1.0,0.0,-0.0,0.0,0,0.0,0.0,0.0,0.0,0.0,136.0,136.0,136.0,136.0,1.0,0.0,0.7920362949371338,1.509519100189209,0.7174828052520752,MF,1,0,False,,,,ineligible,0,0,,,,ineligible,,,,ineligible
40511260,1,0.006622516556291391,1.0,0.0,1.0,1.0,1,1.0,0.0,0.0,0.0,0.0,0.0,1.0,-0.0,0.0,0,0.0,0.0,0.0,0.0,0.0,160.0,160.0,160.0,160.0,1.0,0.0,1.2684402465820312,3.0,1.7315597534179688,MF,1,0,True,0.0,0.0,0.0,tie,0,0,0.0,0.0,0.0,tie,0.0,0.0,0.0,tie
40511262,1,0.006622516556291391,3.0,0.0,3.0,3.0,1,0.0,0.0,1.0,0.0,0.0,0.0,1.0,-0.0,0.0,0,0.0,0.0,0.0,0.0,0.0,160.0,160.0,160.0,160.0,1.0,0.0,0.2368550300598144,1.6338706016540527,1.3970155715942383,MF,1,0,False,,,,ineligible,0,0,,,,ineligible,,,,ineligible
