Method,Student_ID,Course_ID,Actual,Predicted,Error
RWR_Binary,40411202,40BR472,3,4.7291,1.7291
RWR_Binary,40311247,40BA052,5,5.0,0.0
RWR_Binary,40211206,40BR122,5,4.7757,0.2243
RWR_Binary,40511218,40B0292,5,3.0,2.0
RWR_Binary,40211202,40BR342,2,4.7403,2.7403
RWR_Binary,40311256,40BA122,3,4.8988,1.8988
RWR_Binary,40211109,40BA091,1,4.7457,3.7457
RWR_Binary,40311211,40BA062,1,4.9449,3.9449
RWR_Binary,40311211,40BA012,1,4.9961,3.9961
RWR_Binary,40211148,40BQ021,4,4.8245,0.8245
RWR_Binary,40211220,40BA082,4,4.9395,0.9395
RWR_Binary,40311215,40BR372,4,4.8147,0.8147
RWR_Binary,40311207,40BA222,5,4.9966,0.0034
RWR_Binary,40211250,40BR222,4,4.7104,0.7104
RWR_Binary,40211133,40BA121,3,4.8914,1.8914
RWR_Binary,40311259,40BA122,1,4.8527,3.8527
RWR_Binary,40211138,40BQ331,3,4.7709,1.7709
RWR_Binary,40211121,40BC051,3,4.967,1.967
RWR_Binary,40311108,40BA061,2,5.0,3.0
RWR_Binary,40211125,40BC051,4,4.8286,0.8286
RWR_Binary,40411111,40BC011,1,4.8945,3.8945
RWR_Binary,40211138,40B0291,2,5.0,3.0
RWR_Binary,40311155,40BA011,4,5.0,1.0
RWR_Binary,40211217,40BA102,5,4.925,0.075
RWR_Binary,40411202,40BA062,2,4.9516,2.9516
RWR_Binary,40211106,40BQ051,4,4.7239,0.7239
RWR_Binary,40511204,40B0292,5,5.0,0.0
RWR_Binary,40211150,40BC011,3,4.9067,1.9067
RWR_Binary,40311108,40BA141,2,4.8829,2.8829
RWR_Binary,40411129,40B0291,2,5.0,3.0
RWR_Binary,40311109,40BA011,1,5.0,4.0
RWR_Binary,40411145,40BA051,1,4.9661,3.9661
RWR_Binary,40211125,40BA091,1,4.7211,3.7211
RWR_Binary,40311226,40BR072,4,4.8637,0.8637
RWR_Binary,40211135,40BA011,4,5.0,1.0
RWR_Binary,40211217,40BA092,5,4.7667,0.2333
RWR_Binary,40311134,409A011,2,4.146,2.146
RWR_Binary,40211102,40BQ391,4,4.7189,0.7189
RWR_Binary,40211117,40BQ051,4,4.6963,0.6963
RWR_Binary,40311236,40BA082,4,4.9343,0.9343
RWR_Binary,40311244,40BR072,3,4.85,1.85
RWR_Binary,40411248,40BA012,4,5.0,1.0
RWR_Binary,40311246,40BA052,3,5.0,2.0
RWR_Binary,40311140,40BQ341,5,4.6164,0.3836
RWR_Binary,40411120,40BC071,4,4.8762,0.8762
RWR_Binary,40211232,40BA012,1,4.9982,3.9982
RWR_Binary,40211102,40BA151,4,4.7366,0.7366
RWR_Binary,40411118,40BA081,1,5.0,4.0
RWR_Binary,40211156,40BQ171,3,4.7221,1.7221
RWR_Binary,40211207,40BR082,5,4.7722,0.2278
RWR_Binary,40211113,40B9662,4,4.4778,0.4778
RWR_Binary,40311150,40B0291,3,5.0,2.0
RWR_Binary,40311127,40BA061,1,5.0,4.0
RWR_Binary,40311247,40BR372,4,4.8381,0.8381
RWR_Binary,40211129,40BA101,4,4.9671,0.9671
RWR_Binary,40211127,40B0291,4,5.0,1.0
RWR_Binary,40211102,40KA393,4,1.0,3.0
RWR_Binary,40211245,40BR082,3,4.776,1.776
RWR_Binary,40411163,40BA221,3,4.8736,1.8736
RWR_Binary,40311117,40BQ341,4,4.6405,0.6405
RWR_Binary,40311111,40BA141,2,4.8875,2.8875
RWR_Binary,40211146,40BA021,2,4.9346,2.9346
RWR_Binary,40311150,40BA101,1,4.9082,3.9082
RWR_Binary,40311216,40BR022,3,4.8672,1.8672
RWR_Binary,40411150,40BA051,1,5.0,4.0
RWR_Binary,40211126,40KA513,3,4.3496,1.3496
RWR_Binary,40211126,40KE011,3,1.0,2.0
RWR_Binary,40211252,40BA052,3,5.0,2.0
RWR_Binary,40411242,40BA222,3,4.9166,1.9166
RWR_Binary,40211162,40BA091,1,4.7458,3.7458
RWR_Binary,40411129,40BQ031,3,4.8044,1.8044
RWR_Binary,40411247,40BA052,3,5.0,2.0
RWR_Binary,40211158,40BC061,3,4.7556,1.7556
RWR_Binary,40211214,40BA012,4,4.9939,0.9939
RWR_Binary,40211107,40BA141,1,4.8631,3.8631
RWR_Binary,40311256,40B8932,5,4.6401,0.3599
RWR_Binary,40211252,40BA142,5,4.7823,0.2177
RWR_Binary,40311138,40BA081,3,4.9206,1.9206
RWR_Binary,40211146,40BQ051,3,4.7389,1.7389
RWR_Binary,40311235,40K0051,1,4.0319,3.0319
RWR_Binary,40311150,40BA021,1,4.9216,3.9216
RWR_Binary,40411236,40BA082,4,4.9308,0.9308
RWR_Binary,40411120,40BC011,3,4.8878,1.8878
RWR_Binary,40311254,40BA052,3,4.9871,1.9871
RWR_Binary,40411219,40B0292,5,5.0,0.0
RWR_Binary,40311223,40B0292,3,5.0,2.0
RWR_Binary,40211117,40BC021,2,4.8407,2.8407
RWR_Binary,40211229,90B2681,4,4.2287,0.2287
RWR_Binary,40211220,40BR042,4,4.8617,0.8617
RWR_Binary,40211209,40BR222,4,4.7178,0.7178
RWR_Binary,40333126,40BA221,1,4.8418,3.8418
RWR_Binary,40211105,40BC051,2,4.8561,2.8561
RWR_Binary,40211108,40BC061,5,4.7685,0.2315
RWR_Binary,40211202,40BA102,3,4.9745,1.9745
RWR_Binary,40211261,40BA022,5,4.9651,0.0349
RWR_Binary,40311128,40BA221,3,4.9044,1.9044
RWR_Binary,40211242,40BA102,4,4.922,0.922
RWR_Binary,40211250,40BA012,3,4.9946,1.9946
RWR_Binary,40211111,40B0291,2,5.0,3.0
RWR_Binary,40211208,433A011,1,4.2557,3.2557
RWR_Binary,40211156,40BQ381,4,4.679,0.679
RWR_Binary,40211127,40BQ321,4,4.8207,0.8207
RWR_Binary,40211109,40BC021,3,4.8826,1.8826
RWR_Binary,40511103,40BA051,1,4.9946,3.9946
RWR_Binary,40211146,40BA101,1,4.9512,3.9512
RWR_Binary,40211148,40BA121,4,5.0,1.0
RWR_Binary,40211230,409Z491,5,4.5087,0.4913
RWR_Binary,40211144,40BC021,1,4.9395,3.9395
RWR_Binary,40411224,40B0292,5,5.0,0.0
RWR_Binary,40211247,40BR042,1,4.9963,3.9963
RWR_Binary,40211113,40BQ331,1,4.7645,3.7645
RWR_Binary,40411215,40BA062,1,4.9355,3.9355
RWR_Binary,40511133,40BA011,5,5.0,0.0
RWR_Binary,40211109,40BQ391,4,4.7409,0.7409
RWR_Binary,40311205,40BA102,4,4.9777,0.9777
RWR_Binary,40211206,40BA122,3,4.8766,1.8766
RWR_Binary,40211127,40BA121,4,4.8714,0.8714
RWR_Binary,40311206,40BA082,4,4.947,0.947
RWR_Binary,40311238,40BA102,3,4.9087,1.9087
RWR_Binary,40411252,40BA222,3,4.9041,1.9041
RWR_Binary,40311217,40BA102,3,4.9168,1.9168
RWR_Binary,40311232,40BA062,1,5.0,4.0
RWR_Binary,40211228,409Z511,4,4.4136,0.4136
RWR_Binary,40411230,40BA062,1,5.0,4.0
RWR_Binary,40211113,40BA131,3,4.8795,1.8795
RWR_Binary,40211259,40BD052,4,4.7776,0.7776
RWR_Binary,40211132,40B0291,2,5.0,3.0
RWR_Binary,40211234,40BD032,4,4.8794,0.8794
RWR_Binary,40411133,40BA081,1,5.0,4.0
RWR_Binary,40311166,40BQ311,3,4.821,1.821
RWR_Binary,40211228,40BR032,4,4.7833,0.7833
RWR_Binary,40211111,40BC011,1,4.9297,3.9297
RWR_Binary,40311214,40BA052,3,5.0,2.0
RWR_Binary,40211264,40BD012,1,4.9444,3.9444
RWR_Binary,40211108,40BC021,4,4.8931,0.8931
RWR_Binary,40311137,40BC021,5,4.8706,0.1294
RWR_Binary,40311123,40B0291,2,5.0,3.0
RWR_Binary,40211219,40BA152,4,4.7408,0.7408
RWR_Binary,40211104,40BA121,3,4.8863,1.8863
RWR_Binary,40411128,40BA061,3,4.9313,1.9313
RWR_Binary,40511246,40BA012,4,5.0,1.0
RWR_Binary,40211141,40BA101,3,5.0,2.0
RWR_Binary,40311226,40BR022,3,4.8811,1.8811
RWR_Binary,40211267,40BA132,3,4.8846,1.8846
RWR_Binary,40411217,40BA062,5,5.0,0.0
RWR_Binary,40211242,40BA022,4,4.9594,0.9594
RWR_Binary,40411230,40BA082,2,4.9951,2.9951
RWR_Binary,40211142,40BQ021,1,4.698,3.698
RWR_Binary,40411208,40BR022,3,4.8891,1.8891
RWR_Binary,40311206,40BA222,3,4.8531,1.8531
RWR_Binary,40211237,40BA102,3,4.9173,1.9173
RWR_Binary,40211205,40B0292,5,5.0,0.0
RWR_Binary,40311250,40UN160,4,4.2353,0.2353
RWR_Binary,40511238,40BA052,4,4.9821,0.9821
RWR_Binary,40311121,40BA051,3,5.0,2.0
RWR_Binary,40211257,40BA102,1,4.9762,3.9762
RWR_Binary,40311122,40BA121,2,4.9218,2.9218
RWR_Binary,40411141,40BA101,1,4.9959,3.9959
RWR_Binary,40511209,40B0292,4,5.0,1.0
RWR_Binary,40311261,40B8932,4,4.5923,0.5923
RWR_Binary,40211117,40UN110,4,4.6171,0.6171
RWR_Binary,40311201,40BA122,5,4.8946,0.1054
RWR_Binary,40211246,40BA062,5,5.0,0.0
RWR_Binary,40311114,40BQ341,5,4.5761,0.4239
RWR_Binary,40311224,40BA022,1,4.9496,3.9496
RWR_Binary,40311229,40BA132,5,4.8542,0.1458
RWR_Binary,40311112,40BQ341,5,4.7472,0.2528
RWR_Binary,40211105,40BQ171,1,4.7311,3.7311
RWR_Binary,40311221,40BA062,1,5.0,4.0
RWR_Binary,40211248,40BR342,3,4.7401,1.7401
RWR_Binary,40211246,40BA082,3,4.987,1.987
RWR_Binary,40211105,40BA121,3,4.8866,1.8866
RWR_Binary,40411227,40BA052,4,5.0,1.0
RWR_Binary,40211262,40BD012,4,4.9493,0.9493
RWR_Binary,40411115,40BA021,2,4.9864,2.9864
RWR_Binary,40311121,40BA021,3,4.9434,1.9434
RWR_Binary,40411207,40B0292,4,5.0,1.0
RWR_Binary,40411140,40BQ311,2,4.7731,2.7731
RWR_Binary,40311264,4069582,2,5.0,3.0
RWR_Binary,40311119,40BA131,2,4.8414,2.8414
RWR_Binary,40411210,40BA062,3,4.9383,1.9383
RWR_Binary,40411202,40BA082,3,4.9491,1.9491
RWR_Binary,40411164,40BA101,2,4.9637,2.9637
RWR_Binary,40211229,40BR122,5,4.759,0.241
RWR_Binary,40511217,40B0292,4,5.0,1.0
RWR_Binary,40211259,40BA122,2,4.8792,2.8792
RWR_Binary,40211255,40BD032,3,5.0,2.0
RWR_Binary,40211142,40BA061,4,4.9543,0.9543
RWR_Binary,40211249,40BR042,2,4.8706,2.8706
RWR_Binary,40311148,40BC071,3,4.841,1.841
RWR_Binary,40311232,40BQ512,3,4.7954,1.7954
RWR_Binary,40211161,40B9651,3,4.4863,1.4863
RWR_Binary,40211209,40BA082,2,4.9449,2.9449
RWR_Binary,40311209,40B0292,1,5.0,4.0
RWR_Binary,40311259,40BA052,5,5.0,0.0
RWR_Binary,40411237,40BD012,3,4.9256,1.9256
RWR_Binary,40411219,40BA052,3,4.9855,1.9855
RWR_Binary,40211213,40BA132,1,4.9187,3.9187
RWR_Binary,40311250,40BD012,5,4.9451,0.0549
RWR_Binary,40311137,40BQ331,3,4.7561,1.7561
RWR_Binary,40511206,40BA052,4,4.987,0.987
RWR_Binary,40511229,40B0292,4,5.0,1.0
RWR_Binary,40311229,40BR072,4,4.8494,0.8494
RWR_Binary,40211234,40BA102,4,4.9237,0.9237
RWR_Binary,40211238,40BD012,1,4.9451,3.9451
RWR_Binary,40311211,40B0292,3,5.0,2.0
RWR_Binary,40311238,40BQ512,4,4.7381,0.7381
RWR_Binary,40411243,40BA012,1,5.0,4.0
RWR_Binary,40311129,40BQ321,2,4.8082,2.8082
RWR_Binary,40211150,40BA051,3,4.9657,1.9657
RWR_Binary,40411236,40BR022,4,4.8723,0.8723
RWR_Binary,40211117,40BA091,1,4.6896,3.6896
RWR_Binary,40411231,40BA012,1,5.0,4.0
RWR_Binary,40311205,40BR372,5,4.8861,0.1139
RWR_Binary,40211217,40BA052,4,5.0,1.0
RWR_Binary,40211146,40BA141,3,4.8577,1.8577
RWR_Binary,40411138,40BC011,1,4.8957,3.8957
RWR_Binary,40211156,40BR372,3,4.5997,1.5997
RWR_Binary,40411208,40BA052,3,5.0,2.0
RWR_Binary,40205303,40BR072,3,4.8797,1.8797
RWR_Binary,40411220,40BA062,2,5.0,3.0
RWR_Binary,40411213,40BD012,4,4.9306,0.9306
RWR_Binary,40211267,40BD052,1,4.7894,3.7894
RWR_Binary,40211129,40BA141,4,4.8556,0.8556
RWR_Binary,40211126,433N062,5,4.3496,0.6504
RWR_Binary,40211102,409U053,5,4.381,0.619
RWR_Binary,40211134,40BA061,4,5.0,1.0
RWR_Binary,40311134,40BQ321,3,4.8042,1.8042
RWR_Binary,40211203,40BA022,3,4.9587,1.9587
RWR_Binary,40211147,40BC051,1,4.8377,3.8377
RWR_Binary,40311217,40BD012,4,4.9383,0.9383
RWR_Binary,40211233,40BA152,2,4.8582,2.8582
RWR_Binary,40211137,40BQ391,2,4.7447,2.7447
RWR_Binary,40411106,40BA051,3,5.0,2.0
RWR_Binary,40311158,40UN130,5,3.4989,1.5011
RWR_Binary,40211116,40BQ021,4,4.7272,0.7272
RWR_Binary,40311202,40BA082,4,4.9459,0.9459
RWR_Binary,40211154,40BQ391,3,4.7485,1.7485
RWR_Binary,40311110,40B0291,3,4.9773,1.9773
RWR_Binary,40411150,40BC071,2,4.8851,2.8851
RWR_Binary,40211117,40BA131,4,4.8433,0.8433
RWR_Binary,40311229,40BD012,4,4.9422,0.9422
RWR_Binary,40211102,40BA081,4,4.9282,0.9282
RWR_Binary,40211115,40BQ021,2,4.6836,2.6836
RWR_Binary,40211215,40BA052,1,4.9958,3.9958
RWR_Binary,40211105,40BA151,3,4.7498,1.7498
RWR_Binary,40211166,40BQ371,1,4.6884,3.6884
RWR_Binary,40311237,40BA122,3,4.8816,1.8816
RWR_Binary,40311211,40BA132,4,4.8529,0.8529
RWR_Binary,40211225,40UN070,5,4.3792,0.6208
RWR_Binary,40511109,40B0291,4,5.0,1.0
RWR_Binary,40211161,40BQ051,1,4.7238,3.7238
RWR_Binary,40211118,40BC051,5,4.8344,0.1656
RWR_Binary,40411131,40BA021,1,4.9902,3.9902
RWR_Binary,40311122,40BA221,3,4.8811,1.8811
RWR_Binary,40511104,40B0291,5,5.0,0.0
RWR_Binary,40211126,40BA051,5,5.0,0.0
RWR_Binary,40211211,40BR082,3,4.8929,1.8929
RWR_Binary,40211262,40BA092,4,4.765,0.765
RWR_Binary,40211250,40B0292,4,5.0,1.0
RWR_Binary,40311233,40B8932,3,4.5812,1.5812
RWR_Binary,40311146,40BC011,1,4.9676,3.9676
RWR_Binary,40211156,40BA151,3,4.7381,1.7381
RWR_Binary,40211228,40BA062,3,5.0,2.0
RWR_Binary,40311221,40BD012,3,4.9898,1.9898
RWR_Binary,40311119,40BA011,5,5.0,0.0
RWR_Binary,40411126,40BC011,3,4.9071,1.9071
RWR_Binary,40311130,409A021,1,4.4378,3.4378
RWR_Binary,40211232,40BA102,1,4.9131,3.9131
RWR_Binary,40211117,40BA121,3,4.8358,1.8358
RWR_Binary,40411247,40BA102,2,4.9199,2.9199
RWR_Binary,40211248,40BA102,4,4.9621,0.9621
RWR_Binary,40411251,40BA022,2,4.9516,2.9516
RWR_Binary,40312142,40BA101,4,4.9456,0.9456
RWR_Binary,40211229,40BR082,4,4.7756,0.7756
RWR_Binary,40211214,40BR242,2,4.6274,2.6274
RWR_Binary,40311150,40BC011,1,4.8783,3.8783
RWR_Binary,40411102,40BQ031,5,4.8126,0.1874
RWR_Binary,40211106,40BA061,5,4.9236,0.0764
RWR_Binary,40211230,409Z481,4,4.5274,0.5274
RWR_Binary,40211117,40BA151,4,4.6846,0.6846
RWR_Binary,40211259,40BA022,4,4.9662,0.9662
RWR_Binary,40311259,40BA062,1,4.9591,3.9591
RWR_Binary,40411159,40BA101,3,4.9406,1.9406
RWR_Binary,40411115,40BA221,1,4.8935,3.8935
RWR_Binary,40211247,409Z481,4,4.5827,0.5827
RWR_Binary,40311260,40BR022,3,4.9269,1.9269
RWR_Binary,40411128,40BA011,1,5.0,4.0
RWR_Binary,40211146,40BA151,4,4.7311,0.7311
RWR_Binary,40211101,40B0291,4,4.9774,0.9774
RWR_Binary,40211148,40BQ171,4,4.8327,0.8327
RWR_Binary,40211244,40BR042,2,4.8655,2.8655
RWR_Binary,40511101,40BA011,1,5.0,4.0
RWR_Binary,40205303,40BR242,1,4.6327,3.6327
RWR_Binary,40211235,40BR042,2,4.907,2.907
RWR_Binary,40211126,40KA393,3,1.0,2.0
RWR_Binary,40211139,40BQ421,2,4.6743,2.6743
RWR_Binary,40211206,40BD012,3,4.9517,1.9517
RWR_Binary,40311204,40BA052,5,5.0,0.0
RWR_Binary,40211233,40BR242,1,4.7487,3.7487
RWR_Binary,40411125,40BA011,1,5.0,4.0
RWR_Binary,40311218,40BA132,5,4.901,0.099
RWR_Binary,40211137,40BC011,3,4.928,1.928
RWR_Binary,40311120,40BA021,1,4.9327,3.9327
RWR_Binary,40511107,40BA051,5,5.0,0.0
RWR_Binary,40311217,40BD032,2,4.8573,2.8573
RWR_Binary,40311215,40B0292,2,5.0,3.0
RWR_Binary,40311155,40BQ031,1,4.7808,3.7808
RWR_Binary,40211201,40BR032,3,4.742,1.742
RWR_Binary,40211134,40BQ401,4,4.7131,0.7131
RWR_Binary,40211208,40BA092,1,4.744,3.744
RWR_Binary,40211247,40BR032,4,4.8644,0.8644
RWR_Binary,40311238,40BA122,3,4.831,1.831
RWR_Binary,40211109,40BQ141,2,4.7971,2.7971
RWR_Binary,40211130,40BA081,1,5.0,4.0
RWR_Binary,40311158,40BC071,5,4.8772,0.1228
RWR_Binary,40211226,40BD032,4,4.8743,0.8743
RWR_Binary,40211266,40BA081,2,4.753,2.753
RWR_Binary,40311233,40B0292,3,5.0,2.0
RWR_Binary,40311136,40BA011,1,5.0,4.0
RWR_Binary,40311132,40BA121,1,4.9938,3.9938
RWR_Binary,40211133,40BC011,2,4.9345,2.9345
RWR_Binary,40211236,40BD012,1,4.8912,3.8912
RWR_Binary,40311210,40BA222,3,4.9938,1.9938
RWR_Binary,40211117,40BQ141,2,4.7524,2.7524
RWR_Binary,40311261,40BD032,3,4.8546,1.8546
RWR_Binary,40211225,40B9561,4,4.6518,0.6518
RWR_Binary,40211228,40BA132,3,4.9172,1.9172
RWR_Binary,40211158,40BA011,4,5.0,1.0
RWR_Binary,40211154,40BA091,1,4.7407,3.7407
RWR_Binary,40211137,40BA061,1,4.9563,3.9563
RWR_Binary,40211209,40BD032,2,4.877,2.877
RWR_Binary,40411227,40BA222,3,4.8579,1.8579
RWR_Binary,40311235,40BA222,1,4.8399,3.8399
RWR_Binary,40211141,40BC061,4,4.8038,0.8038
RWR_Binary,40211261,40BR072,5,4.8748,0.1252
RWR_Binary,40211114,40BA011,1,5.0,4.0
RWR_Binary,40411126,40BA081,4,4.946,0.946
RWR_Binary,40211229,40BA012,2,5.0,3.0
RWR_Binary,40311122,40BA081,4,4.9972,0.9972
RWR_Binary,40311109,40BA021,1,4.9054,3.9054
RWR_Binary,40411205,40BD012,4,4.9416,0.9416
RWR_Binary,40327247,40BC071,2,4.8887,2.8887
RWR_Binary,40311238,40B0292,2,5.0,3.0
RWR_Binary,40311238,40B8932,3,4.5694,1.5694
RWR_Binary,40411158,40BA051,2,4.9663,2.9663
RWR_Binary,40311243,40BA052,4,4.99,0.99
RWR_Binary,40411211,40BA222,2,4.8354,2.8354
RWR_Binary,40511226,40BA012,4,3.0,1.0
RWR_Binary,40411255,40BA222,4,4.908,0.908
RWR_Binary,40411212,40BD012,3,4.9381,1.9381
RWR_Binary,40211202,40B9651,4,4.4298,0.4298
RWR_Binary,40311243,40BD012,4,4.9433,0.9433
RWR_Binary,40211112,40KT142,5,4.2956,0.7044
RWR_Binary,40311204,40BA132,4,4.86,0.86
RWR_Binary,40211224,40BD012,3,5.0,2.0
RWR_Binary,40211113,40BA091,1,4.7317,3.7317
RWR_Binary,40411156,40BA021,4,4.9022,0.9022
RWR_Binary,40311153,40BA021,5,4.9934,0.0066
RWR_Binary,40211266,40BR022,2,4.8327,2.8327
RWR_Binary,40411219,40BA082,5,4.9388,0.0612
RWR_Binary,40311223,40BA122,3,4.8441,1.8441
RWR_Binary,40211116,40BQ051,4,4.7598,0.7598
RWR_Binary,40211246,40BR122,5,4.8018,0.1982
RWR_Binary,40311158,40BQ341,3,4.5786,1.5786
RWR_Binary,40411201,40BA062,3,5.0,2.0
RWR_Binary,40211126,40IN672,5,4.342,0.658
RWR_Binary,40211249,40B0292,4,5.0,1.0
RWR_Binary,40311108,40BC011,2,4.9664,2.9664
RWR_Binary,40411156,40BA011,5,5.0,0.0
RWR_Binary,40411244,40BR472,1,4.7463,3.7463
RWR_Binary,40211103,40UN050,1,3.6112,2.6112
RWR_Binary,40411242,40BA102,4,4.9797,0.9797
RWR_Binary,40411202,40BA052,4,4.9839,0.9839
RWR_Binary,40211261,40BA152,3,4.7381,1.7381
RWR_Binary,40511142,40BA051,3,4.9597,1.9597
RWR_Binary,40411246,40BA082,3,4.9449,1.9449
RWR_Binary,40211104,40UN110,4,4.6739,0.6739
RWR_Binary,40311236,40BR042,4,4.8431,0.8431
RWR_Binary,40211223,40BA132,3,4.8754,1.8754
RWR_Binary,40211115,40BA011,3,5.0,2.0
RWR_Binary,40211144,40BQ421,1,4.6809,3.6809
RWR_Binary,40211203,40BA102,4,4.9227,0.9227
RWR_Binary,40211257,409U163,1,4.3664,3.3664
RWR_Binary,40311113,40BA051,1,4.9834,3.9834
RWR_Binary,40411236,40BA012,3,5.0,2.0
RWR_Binary,40411233,40BA102,4,5.0,1.0
RWR_Binary,40311161,40BA221,1,4.8386,3.8386
RWR_Binary,40211153,40BR372,4,4.6315,0.6315
RWR_Binary,40411108,40BA011,4,5.0,1.0
RWR_Binary,40211115,40BC061,1,4.7257,3.7257
RWR_Binary,40311130,40BQ031,2,4.863,2.863
RWR_Binary,40211102,40B0291,2,4.9787,2.9787
RWR_Binary,40211205,40BR032,5,4.736,0.264
RWR_Binary,40211132,40BA081,2,4.9356,2.9356
RWR_Binary,40311257,40BA102,3,5.0,2.0
RWR_Binary,40211110,40BQ321,2,4.8258,2.8258
RWR_Binary,40411255,40BA102,4,4.9699,0.9699
RWR_Binary,40411138,40BA051,2,4.9663,2.9663
RWR_Binary,40311105,409A011,2,4.1576,2.1576
RWR_Binary,40311265,4064243,2,5.0,3.0
RWR_Binary,40311255,40B0292,2,5.0,3.0
RWR_Binary,40211104,40BA131,4,4.8918,0.8918
RWR_Binary,40211233,40BA092,2,4.8895,2.8895
RWR_Binary,40211133,40BR372,5,4.6338,0.3662
RWR_Binary,40311138,40BA011,1,5.0,4.0
RWR_Binary,40311124,40BA021,1,5.0,4.0
RWR_Binary,40211238,433A021,2,4.5255,2.5255
RWR_Binary,40311223,40BA222,1,4.8364,3.8364
RWR_Binary,40211161,40BA051,2,4.9654,2.9654
RWR_Binary,40211137,40BA091,1,4.7365,3.7365
RWR_Binary,40311128,40BA121,4,4.9107,0.9107
RWR_Binary,40411238,40BA052,2,5.0,3.0
RWR_Binary,40211118,40BC061,5,4.7484,0.2516
RWR_Binary,40311218,40BR042,4,4.8965,0.8965
RWR_Binary,40211235,40BA152,4,4.7705,0.7705
RWR_Binary,40211138,40BA051,3,4.9895,1.9895
RWR_Binary,40311206,40BA062,1,4.9537,3.9537
RWR_Binary,40211230,40B0292,5,5.0,0.0
RWR_Binary,40411209,40BA222,3,4.8298,1.8298
RWR_Binary,40311118,40BC051,3,4.9185,1.9185
RWR_Binary,40211224,40BR072,3,4.9187,1.9187
RWR_Binary,40311243,40BA122,4,4.8445,0.8445
RWR_Binary,40211113,40B0291,2,5.0,3.0
RWR_Binary,40211235,40BR072,4,4.9097,0.9097
RWR_Binary,40211161,40BQ331,1,4.7471,3.7471
RWR_Binary,40311253,40B0292,3,5.0,2.0
RWR_Binary,40211225,40BR372,4,4.9789,0.9789
RWR_Binary,40311227,40BA082,4,4.9354,0.9354
RWR_Binary,40211262,40BR082,5,4.7883,0.2117
RWR_Binary,40511229,40BA052,2,4.987,2.987
RWR_Binary,40211122,40BQ421,3,4.7371,1.7371
RWR_Binary,40411119,40BA051,1,5.0,4.0
RWR_Binary,40211202,40BA132,3,4.9193,1.9193
RWR_Binary,40211125,40BQ141,4,4.7755,0.7755
RWR_Binary,40411205,40BA052,2,5.0,3.0
RWR_Binary,40311131,40B0291,2,5.0,3.0
RWR_Binary,40311146,40BA081,2,4.9932,2.9932
RWR_Binary,40211245,40BR032,2,4.7391,2.7391
RWR_Binary,40411130,40BC071,1,4.9405,3.9405
RWR_Binary,40311135,40BA221,1,4.8373,3.8373
RWR_Binary,40411143,40BA051,1,5.0,4.0
RWR_Binary,40411207,40BA062,2,4.942,2.942
RWR_Binary,40211220,409Z481,5,4.4552,0.5448
RWR_Binary,40211205,40BA062,5,4.9509,0.0491
RWR_Binary,40211230,40BA062,4,4.9599,0.9599
RWR_Binary,40411140,40BA021,1,4.9033,3.9033
RWR_Binary,40511262,40BA052,3,4.987,1.987
RWR_Binary,40211262,40BA142,5,4.7846,0.2154
RWR_Binary,40311132,40BQ321,3,4.9428,1.9428
RWR_Binary,40311138,40BC021,4,4.8482,0.8482
RWR_Binary,40311151,40BA141,3,4.9026,1.9026
RWR_Binary,40411143,40BA221,1,4.8519,3.8519
RWR_Binary,40211222,40BD032,4,4.8727,0.8727
RWR_Binary,40311231,40BD032,2,4.857,2.857
RWR_Binary,40311205,40BD032,3,4.912,1.912
RWR_Binary,40511227,40BA052,2,5.0,3.0
RWR_Binary,40211152,40B0291,2,4.978,2.978
RWR_Binary,40211233,40BA142,4,4.904,0.904
RWR_Binary,40311238,40BA132,3,4.8376,1.8376
RWR_Binary,40211125,40BC011,4,4.9016,0.9016
RWR_Binary,40311219,40B0292,1,5.0,4.0
RWR_Binary,40311105,40BC071,2,4.8801,2.8801
RWR_Binary,40311134,40BA121,3,4.8548,1.8548
RWR_Binary,40311116,40B0291,2,4.9796,2.9796
RWR_Binary,40311157,40BA061,3,4.9479,1.9479
RWR_Binary,40211104,40BC051,2,4.8594,2.8594
RWR_Binary,40411149,40BC071,1,4.8681,3.8681
RWR_Binary,40411130,40BA102,3,4.7454,1.7454
RWR_Binary,40311214,40BD032,2,4.8639,2.8639
RWR_Binary,40411222,40BA062,1,4.9437,3.9437
RWR_Binary,40311108,40BA101,3,4.9958,1.9958
RWR_Binary,40211134,40BC021,4,4.9333,0.9333
RWR_Binary,40320324,40BC011,1,4.9,3.9
RWR_Binary,40311243,40BA012,3,5.0,2.0
RWR_Binary,40411130,40BA222,2,4.683,2.683
RWR_Binary,40411215,40BA052,1,4.9903,3.9903
RWR_Binary,40411240,40BR022,2,4.8707,2.8707
RWR_Binary,40211127,40BA131,5,4.8801,0.1199
RWR_Binary,40211131,40B0291,1,5.0,4.0
RWR_Binary,40211235,40BA102,4,4.9639,0.9639
RWR_Binary,40211101,40BR342,5,4.5058,0.4942
RWR_Binary,40211205,40BD012,4,4.9389,0.9389
RWR_Binary,40411120,40BA061,4,4.9273,0.9273
RWR_Binary,40311125,40B0291,3,5.0,2.0
RWR_Binary,40211150,40BC021,3,4.8656,1.8656
RWR_Binary,40311148,40BA081,3,4.8953,1.8953
RWR_Binary,40211219,40BA052,2,4.9913,2.9913
RWR_Binary,40211260,40BR122,5,4.7688,0.2312
RWR_Binary,40311146,40BA061,1,5.0,4.0
RWR_Binary,40511219,40BA052,3,3.0,0.0
RWR_Binary,40211150,40BC061,4,4.7441,0.7441
RWR_Binary,40211110,40BC051,2,4.8515,2.8515
RWR_Binary,40311249,40BA022,3,5.0,2.0
RWR_Binary,40211205,40BR042,3,4.8619,1.8619
RWR_Binary,40411104,40BC071,3,4.897,1.897
RWR_Binary,40211122,40BA151,4,4.8546,0.8546
RWR_Binary,40211106,40BA081,3,4.9149,1.9149
RWR_Binary,40311104,40BA141,1,4.8167,3.8167
RWR_Binary,40311229,40BA012,2,5.0,3.0
RWR_Binary,40511247,40B0292,4,5.0,1.0
RWR_Binary,40211208,90B2681,3,4.2363,1.2363
RWR_Binary,40211249,40BR122,5,4.7735,0.2265
RWR_Binary,40311116,40BA081,3,4.9315,1.9315
RWR_Binary,40311208,40BA022,4,4.9591,0.9591
RWR_Binary,40211206,40BA012,5,5.0,0.0
RWR_Binary,40511201,40BA012,3,5.0,2.0
RWR_Binary,40211116,40BA131,5,4.8953,0.1047
RWR_Binary,40211101,40BA081,4,4.9181,0.9181
RWR_Binary,40211112,40BA021,1,4.9863,3.9863
RWR_Binary,40211112,40BQ371,3,4.7478,1.7478
RWR_Binary,40211217,40BA022,5,4.9627,0.0373
RWR_Binary,40211220,40B0292,5,5.0,0.0
RWR_Binary,40311130,40BQ321,3,4.864,1.864
RWR_Binary,40311139,40BQ141,2,4.7465,2.7465
RWR_Binary,40311236,40BA102,4,4.9108,0.9108
RWR_Binary,40311245,40BA012,4,5.0,1.0
RWR_Binary,40511123,40BA051,1,5.0,4.0
RWR_Binary,40311114,40BA051,4,5.0,1.0
RWR_Binary,40311155,40BC051,3,4.8173,1.8173
RWR_Binary,40211239,40BR372,1,4.9761,3.9761
RWR_Binary,40211130,40BA021,1,4.9975,3.9975
RWR_Binary,40211133,40BA061,5,4.9605,0.0395
RWR_Binary,40311236,40B8932,4,4.5762,0.5762
RWR_Binary,40211106,40BA011,1,5.0,4.0
RWR_Binary,40211158,409R181,4,4.322,0.322
RWR_Binary,40311211,40BR372,3,4.8248,1.8248
RWR_Binary,40511118,40BA051,2,4.9946,2.9946
RWR_Binary,40311214,40BD012,1,4.9479,3.9479
RWR_Binary,40211110,4069211,3,4.1171,1.1171
RWR_Binary,40411246,40BA052,2,5.0,3.0
RWR_Binary,40211165,40BA141,2,4.858,2.858
RWR_Binary,40211241,40BA052,1,4.9949,3.9949
RWR_Binary,40211115,40BC021,1,4.854,3.854
RWR_Binary,40411251,40BA082,4,4.9339,0.9339
RWR_Binary,40211150,40UN080,3,4.3394,1.3394
RWR_Binary,40511125,40B0291,3,4.9651,1.9651
RWR_Binary,40211205,40BR322,3,4.7226,1.7226
RWR_Binary,40211127,40BQ421,5,4.6392,0.3608
RWR_Binary,40311241,40BA102,2,4.917,2.917
RWR_Binary,40211113,40BA101,2,4.9459,2.9459
RWR_Binary,40211252,409Z491,5,4.5097,0.4903
RWR_Binary,40311128,40BA021,4,5.0,1.0
RWR_Binary,40311150,40BA221,1,4.8198,3.8198
RWR_Binary,40211244,40B9561,4,4.5447,0.5447
RWR_Binary,40311227,40BA062,1,4.9435,3.9435
RWR_Binary,40211102,40BA011,4,5.0,1.0
RWR_Binary,40211102,40WN081,3,4.3427,1.3427
RWR_Binary,40211208,40BA152,2,4.7115,2.7115
RWR_Binary,40211248,40BR122,5,4.8081,0.1919
RWR_Binary,40311231,40BQ512,4,4.7623,0.7623
RWR_Binary,40411158,40BA081,3,4.9257,1.9257
RWR_Binary,40211163,40BA141,4,4.8601,0.8601
RWR_Binary,40311227,40B0292,2,5.0,3.0
RWR_Binary,40411155,40BQ031,4,4.898,0.898
RWR_Binary,40511247,40BA052,4,4.987,0.987
RWR_Binary,40311235,40BA102,1,4.9178,3.9178
RWR_Binary,40511233,40BA052,4,4.987,0.987
RWR_Binary,40311133,40BA101,2,4.9482,2.9482
RWR_Binary,40311245,40BD012,2,4.9441,2.9441
RWR_Binary,40211137,40BA051,3,5.0,2.0
RWR_Binary,40211262,40BA132,4,4.8798,0.8798
RWR_Binary,40211207,40BA062,4,4.9535,0.9535
RWR_Binary,40211237,40BA022,1,4.9543,3.9543
RWR_Binary,40311162,40BA021,1,4.9272,3.9272
RWR_Binary,40211234,40BR032,4,4.741,0.741
RWR_Binary,40411248,40BR472,1,4.7078,3.7078
RWR_Binary,40211136,40BC051,5,4.8638,0.1362
RWR_Binary,40311139,40BA141,1,4.8055,3.8055
RWR_Binary,40411158,40BA011,3,5.0,2.0
RWR_Binary,40211129,40BQ141,5,4.8178,0.1822
RWR_Binary,40211259,40BA152,2,4.7333,2.7333
RWR_Binary,40311258,40BD012,3,4.9789,1.9789
RWR_Binary,40411140,40BC071,2,4.8585,2.8585
RWR_Binary,40211158,40BQ371,2,4.7027,2.7027
RWR_Binary,40311142,40BA101,1,4.9415,3.9415
RWR_Binary,40211256,40BD012,5,4.9868,0.0132
RWR_Binary,40311217,40BA012,3,5.0,2.0
RWR_Binary,40411143,40BC011,1,4.9106,3.9106
RWR_Binary,40211107,40BA081,1,4.9392,3.9392
RWR_Binary,40311127,40BA081,2,4.9956,2.9956
RWR_Binary,40211148,40BQ321,3,4.9427,1.9427
RWR_Binary,40320310,40BC051,1,4.8177,3.8177
RWR_Binary,40211220,40BD052,3,4.7521,1.7521
RWR_Binary,40311162,40BQ311,1,4.7987,3.7987
RWR_Binary,40211261,40BA122,3,4.8781,1.8781
RWR_Binary,40311155,40BQ311,3,4.7758,1.7758
RWR_Binary,40211252,40BR072,4,4.8741,0.8741
RWR_Binary,40311169,40BA221,1,4.8703,3.8703
RWR_Binary,40411215,40BA012,3,5.0,2.0
RWR_Binary,40311117,40BA141,3,4.914,1.914
RWR_Binary,40311158,40BA121,1,4.8679,3.8679
RWR_Binary,40211209,40BA092,1,4.7631,3.7631
RWR_Binary,40311236,40BD032,4,4.8469,0.8469
RWR_Binary,40211153,40BQ021,5,4.7885,0.2115
RWR_Binary,40211151,40BA081,3,4.949,1.949
RWR_Binary,40411138,40BA021,1,4.9133,3.9133
RWR_Binary,40211118,40BA141,5,4.8399,0.1601
RWR_Binary,40411101,40BA011,1,5.0,4.0
RWR_Binary,40211217,40BR082,4,4.7833,0.7833
RWR_Binary,40311132,40BC051,1,4.9734,3.9734
RWR_Binary,40211226,40BD052,5,4.7572,0.2428
RWR_Binary,40211225,40B9572,4,4.5995,0.5995
RWR_Binary,40411240,40BR472,5,4.7052,0.2948
RWR_Binary,40211109,40B0291,2,5.0,3.0
RWR_Binary,40411110,40BQ311,2,4.8052,2.8052
RWR_Binary,40211241,40BA152,3,4.7313,1.7313
RWR_Binary,40311250,40BA062,1,4.9544,3.9544
RWR_Binary,40211102,40BQ421,3,4.6096,1.6096
RWR_Binary,40211108,40BA051,3,5.0,2.0
RWR_Binary,40411252,40BR472,1,4.7639,3.7639
RWR_Binary,40511256,40B0292,3,5.0,2.0
RWR_Binary,40311111,40BA061,4,5.0,1.0
RWR_Binary,40211114,40UN110,4,4.6448,0.6448
RWR_Binary,40511207,40BA012,2,5.0,3.0
RWR_Binary,40311218,40BA082,4,5.0,1.0
RWR_Binary,40311151,40BA021,4,5.0,1.0
RWR_Binary,40411146,40BA081,2,4.931,2.931
RWR_Binary,40311215,40BA122,2,4.8348,2.8348
RWR_Binary,40511105,40B0291,5,4.9651,0.0349
RWR_Binary,40211249,40BA052,3,4.9906,1.9906
RWR_Binary,40311157,40BQ321,5,4.8153,0.1847
RWR_Binary,40211225,40BD052,3,4.8862,1.8862
RWR_Binary,40211151,40BQ371,5,4.714,0.286
RWR_Binary,40211112,40BQ391,5,4.7849,0.2151
RWR_Binary,40311261,40BA012,3,4.9957,1.9957
RWR_Binary,40411254,40BA222,3,4.8476,1.8476
RWR_Binary,40211239,40BR042,1,4.9943,3.9943
RWR_Binary,40111230,40BA152,2,4.7578,2.7578
RWR_Binary,40311233,40BA022,2,4.9574,2.9574
RWR_Binary,40211266,433A021,3,4.5141,1.5141
RWR_Binary,40211202,40BR242,3,4.6492,1.6492
RWR_Binary,40411113,40BQ311,5,4.9071,0.0929
RWR_Binary,40211249,40BA022,4,4.9567,0.9567
RWR_Binary,40311157,40B0291,5,5.0,0.0
RWR_Binary,40211139,432N861,1,4.4824,3.4824
RWR_Binary,40311260,40BQ512,5,4.8059,0.1941
RWR_Binary,40211230,40BA152,3,4.7244,1.7244
RWR_Binary,40311158,40BQ031,2,4.8038,2.8038
RWR_Binary,40311231,40BA132,5,4.8555,0.1445
RWR_Binary,40211116,40IN101,4,4.1844,0.1844
RWR_Binary,40311104,40BA081,4,4.9165,0.9165
RWR_Binary,40411240,40BA052,1,4.991,3.991
RWR_Binary,40211217,40BR032,5,4.7421,0.2579
RWR_Binary,40211248,40BA022,1,5.0,4.0
RWR_Binary,40211257,40BR372,1,4.9044,3.9044
RWR_Binary,40211266,40BR042,2,4.8693,2.8693
RWR_Binary,40311148,40BA011,1,5.0,4.0
RWR_Binary,40411159,40BA051,2,5.0,3.0
RWR_Binary,40205303,40BD012,2,4.9439,2.9439
RWR_Binary,40411141,40BC011,1,4.9653,3.9653
RWR_Binary,40211104,40BQ371,4,4.7123,0.7123
RWR_Binary,40211145,40BC011,1,4.9207,3.9207
RWR_Binary,40411147,40BA061,2,4.9377,2.9377
RWR_Binary,40211215,40BD032,3,4.8761,1.8761
RWR_Binary,40311121,40BC011,4,4.9252,0.9252
RWR_Binary,40411256,40BA102,4,4.9056,0.9056
RWR_Binary,40411105,40BQ311,5,4.7873,0.2127
RWR_Binary,40211116,40BA051,2,5.0,3.0
RWR_Binary,40211111,40BQ381,1,4.6865,3.6865
RWR_Binary,40211106,409A012,2,4.324,2.324
RWR_Binary,40211249,40BR082,4,4.7865,0.7865
RWR_Binary,40211222,40BA092,4,4.7468,0.7468
RWR_Binary,40211123,40BA021,4,4.9447,0.9447
RWR_Binary,40211262,40BR042,4,4.8761,0.8761
RWR_Binary,40411228,40BA062,3,4.9431,1.9431
RWR_Binary,40211105,40BA051,3,4.989,1.989
RWR_Binary,40311158,40BA221,2,4.841,2.841
RWR_Binary,40211138,40BQ171,4,4.7171,0.7171
RWR_Binary,40211129,40BC021,4,4.8969,0.8969
RWR_Binary,40411218,40BR022,3,5.0,2.0
RWR_Binary,40311129,40BQ331,1,4.7477,3.7477
RWR_Binary,40211234,40BA022,3,4.9631,1.9631
RWR_Binary,40211206,40BA062,4,4.9622,0.9622
RWR_Binary,40211211,40BR372,3,4.972,1.972
RWR_Binary,40311248,40BA132,5,5.0,0.0
RWR_Binary,40211136,40BQ371,3,4.7193,1.7193
RWR_Binary,40211247,409Z501,5,4.4803,0.5197
RWR_Binary,40311250,40BA012,5,5.0,0.0
RWR_Binary,40311236,40BA062,4,4.942,0.942
RWR_Binary,40311216,40BR042,4,4.8384,0.8384
RWR_Binary,40311218,40B8932,4,4.6364,0.6364
RWR_Binary,40311146,40BA221,1,4.8831,3.8831
RWR_Binary,40211144,40BA021,4,4.9863,0.9863
RWR_Binary,40211248,40BD012,3,4.9851,1.9851
RWR_Binary,40211162,40BA151,4,4.7424,0.7424
RWR_Binary,40211203,40BA012,2,5.0,3.0
RWR_Binary,40311122,40BA101,4,5.0,1.0
RWR_Binary,40311155,40BC011,3,4.8967,1.8967
RWR_Binary,40211214,40BD032,3,4.877,1.877
RWR_Binary,40311159,40BC071,1,4.84,3.84
RWR_Binary,40211139,40BA081,3,5.0,2.0
RWR_Binary,40211202,40BR072,3,4.9166,1.9166
RWR_Binary,40211261,40BR222,4,4.7139,0.7139
RWR_Binary,40411134,40B0291,2,5.0,3.0
RWR_Binary,40411159,40BQ311,3,4.8055,1.8055
RWR_Binary,40411108,40BQ311,4,4.779,0.779
RWR_Binary,40211121,40BA121,3,4.9938,1.9938
RWR_Binary,40411117,40BA061,2,5.0,3.0
RWR_Binary,40411216,40BA082,1,5.0,4.0
RWR_Binary,40511220,40BA052,4,5.0,1.0
RWR_Binary,40205303,40BR122,2,4.782,2.782
RWR_Binary,40211165,40BQ421,4,4.635,0.635
RWR_Binary,40211123,40PQ041,4,4.3634,0.3634
RWR_Binary,40211263,433A021,1,4.5243,3.5243
RWR_Binary,40211206,40BA092,4,4.7669,0.7669
RWR_Binary,40411238,40BA222,2,4.8538,2.8538
RWR_Binary,40411254,40BA012,3,5.0,2.0
RWR_Binary,40211117,409A012,1,4.3027,3.3027
RWR_Binary,40211202,40BD012,2,5.0,3.0
RWR_Binary,40411145,40BA011,2,5.0,3.0
RWR_Binary,40311237,40BR042,1,4.8866,3.8866
RWR_Binary,40211134,40BC061,4,4.8063,0.8063
RWR_Binary,40211114,40BC021,1,4.8582,3.8582
RWR_Binary,40411213,40BA222,3,4.848,1.848
RWR_Binary,40211162,40UN080,4,4.3265,0.3265
RWR_Binary,40311264,4064243,2,4.883,2.883
RWR_Binary,40211144,40BQ331,2,4.8264,2.8264
RWR_Binary,40211207,40BR322,4,4.7169,0.7169
RWR_Binary,40211154,40BA022,2,4.5542,2.5542
RWR_Binary,40211106,40BQ171,4,4.6998,0.6998
RWR_Binary,40311210,40BA122,1,4.9969,3.9969
RWR_Binary,40211220,40BR082,4,4.7689,0.7689
RWR_Binary,40411147,40BC011,4,4.9017,0.9017
RWR_Binary,40411229,40BR022,1,4.8679,3.8679
RWR_Binary,40211130,40BQ371,3,4.7627,1.7627
RWR_Binary,40311227,40BD032,1,4.8518,3.8518
RWR_Binary,40411207,40BA012,3,4.9939,1.9939
RWR_Binary,40211208,40BR082,2,4.7654,2.7654
RWR_Binary,40311237,40BA062,3,4.9885,1.9885
RWR_Binary,40211105,409Q082,2,4.0221,2.0221
RWR_Binary,40411126,40BA101,3,4.9364,1.9364
RWR_Binary,40311131,40BQ311,3,4.7993,1.7993
RWR_Binary,40211211,40BA152,3,4.8574,1.8574
RWR_Binary,40211214,40BR372,2,4.8495,2.8495
RWR_Binary,40511118,40B0291,4,5.0,1.0
RWR_Binary,40311223,40BR042,3,4.8472,1.8472
RWR_Binary,40411247,40BA062,4,4.9522,0.9522
RWR_Binary,40511119,40B0291,5,4.9651,0.0349
RWR_Binary,40211222,40BA152,3,4.713,1.713
RWR_Binary,40411237,40B0292,1,5.0,4.0
RWR_Binary,40311128,40BQ141,4,4.8297,0.8297
RWR_Binary,40511121,40BA051,2,5.0,3.0
RWR_Binary,40311227,40BA222,2,4.8375,2.8375
RWR_Binary,40311240,40BD012,1,4.8912,3.8912
RWR_Binary,40311218,40BA102,4,4.9717,0.9717
RWR_Binary,40211244,40BA082,3,4.9441,1.9441
RWR_Binary,40211249,40BA152,2,4.737,2.737
RWR_Binary,40211237,40B0292,1,5.0,4.0
RWR_Binary,40511103,40B0291,2,5.0,3.0
RWR_Binary,40311211,40BR042,3,4.8485,1.8485
RWR_Binary,40311216,40BD032,2,4.8407,2.8407
RWR_Binary,40211214,40BA022,4,4.9596,0.9596
RWR_Binary,40311205,40BQ512,4,4.8209,0.8209
RWR_Binary,40211131,40BA081,1,4.9183,3.9183
RWR_Binary,40311244,40BR042,4,4.8518,0.8518
RWR_Binary,40511135,40B0291,4,5.0,1.0
RWR_Binary,40211123,40BC011,2,4.9366,2.9366
RWR_Binary,40211207,40B0292,5,5.0,0.0
RWR_Binary,40311227,40BA102,3,4.9093,1.9093
RWR_Binary,40211103,40BA141,1,4.8378,3.8378
RWR_Binary,40211111,40BA051,2,4.9906,2.9906
RWR_Binary,40211123,40UN080,5,4.3168,0.6832
RWR_Binary,40211201,40BA061,1,4.5419,3.5419
RWR_Binary,40211101,40BQ051,5,4.7417,0.2583
RWR_Binary,40411124,40BA021,1,5.0,4.0
RWR_Binary,40411122,40BA051,1,5.0,4.0
RWR_Binary,40211113,40BA151,3,4.7328,1.7328
RWR_Binary,40311257,40BR372,4,4.9059,0.9059
RWR_Binary,40211118,40BA121,5,4.8586,0.1414
RWR_Binary,40311217,40BA062,1,4.9483,3.9483
RWR_Binary,40311110,40BA061,1,4.923,3.923
RWR_Binary,40311237,40BA022,1,5.0,4.0
RWR_Binary,40211233,40BR032,2,4.8718,2.8718
RWR_Binary,40311145,40BA051,1,4.9597,3.9597
RWR_Binary,40211213,40BA082,3,5.0,2.0
RWR_Binary,40311114,40BC011,3,4.9286,1.9286
RWR_Binary,40211252,40BA102,5,4.927,0.073
RWR_Binary,40211215,40BA152,3,4.7296,1.7296
RWR_Binary,40211107,40BQ371,3,4.709,1.709
RWR_Binary,40411109,40BA222,1,4.7098,3.7098
RWR_Binary,40211137,40BA151,3,4.7351,1.7351
RWR_Binary,40411101,40BA021,1,4.8936,3.8936
RWR_Binary,40211261,409Z511,4,4.4148,0.4148
RWR_Binary,40211234,40BR122,5,4.7699,0.2301
RWR_Binary,40211250,40BD032,3,4.8755,1.8755
RWR_Binary,40411212,40BA022,1,4.9601,3.9601
RWR_Binary,40311161,40BA101,1,4.9218,3.9218
RWR_Binary,40211237,40BR032,2,4.7451,2.7451
RWR_Binary,40211264,40BR032,2,4.6772,2.6772
RWR_Binary,40411120,40BA051,3,4.9626,1.9626
RWR_Binary,40311137,40BA221,3,4.8475,1.8475
RWR_Binary,40211132,40BC011,1,4.9229,3.9229
RWR_Binary,40411221,40BA052,2,5.0,3.0
RWR_Binary,40411121,40B0291,1,5.0,4.0
RWR_Binary,40411147,40B0291,5,5.0,0.0
RWR_Binary,40211126,40B9662,4,4.4909,0.4909
RWR_Binary,40211229,40BR242,2,4.6064,2.6064
RWR_Binary,40211145,40BA131,2,4.8697,2.8697
RWR_Binary,40411102,40BA221,3,4.8328,1.8328
RWR_Binary,40211243,40BA012,1,4.9979,3.9979
RWR_Binary,40311235,40B0292,3,5.0,2.0
RWR_Binary,40311145,40BA011,1,5.0,4.0
RWR_Binary,40211164,409U403,4,1.0,3.0
RWR_Binary,40211264,40BA102,1,4.9196,3.9196
RWR_Binary,40311131,40BC011,1,4.9116,3.9116
RWR_Binary,40311211,40BA122,4,4.8399,0.8399
RWR_Binary,40311121,40BA131,3,4.8696,1.8696
RWR_Binary,40211257,40BD032,2,4.9298,2.9298
RWR_Binary,40411168,40BA221,1,4.8099,3.8099
RWR_Binary,40311238,40BD032,3,4.8376,1.8376
RWR_Binary,40311250,431A241,5,1.0,4.0
RWR_Binary,40211220,40BR122,5,4.7544,0.2456
RWR_Binary,40211107,40BR242,2,4.2998,2.2998
RWR_Binary,40311233,40BA082,4,4.9408,0.9408
RWR_Binary,40211158,40UN110,4,4.6534,0.6534
RWR_Binary,40411226,40BA082,1,5.0,4.0
RWR_Binary,40211264,40BA062,1,4.9603,3.9603
RWR_Binary,40211125,40BA011,4,5.0,1.0
RWR_Binary,40411141,40BA221,1,4.9055,3.9055
RWR_Binary,40211165,40BA101,4,4.9493,0.9493
RWR_Binary,40411126,40BA051,2,5.0,3.0
RWR_Binary,40211145,40BA051,2,4.9898,2.9898
RWR_Binary,40311135,40BQ321,3,4.8151,1.8151
RWR_Binary,40311122,40BQ321,4,4.8718,0.8718
RWR_Binary,40211151,40BC051,4,4.8592,0.8592
RWR_Binary,40411140,40BQ031,3,4.7888,1.7888
RWR_Binary,40211150,40BA011,3,5.0,2.0
RWR_Binary,40411131,40BA081,1,5.0,4.0
RWR_Binary,40211121,40BC021,2,5.0,3.0
RWR_Binary,40211148,40BA141,4,4.98,0.98
RWR_Binary,40320310,40BQ321,2,4.7874,2.7874
RWR_Binary,40320324,40BA221,1,4.8036,3.8036
RWR_Binary,40211263,409U163,1,4.3059,3.3059
RWR_Binary,40311155,40BA141,3,4.8236,1.8236
RWR_Binary,40211144,40BA221,1,4.8559,3.8559
RWR_Binary,40211154,40BR372,2,4.5443,2.5443
RWR_Binary,40211102,40BC051,4,4.8402,0.8402
RWR_Binary,40311133,40BA221,2,4.8431,2.8431
RWR_Binary,40311244,40BA012,3,5.0,2.0
RWR_Binary,40211109,40BA051,2,4.9911,2.9911
RWR_Binary,40211229,40BA082,2,4.9455,2.9455
RWR_Binary,40311106,40B0291,4,5.0,1.0
RWR_Binary,40211105,40B0291,1,5.0,4.0
RWR_Binary,40211151,40BA141,4,4.8684,0.8684
RWR_Binary,40311214,40BA062,1,4.9569,3.9569
RWR_Binary,40211241,40BA102,3,4.9287,1.9287
RWR_Binary,40211162,40BA011,2,5.0,3.0
RWR_Binary,40411257,40BA052,2,4.9873,2.9873
RWR_Binary,40211148,40BA091,4,4.8571,0.8571
RWR_Binary,40411233,40BR472,5,4.7918,0.2082
RWR_Binary,40311248,40B8932,5,4.7186,0.2814
RWR_Binary,40411250,40BA052,2,5.0,3.0
RWR_Binary,40211263,40BA082,2,4.9487,2.9487
RWR_Binary,40311261,40BA082,4,4.9414,0.9414
RWR_Binary,40411138,40BA011,1,5.0,4.0
RWR_Binary,40411248,40BA222,4,4.8467,0.8467
RWR_Binary,40311134,40B0291,2,5.0,3.0
RWR_Binary,40211111,40BA151,3,4.7395,1.7395
RWR_Binary,40211201,40BR082,3,4.7714,1.7714
RWR_Binary,40311261,40BA022,5,4.959,0.041
RWR_Binary,40411130,40BA021,2,4.9872,2.9872
RWR_Binary,40311218,40BR072,4,4.8967,0.8967
RWR_Binary,40211133,40BA021,4,4.9448,0.9448
RWR_Binary,40211161,40BA101,4,4.933,0.933
RWR_Binary,40211259,40BA092,5,4.7735,0.2265
RWR_Binary,40411111,40BA081,1,4.9263,3.9263
RWR_Binary,40211127,40BQ401,4,4.6671,0.6671
RWR_Binary,40211126,433Q051,2,4.3496,2.3496
RWR_Binary,40411240,40B0292,3,5.0,2.0
RWR_Binary,40211151,40BA051,3,5.0,2.0
RWR_Binary,40211150,40BQ421,4,4.6272,0.6272
RWR_Binary,40311250,40BA122,4,4.8537,0.8537
RWR_Binary,40411250,40BR472,5,4.7164,0.2836
RWR_Binary,40311201,40BA102,4,4.9668,0.9668
RWR_Binary,40211213,40BR122,4,4.8097,0.8097
RWR_Binary,40211164,40BA102,3,4.757,1.757
RWR_Binary,40411256,40BA022,3,4.9517,1.9517
RWR_Binary,40311133,40BC011,3,4.9171,1.9171
RWR_Binary,40211258,40BA012,1,5.0,4.0
RWR_Binary,40211142,409A021,1,4.4053,3.4053
RWR_Binary,40211105,40BC021,3,4.891,1.891
RWR_Binary,40211121,40BQ171,4,4.8321,0.8321
RWR_Binary,40211126,40BA141,3,4.8606,1.8606
RWR_Binary,40211201,40BR072,4,4.8669,0.8669
RWR_Binary,40311152,40BA061,1,5.0,4.0
RWR_Binary,40211136,40BA051,3,5.0,2.0
RWR_Binary,40311258,40BA022,5,5.0,0.0
RWR_Binary,40511155,40B0291,5,5.0,0.0
RWR_Binary,40311261,40BA132,5,4.8567,0.1433
RWR_Binary,40311201,40B8932,5,4.6368,0.3632
RWR_Binary,40311139,40BQ311,3,4.7823,1.7823
RWR_Binary,40411120,40BA011,1,5.0,4.0
RWR_Binary,40411222,40BA102,2,4.9113,2.9113
RWR_Binary,40211109,40UN110,4,4.6727,0.6727
RWR_Binary,40211207,40BA142,5,4.7665,0.2335
RWR_Binary,40311123,40BC011,1,4.9154,3.9154
RWR_Binary,40211244,40BR242,4,4.6162,0.6162
RWR_Binary,40311261,40B0292,2,5.0,3.0
RWR_Binary,40311241,40B0292,1,5.0,4.0
RWR_Binary,40211249,40BA102,3,4.92,1.92
RWR_Binary,40211228,409Z501,5,4.4259,0.5741
RWR_Binary,40333126,40BA081,3,4.939,1.939
RWR_Binary,40411253,40BA022,2,4.9424,2.9424
RWR_Binary,40411160,40BD012,4,4.9103,0.9103
RWR_Binary,40211107,40B0291,2,5.0,3.0
RWR_Binary,40211259,40BR372,4,4.8582,0.8582
RWR_Binary,40311125,40BA051,1,4.9946,3.9946
RWR_Binary,40311226,40BA052,4,5.0,1.0
RWR_Binary,40511203,40B0292,5,5.0,0.0
RWR_Binary,40311138,40BA101,2,4.9231,2.9231
RWR_Binary,40211243,40BA022,1,4.9574,3.9574
RWR_Binary,40411138,40BQ031,2,4.8058,2.8058
RWR_Binary,40211244,40BD032,4,4.8736,0.8736
RWR_Binary,40211243,40BA062,1,4.9498,3.9498
RWR_Binary,40411146,40BQ031,2,4.8112,2.8112
RWR_Binary,40211129,40BA051,3,5.0,2.0
RWR_Binary,40211256,40BA102,5,4.9633,0.0367
RWR_Binary,40211101,40BR372,5,4.5689,0.4311
RWR_Binary,40211227,40BR072,4,4.9986,0.9986
RWR_Binary,40411258,40BA102,3,4.9698,1.9698
RWR_Binary,40311106,40BQ141,3,4.7757,1.7757
RWR_Binary,40211220,40BQ421,4,4.3414,0.3414
RWR_Binary,40511130,40BA051,2,4.9946,2.9946
RWR_Binary,40211104,40BA051,4,5.0,1.0
RWR_Binary,40311250,40BA052,5,4.9911,0.0089
RWR_Binary,40311206,40BA052,5,4.991,0.009
RWR_Binary,40311118,40BC071,3,4.9656,1.9656
RWR_Binary,40311256,40BR372,4,4.8781,0.8781
RWR_Binary,40211162,40BQ051,4,4.7443,0.7443
RWR_Binary,40311223,40BR022,3,4.8642,1.8642
RWR_Binary,40311211,40BA102,4,4.9108,0.9108
RWR_Binary,40511250,40BA052,3,5.0,2.0
RWR_Binary,40511119,40BA011,4,5.0,1.0
RWR_Binary,40511149,40BA051,2,5.0,3.0
RWR_Binary,40320326,40BQ341,3,4.5569,1.5569
RWR_Binary,40311137,40BQ341,5,4.5771,0.4229
RWR_Binary,40311212,40BA122,1,4.8308,3.8308
RWR_Binary,40211220,409Z501,5,4.3531,0.6469
RWR_Binary,40320326,40BA021,1,4.9162,3.9162
RWR_Binary,40211127,40BA141,3,4.8547,1.8547
RWR_Binary,40411215,40BA022,2,4.9506,2.9506
RWR_Binary,40311211,40BA222,3,4.8433,1.8433
RWR_Binary,40311123,40BA061,1,4.9495,3.9495
RWR_Binary,40211242,40B9572,4,4.491,0.491
RWR_Binary,40211110,40BQ021,2,4.7206,2.7206
RWR_Binary,40211222,40BR342,3,4.6816,1.6816
RWR_Binary,40511224,40B0292,3,5.0,2.0
RWR_Binary,40311241,40BA082,2,4.944,2.944
RWR_Binary,40211268,40BA011,1,4.5694,3.5694
RWR_Binary,40311229,40BA052,5,4.9903,0.0097
RWR_Binary,40211147,40BA081,3,4.939,1.939
RWR_Binary,40211201,40BA022,2,4.9585,2.9585
RWR_Binary,40211101,40BC011,5,4.9033,0.0967
RWR_Binary,40211224,40BR342,3,4.7394,1.7394
RWR_Binary,40311162,40BA011,1,5.0,4.0
RWR_Binary,40311235,40BA012,1,4.9982,3.9982
RWR_Binary,40311201,40BA062,1,5.0,4.0
RWR_Binary,40211209,40BR122,1,4.7717,3.7717
RWR_Binary,40211145,40B0291,3,5.0,2.0
RWR_Binary,40411133,40BC011,2,4.9645,2.9645
RWR_Binary,40211123,40UN070,4,4.3754,0.3754
RWR_Binary,40211127,40BC021,5,4.8795,0.1205
RWR_Binary,40411110,40BQ031,3,4.8296,1.8296
RWR_Binary,40311235,40BR022,3,4.8678,1.8678
RWR_Binary,40211246,40BD012,4,4.9875,0.9875
RWR_Binary,40411163,40BA101,3,4.9577,1.9577
RWR_Binary,40320310,40BA101,1,4.9324,3.9324
RWR_Binary,40311106,40BA081,3,4.945,1.945
RWR_Binary,40211141,40BA091,4,4.7892,0.7892
RWR_Binary,40411164,40BQ311,1,4.8413,3.8413
RWR_Binary,40211222,40BD052,4,4.7513,0.7513
RWR_Binary,40311230,40BR022,3,5.0,2.0
RWR_Binary,40211133,40BA151,4,4.7623,0.7623
RWR_Binary,40211234,40BA052,3,5.0,2.0
RWR_Binary,40311211,40BD032,3,4.8492,1.8492
RWR_Binary,40311211,40BR022,2,4.874,2.874
RWR_Binary,40211203,40BR042,5,4.8752,0.1248
RWR_Binary,40211144,40BC011,1,4.9771,3.9771
RWR_Binary,40411237,40BR472,2,4.7071,2.7071
RWR_Binary,40211255,40BA152,3,4.8475,1.8475
RWR_Binary,40411146,40B0291,4,5.0,1.0
RWR_Binary,40311215,40B8932,5,4.5828,0.4172
RWR_Binary,40211101,40BA011,5,5.0,0.0
RWR_Binary,40211145,409U053,2,4.2252,2.2252
RWR_Binary,40411111,40BA011,3,5.0,2.0
RWR_Binary,40211113,40BQ171,3,4.7149,1.7149
RWR_Binary,40411120,40BA101,4,4.9163,0.9163
RWR_Binary,40311209,40BA052,2,4.988,2.988
RWR_Binary,40211239,40BA142,3,4.8961,1.8961
RWR_Binary,40211129,40BQ371,3,4.7459,1.7459
RWR_Binary,40211109,40BQ381,1,4.6799,3.6799
RWR_Binary,40211102,40KE011,4,1.0,3.0
RWR_Binary,40211122,40BC021,4,5.0,1.0
RWR_Binary,40411244,40BR022,4,4.9287,0.9287
RWR_Binary,40311155,40BA081,2,4.9202,2.9202
RWR_Binary,40211130,40BA131,2,4.9492,2.9492
RWR_Binary,40211110,40B9662,5,4.4715,0.5285
RWR_Binary,40311129,40BA141,3,4.8391,1.8391
RWR_Binary,40411205,40BR472,2,4.7156,2.7156
RWR_Binary,40311219,40BA222,3,4.8301,1.8301
RWR_Binary,40320324,40BQ311,3,4.7788,1.7788
RWR_Binary,40211102,40BA141,4,4.835,0.835
RWR_Binary,40211141,40BA141,4,4.9045,0.9045
RWR_Binary,40311133,40BQ341,5,4.5713,0.4287
RWR_Binary,40411263,40BA102,1,4.926,3.926
RWR_Binary,40411243,40BA062,4,4.9409,0.9409
RWR_Binary,40211161,409A013,1,4.2592,3.2592
RWR_Binary,40311249,40BA222,4,4.8844,0.8844
RWR_Binary,40311232,40BR042,3,4.898,1.898
RWR_Binary,40211122,432N442,3,4.355,1.355
RWR_Binary,40311211,40BD012,3,4.9291,1.9291
RWR_Binary,40311109,40B0291,1,4.9773,3.9773
RWR_Binary,40111256,40B9651,2,4.703,2.703
RWR_Binary,40311151,40BC011,3,4.9815,1.9815
RWR_Binary,40311116,40BA051,1,4.9672,3.9672
RWR_Binary,40211256,40BA022,5,5.0,0.0
RWR_Binary,40211206,40BA152,3,4.7319,1.7319
RWR_Binary,40511143,40BA051,4,5.0,1.0
RWR_Binary,40211245,40BR072,3,4.8633,1.8633
RWR_Binary,40511111,40B0291,3,5.0,2.0
RWR_Binary,40211227,40BA132,5,5.0,0.0
RWR_Binary,40320310,40BA221,1,4.8308,3.8308
RWR_Binary,40211228,40BA082,3,4.9867,1.9867
RWR_Binary,40211222,40BA052,2,5.0,3.0
RWR_Binary,40411211,40BA012,2,5.0,3.0
RWR_Binary,40311258,40BA102,3,4.9571,1.9571
RWR_Binary,40211217,40B9561,4,4.5564,0.5564
RWR_Binary,40211242,40BD052,4,4.7639,0.7639
RWR_Binary,40211117,40BQ371,4,4.6478,0.6478
RWR_Binary,40511211,40B0292,4,5.0,1.0
RWR_Binary,40311231,40BA052,3,5.0,2.0
RWR_Binary,40511226,40B0292,4,3.0,1.0
RWR_Binary,40211247,409Z511,3,4.455,1.455
RWR_Binary,40211203,40BR222,4,4.7197,0.7197
RWR_Binary,40211144,40BA061,4,5.0,1.0
RWR_Binary,40311236,40BA012,5,5.0,0.0
RWR_Binary,40411237,40BR022,1,4.8671,3.8671
RWR_Binary,40311111,40BA021,2,4.9872,2.9872
RWR_Binary,40211105,40BA061,4,4.9521,0.9521
RWR_Binary,40411256,40BA012,3,5.0,2.0
RWR_Binary,40211245,40BA142,3,4.7689,1.7689
RWR_Binary,40511211,40BA052,3,4.987,1.987
RWR_Binary,40211133,40BA141,4,4.8714,0.8714
RWR_Binary,40211144,40BA081,2,4.9893,2.9893
RWR_Binary,40211114,40BQ321,1,4.7987,3.7987
RWR_Binary,40311205,40BD012,5,5.0,0.0
RWR_Binary,40411212,40BA012,1,5.0,4.0
RWR_Binary,40211202,40BR322,3,4.7678,1.7678
RWR_Binary,40411243,40BR472,1,4.7077,3.7077
RWR_Binary,40211105,40BR242,4,4.3621,0.3621
RWR_Binary,40511210,40BA012,2,5.0,3.0
RWR_Binary,40411213,40BA012,4,4.9954,0.9954
RWR_Binary,40211237,40BD032,4,4.8734,0.8734
RWR_Binary,40311230,40BR042,2,4.9822,2.9822
RWR_Binary,40511238,40BA012,5,5.0,0.0
RWR_Binary,40411246,40BR022,4,4.8879,0.8879
RWR_Binary,40411151,40BA021,3,4.9315,1.9315
RWR_Binary,40311155,40BC071,3,4.8527,1.8527
RWR_Binary,40311244,40BR022,3,4.8738,1.8738
RWR_Binary,40311209,40BA222,2,4.8426,2.8426
RWR_Binary,40211242,40UN160,3,4.3684,1.3684
RWR_Binary,40411215,40BD012,3,4.9274,1.9274
RWR_Binary,40211118,40BA051,4,4.9662,0.9662
RWR_Binary,40211129,40KE011,3,1.0,2.0
RWR_Binary,40211108,409Z481,5,4.18,0.82
RWR_Binary,40311229,40BA122,3,4.8421,1.8421
RWR_Binary,40211216,40BR072,5,4.9198,0.0802
RWR_Binary,40211144,40BQ401,1,4.7145,3.7145
RWR_Binary,40311202,40BA012,2,5.0,3.0
RWR_Binary,40211209,40BA122,3,4.8731,1.8731
RWR_Binary,40411134,40BA061,1,4.9304,3.9304
RWR_Binary,40211238,40BA012,1,5.0,4.0
RWR_Binary,40211108,409Z501,5,4.1393,0.8607
RWR_Binary,40311110,40BA011,2,5.0,3.0
RWR_Binary,40411140,40BA011,1,5.0,4.0
RWR_Binary,40311106,40BA051,3,4.9876,1.9876
RWR_Binary,40311141,40BA051,1,5.0,4.0
RWR_Binary,40511125,40BA011,1,5.0,4.0
RWR_Binary,40211207,40B9572,4,4.5041,0.5041
RWR_Binary,40511130,40B0291,4,5.0,1.0
RWR_Binary,40311113,40BA081,2,4.9304,2.9304
RWR_Binary,40411215,40BA082,2,4.9302,2.9302
RWR_Binary,40211126,40BC061,1,4.7716,3.7716
RWR_Binary,40311208,40BA062,4,4.9484,0.9484
RWR_Binary,40211153,40BC061,4,4.8296,0.8296
RWR_Binary,40211132,40BQ371,2,4.7091,2.7091
RWR_Binary,40211232,40BA022,1,4.9569,3.9569
RWR_Binary,40411104,40BC011,2,4.9128,2.9128
RWR_Binary,40211104,40BQ421,2,4.6376,2.6376
RWR_Binary,40211211,40BA132,3,5.0,2.0
RWR_Binary,40311202,40B8932,3,4.5999,1.5999
RWR_Binary,40311207,40B8932,4,4.7281,0.7281
RWR_Binary,40411240,40BA102,4,4.9115,0.9115
RWR_Binary,40211123,40BC051,4,4.8673,0.8673
RWR_Binary,40411252,40BA102,2,4.9755,2.9755
RWR_Binary,40311139,40BA011,1,5.0,4.0
RWR_Binary,40211241,40BA012,4,5.0,1.0
RWR_Binary,40311105,40BA051,1,4.9884,3.9884
RWR_Binary,40211103,40BA131,3,4.8686,1.8686
RWR_Binary,40411122,40BA061,1,4.9483,3.9483
RWR_Binary,40211226,40BR072,4,4.8676,0.8676
RWR_Binary,40211231,40BA052,1,4.987,3.987
RWR_Binary,40411241,40BD012,4,4.9772,0.9772
RWR_Binary,40211223,40BR032,4,4.7431,0.7431
RWR_Binary,40311233,40BR372,4,4.8305,0.8305
RWR_Binary,40205303,40BA102,1,4.9205,3.9205
RWR_Binary,40211118,40B9662,5,4.4716,0.5284
RWR_Binary,40411130,409A013,1,4.331,3.331
RWR_Binary,40211109,40B9662,4,4.4813,0.4813
RWR_Binary,40312142,40BA221,3,4.8237,1.8237
RWR_Binary,40411212,40BA102,4,4.9156,0.9156
RWR_Binary,40211133,40BQ321,4,4.8393,0.8393
RWR_Binary,40411205,409A013,1,4.3647,3.3647
RWR_Binary,40211247,40BA122,3,4.9988,1.9988
RWR_Binary,40511255,40BA052,4,5.0,1.0
RWR_Binary,40211141,40BQ171,4,4.7657,0.7657
RWR_Binary,40411150,40BA061,1,4.9431,3.9431
RWR_Binary,40411207,40BA222,1,4.8517,3.8517
RWR_Binary,40311159,40BA011,1,5.0,4.0
RWR_Binary,40211244,40BA132,2,4.8694,2.8694
RWR_Binary,40211223,40BA022,5,4.9633,0.0367
RWR_Binary,40311140,40BQ141,5,4.8213,0.1787
RWR_Binary,40311212,40BA022,1,4.9544,3.9544
RWR_Binary,40211113,40BQ021,1,4.7086,3.7086
RWR_Binary,40311116,40BA011,2,5.0,3.0
RWR_Binary,40411111,40BC071,1,4.8764,3.8764
RWR_Binary,40311140,40BC021,5,4.9109,0.0891
RWR_Binary,40211216,40BR322,5,4.7694,0.2306
RWR_Binary,40211228,40BA102,4,4.9632,0.9632
RWR_Binary,40311240,40BA052,1,5.0,4.0
RWR_Binary,40411251,40BA012,1,5.0,4.0
RWR_Binary,40211206,40BA052,3,4.9953,1.9953
RWR_Binary,40311155,40BA221,2,4.8096,2.8096
RWR_Binary,40311224,40BR022,1,4.8619,3.8619
RWR_Binary,40411213,40B0292,4,5.0,1.0
RWR_Binary,40211267,40BA152,3,4.7496,1.7496
RWR_Binary,40311213,40BA012,1,5.0,4.0
RWR_Binary,40211103,40BA011,1,5.0,4.0
RWR_Binary,40211121,40BA141,3,4.9754,1.9754
RWR_Binary,40411236,40BA222,4,4.84,0.84
RWR_Binary,40211223,40BR042,4,4.871,0.871
RWR_Binary,40411244,40BD012,4,4.9899,0.9899
RWR_Binary,40211259,40BA082,1,4.9498,3.9498
RWR_Binary,40311134,40BA061,1,4.9446,3.9446
RWR_Binary,40211151,40PQ041,4,4.3601,0.3601
RWR_Binary,40511111,40BA051,1,4.9946,3.9946
RWR_Binary,40411225,40BA052,2,4.9873,2.9873
RWR_Binary,40211224,40BD052,1,4.806,3.806
RWR_Binary,40211236,40BA052,1,5.0,4.0
RWR_Binary,40211163,40BC061,1,4.7626,3.7626
RWR_Binary,40511202,40B0292,5,5.0,0.0
RWR_Binary,40411246,40BA102,3,4.9174,1.9174
RWR_Binary,40211117,40BQ171,1,4.6719,3.6719
RWR_Binary,40311146,40BQ311,1,4.8561,3.8561
RWR_Binary,40411146,40BC011,2,4.8971,2.8971
RWR_Binary,40311104,40BA221,1,4.8135,3.8135
RWR_Binary,40311202,40BA122,4,4.8456,0.8456
RWR_Binary,40211216,409Z501,5,4.4609,0.5391
RWR_Binary,40211103,40BC051,2,4.8334,2.8334
RWR_Binary,40411238,40BA102,4,4.9142,0.9142
RWR_Binary,40311131,40BA141,1,4.8307,3.8307
RWR_Binary,40211244,40BR372,4,4.8491,0.8491
RWR_Binary,40311243,40BR072,4,4.8508,0.8508
RWR_Binary,40211220,40BA152,4,4.7135,0.7135
RWR_Binary,40311140,40BC011,2,4.9717,2.9717
RWR_Binary,40411209,40BR022,2,4.8635,2.8635
RWR_Binary,40311219,40BR022,3,4.8617,1.8617
RWR_Binary,40311139,40BA131,1,4.8291,3.8291
RWR_Binary,40211132,40KN633,4,4.0183,0.0183
RWR_Binary,40211147,40BQ321,2,4.8075,2.8075
RWR_Binary,40411241,40BA022,1,5.0,4.0
RWR_Binary,40211223,40BA092,5,4.7673,0.2327
RWR_Binary,40411127,40BQ031,5,4.8155,0.1845
RWR_Binary,40411159,40BQ031,3,4.8289,1.8289
RWR_Binary,40411221,40BR472,5,4.7164,0.2836
RWR_Binary,40211242,40BA092,5,4.7529,0.2471
RWR_Binary,40411105,40BA051,3,4.965,1.965
RWR_Binary,40211112,40BA091,1,4.789,3.789
RWR_Binary,40211165,40BA151,3,4.7413,1.7413
RWR_Binary,40311157,40BC021,4,4.8718,0.8718
RWR_Binary,40311211,40K0051,2,4.0245,2.0245
RWR_Binary,40411101,40BR472,4,4.5401,0.5401
RWR_Binary,40411258,40BA082,3,5.0,2.0
RWR_Binary,40211115,40BA131,2,4.856,2.856
RWR_Binary,40411244,40BA102,3,4.9645,1.9645
RWR_Binary,40211123,40BA091,2,4.7658,2.7658
RWR_Binary,40211219,40BA012,4,4.9934,0.9934
RWR_Binary,40311260,40BD012,4,5.0,1.0
RWR_Binary,40211141,40BQ021,4,4.7499,0.7499
RWR_Binary,40211132,40BC051,1,4.856,3.856
RWR_Binary,40211252,40BA082,3,4.951,1.951
RWR_Binary,40411115,40BA061,1,5.0,4.0
RWR_Binary,40211136,40BA021,5,4.9466,0.0534
RWR_Binary,40211213,40BR222,4,4.7501,0.7501
RWR_Binary,40211208,40BA221,2,4.4851,2.4851
RWR_Binary,40211225,40BR122,5,4.8855,0.1145
RWR_Binary,40311108,40BA121,1,4.9017,3.9017
RWR_Binary,40211252,409D021,3,4.2099,1.2099
RWR_Binary,40211248,40BA062,2,4.9979,2.9979
RWR_Binary,40311204,40BA082,5,4.9507,0.0493
RWR_Binary,40211263,40BA132,2,4.8797,2.8797
RWR_Binary,40311212,40BA132,2,4.8399,2.8399
RWR_Binary,40211225,40BA142,4,4.8932,0.8932
RWR_Binary,40211209,40BA012,1,5.0,4.0
RWR_Binary,40211207,40BR072,5,4.8651,0.1349
RWR_Binary,40211215,40BR032,1,4.7419,3.7419
RWR_Binary,40311135,40BA051,3,5.0,2.0
RWR_Binary,40311212,40BA012,1,5.0,4.0
RWR_Binary,40411258,40BD012,4,4.9942,0.9942
RWR_Binary,40211157,40BA091,1,4.7255,3.7255
RWR_Binary,40320326,40BC011,1,4.9014,3.9014
RWR_Binary,40211156,40BA101,3,4.9404,1.9404
RWR_Binary,40211224,40BA142,3,4.812,1.812
RWR_Binary,40311113,40B0291,1,5.0,4.0
RWR_Binary,40311224,40BA062,1,4.9394,3.9394
RWR_Binary,40311230,40BR372,3,4.9581,1.9581
RWR_Binary,40411257,40B0292,4,5.0,1.0
RWR_Binary,40411167,40BA221,2,4.8644,2.8644
RWR_Binary,40211141,40B9651,4,4.5358,0.5358
RWR_Binary,40211229,433A021,1,4.5171,3.5171
RWR_Binary,40311208,40BR072,3,4.853,1.853
RWR_Binary,40211135,40BA081,2,4.9108,2.9108
RWR_Binary,40311214,40BA022,1,4.9679,3.9679
RWR_Binary,40411164,40BC011,1,4.9362,3.9362
RWR_Binary,40211103,40B0291,2,4.9765,2.9765
RWR_Binary,40211220,40BA102,5,4.9153,0.0847
RWR_Binary,40411217,40BD012,5,4.9903,0.0097
RWR_Binary,40311210,409A011,1,4.1735,3.1735
RWR_Binary,40211203,40BD012,5,4.9474,0.0526
RWR_Binary,40211136,40BA151,4,4.7564,0.7564
RWR_Binary,40211115,40BA081,2,4.9152,2.9152
RWR_Binary,40411215,40BA222,3,4.8635,1.8635
RWR_Binary,40211246,40BA092,5,4.7976,0.2024
RWR_Binary,40311123,40BQ031,2,4.8062,2.8062
RWR_Binary,40411117,40BA101,1,4.9904,3.9904
RWR_Binary,40411101,40BA102,3,4.7491,1.7491
RWR_Binary,40311206,40BA122,2,4.8583,2.8583
RWR_Binary,40411160,40BA021,3,5.0,2.0
RWR_Binary,40211109,40BQ371,4,4.6993,0.6993
RWR_Binary,40211139,40BA091,1,4.7903,3.7903
RWR_Binary,40311173,40BQ341,4,4.5719,0.5719
RWR_Binary,40411148,40BA061,5,4.9431,0.0569
RWR_Binary,40211164,40BA121,3,4.8691,1.8691
RWR_Binary,40311232,40BA222,2,4.8895,2.8895
RWR_Binary,40311122,40BQ031,2,4.8499,2.8499
RWR_Binary,40211146,40B0291,2,5.0,3.0
RWR_Binary,40511235,40BA012,1,5.0,4.0
RWR_Binary,40211207,40BA082,3,4.9423,1.9423
RWR_Binary,40320310,40BC021,3,4.8431,1.8431
RWR_Binary,40411254,40BA082,3,4.9365,1.9365
RWR_Binary,40211230,40BD012,3,4.9482,1.9482
RWR_Binary,40511219,40BA012,1,3.0,2.0
RWR_Binary,40211224,40BR122,2,4.8058,2.8058
RWR_Binary,40211249,40BR222,5,4.7163,0.2837
RWR_Binary,40311129,40BA051,1,5.0,4.0
RWR_Binary,40311142,40BA051,1,5.0,4.0
RWR_Binary,40311237,40BA132,1,4.8899,3.8899
RWR_Binary,40211146,40UN080,2,4.2945,2.2945
RWR_Binary,40211257,40BA082,3,4.9998,1.9998
RWR_Binary,40211136,40BA081,4,4.9485,0.9485
RWR_Binary,40211246,40BR372,4,4.8892,0.8892
RWR_Binary,40311233,40BQ512,4,4.7539,0.7539
RWR_Binary,40511205,40BA012,5,5.0,0.0
RWR_Binary,40311207,40BR072,3,5.0,2.0
RWR_Binary,40311130,40BA221,1,4.8966,3.8966
RWR_Binary,40311105,40BA221,1,4.841,3.841
RWR_Binary,40211256,40BA082,4,4.9882,0.9882
RWR_Binary,40211141,40BA121,4,4.9224,0.9224
RWR_Binary,40211122,40BC061,3,4.872,1.872
RWR_Binary,40312142,40BA061,1,4.9399,3.9399
RWR_Binary,40411117,40BA081,1,4.9943,3.9943
RWR_Binary,40511138,40B0291,3,5.0,2.0
RWR_Binary,40111230,40BA142,1,4.8061,3.8061
RWR_Binary,40311259,40BA132,4,4.8625,0.8625
RWR_Binary,40211146,40BQ321,3,4.8213,1.8213
RWR_Binary,40211102,40BA131,5,4.8634,0.1366
RWR_Binary,40311137,40BA051,3,5.0,2.0
RWR_Binary,40311123,40BQ321,2,4.8133,2.8133
RWR_Binary,40311131,40BC051,3,4.8279,1.8279
RWR_Binary,40211230,40BA132,3,4.8776,1.8776
RWR_Binary,40311255,40BA052,2,4.9871,2.9871
RWR_Binary,40411118,40BA021,1,4.9902,3.9902
RWR_Binary,40411211,40BR472,1,4.6972,3.6972
RWR_Binary,40211134,40IN662,3,4.0921,1.0921
RWR_Binary,40311132,40BQ331,1,4.8797,3.8797
RWR_Binary,40211223,40BA052,5,5.0,0.0
RWR_Binary,40211135,40B0291,3,4.9755,1.9755
RWR_Binary,40311111,40BC021,4,4.9093,0.9093
RWR_Binary,40511151,40BA011,3,5.0,2.0
RWR_Binary,40211242,40BA122,5,4.8728,0.1272
RWR_Binary,40411213,40BA102,4,4.9083,0.9083
RWR_Binary,40211116,40BQ331,3,4.7858,1.7858
RWR_Binary,40311157,40BC071,5,4.8774,0.1226
RWR_Binary,40211129,40BA131,5,4.8889,0.1111
RWR_Binary,40311134,40BA021,1,4.9341,3.9341
RWR_Binary,40211115,40BQ331,1,4.7426,3.7426
RWR_Binary,40211208,40BA012,1,5.0,4.0
RWR_Binary,40311119,40BA061,2,4.9248,2.9248
RWR_Binary,40511233,40B0292,4,5.0,1.0
RWR_Binary,40211217,40BR242,4,4.615,0.615
RWR_Binary,40211249,40BD052,3,4.7731,1.7731
RWR_Binary,40411256,40BA222,3,4.8453,1.8453
RWR_Binary,40211217,40BA082,3,4.948,1.948
RWR_Binary,40211209,40BR372,4,4.8508,0.8508
RWR_Binary,40311237,40BA082,4,4.9815,0.9815
RWR_Binary,40311122,40BA021,4,4.9908,0.9908
RWR_Binary,40211137,40BA101,2,4.9585,2.9585
RWR_Binary,40211141,40BA021,5,4.9809,0.0191
RWR_Binary,40311138,40BC011,1,4.8946,3.8946
RWR_Binary,40411237,40BA022,1,4.9508,3.9508
RWR_Binary,40411127,40BA021,2,4.9248,2.9248
RWR_Binary,40211151,40UN070,4,4.3801,0.3801
RWR_Binary,40211237,40BA132,1,4.8658,3.8658
RWR_Binary,40311118,40BC011,3,5.0,2.0
RWR_Binary,40211129,40KA393,5,1.0,4.0
RWR_Binary,40311137,40BC071,4,4.8874,0.8874
RWR_Binary,40211126,40BA121,3,4.8907,1.8907
RWR_Binary,40511201,40B0292,5,4.9952,0.0048
RWR_Binary,40311260,40BA021,2,4.5457,2.5457
RWR_Binary,40311266,40BQ512,3,5.0,2.0
RWR_Binary,40211106,40BQ391,4,4.7249,0.7249
RWR_Binary,40211219,40BA022,4,4.9628,0.9628
RWR_Binary,40411114,40BA051,3,4.9845,1.9845
RWR_Binary,40411225,40B0292,4,5.0,1.0
RWR_Binary,40211125,40BQ391,4,4.7253,0.7253
RWR_Binary,40511225,40BA052,4,5.0,1.0
RWR_Binary,40211147,40BA121,1,4.8622,3.8622
RWR_Binary,40311258,40BR042,5,4.8942,0.1058
RWR_Binary,40411210,40B0292,4,5.0,1.0
RWR_Binary,40211241,40BA092,4,4.7716,0.7716
RWR_Binary,40211242,40BA012,4,5.0,1.0
RWR_Binary,40311254,40BA012,3,5.0,2.0
RWR_Binary,40411151,40BC071,4,4.8858,0.8858
RWR_Binary,40311216,40BA102,3,4.9085,1.9085
RWR_Binary,40211134,40BQ021,3,4.7615,1.7615
RWR_Binary,40311111,40BA101,2,4.9974,2.9974
RWR_Binary,40211165,40BA131,2,4.8844,2.8844
RWR_Binary,40311226,40BD012,4,4.9481,0.9481
RWR_Binary,40211138,40BA151,5,4.7291,0.2709
RWR_Binary,40411152,40BA021,2,4.9911,2.9911
RWR_Binary,40211215,40BR042,1,4.8708,3.8708
RWR_Binary,40411258,40BR022,3,4.9334,1.9334
RWR_Binary,40511252,40B0292,2,5.0,3.0
RWR_Binary,40311216,40BR372,4,4.8137,0.8137
RWR_Binary,40211250,40BA082,4,4.9438,0.9438
RWR_Binary,40411109,40BD012,5,4.7741,0.2259
RWR_Binary,40211252,40BR042,4,4.8765,0.8765
RWR_Binary,40311157,40BQ141,4,4.7844,0.7844
RWR_Binary,40411166,40BA221,3,4.8657,1.8657
RWR_Binary,40311114,40BC021,4,4.8704,0.8704
RWR_Binary,40211132,40BQ381,1,4.6896,3.6896
RWR_Binary,40211250,40BA122,3,4.872,1.872
RWR_Binary,40411147,40BQ031,4,4.8136,0.8136
RWR_Binary,40311114,40BA061,4,4.9577,0.9577
RWR_Binary,40211109,40BA081,2,4.941,2.941
RWR_Binary,40311135,40BA101,5,4.9514,0.0486
RWR_Binary,40211111,40BC021,2,4.8908,2.8908
RWR_Binary,40311159,40BA061,1,4.9019,3.9019
RWR_Binary,40411141,40BA021,1,5.0,4.0
RWR_Binary,40411248,40BA052,4,4.9886,0.9886
RWR_Binary,40311157,40BA051,2,4.9888,2.9888
RWR_Binary,40411258,40MN111,1,4.0608,3.0608
RWR_Binary,40211233,433A012,1,4.1709,3.1709
RWR_Binary,40411252,40BD012,2,5.0,3.0
RWR_Binary,40211130,40BQ401,2,4.7232,2.7232
RWR_Binary,40211164,40BA141,5,4.8523,0.1477
RWR_Binary,40211207,40BA152,4,4.7243,0.7243
RWR_Binary,40211202,40BA122,2,4.919,2.919
RWR_Binary,40211263,40BA152,1,4.7341,3.7341
RWR_Binary,40311123,40BA101,1,4.945,3.945
RWR_Binary,40411152,40BA221,2,4.9036,2.9036
RWR_Binary,40311232,40BA082,3,4.9918,1.9918
RWR_Binary,40211231,40BA062,1,4.9423,3.9423
RWR_Binary,40211127,40B9651,5,4.5036,0.4964
RWR_Binary,40311211,40BR072,4,4.8446,0.8446
RWR_Binary,40211226,40BA012,5,5.0,0.0
RWR_Binary,40211216,40BA102,4,4.9751,0.9751
RWR_Binary,40211231,40B0292,2,5.0,3.0
RWR_Binary,40411147,40BA021,4,4.9218,0.9218
RWR_Binary,40311206,40BA102,4,4.9231,0.9231
RWR_Binary,40211202,40BR222,4,4.7487,0.7487
RWR_Binary,40211106,40BQ371,4,4.6824,0.6824
RWR_Binary,40311206,40BA012,2,5.0,3.0
RWR_Binary,40311248,40BR042,5,4.9961,0.0039
RWR_Binary,40211123,40BA061,4,4.9581,0.9581
RWR_Binary,40211211,40BA142,4,4.8943,0.8943
RWR_Binary,40311233,40BA052,5,4.9877,0.0123
RWR_Binary,40411228,40BA012,3,5.0,2.0
RWR_Binary,40311233,40BR022,3,4.8654,1.8654
RWR_Binary,40311112,40BQ311,4,5.0,1.0
RWR_Binary,40511262,40B0292,2,5.0,3.0
RWR_Binary,40211103,40BA101,1,4.9412,3.9412
RWR_Binary,40311208,40BR022,3,4.8739,1.8739
RWR_Binary,40411244,40BA082,3,5.0,2.0
RWR_Binary,40411157,40B0291,3,5.0,2.0
RWR_Binary,40411125,40BA051,1,4.967,3.967
RWR_Binary,40211116,40BC011,2,4.9347,2.9347
RWR_Binary,40311104,40BA011,1,5.0,4.0
RWR_Binary,40511128,40BA051,1,5.0,4.0
RWR_Binary,40211235,40BA062,2,5.0,3.0
RWR_Binary,40511104,40BA051,4,4.9946,0.9946
RWR_Binary,40411126,40BA061,1,4.9483,3.9483
RWR_Binary,40211106,40BC011,1,4.9017,3.9017
RWR_Binary,40211238,40BD032,3,4.8748,1.8748
RWR_Binary,40211139,40BA131,4,4.9385,0.9385
RWR_Binary,40211161,409A023,1,3.951,2.951
RWR_Binary,40411130,40BA061,1,5.0,4.0
RWR_Binary,40411238,40BD012,4,4.9377,0.9377
RWR_Binary,40311255,40BA012,2,4.9996,2.9996
RWR_Binary,40411222,40BA012,1,4.9978,3.9978
RWR_Binary,40311120,40B0291,3,5.0,2.0
RWR_Binary,40211244,40B9662,3,4.4063,1.4063
RWR_Binary,40311208,40BA122,3,4.8482,1.8482
RWR_Binary,40211250,40BA132,2,4.871,2.871
RWR_Binary,40311117,40BC011,2,5.0,3.0
RWR_Binary,40211245,40BD032,3,4.8732,1.8732
RWR_Binary,40311245,40BR372,2,4.8282,2.8282
RWR_Binary,40411104,40BA051,3,5.0,2.0
RWR_Binary,40211250,40BR032,4,4.7432,0.7432
RWR_Binary,40211102,40BQ021,5,4.6927,0.3073
RWR_Binary,40311236,40BA022,4,4.9521,0.9521
RWR_Binary,40411101,409A013,1,4.2989,3.2989
RWR_Binary,40511259,40B0292,4,5.0,1.0
RWR_Binary,40511112,40BA051,1,5.0,4.0
RWR_Binary,40211222,40BR072,5,4.8658,0.1342
RWR_Binary,40311129,40BA021,1,4.9409,3.9409
RWR_Binary,40411220,40BR472,3,4.7523,1.7523
RWR_Binary,40211113,40KT142,4,4.249,0.249
RWR_Binary,40511218,40BA052,4,3.0,1.0
RWR_Binary,40211113,40BQ371,4,4.6964,0.6964
RWR_Binary,40311235,40BD032,2,4.8617,2.8617
RWR_Binary,40511252,40BA052,3,4.987,1.987
RWR_Binary,40211108,409Z491,5,4.0927,0.9073
RWR_Binary,40411229,40BA052,3,5.0,2.0
RWR_Binary,40311116,40BQ321,3,4.8001,1.8001
RWR_Binary,40411248,40BA062,4,4.9479,0.9479
RWR_Binary,40411148,40BC071,5,4.8851,0.1149
RWR_Binary,40211107,40BA151,3,4.7421,1.7421
RWR_Binary,40211246,40B9561,4,4.5792,0.5792
RWR_Binary,40211248,40BR372,3,4.8891,1.8891
RWR_Binary,40211228,40RR072,2,4.1983,2.1983
RWR_Binary,40311105,40BQ031,1,4.8088,3.8088
RWR_Binary,40211153,40BC011,2,5.0,3.0
RWR_Binary,40511122,40B0291,2,5.0,3.0
RWR_Binary,40211202,40BR032,2,4.7828,2.7828
RWR_Binary,40311132,40BA131,2,5.0,3.0
RWR_Binary,40311120,40BA141,3,4.831,1.831
RWR_Binary,40311129,40BA061,2,4.9534,2.9534
RWR_Binary,40311104,40BQ331,3,4.7278,1.7278
RWR_Binary,40311162,40BA061,1,4.9377,3.9377
RWR_Binary,40205303,40BR042,1,4.8748,3.8748
RWR_Binary,40311104,40BA061,2,4.922,2.922
RWR_Binary,40211162,40BC011,3,4.9162,1.9162
RWR_Binary,40411153,40B0291,4,5.0,1.0
RWR_Binary,40411159,40BA061,3,4.95,1.95
RWR_Binary,40311245,40BA052,2,4.9906,2.9906
RWR_Binary,40211164,40BQ371,4,4.7068,0.7068
RWR_Binary,40311115,40BA051,1,4.9597,3.9597
RWR_Binary,40411110,40BA051,2,5.0,3.0
RWR_Binary,40311202,40BA052,5,4.9903,0.0097
RWR_Binary,40411166,40BQ311,2,4.8098,2.8098
RWR_Binary,40311161,40BC011,2,4.8922,2.8922
RWR_Binary,40311253,40BR372,4,4.8215,0.8215
RWR_Binary,40211216,40BD052,5,4.8156,0.1844
RWR_Binary,40411219,40BA222,4,4.8408,0.8408
RWR_Binary,40411214,40BA082,3,5.0,2.0
RWR_Binary,40311104,40BQ341,3,4.5435,1.5435
RWR_Binary,40211101,40BA141,5,4.8455,0.1545
RWR_Binary,40411126,40BA021,2,4.9359,2.9359
RWR_Binary,40311257,40B8932,5,4.6638,0.3362
RWR_Binary,40311108,40BQ331,3,4.7903,1.7903
RWR_Binary,40211103,40BA051,4,4.9607,0.9607
RWR_Binary,40211215,40BA012,1,5.0,4.0
RWR_Binary,40211103,40BA061,4,4.9361,0.9361
RWR_Binary,40411127,40BA012,1,4.5763,3.5763
RWR_Binary,40411130,40BR472,3,4.5064,1.5064
RWR_Binary,40211118,40BA011,3,5.0,2.0
RWR_Binary,40311207,40BR372,5,4.9752,0.0248
RWR_Binary,40211129,40BA021,4,4.95,0.95
RWR_Binary,40211244,40BA012,3,5.0,2.0
RWR_Binary,40511226,40BA052,3,3.0,0.0
RWR_Binary,40311169,40BC011,1,4.9264,3.9264
RWR_Binary,40411105,40BC071,4,4.8736,0.8736
RWR_Binary,40411113,40BC071,5,5.0,0.0
RWR_Binary,40411111,40BA051,3,4.9641,1.9641
RWR_Binary,40311120,40BQ141,4,4.7691,0.7691
RWR_Binary,40511142,40BA011,3,5.0,2.0
RWR_Binary,40211101,40BC051,3,4.8354,1.8354
RWR_Binary,40411253,40B0292,3,5.0,2.0
RWR_Binary,40511258,40BA052,2,5.0,3.0
RWR_Binary,40311245,40BR042,3,4.8535,1.8535
RWR_Binary,40311146,40BQ331,1,4.8059,3.8059
RWR_Binary,40211257,40BR032,1,4.7929,3.7929
RWR_Binary,40411133,40BC071,1,4.9487,3.9487
RWR_Binary,40411236,40BD012,4,4.9252,0.9252
RWR_Binary,40411233,40BQ311,3,4.4321,1.4321
RWR_Binary,40211209,40BA221,1,4.5491,3.5491
RWR_Binary,40211127,40BA021,3,4.9344,1.9344
RWR_Binary,40311221,40BQ512,3,4.7975,1.7975
RWR_Binary,40211206,409Z501,5,4.4083,0.5917
RWR_Binary,40211109,40BA121,2,4.8761,2.8761
RWR_Binary,40211162,40BC051,3,4.8526,1.8526
RWR_Binary,40211204,40BA052,1,5.0,4.0
RWR_Binary,40411138,40BA081,1,4.9222,3.9222
RWR_Binary,40211230,40BA012,4,4.9945,0.9945
RWR_Binary,40511219,40B0292,1,3.0,2.0
RWR_Binary,40320326,40BA131,3,4.8442,1.8442
RWR_Binary,40211242,40BR082,5,4.7751,0.2249
RWR_Binary,40211136,40BA121,4,4.8922,0.8922
RWR_Binary,40211121,40BQ021,2,4.8219,2.8219
RWR_Binary,40311210,40BR072,3,5.0,2.0
RWR_Binary,40311138,40BA221,1,4.8163,3.8163
RWR_Binary,40211259,409D021,2,4.1919,2.1919
RWR_Binary,40311256,40BA082,4,5.0,1.0
RWR_Binary,40211122,40BQ171,4,4.8274,0.8274
RWR_Binary,40211150,40BA091,1,4.7282,3.7282
RWR_Binary,40311155,40BQ321,3,4.7921,1.7921
RWR_Binary,40411259,40BA012,1,5.0,4.0
RWR_Binary,40411110,40BC011,1,4.9115,3.9115
RWR_Binary,40211235,40BD032,4,4.917,0.917
RWR_Binary,40211123,40BA051,3,5.0,2.0
RWR_Binary,40211256,40BR032,5,4.7954,0.2046
RWR_Binary,40211219,40B0292,4,5.0,1.0
RWR_Binary,40511117,40B0291,4,5.0,1.0
RWR_Binary,40211117,40BC061,3,4.7044,1.7044
RWR_Binary,40211257,40BD012,3,5.0,2.0
RWR_Binary,40211249,40BA062,3,4.9559,1.9559
RWR_Binary,40111256,40BR222,1,4.598,3.598
RWR_Binary,40211161,40BC021,4,4.863,0.863
RWR_Binary,40211101,40BA091,4,4.7338,0.7338
RWR_Binary,40211255,433A012,1,4.1039,3.1039
RWR_Binary,40311242,40B0292,2,5.0,3.0
RWR_Binary,40311157,40BA101,5,4.9502,0.0498
RWR_Binary,40205303,433A021,1,4.5242,3.5242
RWR_Binary,40511224,40BA052,2,4.987,2.987
RWR_Binary,40211247,40BA142,4,4.8959,0.8959
RWR_Binary,40211252,40BA152,3,4.7263,1.7263
RWR_Binary,40311153,40BQ311,3,4.8663,1.8663
RWR_Binary,40311260,40B8932,5,4.6352,0.3648
RWR_Binary,40511105,40BA011,3,5.0,2.0
RWR_Binary,40211129,40IN041,5,4.2555,0.7445
RWR_Binary,40511141,40B0291,4,5.0,1.0
RWR_Binary,40211133,40BQ371,4,4.7253,0.7253
RWR_Binary,40211215,40BR322,2,4.7328,2.7328
RWR_Binary,40211234,40BR322,4,4.7264,0.7264
RWR_Binary,40320310,40BA131,2,4.8411,2.8411
RWR_Binary,40311130,40BC051,3,4.8938,1.8938
RWR_Binary,40211152,40BA011,1,5.0,4.0
RWR_Binary,40311231,40BR042,4,4.8529,0.8529
RWR_Binary,40211243,40B0292,2,5.0,3.0
RWR_Binary,40411244,40BA222,3,4.8889,1.8889
RWR_Binary,40211110,40UN120,5,1.0,4.0
RWR_Binary,40411128,40BA051,3,4.9647,1.9647
RWR_Binary,40311137,40BA121,4,4.8649,0.8649
RWR_Binary,40211257,40BR242,1,4.6688,3.6688
RWR_Binary,40411127,40B0291,5,5.0,0.0
RWR_Binary,40311134,40BC071,2,4.8788,2.8788
RWR_Binary,40411141,40BQ031,1,4.8899,3.8899
RWR_Binary,40211238,433A012,2,4.0043,2.0043
RWR_Binary,40311152,40BA081,4,4.9961,0.9961
RWR_Binary,40211123,40BA081,4,4.9469,0.9469
RWR_Binary,40211112,40BA061,4,5.0,1.0
RWR_Binary,40411251,40BA222,3,4.8485,1.8485
RWR_Binary,40211247,40BA132,2,5.0,3.0
RWR_Binary,40311241,40BA052,1,4.9877,3.9877
RWR_Binary,40311133,40BQ141,5,4.7734,0.2266
RWR_Binary,40211232,40B0292,1,5.0,4.0
RWR_Binary,40211201,40BA012,2,5.0,3.0
RWR_Binary,40411222,40BR472,3,4.7128,1.7128
RWR_Binary,40211110,40B0291,2,5.0,3.0
RWR_Binary,40211249,40BA132,3,4.8762,1.8762
RWR_Binary,40211147,40BQ031,1,4.7898,3.7898
RWR_Binary,40411258,40BR472,3,4.7581,1.7581
RWR_Binary,40311119,40BA121,2,4.8344,2.8344
RWR_Binary,40211256,40BA092,5,4.8032,0.1968
RWR_Binary,40211109,40BC061,4,4.758,0.758
RWR_Binary,40311253,40BD012,3,4.935,1.935
RWR_Binary,40311106,40BA141,2,4.8386,2.8386
RWR_Binary,40411134,40BA081,2,4.9269,2.9269
RWR_Binary,40211209,40BD012,3,4.9433,1.9433
RWR_Binary,40311130,40BA081,2,5.0,3.0
RWR_Binary,40311221,40BR372,2,4.8716,2.8716
RWR_Binary,40311140,40BA081,4,5.0,1.0
RWR_Binary,40211246,40BR222,5,4.7434,0.2566
RWR_Binary,40211139,40BQ371,4,4.7447,0.7447
RWR_Binary,40211113,40BC011,2,4.9181,2.9181
RWR_Binary,40311153,40BA081,4,5.0,1.0
RWR_Binary,40211105,40BA021,2,4.9386,2.9386
RWR_Binary,40211153,40BA121,3,4.9534,1.9534
RWR_Binary,40311230,40BA222,2,4.9707,2.9707
RWR_Binary,40311229,40BA022,3,4.9652,1.9652
RWR_Binary,40211239,40BA132,1,5.0,4.0
RWR_Binary,40411219,40BR472,4,4.7004,0.7004
RWR_Binary,40211137,40BA131,3,4.891,1.891
RWR_Binary,40211108,40BA091,2,4.749,2.749
RWR_Binary,40211263,40BD052,1,4.7729,3.7729
RWR_Binary,40327247,40BA021,1,4.9332,3.9332
RWR_Binary,40320326,40BC021,5,4.8443,0.1557
RWR_Binary,40211118,40BA151,5,4.732,0.268
RWR_Binary,40211128,40B0291,2,5.0,3.0
RWR_Binary,40211217,40BR322,4,4.7305,0.7305
RWR_Binary,40211133,40BA051,3,5.0,2.0
RWR_Binary,40311253,40BA102,3,4.912,1.912
RWR_Binary,40411160,40BC071,1,4.9525,3.9525
RWR_Binary,40211115,40BQ371,1,4.6714,3.6714
RWR_Binary,40211229,40BR342,4,4.6902,0.6902
RWR_Binary,40311245,40B8932,3,4.5965,1.5965
RWR_Binary,40333126,40BQ311,1,4.7961,3.7961
RWR_Binary,40211241,40BR072,5,4.8757,0.1243
RWR_Binary,40211229,40BA122,1,4.8698,3.8698
RWR_Binary,40411124,40BA101,1,4.9988,3.9988
RWR_Binary,40311113,40BA061,1,4.9294,3.9294
RWR_Binary,40211205,40BD052,3,4.7593,1.7593
RWR_Binary,40211146,40BQ381,3,4.6692,1.6692
RWR_Binary,40211201,40BR372,2,4.8428,2.8428
RWR_Binary,40411230,40BD012,4,4.988,0.988
RWR_Binary,40211216,40BA082,4,5.0,1.0
RWR_Binary,40511217,40BA052,2,4.987,2.987
RWR_Binary,40311107,40BA121,4,5.0,1.0
RWR_Binary,40311135,40BQ311,3,4.8061,1.8061
RWR_Binary,40211121,40BQ371,3,4.8149,1.8149
RWR_Binary,40411215,40BA102,4,4.9077,0.9077
RWR_Binary,40511210,40B0292,4,4.9952,0.9952
RWR_Binary,40211158,40BA022,2,4.6265,2.6265
RWR_Binary,40311104,40BC071,4,4.8512,0.8512
RWR_Binary,40311215,40BR072,4,4.8388,0.8388
RWR_Binary,40411101,40BQ031,5,4.7835,0.2165
RWR_Binary,40411240,40BA222,1,4.8408,3.8408
RWR_Binary,40311143,40BA011,1,5.0,4.0
RWR_Binary,40211255,433A021,2,4.6382,2.6382
RWR_Binary,40211225,40BR222,3,4.826,1.826
RWR_Binary,40211226,40B9572,4,4.4908,0.4908
RWR_Binary,40311249,40BR372,4,4.8673,0.8673
RWR_Binary,40311204,40BA222,4,4.8551,0.8551
RWR_Binary,40211115,40BQ321,1,4.7939,3.7939
RWR_Binary,40211201,409Q072,4,4.1749,0.1749
RWR_Binary,40211201,430R063,4,4.1749,0.1749
RWR_Binary,40211126,40BA021,2,4.9451,2.9451
RWR_Binary,40211113,40BA021,2,4.9313,2.9313
RWR_Binary,40211213,40BR322,3,4.7683,1.7683
RWR_Binary,40411242,40BD012,3,5.0,2.0
RWR_Binary,40311216,40BR072,3,4.8377,1.8377
RWR_Binary,40211102,40BA121,3,4.864,1.864
RWR_Binary,40311160,40BA021,1,4.9279,3.9279
RWR_Binary,40411128,40BQ311,2,4.7899,2.7899
RWR_Binary,40311121,40BQ031,1,4.8167,3.8167
RWR_Binary,40311202,40BA132,4,4.856,0.856
RWR_Binary,40311229,40BR372,4,4.8268,0.8268
RWR_Binary,40211230,40BD052,4,4.7682,0.7682
RWR_Binary,40411149,40BA011,5,5.0,0.0
RWR_Binary,40211237,40BD052,2,4.7715,2.7715
RWR_Binary,40211226,40BA052,4,4.9947,0.9947
RWR_Binary,40311113,40BC071,1,4.8737,3.8737
RWR_Binary,40211109,40BQ331,1,4.7695,3.7695
RWR_Binary,40211245,40B0292,2,5.0,3.0
RWR_Binary,40211222,40BA142,4,4.7577,0.7577
RWR_Binary,40411220,40BD012,2,4.9855,2.9855
RWR_Binary,40311173,40BA141,1,4.8437,3.8437
RWR_Binary,40311243,40BA132,5,4.8553,0.1447
RWR_Binary,40211209,40BA022,1,4.9584,3.9584
RWR_Binary,40211208,40BR042,1,4.864,3.864
RWR_Binary,40211208,40BR322,1,4.7104,3.7104
RWR_Binary,40311224,40BA052,1,5.0,4.0
RWR_Binary,40211117,409Z491,4,4.3011,0.3011
RWR_Binary,40211234,433A011,2,4.2475,2.2475
RWR_Binary,40211267,433A021,2,4.5504,2.5504
RWR_Binary,40411148,40BA051,5,5.0,0.0
RWR_Binary,40511205,40B0292,5,4.9952,0.0048
RWR_Binary,40211209,433A021,1,4.523,3.523
RWR_Binary,40211213,40BD032,4,4.9218,0.9218
RWR_Binary,40211166,40BC051,1,4.8661,3.8661
RWR_Binary,40411202,40BA012,1,4.9941,3.9941
RWR_Binary,40211230,40BR372,4,4.849,0.849
RWR_Binary,40211119,40BQ141,3,4.9473,1.9473
RWR_Binary,40311202,40BR372,5,4.8276,0.1724
RWR_Binary,40311128,40BC051,4,4.8913,0.8913
RWR_Binary,40511139,40BA051,1,5.0,4.0
RWR_Binary,40411114,40B0291,2,5.0,3.0
RWR_Binary,40211104,40BQ021,3,4.7259,1.7259
RWR_Binary,40311216,40B0292,3,5.0,2.0
RWR_Binary,40211107,40BQ141,1,4.7992,3.7992
RWR_Binary,40511222,40BA052,4,5.0,1.0
RWR_Binary,40311133,40BA051,3,5.0,2.0
RWR_Binary,40211120,40BA051,1,5.0,4.0
RWR_Binary,40511231,40B0292,1,5.0,4.0
RWR_Binary,40211214,40BR072,2,4.8714,2.8714
RWR_Binary,40211224,40BA122,2,4.9206,2.9206
RWR_Binary,40211147,40B0291,1,5.0,4.0
RWR_Binary,40211234,40BR222,5,4.7108,0.2892
RWR_Binary,40411102,40BQ311,3,4.7881,1.7881
RWR_Binary,40211141,40BC051,2,4.8959,2.8959
RWR_Binary,40205303,40BA152,1,4.7452,3.7452
RWR_Binary,40311216,40B8932,3,4.5778,1.5778
RWR_Binary,40211148,40UN050,3,3.5989,0.5989
RWR_Binary,40311129,40BA121,2,4.8589,2.8589
RWR_Binary,40211266,40BA221,1,4.6707,3.6707
RWR_Binary,40211211,40B9561,4,4.7025,0.7025
RWR_Binary,40211142,40BA051,3,5.0,2.0
RWR_Binary,40211161,40BC051,2,4.8293,2.8293
RWR_Binary,40311122,40BQ331,3,4.8106,1.8106
RWR_Binary,40411109,40BR472,3,4.5556,1.5556
RWR_Binary,40211238,40BA142,4,4.7733,0.7733
RWR_Binary,40511102,40B0291,5,5.0,0.0
RWR_Binary,40311138,40B0291,4,4.9766,0.9766
RWR_Binary,40211263,40BR242,1,4.6225,3.6225
RWR_Binary,40211232,40BA092,4,4.716,0.716
RWR_Binary,40211246,40BR032,4,4.7759,0.7759
RWR_Binary,40311123,40BA051,1,4.9905,3.9905
RWR_Binary,40211156,40BA011,5,5.0,0.0
RWR_Binary,40211165,40BQ141,2,4.7983,2.7983
RWR_Binary,40211201,4069432,2,4.3568,2.3568
RWR_Binary,40211245,40BR242,2,4.6116,2.6116
RWR_Binary,40211208,40BR242,2,4.5987,2.5987
RWR_Binary,40211151,40BQ021,5,4.7336,0.2664
RWR_Binary,40311236,40BQ512,4,4.748,0.748
RWR_Binary,40511218,40BA012,3,3.0,0.0
RWR_Binary,40411261,409A013,4,4.3878,0.3878
RWR_Binary,40311226,40BA082,4,4.9513,0.9513
RWR_Binary,40311132,40BQ031,3,4.9651,1.9651
RWR_Binary,40411264,40BD012,2,4.9476,2.9476
RWR_Binary,40211213,40BR072,4,4.9154,0.9154
RWR_Binary,40411152,40BA081,1,5.0,4.0
RWR_Binary,40211256,40BR372,4,4.8915,0.8915
RWR_Binary,40211262,40BR372,4,4.851,0.851
RWR_Binary,40211162,40BA021,2,4.9213,2.9213
RWR_Binary,40511244,40B0292,4,5.0,1.0
RWR_Binary,40311253,40B8932,2,4.5868,2.5868
RWR_Binary,40211238,40BA092,2,4.7579,2.7579
RWR_Binary,40311247,40BA082,4,4.953,0.953
RWR_Binary,40211132,40BA101,1,4.9529,3.9529
RWR_Binary,40311208,40BA012,4,5.0,1.0
RWR_Binary,40211216,40BR042,3,4.9229,1.9229
RWR_Binary,40311157,40BA221,4,4.8374,0.8374
RWR_Binary,40211223,40BA102,5,4.924,0.076
RWR_Binary,40311204,40BA122,3,4.8495,1.8495
RWR_Binary,40311123,40BA221,1,4.8376,3.8376
RWR_Binary,40311227,40B8932,3,4.5858,1.5858
RWR_Binary,40311108,40BC071,3,4.9361,1.9361
RWR_Binary,40211206,40BR342,3,4.6962,1.6962
RWR_Binary,40311122,40BC071,3,4.9318,1.9318
RWR_Binary,40211111,40BA081,2,4.9446,2.9446
RWR_Binary,40511206,40B0292,5,5.0,0.0
RWR_Binary,40311155,40BA051,3,4.967,1.967
RWR_Binary,40311131,40BA061,1,4.9435,3.9435
RWR_Binary,40411222,40B0292,4,5.0,1.0
RWR_Binary,40311140,40BC051,4,4.8829,0.8829
RWR_Binary,40311133,40BC051,3,4.8351,1.8351
RWR_Binary,40411202,40B0292,4,5.0,1.0
RWR_Binary,40411207,40BD012,1,4.9316,3.9316
RWR_Binary,40211118,40BA101,4,4.9362,0.9362
RWR_Binary,40411149,40B0291,5,4.9801,0.0199
RWR_Binary,40211111,40BA091,1,4.7433,3.7433
RWR_Binary,40211126,40BA081,4,4.9564,0.9564
RWR_Binary,40211126,40BQ021,4,4.7187,0.7187
RWR_Binary,40411234,40BA022,1,5.0,4.0
RWR_Binary,40211150,40BA021,3,4.9148,1.9148
RWR_Binary,40211137,40BQ051,1,4.7437,3.7437
RWR_Binary,40211237,40BA122,1,4.8707,3.8707
RWR_Binary,40511156,40B0291,5,5.0,0.0
RWR_Binary,40211150,40BQ051,4,4.7329,0.7329
RWR_Binary,40211225,40BR072,4,5.0,1.0
RWR_Binary,40311248,40BQ512,4,4.8928,0.8928
RWR_Binary,40211117,40BA011,1,5.0,4.0
RWR_Binary,40311143,40BA081,3,4.9041,1.9041
RWR_Binary,40311133,40BA131,2,4.8638,2.8638
RWR_Binary,40211108,40BQ141,4,4.8016,0.8016
RWR_Binary,40211154,40BC051,2,4.8442,2.8442
RWR_Binary,40320326,40BA061,1,4.9288,3.9288
RWR_Binary,40311105,40BC051,2,4.847,2.847
RWR_Binary,40311132,40BQ341,4,4.6982,0.6982
RWR_Binary,40211248,40BD052,4,4.8085,0.8085
RWR_Binary,40211127,40BQ371,4,4.7132,0.7132
RWR_Binary,40411212,40BA052,1,4.989,3.989
RWR_Binary,40211252,409Z501,5,4.4435,0.5565
RWR_Binary,40211165,40BA011,5,5.0,0.0
RWR_Binary,40411209,40BA012,1,5.0,4.0
RWR_Binary,40411209,40BR472,3,4.688,1.688
RWR_Binary,40311115,40BA011,1,5.0,4.0
RWR_Binary,40211102,40BA051,3,4.9596,1.9596
RWR_Binary,40411220,40BA222,4,4.8926,0.8926
RWR_Binary,40211104,40BA061,5,4.9582,0.0418
RWR_Binary,40411211,40BA022,3,4.9513,1.9513
RWR_Binary,40211248,40BA132,2,4.9153,2.9153
RWR_Binary,40311133,40BA081,3,4.9518,1.9518
RWR_Binary,40311204,40BD012,5,4.9442,0.0558
RWR_Binary,40311122,40BC011,1,4.9703,3.9703
RWR_Binary,40211102,409D021,4,4.353,0.353
RWR_Binary,40211147,40BC071,1,4.8655,3.8655
RWR_Binary,40411161,40BA021,3,4.9291,1.9291
RWR_Binary,40211214,40B0292,2,5.0,3.0
RWR_Binary,40211206,40BR372,4,4.8545,0.8545
RWR_Binary,40311241,40BD032,1,4.8562,3.8562
RWR_Binary,40211131,40BA021,1,4.9078,3.9078
RWR_Binary,40211141,40BA061,5,4.9959,0.0041
RWR_Binary,40411102,40B0291,5,5.0,0.0
RWR_Binary,40311258,40BA082,5,4.982,0.018
RWR_Binary,40411129,40BC071,1,4.8698,3.8698
RWR_Binary,40411255,40BA082,4,5.0,1.0
RWR_Binary,40211230,40BA122,4,4.8712,0.8712
RWR_Binary,40211141,40BQ371,5,4.7523,0.2477
RWR_Binary,40411151,40BA051,5,5.0,0.0
RWR_Binary,40411105,40BA011,1,5.0,4.0
RWR_Binary,40311204,40BR072,4,4.8553,0.8553
RWR_Binary,40211239,40BA092,1,4.8809,3.8809
RWR_Binary,40311227,40BA021,2,4.4825,2.4825
RWR_Binary,40411127,40BC011,2,4.9022,2.9022
RWR_Binary,40311202,40BA062,3,4.9519,1.9519
RWR_Binary,40311218,40BD032,1,4.8998,3.8998
RWR_Binary,40211132,40BA021,1,4.934,3.934
RWR_Binary,40211226,40BA142,4,4.7651,0.7651
RWR_Binary,40211238,40BA122,2,4.8715,2.8715
RWR_Binary,40311105,40B0291,3,5.0,2.0
RWR_Linear,40411202,40BR472,3,4.7394,1.7394
RWR_Linear,40311247,40BA052,5,5.0,0.0
RWR_Linear,40211206,40BR122,5,4.8789,0.1211
RWR_Linear,40511218,40B0292,5,3.0,2.0
RWR_Linear,40211202,40BR342,2,4.7594,2.7594
RWR_Linear,40311256,40BA122,3,4.8564,1.8564
RWR_Linear,40211109,40BA091,1,4.6225,3.6225
RWR_Linear,40311211,40BA062,1,4.8504,3.8504
RWR_Linear,40311211,40BA012,1,4.9478,3.9478
RWR_Linear,40211148,40BQ021,4,4.7582,0.7582
RWR_Linear,40211220,40BA082,4,4.9224,0.9224
RWR_Linear,40311215,40BR372,4,4.8355,0.8355
RWR_Linear,40311207,40BA222,5,4.9569,0.0431
RWR_Linear,40211250,40BR222,4,4.7241,0.7241
RWR_Linear,40211133,40BA121,3,4.9219,1.9219
RWR_Linear,40311259,40BA122,1,4.8476,3.8476
RWR_Linear,40211138,40BQ331,3,4.7264,1.7264
RWR_Linear,40211121,40BC051,3,4.9327,1.9327
RWR_Linear,40311108,40BA061,2,5.0,3.0
RWR_Linear,40211125,40BC051,4,4.8552,0.8552
RWR_Linear,40411111,40BC011,1,4.8142,3.8142
RWR_Linear,40211138,40B0291,2,5.0,3.0
RWR_Linear,40311155,40BA011,4,5.0,1.0
RWR_Linear,40211217,40BA102,5,4.9586,0.0414
RWR_Linear,40411202,40BA062,2,4.8684,2.8684
RWR_Linear,40211106,40BQ051,4,4.7808,0.7808
RWR_Linear,40511204,40B0292,5,5.0,0.0
RWR_Linear,40211150,40BC011,3,4.858,1.858
RWR_Linear,40311108,40BA141,2,4.844,2.844
RWR_Linear,40411129,40B0291,2,5.0,3.0
RWR_Linear,40311109,40BA011,1,4.9584,3.9584
RWR_Linear,40411145,40BA051,1,4.9548,3.9548
RWR_Linear,40211125,40BA091,1,4.6446,3.6446
RWR_Linear,40311226,40BR072,4,4.9296,0.9296
RWR_Linear,40211135,40BA011,4,4.9614,0.9614
RWR_Linear,40211217,40BA092,5,4.8248,0.1752
RWR_Linear,40311134,409A011,2,4.1325,2.1325
RWR_Linear,40211102,40BQ391,4,4.7579,0.7579
RWR_Linear,40211117,40BQ051,4,4.7369,0.7369
RWR_Linear,40311236,40BA082,4,4.9789,0.9789
RWR_Linear,40311244,40BR072,3,4.9214,1.9214
RWR_Linear,40411248,40BA012,4,5.0,1.0
RWR_Linear,40311246,40BA052,3,5.0,2.0
RWR_Linear,40311140,40BQ341,5,4.6959,0.3041
RWR_Linear,40411120,40BC071,4,4.8674,0.8674
RWR_Linear,40211232,40BA012,1,4.9424,3.9424
RWR_Linear,40211102,40BA151,4,4.7738,0.7738
RWR_Linear,40411118,40BA081,1,5.0,4.0
RWR_Linear,40211156,40BQ171,3,4.7356,1.7356
RWR_Linear,40211207,40BR082,5,4.7898,0.2102
RWR_Linear,40211113,40B9662,4,4.5406,0.5406
RWR_Linear,40311150,40B0291,3,5.0,2.0
RWR_Linear,40311127,40BA061,1,4.9866,3.9866
RWR_Linear,40311247,40BR372,4,4.9002,0.9002
RWR_Linear,40211129,40BA101,4,4.9667,0.9667
RWR_Linear,40211127,40B0291,4,5.0,1.0
RWR_Linear,40211102,40KA393,4,1.0,3.0
RWR_Linear,40211245,40BR082,3,4.7986,1.7986
RWR_Linear,40411163,40BA221,3,4.7805,1.7805
RWR_Linear,40311117,40BQ341,4,4.8109,0.8109
RWR_Linear,40311111,40BA141,2,4.8488,2.8488
RWR_Linear,40211146,40BA021,2,4.8771,2.8771
RWR_Linear,40311150,40BA101,1,4.8447,3.8447
RWR_Linear,40311216,40BR022,3,4.8574,1.8574
RWR_Linear,40411150,40BA051,1,5.0,4.0
RWR_Linear,40211126,40KA513,3,4.3932,1.3932
RWR_Linear,40211126,40KE011,3,1.0,2.0
RWR_Linear,40211252,40BA052,3,5.0,2.0
RWR_Linear,40411242,40BA222,3,4.8913,1.8913
RWR_Linear,40211162,40BA091,1,4.6231,3.6231
RWR_Linear,40411129,40BQ031,3,4.7714,1.7714
RWR_Linear,40411247,40BA052,3,5.0,2.0
RWR_Linear,40211158,40BC061,3,4.7599,1.7599
RWR_Linear,40211214,40BA012,4,4.934,0.934
RWR_Linear,40211107,40BA141,1,4.8029,3.8029
RWR_Linear,40311256,40B8932,5,4.7033,0.2967
RWR_Linear,40211252,40BA142,5,4.8766,0.1234
RWR_Linear,40311138,40BA081,3,4.9237,1.9237
RWR_Linear,40211146,40BQ051,3,4.7392,1.7392
RWR_Linear,40311235,40K0051,1,3.8171,2.8171
RWR_Linear,40311150,40BA021,1,4.8488,3.8488
RWR_Linear,40411236,40BA082,4,4.9672,0.9672
RWR_Linear,40411120,40BC011,3,4.835,1.835
RWR_Linear,40311254,40BA052,3,4.9925,1.9925
RWR_Linear,40411219,40B0292,5,5.0,0.0
RWR_Linear,40311223,40B0292,3,5.0,2.0
RWR_Linear,40211117,40BC021,2,4.8927,2.8927
RWR_Linear,40211229,90B2681,4,4.2793,0.2793
RWR_Linear,40211220,40BR042,4,4.8333,0.8333
RWR_Linear,40211209,40BR222,4,4.7899,0.7899
RWR_Linear,40333126,40BA221,1,4.7525,3.7525
RWR_Linear,40211105,40BC051,2,4.8327,2.8327
RWR_Linear,40211108,40BC061,5,4.821,0.179
RWR_Linear,40211202,40BA102,3,4.9587,1.9587
RWR_Linear,40211261,40BA022,5,4.9062,0.0938
RWR_Linear,40311128,40BA221,3,4.8655,1.8655
RWR_Linear,40211242,40BA102,4,4.9548,0.9548
RWR_Linear,40211250,40BA012,3,4.9369,1.9369
RWR_Linear,40211111,40B0291,2,5.0,3.0
RWR_Linear,40211208,433A011,1,4.1709,3.1709
RWR_Linear,40211156,40BQ381,4,4.6861,0.6861
RWR_Linear,40211127,40BQ321,4,4.8285,0.8285
RWR_Linear,40211109,40BC021,3,4.8932,1.8932
RWR_Linear,40511103,40BA051,1,4.9152,3.9152
RWR_Linear,40211146,40BA101,1,4.8916,3.8916
RWR_Linear,40211148,40BA121,4,5.0,1.0
RWR_Linear,40211230,409Z491,5,4.5741,0.4259
RWR_Linear,40211144,40BC021,1,4.9496,3.9496
RWR_Linear,40411224,40B0292,5,5.0,0.0
RWR_Linear,40211247,40BR042,1,4.9905,3.9905
RWR_Linear,40211113,40BQ331,1,4.7205,3.7205
RWR_Linear,40411215,40BA062,1,4.9138,3.9138
RWR_Linear,40511133,40BA011,5,5.0,0.0
RWR_Linear,40211109,40BQ391,4,4.7709,0.7709
RWR_Linear,40311205,40BA102,4,4.9649,0.9649
RWR_Linear,40211206,40BA122,3,4.8686,1.8686
RWR_Linear,40211127,40BA121,4,4.8563,0.8563
RWR_Linear,40311206,40BA082,4,4.9925,0.9925
RWR_Linear,40311238,40BA102,3,4.8958,1.8958
RWR_Linear,40411252,40BA222,3,4.8823,1.8823
RWR_Linear,40311217,40BA102,3,4.9561,1.9561
RWR_Linear,40311232,40BA062,1,4.9311,3.9311
RWR_Linear,40211228,409Z511,4,4.4681,0.4681
RWR_Linear,40411230,40BA062,1,4.9221,3.9221
RWR_Linear,40211113,40BA131,3,4.8761,1.8761
RWR_Linear,40211259,40BD052,4,4.7431,0.7431
RWR_Linear,40211132,40B0291,2,5.0,3.0
RWR_Linear,40211234,40BD032,4,4.9224,0.9224
RWR_Linear,40411133,40BA081,1,5.0,4.0
RWR_Linear,40311166,40BQ311,3,4.7924,1.7924
RWR_Linear,40211228,40BR032,4,4.8145,0.8145
RWR_Linear,40211111,40BC011,1,4.8251,3.8251
RWR_Linear,40311214,40BA052,3,5.0,2.0
RWR_Linear,40211264,40BD012,1,4.945,3.945
RWR_Linear,40211108,40BC021,4,4.9581,0.9581
RWR_Linear,40311137,40BC021,5,4.936,0.064
RWR_Linear,40311123,40B0291,2,5.0,3.0
RWR_Linear,40211219,40BA152,4,4.7359,0.7359
RWR_Linear,40211104,40BA121,3,4.9214,1.9214
RWR_Linear,40411128,40BA061,3,4.9487,1.9487
RWR_Linear,40511246,40BA012,4,5.0,1.0
RWR_Linear,40211141,40BA101,3,4.9544,1.9544
RWR_Linear,40311226,40BR022,3,4.9183,1.9183
RWR_Linear,40211267,40BA132,3,4.9117,1.9117
RWR_Linear,40411217,40BA062,5,4.9243,0.0757
RWR_Linear,40211242,40BA022,4,4.9532,0.9532
RWR_Linear,40411230,40BA082,2,4.992,2.992
RWR_Linear,40211142,40BQ021,1,4.6733,3.6733
RWR_Linear,40411208,40BR022,3,4.9284,1.9284
RWR_Linear,40311206,40BA222,3,4.8929,1.8929
RWR_Linear,40211237,40BA102,3,4.897,1.897
RWR_Linear,40211205,40B0292,5,5.0,0.0
RWR_Linear,40311250,40UN160,4,4.2593,0.2593
RWR_Linear,40511238,40BA052,4,4.9806,0.9806
RWR_Linear,40311121,40BA051,3,5.0,2.0
RWR_Linear,40211257,40BA102,1,4.9589,3.9589
RWR_Linear,40311122,40BA121,2,4.9232,2.9232
RWR_Linear,40411141,40BA101,1,4.998,3.998
RWR_Linear,40511209,40B0292,4,5.0,1.0
RWR_Linear,40311261,40B8932,4,4.6441,0.6441
RWR_Linear,40211117,40UN110,4,4.7023,0.7023
RWR_Linear,40311201,40BA122,5,4.8887,0.1113
RWR_Linear,40211246,40BA062,5,4.931,0.069
RWR_Linear,40311114,40BQ341,5,4.6878,0.3122
RWR_Linear,40311224,40BA022,1,4.9417,3.9417
RWR_Linear,40311229,40BA132,5,4.9104,0.0896
RWR_Linear,40311112,40BQ341,5,4.8494,0.1506
RWR_Linear,40211105,40BQ171,1,4.7324,3.7324
RWR_Linear,40311221,40BA062,1,4.9213,3.9213
RWR_Linear,40211248,40BR342,3,4.7776,1.7776
RWR_Linear,40211246,40BA082,3,4.9913,1.9913
RWR_Linear,40211105,40BA121,3,4.8765,1.8765
RWR_Linear,40411227,40BA052,4,5.0,1.0
RWR_Linear,40211262,40BD012,4,4.9426,0.9426
RWR_Linear,40411115,40BA021,2,4.9585,2.9585
RWR_Linear,40311121,40BA021,3,4.9417,1.9417
RWR_Linear,40411207,40B0292,4,5.0,1.0
RWR_Linear,40411140,40BQ311,2,4.7811,2.7811
RWR_Linear,40311264,4069582,2,5.0,3.0
RWR_Linear,40311119,40BA131,2,4.8698,2.8698
RWR_Linear,40411210,40BA062,3,4.8541,1.8541
RWR_Linear,40411202,40BA082,3,4.9382,1.9382
RWR_Linear,40411164,40BA101,2,4.8947,2.8947
RWR_Linear,40211229,40BR122,5,4.8626,0.1374
RWR_Linear,40511217,40B0292,4,5.0,1.0
RWR_Linear,40211259,40BA122,2,4.8207,2.8207
RWR_Linear,40211255,40BD032,3,5.0,2.0
RWR_Linear,40211142,40BA061,4,4.9979,0.9979
RWR_Linear,40211249,40BR042,2,4.8411,2.8411
RWR_Linear,40311148,40BC071,3,4.8132,1.8132
RWR_Linear,40311232,40BQ512,3,4.8345,1.8345
RWR_Linear,40211161,40B9651,3,4.5771,1.5771
RWR_Linear,40211209,40BA082,2,4.9863,2.9863
RWR_Linear,40311209,40B0292,1,5.0,4.0
RWR_Linear,40311259,40BA052,5,5.0,0.0
RWR_Linear,40411237,40BD012,3,4.9276,1.9276
RWR_Linear,40411219,40BA052,3,4.9305,1.9305
RWR_Linear,40211213,40BA132,1,4.9188,3.9188
RWR_Linear,40311250,40BD012,5,4.9983,0.0017
RWR_Linear,40311137,40BQ331,3,4.7628,1.7628
RWR_Linear,40511206,40BA052,4,4.9329,0.9329
RWR_Linear,40511229,40B0292,4,5.0,1.0
RWR_Linear,40311229,40BR072,4,4.9275,0.9275
RWR_Linear,40211234,40BA102,4,4.9633,0.9633
RWR_Linear,40211238,40BD012,1,4.9934,3.9934
RWR_Linear,40311211,40B0292,3,5.0,2.0
RWR_Linear,40311238,40BQ512,4,4.762,0.762
RWR_Linear,40411243,40BA012,1,5.0,4.0
RWR_Linear,40311129,40BQ321,2,4.875,2.875
RWR_Linear,40211150,40BA051,3,4.9624,1.9624
RWR_Linear,40411236,40BR022,4,4.9175,0.9175
RWR_Linear,40211117,40BA091,1,4.5959,3.5959
RWR_Linear,40411231,40BA012,1,5.0,4.0
RWR_Linear,40311205,40BR372,5,4.9073,0.0927
RWR_Linear,40211217,40BA052,4,5.0,1.0
RWR_Linear,40211146,40BA141,3,4.7985,1.7985
RWR_Linear,40411138,40BC011,1,4.8222,3.8222
RWR_Linear,40211156,40BR372,3,4.6443,1.6443
RWR_Linear,40411208,40BA052,3,5.0,2.0
RWR_Linear,40205303,40BR072,3,4.9015,1.9015
RWR_Linear,40411220,40BA062,2,4.9285,2.9285
RWR_Linear,40411213,40BD012,4,4.9333,0.9333
RWR_Linear,40211267,40BD052,1,4.8009,3.8009
RWR_Linear,40211129,40BA141,4,4.8553,0.8553
RWR_Linear,40211126,433N062,5,4.4592,0.5408
RWR_Linear,40211102,409U053,5,4.3808,0.6192
RWR_Linear,40211134,40BA061,4,5.0,1.0
RWR_Linear,40311134,40BQ321,3,4.8168,1.8168
RWR_Linear,40211203,40BA022,3,4.9539,1.9539
RWR_Linear,40211147,40BC051,1,4.8042,3.8042
RWR_Linear,40311217,40BD012,4,4.9913,0.9913
RWR_Linear,40211233,40BA152,2,4.8702,2.8702
RWR_Linear,40211137,40BQ391,2,4.8183,2.8183
RWR_Linear,40411106,40BA051,3,5.0,2.0
RWR_Linear,40311158,40UN130,5,3.5672,1.4328
RWR_Linear,40211116,40BQ021,4,4.7035,0.7035
RWR_Linear,40311202,40BA082,4,4.9937,0.9937
RWR_Linear,40211154,40BQ391,3,4.7909,1.7909
RWR_Linear,40311110,40B0291,3,5.0,2.0
RWR_Linear,40411150,40BC071,2,4.8726,2.8726
RWR_Linear,40211117,40BA131,4,4.8786,0.8786
RWR_Linear,40311229,40BD012,4,4.9997,0.9997
RWR_Linear,40211102,40BA081,4,4.9296,0.9296
RWR_Linear,40211115,40BQ021,2,4.6473,2.6473
RWR_Linear,40211215,40BA052,1,4.9949,3.9949
RWR_Linear,40211105,40BA151,3,4.7778,1.7778
RWR_Linear,40211166,40BQ371,1,4.7411,3.7411
RWR_Linear,40311237,40BA122,3,4.8562,1.8562
RWR_Linear,40311211,40BA132,4,4.8541,0.8541
RWR_Linear,40211225,40UN070,5,4.4403,0.5597
RWR_Linear,40511109,40B0291,4,5.0,1.0
RWR_Linear,40211161,40BQ051,1,4.7821,3.7821
RWR_Linear,40211118,40BC051,5,4.8601,0.1399
RWR_Linear,40411131,40BA021,1,4.947,3.947
RWR_Linear,40311122,40BA221,3,4.8025,1.8025
RWR_Linear,40511104,40B0291,5,5.0,0.0
RWR_Linear,40211126,40BA051,5,4.9979,0.0021
RWR_Linear,40211211,40BR082,3,4.9216,1.9216
RWR_Linear,40211262,40BA092,4,4.7741,0.7741
RWR_Linear,40211250,40B0292,4,5.0,1.0
RWR_Linear,40311233,40B8932,3,4.6368,1.6368
RWR_Linear,40311146,40BC011,1,4.8814,3.8814
RWR_Linear,40211156,40BA151,3,4.7789,1.7789
RWR_Linear,40211228,40BA062,3,4.9409,1.9409
RWR_Linear,40311221,40BD012,3,5.0,2.0
RWR_Linear,40311119,40BA011,5,5.0,0.0
RWR_Linear,40411126,40BC011,3,4.8628,1.8628
RWR_Linear,40311130,409A021,1,4.2169,3.2169
RWR_Linear,40211232,40BA102,1,4.8933,3.8933
RWR_Linear,40211117,40BA121,3,4.8617,1.8617
RWR_Linear,40411247,40BA102,2,4.9529,2.9529
RWR_Linear,40211248,40BA102,4,4.9608,0.9608
RWR_Linear,40411251,40BA022,2,4.9578,2.9578
RWR_Linear,40312142,40BA101,4,4.8809,0.8809
RWR_Linear,40211229,40BR082,4,4.835,0.835
RWR_Linear,40211214,40BR242,2,4.6124,2.6124
RWR_Linear,40311150,40BC011,1,4.7705,3.7705
RWR_Linear,40411102,40BQ031,5,4.7742,0.2258
RWR_Linear,40211106,40BA061,5,4.9705,0.0295
RWR_Linear,40211230,409Z481,4,4.5836,0.5836
RWR_Linear,40211117,40BA151,4,4.7478,0.7478
RWR_Linear,40211259,40BA022,4,4.9086,0.9086
RWR_Linear,40311259,40BA062,1,4.9177,3.9177
RWR_Linear,40411159,40BA101,3,4.9399,1.9399
RWR_Linear,40411115,40BA221,1,4.838,3.838
RWR_Linear,40211247,409Z481,4,4.6607,0.6607
RWR_Linear,40311260,40BR022,3,4.9157,1.9157
RWR_Linear,40411128,40BA011,1,5.0,4.0
RWR_Linear,40211146,40BA151,4,4.7552,0.7552
RWR_Linear,40211101,40B0291,4,5.0,1.0
RWR_Linear,40211148,40BQ171,4,4.8495,0.8495
RWR_Linear,40211244,40BR042,2,4.8918,2.8918
RWR_Linear,40511101,40BA011,1,5.0,4.0
RWR_Linear,40205303,40BR242,1,4.6139,3.6139
RWR_Linear,40211235,40BR042,2,4.9408,2.9408
RWR_Linear,40211126,40KA393,3,1.0,2.0
RWR_Linear,40211139,40BQ421,2,4.6499,2.6499
RWR_Linear,40211206,40BD012,3,4.9965,1.9965
RWR_Linear,40311204,40BA052,5,5.0,0.0
RWR_Linear,40211233,40BR242,1,4.7445,3.7445
RWR_Linear,40411125,40BA011,1,5.0,4.0
RWR_Linear,40311218,40BA132,5,4.9125,0.0875
RWR_Linear,40211137,40BC011,3,4.8801,1.8801
RWR_Linear,40311120,40BA021,1,4.8702,3.8702
RWR_Linear,40511107,40BA051,5,5.0,0.0
RWR_Linear,40311217,40BD032,2,4.8934,2.8934
RWR_Linear,40311215,40B0292,2,5.0,3.0
RWR_Linear,40311155,40BQ031,1,4.7969,3.7969
RWR_Linear,40211201,40BR032,3,4.8133,1.8133
RWR_Linear,40211134,40BQ401,4,4.739,0.739
RWR_Linear,40211208,40BA092,1,4.8044,3.8044
RWR_Linear,40211247,40BR032,4,4.8917,0.8917
RWR_Linear,40311238,40BA122,3,4.7805,1.7805
RWR_Linear,40211109,40BQ141,2,4.792,2.792
RWR_Linear,40211130,40BA081,1,5.0,4.0
RWR_Linear,40311158,40BC071,5,4.8096,0.1904
RWR_Linear,40211226,40BD032,4,4.9086,0.9086
RWR_Linear,40211266,40BA081,2,4.6927,2.6927
RWR_Linear,40311233,40B0292,3,5.0,2.0
RWR_Linear,40311136,40BA011,1,5.0,4.0
RWR_Linear,40311132,40BA121,1,4.9884,3.9884
RWR_Linear,40211133,40BC011,2,4.8773,2.8773
RWR_Linear,40211236,40BD012,1,4.9297,3.9297
RWR_Linear,40311210,40BA222,3,4.9563,1.9563
RWR_Linear,40211117,40BQ141,2,4.7779,2.7779
RWR_Linear,40311261,40BD032,3,4.8348,1.8348
RWR_Linear,40211225,40B9561,4,4.6736,0.6736
RWR_Linear,40211228,40BA132,3,4.9215,1.9215
RWR_Linear,40211158,40BA011,4,4.969,0.969
RWR_Linear,40211154,40BA091,1,4.6307,3.6307
RWR_Linear,40211137,40BA061,1,4.9997,3.9997
RWR_Linear,40211209,40BD032,2,4.9168,2.9168
RWR_Linear,40411227,40BA222,3,4.881,1.881
RWR_Linear,40311235,40BA222,1,4.8262,3.8262
RWR_Linear,40211141,40BC061,4,4.8096,0.8096
RWR_Linear,40211261,40BR072,5,4.8964,0.1036
RWR_Linear,40211114,40BA011,1,5.0,4.0
RWR_Linear,40411126,40BA081,4,5.0,1.0
RWR_Linear,40211229,40BA012,2,5.0,3.0
RWR_Linear,40311122,40BA081,4,5.0,1.0
RWR_Linear,40311109,40BA021,1,4.8593,3.8593
RWR_Linear,40411205,40BD012,4,4.9897,0.9897
RWR_Linear,40327247,40BC071,2,4.8227,2.8227
RWR_Linear,40311238,40B0292,2,5.0,3.0
RWR_Linear,40311238,40B8932,3,4.6279,1.6279
RWR_Linear,40411158,40BA051,2,4.9543,2.9543
RWR_Linear,40311243,40BA052,4,4.9955,0.9955
RWR_Linear,40411211,40BA222,2,4.8817,2.8817
RWR_Linear,40511226,40BA012,4,3.0,1.0
RWR_Linear,40411255,40BA222,4,4.8952,0.8952
RWR_Linear,40411212,40BD012,3,4.9793,1.9793
RWR_Linear,40211202,40B9651,4,4.4733,0.4733
RWR_Linear,40311243,40BD012,4,4.9981,0.9981
RWR_Linear,40211112,40KT142,5,4.408,0.592
RWR_Linear,40311204,40BA132,4,4.9115,0.9115
RWR_Linear,40211224,40BD012,3,5.0,2.0
RWR_Linear,40211113,40BA091,1,4.6056,3.6056
RWR_Linear,40411156,40BA021,4,4.8887,0.8887
RWR_Linear,40311153,40BA021,5,4.9483,0.0517
RWR_Linear,40211266,40BR022,2,4.8087,2.8087
RWR_Linear,40411219,40BA082,5,4.9311,0.0689
RWR_Linear,40311223,40BA122,3,4.7907,1.7907
RWR_Linear,40211116,40BQ051,4,4.8196,0.8196
RWR_Linear,40211246,40BR122,5,4.8736,0.1264
RWR_Linear,40311158,40BQ341,3,4.6313,1.6313
RWR_Linear,40411201,40BA062,3,5.0,2.0
RWR_Linear,40211126,40IN672,5,4.4688,0.5312
RWR_Linear,40211249,40B0292,4,5.0,1.0
RWR_Linear,40311108,40BC011,2,4.8863,2.8863
RWR_Linear,40411156,40BA011,5,5.0,0.0
RWR_Linear,40411244,40BR472,1,4.7766,3.7766
RWR_Linear,40211103,40UN050,1,3.7233,2.7233
RWR_Linear,40411242,40BA102,4,4.971,0.971
RWR_Linear,40411202,40BA052,4,4.9343,0.9343
RWR_Linear,40211261,40BA152,3,4.726,1.726
RWR_Linear,40511142,40BA051,3,4.9473,1.9473
RWR_Linear,40411246,40BA082,3,4.9874,1.9874
RWR_Linear,40211104,40UN110,4,4.7748,0.7748
RWR_Linear,40311236,40BR042,4,4.8854,0.8854
RWR_Linear,40211223,40BA132,3,4.9094,1.9094
RWR_Linear,40211115,40BA011,3,5.0,2.0
RWR_Linear,40211144,40BQ421,1,4.6552,3.6552
RWR_Linear,40211203,40BA102,4,4.955,0.955
RWR_Linear,40211257,409U163,1,4.2201,3.2201
RWR_Linear,40311113,40BA051,1,4.9012,3.9012
RWR_Linear,40411236,40BA012,3,5.0,2.0
RWR_Linear,40411233,40BA102,4,5.0,1.0
RWR_Linear,40311161,40BA221,1,4.7493,3.7493
RWR_Linear,40211153,40BR372,4,4.7296,0.7296
RWR_Linear,40411108,40BA011,4,5.0,1.0
RWR_Linear,40211115,40BC061,1,4.7611,3.7611
RWR_Linear,40311130,40BQ031,2,4.8436,2.8436
RWR_Linear,40211102,40B0291,2,5.0,3.0
RWR_Linear,40211205,40BR032,5,4.7402,0.2598
RWR_Linear,40211132,40BA081,2,4.9158,2.9158
RWR_Linear,40311257,40BA102,3,5.0,2.0
RWR_Linear,40211110,40BQ321,2,4.8307,2.8307
RWR_Linear,40411255,40BA102,4,4.9736,0.9736
RWR_Linear,40411138,40BA051,2,4.9521,2.9521
RWR_Linear,40311105,409A011,2,4.1559,2.1559
RWR_Linear,40311265,4064243,2,4.8175,2.8175
RWR_Linear,40311255,40B0292,2,5.0,3.0
RWR_Linear,40211104,40BA131,4,4.9389,0.9389
RWR_Linear,40211233,40BA092,2,4.9155,2.9155
RWR_Linear,40211133,40BR372,5,4.7059,0.2941
RWR_Linear,40311138,40BA011,1,4.9646,3.9646
RWR_Linear,40311124,40BA021,1,5.0,4.0
RWR_Linear,40211238,433A021,2,4.3538,2.3538
RWR_Linear,40311223,40BA222,1,4.8181,3.8181
RWR_Linear,40211161,40BA051,2,4.9625,2.9625
RWR_Linear,40211137,40BA091,1,4.6534,3.6534
RWR_Linear,40311128,40BA121,4,4.9545,0.9545
RWR_Linear,40411238,40BA052,2,5.0,3.0
RWR_Linear,40211118,40BC061,5,4.7947,0.2053
RWR_Linear,40311218,40BR042,4,4.8997,0.8997
RWR_Linear,40211235,40BA152,4,4.825,0.825
RWR_Linear,40211138,40BA051,3,4.9285,1.9285
RWR_Linear,40311206,40BA062,1,4.9161,3.9161
RWR_Linear,40211230,40B0292,5,5.0,0.0
RWR_Linear,40411209,40BA222,3,4.8655,1.8655
RWR_Linear,40311118,40BC051,3,4.9819,1.9819
RWR_Linear,40211224,40BR072,3,4.9531,1.9531
RWR_Linear,40311243,40BA122,4,4.8476,0.8476
RWR_Linear,40211113,40B0291,2,5.0,3.0
RWR_Linear,40211235,40BR072,4,4.9948,0.9948
RWR_Linear,40211161,40BQ331,1,4.7524,3.7524
RWR_Linear,40311253,40B0292,3,5.0,2.0
RWR_Linear,40211225,40BR372,4,4.9666,0.9666
RWR_Linear,40311227,40BA082,4,4.9194,0.9194
RWR_Linear,40211262,40BR082,5,4.7992,0.2008
RWR_Linear,40511229,40BA052,2,4.9329,2.9329
RWR_Linear,40211122,40BQ421,3,4.696,1.696
RWR_Linear,40411119,40BA051,1,5.0,4.0
RWR_Linear,40211202,40BA132,3,4.9025,1.9025
RWR_Linear,40211125,40BQ141,4,4.813,0.813
RWR_Linear,40411205,40BA052,2,5.0,3.0
RWR_Linear,40311131,40B0291,2,5.0,3.0
RWR_Linear,40311146,40BA081,2,4.9992,2.9992
RWR_Linear,40211245,40BR032,2,4.7569,2.7569
RWR_Linear,40411130,40BC071,1,4.9126,3.9126
RWR_Linear,40311135,40BA221,1,4.7912,3.7912
RWR_Linear,40411143,40BA051,1,5.0,4.0
RWR_Linear,40411207,40BA062,2,4.8607,2.8607
RWR_Linear,40211220,409Z481,5,4.5032,0.4968
RWR_Linear,40211205,40BA062,5,4.8626,0.1374
RWR_Linear,40211230,40BA062,4,4.8756,0.8756
RWR_Linear,40411140,40BA021,1,4.89,3.89
RWR_Linear,40511262,40BA052,3,4.9329,1.9329
RWR_Linear,40211262,40BA142,5,4.8263,0.1737
RWR_Linear,40311132,40BQ321,3,4.9701,1.9701
RWR_Linear,40311138,40BC021,4,4.8793,0.8793
RWR_Linear,40311151,40BA141,3,4.8971,1.8971
RWR_Linear,40411143,40BA221,1,4.811,3.811
RWR_Linear,40211222,40BD032,4,4.9081,0.9081
RWR_Linear,40311231,40BD032,2,4.886,2.886
RWR_Linear,40311205,40BD032,3,4.8961,1.8961
RWR_Linear,40511227,40BA052,2,5.0,3.0
RWR_Linear,40211152,40B0291,2,5.0,3.0
RWR_Linear,40211233,40BA142,4,4.9726,0.9726
RWR_Linear,40311238,40BA132,3,4.8333,1.8333
RWR_Linear,40211125,40BC011,4,4.8571,0.8571
RWR_Linear,40311219,40B0292,1,5.0,4.0
RWR_Linear,40311105,40BC071,2,4.8164,2.8164
RWR_Linear,40311134,40BA121,3,4.8397,1.8397
RWR_Linear,40311116,40B0291,2,5.0,3.0
RWR_Linear,40311157,40BA061,3,4.9228,1.9228
RWR_Linear,40211104,40BC051,2,4.8823,2.8823
RWR_Linear,40411149,40BC071,1,4.7989,3.7989
RWR_Linear,40411130,40BA102,3,4.847,1.847
RWR_Linear,40311214,40BD032,2,4.8936,2.8936
RWR_Linear,40411222,40BA062,1,4.8634,3.8634
RWR_Linear,40311108,40BA101,3,4.9614,1.9614
RWR_Linear,40211134,40BC021,4,4.9519,0.9519
RWR_Linear,40320324,40BC011,1,4.821,3.821
RWR_Linear,40311243,40BA012,3,5.0,2.0
RWR_Linear,40411130,40BA222,2,4.7703,2.7703
RWR_Linear,40411215,40BA052,1,4.9949,3.9949
RWR_Linear,40411240,40BR022,2,4.866,2.866
RWR_Linear,40211127,40BA131,5,4.8765,0.1235
RWR_Linear,40211131,40B0291,1,5.0,4.0
RWR_Linear,40211235,40BA102,4,5.0,1.0
RWR_Linear,40211101,40BR342,5,4.5596,0.4404
RWR_Linear,40211205,40BD012,4,4.932,0.932
RWR_Linear,40411120,40BA061,4,4.9411,0.9411
RWR_Linear,40311125,40B0291,3,5.0,2.0
RWR_Linear,40211150,40BC021,3,4.9261,1.9261
RWR_Linear,40311148,40BA081,3,4.9198,1.9198
RWR_Linear,40211219,40BA052,2,4.9312,2.9312
RWR_Linear,40211260,40BR122,5,4.8189,0.1811
RWR_Linear,40311146,40BA061,1,5.0,4.0
RWR_Linear,40511219,40BA052,3,3.0,0.0
RWR_Linear,40211150,40BC061,4,4.7875,0.7875
RWR_Linear,40211110,40BC051,2,4.8236,2.8236
RWR_Linear,40311249,40BA022,3,5.0,2.0
RWR_Linear,40211205,40BR042,3,4.8364,1.8364
RWR_Linear,40411104,40BC071,3,4.8982,1.8982
RWR_Linear,40211122,40BA151,4,4.871,0.871
RWR_Linear,40211106,40BA081,3,4.9558,1.9558
RWR_Linear,40311104,40BA141,1,4.8107,3.8107
RWR_Linear,40311229,40BA012,2,5.0,3.0
RWR_Linear,40511247,40B0292,4,5.0,1.0
RWR_Linear,40211208,90B2681,3,4.2965,1.2965
RWR_Linear,40211249,40BR122,5,4.8257,0.1743
RWR_Linear,40311116,40BA081,3,4.9289,1.9289
RWR_Linear,40311208,40BA022,4,4.9561,0.9561
RWR_Linear,40211206,40BA012,5,5.0,0.0
RWR_Linear,40511201,40BA012,3,4.9519,1.9519
RWR_Linear,40211116,40BA131,5,4.9466,0.0534
RWR_Linear,40211101,40BA081,4,4.9245,0.9245
RWR_Linear,40211112,40BA021,1,4.9358,3.9358
RWR_Linear,40211112,40BQ371,3,4.8018,1.8018
RWR_Linear,40211217,40BA022,5,4.9566,0.0434
RWR_Linear,40211220,40B0292,5,5.0,0.0
RWR_Linear,40311130,40BQ321,3,4.8992,1.8992
RWR_Linear,40311139,40BQ141,2,4.7892,2.7892
RWR_Linear,40311236,40BA102,4,4.9483,0.9483
RWR_Linear,40311245,40BA012,4,5.0,1.0
RWR_Linear,40511123,40BA051,1,5.0,4.0
RWR_Linear,40311114,40BA051,4,5.0,1.0
RWR_Linear,40311155,40BC051,3,4.8288,1.8288
RWR_Linear,40211239,40BR372,1,5.0,4.0
RWR_Linear,40211130,40BA021,1,4.956,3.956
RWR_Linear,40211133,40BA061,5,5.0,0.0
RWR_Linear,40311236,40B8932,4,4.6814,0.6814
RWR_Linear,40211106,40BA011,1,5.0,4.0
RWR_Linear,40211158,409R181,4,4.3506,0.3506
RWR_Linear,40311211,40BR372,3,4.8479,1.8479
RWR_Linear,40511118,40BA051,2,4.9152,2.9152
RWR_Linear,40311214,40BD012,1,4.9928,3.9928
RWR_Linear,40211110,4069211,3,4.1517,1.1517
RWR_Linear,40411246,40BA052,2,5.0,3.0
RWR_Linear,40211165,40BA141,2,4.8158,2.8158
RWR_Linear,40211241,40BA052,1,4.9893,3.9893
RWR_Linear,40211115,40BC021,1,4.9057,3.9057
RWR_Linear,40411251,40BA082,4,4.9816,0.9816
RWR_Linear,40211150,40UN080,3,4.37,1.37
RWR_Linear,40511125,40B0291,3,5.0,2.0
RWR_Linear,40211205,40BR322,3,4.7114,1.7114
RWR_Linear,40211127,40BQ421,5,4.6155,0.3845
RWR_Linear,40311241,40BA102,2,4.9051,2.9051
RWR_Linear,40211113,40BA101,2,4.8881,2.8881
RWR_Linear,40211252,409Z491,5,4.6129,0.3871
RWR_Linear,40311128,40BA021,4,5.0,1.0
RWR_Linear,40311150,40BA221,1,4.7202,3.7202
RWR_Linear,40211244,40B9561,4,4.6363,0.6363
RWR_Linear,40311227,40BA062,1,4.8489,3.8489
RWR_Linear,40211102,40BA011,4,4.9659,0.9659
RWR_Linear,40211102,40WN081,3,4.259,1.259
RWR_Linear,40211208,40BA152,2,4.7566,2.7566
RWR_Linear,40211248,40BR122,5,4.8855,0.1145
RWR_Linear,40311231,40BQ512,4,4.8275,0.8275
RWR_Linear,40411158,40BA081,3,4.9592,1.9592
RWR_Linear,40211163,40BA141,4,4.8242,0.8242
RWR_Linear,40311227,40B0292,2,5.0,3.0
RWR_Linear,40411155,40BQ031,4,4.9276,0.9276
RWR_Linear,40511247,40BA052,4,4.9329,0.9329
RWR_Linear,40311235,40BA102,1,4.8998,3.8998
RWR_Linear,40511233,40BA052,4,4.9329,0.9329
RWR_Linear,40311133,40BA101,2,4.9436,2.9436
RWR_Linear,40311245,40BD012,2,4.9964,2.9964
RWR_Linear,40211137,40BA051,3,5.0,2.0
RWR_Linear,40211262,40BA132,4,4.8546,0.8546
RWR_Linear,40211207,40BA062,4,4.8706,0.8706
RWR_Linear,40211237,40BA022,1,4.896,3.896
RWR_Linear,40311162,40BA021,1,4.8702,3.8702
RWR_Linear,40211234,40BR032,4,4.8054,0.8054
RWR_Linear,40411248,40BR472,1,4.7795,3.7795
RWR_Linear,40211136,40BC051,5,4.892,0.108
RWR_Linear,40311139,40BA141,1,4.8042,3.8042
RWR_Linear,40411158,40BA011,3,5.0,2.0
RWR_Linear,40211129,40BQ141,5,4.8528,0.1472
RWR_Linear,40211259,40BA152,2,4.7252,2.7252
RWR_Linear,40311258,40BD012,3,5.0,2.0
RWR_Linear,40411140,40BC071,2,4.8403,2.8403
RWR_Linear,40211158,40BQ371,2,4.7497,2.7497
RWR_Linear,40311142,40BA101,1,4.9497,3.9497
RWR_Linear,40211256,40BD012,5,5.0,0.0
RWR_Linear,40311217,40BA012,3,5.0,2.0
RWR_Linear,40411143,40BC011,1,4.8547,3.8547
RWR_Linear,40211107,40BA081,1,4.9211,3.9211
RWR_Linear,40311127,40BA081,2,5.0,3.0
RWR_Linear,40211148,40BQ321,3,4.9685,1.9685
RWR_Linear,40320310,40BC051,1,4.7999,3.7999
RWR_Linear,40211220,40BD052,3,4.7112,1.7112
RWR_Linear,40311162,40BQ311,1,4.771,3.771
RWR_Linear,40211261,40BA122,3,4.8177,1.8177
RWR_Linear,40311155,40BQ311,3,4.7874,1.7874
RWR_Linear,40211252,40BR072,4,4.9522,0.9522
RWR_Linear,40311169,40BA221,1,4.7749,3.7749
RWR_Linear,40411215,40BA012,3,5.0,2.0
RWR_Linear,40311117,40BA141,3,4.9552,1.9552
RWR_Linear,40311158,40BA121,1,4.832,3.832
RWR_Linear,40211209,40BA092,1,4.8238,3.8238
RWR_Linear,40311236,40BD032,4,4.884,0.884
RWR_Linear,40211153,40BQ021,5,4.7735,0.2265
RWR_Linear,40211151,40BA081,3,4.9911,1.9911
RWR_Linear,40411138,40BA021,1,4.8897,3.8897
RWR_Linear,40211118,40BA141,5,4.8355,0.1645
RWR_Linear,40411101,40BA011,1,5.0,4.0
RWR_Linear,40211217,40BR082,4,4.8445,0.8445
RWR_Linear,40311132,40BC051,1,4.9555,3.9555
RWR_Linear,40211226,40BD052,5,4.7717,0.2283
RWR_Linear,40211225,40B9572,4,4.6164,0.6164
RWR_Linear,40411240,40BR472,5,4.7296,0.2704
RWR_Linear,40211109,40B0291,2,5.0,3.0
RWR_Linear,40411110,40BQ311,2,4.8234,2.8234
RWR_Linear,40211241,40BA152,3,4.7778,1.7778
RWR_Linear,40311250,40BA062,1,4.9169,3.9169
RWR_Linear,40211102,40BQ421,3,4.6056,1.6056
RWR_Linear,40211108,40BA051,3,5.0,2.0
RWR_Linear,40411252,40BR472,1,4.7806,3.7806
RWR_Linear,40511256,40B0292,3,5.0,2.0
RWR_Linear,40311111,40BA061,4,5.0,1.0
RWR_Linear,40211114,40UN110,4,4.7364,0.7364
RWR_Linear,40511207,40BA012,2,5.0,3.0
RWR_Linear,40311218,40BA082,4,5.0,1.0
RWR_Linear,40311151,40BA021,4,5.0,1.0
RWR_Linear,40411146,40BA081,2,4.8899,2.8899
RWR_Linear,40311215,40BA122,2,4.7867,2.7867
RWR_Linear,40511105,40B0291,5,5.0,0.0
RWR_Linear,40211249,40BA052,3,4.9304,1.9304
RWR_Linear,40311157,40BQ321,5,4.8214,0.1786
RWR_Linear,40211225,40BD052,3,4.8288,1.8288
RWR_Linear,40211151,40BQ371,5,4.8111,0.1889
RWR_Linear,40211112,40BQ391,5,4.8254,0.1746
RWR_Linear,40311261,40BA012,3,4.9445,1.9445
RWR_Linear,40411254,40BA222,3,4.8762,1.8762
RWR_Linear,40211239,40BR042,1,4.979,3.979
RWR_Linear,40111230,40BA152,2,4.7587,2.7587
RWR_Linear,40311233,40BA022,2,4.9002,2.9002
RWR_Linear,40211266,433A021,3,4.2932,1.2932
RWR_Linear,40211202,40BR242,3,4.629,1.629
RWR_Linear,40411113,40BQ311,5,4.9259,0.0741
RWR_Linear,40211249,40BA022,4,4.8926,0.8926
RWR_Linear,40311157,40B0291,5,5.0,0.0
RWR_Linear,40211139,432N861,1,4.2407,3.2407
RWR_Linear,40311260,40BQ512,5,4.8326,0.1674
RWR_Linear,40211230,40BA152,3,4.7208,1.7208
RWR_Linear,40311158,40BQ031,2,4.7656,2.7656
RWR_Linear,40311231,40BA132,5,4.895,0.105
RWR_Linear,40211116,40IN101,4,4.2456,0.2456
RWR_Linear,40311104,40BA081,4,4.9557,0.9557
RWR_Linear,40411240,40BA052,1,4.9352,3.9352
RWR_Linear,40211217,40BR032,5,4.7973,0.2027
RWR_Linear,40211248,40BA022,1,4.9594,3.9594
RWR_Linear,40211257,40BR372,1,4.9234,3.9234
RWR_Linear,40211266,40BR042,2,4.8381,2.8381
RWR_Linear,40311148,40BA011,1,5.0,4.0
RWR_Linear,40411159,40BA051,2,5.0,3.0
RWR_Linear,40205303,40BD012,2,4.9342,2.9342
RWR_Linear,40411141,40BC011,1,4.9212,3.9212
RWR_Linear,40211104,40BQ371,4,4.7993,0.7993
RWR_Linear,40211145,40BC011,1,4.8011,3.8011
RWR_Linear,40411147,40BA061,2,4.8911,2.8911
RWR_Linear,40211215,40BD032,3,4.9215,1.9215
RWR_Linear,40311121,40BC011,4,4.8758,0.8758
RWR_Linear,40411256,40BA102,4,4.952,0.952
RWR_Linear,40411105,40BQ311,5,4.803,0.197
RWR_Linear,40211116,40BA051,2,5.0,3.0
RWR_Linear,40211111,40BQ381,1,4.6747,3.6747
RWR_Linear,40211106,409A012,2,4.2583,2.2583
RWR_Linear,40211249,40BR082,4,4.7974,0.7974
RWR_Linear,40211222,40BA092,4,4.8038,0.8038
RWR_Linear,40211123,40BA021,4,4.9384,0.9384
RWR_Linear,40211262,40BR042,4,4.8502,0.8502
RWR_Linear,40411228,40BA062,3,4.9126,1.9126
RWR_Linear,40211105,40BA051,3,4.9305,1.9305
RWR_Linear,40311158,40BA221,2,4.7343,2.7343
RWR_Linear,40211138,40BQ171,4,4.7173,0.7173
RWR_Linear,40211129,40BC021,4,4.9606,0.9606
RWR_Linear,40411218,40BR022,3,5.0,2.0
RWR_Linear,40311129,40BQ331,1,4.7551,3.7551
RWR_Linear,40211234,40BA022,3,4.9628,1.9628
RWR_Linear,40211206,40BA062,4,4.9261,0.9261
RWR_Linear,40211211,40BR372,3,5.0,2.0
RWR_Linear,40311248,40BA132,5,5.0,0.0
RWR_Linear,40211136,40BQ371,3,4.8125,1.8125
RWR_Linear,40211247,409Z501,5,4.606,0.394
RWR_Linear,40311250,40BA012,5,5.0,0.0
RWR_Linear,40311236,40BA062,4,4.9069,0.9069
RWR_Linear,40311216,40BR042,4,4.8275,0.8275
RWR_Linear,40311218,40B8932,4,4.7076,0.7076
RWR_Linear,40311146,40BA221,1,4.8082,3.8082
RWR_Linear,40211144,40BA021,4,4.9387,0.9387
RWR_Linear,40211248,40BD012,3,5.0,2.0
RWR_Linear,40211162,40BA151,4,4.7774,0.7774
RWR_Linear,40211203,40BA012,2,5.0,3.0
RWR_Linear,40311122,40BA101,4,4.9629,0.9629
RWR_Linear,40311155,40BC011,3,4.8372,1.8372
RWR_Linear,40211214,40BD032,3,4.8626,1.8626
RWR_Linear,40311159,40BC071,1,4.8394,3.8394
RWR_Linear,40211139,40BA081,3,5.0,2.0
RWR_Linear,40211202,40BR072,3,4.9454,1.9454
RWR_Linear,40211261,40BR222,4,4.7221,0.7221
RWR_Linear,40411134,40B0291,2,5.0,3.0
RWR_Linear,40411159,40BQ311,3,4.8331,1.8331
RWR_Linear,40411108,40BQ311,4,4.7974,0.7974
RWR_Linear,40211121,40BA121,3,4.9705,1.9705
RWR_Linear,40411117,40BA061,2,4.9879,2.9879
RWR_Linear,40411216,40BA082,1,4.9945,3.9945
RWR_Linear,40511220,40BA052,4,5.0,1.0
RWR_Linear,40205303,40BR122,2,4.8351,2.8351
RWR_Linear,40211165,40BQ421,4,4.6189,0.6189
RWR_Linear,40211123,40PQ041,4,4.4722,0.4722
RWR_Linear,40211263,433A021,1,4.3041,3.3041
RWR_Linear,40211206,40BA092,4,4.8235,0.8235
RWR_Linear,40411238,40BA222,2,4.8724,2.8724
RWR_Linear,40411254,40BA012,3,5.0,2.0
RWR_Linear,40211117,409A012,1,4.204,3.204
RWR_Linear,40211202,40BD012,2,5.0,3.0
RWR_Linear,40411145,40BA011,2,5.0,3.0
RWR_Linear,40311237,40BR042,1,4.9005,3.9005
RWR_Linear,40211134,40BC061,4,4.8074,0.8074
RWR_Linear,40211114,40BC021,1,4.9138,3.9138
RWR_Linear,40411213,40BA222,3,4.8232,1.8232
RWR_Linear,40211162,40UN080,4,4.3371,0.3371
RWR_Linear,40311264,4064243,2,4.7502,2.7502
RWR_Linear,40211144,40BQ331,2,4.7845,2.7845
RWR_Linear,40211207,40BR322,4,4.7158,0.7158
RWR_Linear,40211154,40BA022,2,4.5303,2.5303
RWR_Linear,40211106,40BQ171,4,4.754,0.754
RWR_Linear,40311210,40BA122,1,4.923,3.923
RWR_Linear,40211220,40BR082,4,4.7767,0.7767
RWR_Linear,40411147,40BC011,4,4.7864,0.7864
RWR_Linear,40411229,40BR022,1,4.8847,3.8847
RWR_Linear,40211130,40BQ371,3,4.8115,1.8115
RWR_Linear,40311227,40BD032,1,4.8225,3.8225
RWR_Linear,40411207,40BA012,3,4.9384,1.9384
RWR_Linear,40211208,40BR082,2,4.8301,2.8301
RWR_Linear,40311237,40BA062,3,4.9272,1.9272
RWR_Linear,40211105,409Q082,2,3.9377,1.9377
RWR_Linear,40411126,40BA101,3,4.9381,1.9381
RWR_Linear,40311131,40BQ311,3,4.7719,1.7719
RWR_Linear,40211211,40BA152,3,4.8673,1.8673
RWR_Linear,40211214,40BR372,2,4.8635,2.8635
RWR_Linear,40511118,40B0291,4,5.0,1.0
RWR_Linear,40311223,40BR042,3,4.8307,1.8307
RWR_Linear,40411247,40BA062,4,4.9148,0.9148
RWR_Linear,40511119,40B0291,5,5.0,0.0
RWR_Linear,40211222,40BA152,3,4.7527,1.7527
RWR_Linear,40411237,40B0292,1,5.0,4.0
RWR_Linear,40311128,40BQ141,4,4.8755,0.8755
RWR_Linear,40511121,40BA051,2,5.0,3.0
RWR_Linear,40311227,40BA222,2,4.8179,2.8179
RWR_Linear,40311240,40BD012,1,4.9297,3.9297
RWR_Linear,40311218,40BA102,4,4.9679,0.9679
RWR_Linear,40211244,40BA082,3,4.9838,1.9838
RWR_Linear,40211249,40BA152,2,4.7262,2.7262
RWR_Linear,40211237,40B0292,1,5.0,4.0
RWR_Linear,40511103,40B0291,2,5.0,3.0
RWR_Linear,40311211,40BR042,3,4.8428,1.8428
RWR_Linear,40311216,40BD032,2,4.8233,2.8233
RWR_Linear,40211214,40BA022,4,4.8983,0.8983
RWR_Linear,40311205,40BQ512,4,4.8533,0.8533
RWR_Linear,40211131,40BA081,1,4.8959,3.8959
RWR_Linear,40311244,40BR042,4,4.892,0.892
RWR_Linear,40511135,40B0291,4,5.0,1.0
RWR_Linear,40211123,40BC011,2,4.8813,2.8813
RWR_Linear,40211207,40B0292,5,5.0,0.0
RWR_Linear,40311227,40BA102,3,4.8878,1.8878
RWR_Linear,40211103,40BA141,1,4.7994,3.7994
RWR_Linear,40211111,40BA051,2,4.9308,2.9308
RWR_Linear,40211123,40UN080,5,4.3621,0.6379
RWR_Linear,40211201,40BA061,1,4.563,3.563
RWR_Linear,40211101,40BQ051,5,4.7728,0.2272
RWR_Linear,40411124,40BA021,1,5.0,4.0
RWR_Linear,40411122,40BA051,1,5.0,4.0
RWR_Linear,40211113,40BA151,3,4.7637,1.7637
RWR_Linear,40311257,40BR372,4,4.9375,0.9375
RWR_Linear,40211118,40BA121,5,4.8951,0.1049
RWR_Linear,40311217,40BA062,1,4.9096,3.9096
RWR_Linear,40311110,40BA061,1,4.9087,3.9087
RWR_Linear,40311237,40BA022,1,4.9689,3.9689
RWR_Linear,40211233,40BR032,2,4.8968,2.8968
RWR_Linear,40311145,40BA051,1,4.9473,3.9473
RWR_Linear,40211213,40BA082,3,5.0,2.0
RWR_Linear,40311114,40BC011,3,4.8778,1.8778
RWR_Linear,40211252,40BA102,5,4.964,0.036
RWR_Linear,40211215,40BA152,3,4.7817,1.7817
RWR_Linear,40211107,40BQ371,3,4.74,1.74
RWR_Linear,40411109,40BA222,1,4.7567,3.7567
RWR_Linear,40211137,40BA151,3,4.8148,1.8148
RWR_Linear,40411101,40BA021,1,4.8861,3.8861
RWR_Linear,40211261,409Z511,4,4.4472,0.4472
RWR_Linear,40211234,40BR122,5,4.8858,0.1142
RWR_Linear,40211250,40BD032,3,4.8589,1.8589
RWR_Linear,40411212,40BA022,1,4.9442,3.9442
RWR_Linear,40311161,40BA101,1,4.8615,3.8615
RWR_Linear,40211237,40BR032,2,4.7506,2.7506
RWR_Linear,40211264,40BR032,2,4.6871,2.6871
RWR_Linear,40411120,40BA051,3,4.9502,1.9502
RWR_Linear,40311137,40BA221,3,4.8045,1.8045
RWR_Linear,40211132,40BC011,1,4.815,3.815
RWR_Linear,40411221,40BA052,2,5.0,3.0
RWR_Linear,40411121,40B0291,1,5.0,4.0
RWR_Linear,40411147,40B0291,5,5.0,0.0
RWR_Linear,40211126,40B9662,4,4.5926,0.5926
RWR_Linear,40211229,40BR242,2,4.6303,2.6303
RWR_Linear,40211145,40BA131,2,4.841,2.841
RWR_Linear,40411102,40BA221,3,4.7276,1.7276
RWR_Linear,40211243,40BA012,1,4.9441,3.9441
RWR_Linear,40311235,40B0292,3,5.0,2.0
RWR_Linear,40311145,40BA011,1,5.0,4.0
RWR_Linear,40211164,409U403,4,1.0,3.0
RWR_Linear,40211264,40BA102,1,4.9097,3.9097
RWR_Linear,40311131,40BC011,1,4.8097,3.8097
RWR_Linear,40311211,40BA122,4,4.7933,0.7933
RWR_Linear,40311121,40BA131,3,4.9142,1.9142
RWR_Linear,40211257,40BD032,2,4.9205,2.9205
RWR_Linear,40411168,40BA221,1,4.6988,3.6988
RWR_Linear,40311238,40BD032,3,4.8217,1.8217
RWR_Linear,40311250,431A241,5,1.0,4.0
RWR_Linear,40211220,40BR122,5,4.8053,0.1947
RWR_Linear,40211107,40BR242,2,4.2398,2.2398
RWR_Linear,40311233,40BA082,4,4.9298,0.9298
RWR_Linear,40211158,40UN110,4,4.7128,0.7128
RWR_Linear,40411226,40BA082,1,5.0,4.0
RWR_Linear,40211264,40BA062,1,4.8746,3.8746
RWR_Linear,40211125,40BA011,4,5.0,1.0
RWR_Linear,40411141,40BA221,1,4.8681,3.8681
RWR_Linear,40211165,40BA101,4,4.9098,0.9098
RWR_Linear,40411126,40BA051,2,4.999,2.999
RWR_Linear,40211145,40BA051,2,4.9226,2.9226
RWR_Linear,40311135,40BQ321,3,4.8832,1.8832
RWR_Linear,40311122,40BQ321,4,4.9027,0.9027
RWR_Linear,40211151,40BC051,4,4.8908,0.8908
RWR_Linear,40411140,40BQ031,3,4.8149,1.8149
RWR_Linear,40211150,40BA011,3,5.0,2.0
RWR_Linear,40411131,40BA081,1,5.0,4.0
RWR_Linear,40211121,40BC021,2,5.0,3.0
RWR_Linear,40211148,40BA141,4,4.9363,0.9363
RWR_Linear,40320310,40BQ321,2,4.8092,2.8092
RWR_Linear,40320324,40BA221,1,4.7271,3.7271
RWR_Linear,40211263,409U163,1,4.1585,3.1585
RWR_Linear,40311155,40BA141,3,4.8033,1.8033
RWR_Linear,40211144,40BA221,1,4.767,3.767
RWR_Linear,40211154,40BR372,2,4.5932,2.5932
RWR_Linear,40211102,40BC051,4,4.8337,0.8337
RWR_Linear,40311133,40BA221,2,4.8047,2.8047
RWR_Linear,40311244,40BA012,3,5.0,2.0
RWR_Linear,40211109,40BA051,2,4.9353,2.9353
RWR_Linear,40211229,40BA082,2,4.9827,2.9827
RWR_Linear,40311106,40B0291,4,5.0,1.0
RWR_Linear,40211105,40B0291,1,5.0,4.0
RWR_Linear,40211151,40BA141,4,4.8717,0.8717
RWR_Linear,40311214,40BA062,1,4.9136,3.9136
RWR_Linear,40211241,40BA102,3,4.9629,1.9629
RWR_Linear,40211162,40BA011,2,4.9695,2.9695
RWR_Linear,40411257,40BA052,2,4.9317,2.9317
RWR_Linear,40211148,40BA091,4,4.7366,0.7366
RWR_Linear,40411233,40BR472,5,4.8128,0.1872
RWR_Linear,40311248,40B8932,5,4.7787,0.2213
RWR_Linear,40411250,40BA052,2,5.0,3.0
RWR_Linear,40211263,40BA082,2,4.9334,2.9334
RWR_Linear,40311261,40BA082,4,4.9306,0.9306
RWR_Linear,40411138,40BA011,1,5.0,4.0
RWR_Linear,40411248,40BA222,4,4.8843,0.8843
RWR_Linear,40311134,40B0291,2,5.0,3.0
RWR_Linear,40211111,40BA151,3,4.7635,1.7635
RWR_Linear,40211201,40BR082,3,4.8524,1.8524
RWR_Linear,40311261,40BA022,5,4.8987,0.1013
RWR_Linear,40411130,40BA021,2,4.9628,2.9628
RWR_Linear,40311218,40BR072,4,4.9343,0.9343
RWR_Linear,40211133,40BA021,4,4.9363,0.9363
RWR_Linear,40211161,40BA101,4,4.9251,0.9251
RWR_Linear,40211259,40BA092,5,4.7908,0.2092
RWR_Linear,40411111,40BA081,1,4.9411,3.9411
RWR_Linear,40211127,40BQ401,4,4.687,0.687
RWR_Linear,40211126,433Q051,2,4.2643,2.2643
RWR_Linear,40411240,40B0292,3,5.0,2.0
RWR_Linear,40211151,40BA051,3,5.0,2.0
RWR_Linear,40211150,40BQ421,4,4.6557,0.6557
RWR_Linear,40311250,40BA122,4,4.8526,0.8526
RWR_Linear,40411250,40BR472,5,4.769,0.231
RWR_Linear,40311201,40BA102,4,5.0,1.0
RWR_Linear,40211213,40BR122,4,4.9068,0.9068
RWR_Linear,40211164,40BA102,3,4.758,1.758
RWR_Linear,40411256,40BA022,3,4.951,1.951
RWR_Linear,40311133,40BC011,3,4.8673,1.8673
RWR_Linear,40211258,40BA012,1,5.0,4.0
RWR_Linear,40211142,409A021,1,4.2352,3.2352
RWR_Linear,40211105,40BC021,3,4.8984,1.8984
RWR_Linear,40211121,40BQ171,4,4.8213,0.8213
RWR_Linear,40211126,40BA141,3,4.8638,1.8638
RWR_Linear,40211201,40BR072,4,4.9544,0.9544
RWR_Linear,40311152,40BA061,1,4.9861,3.9861
RWR_Linear,40211136,40BA051,3,5.0,2.0
RWR_Linear,40311258,40BA022,5,4.9632,0.0368
RWR_Linear,40511155,40B0291,5,5.0,0.0
RWR_Linear,40311261,40BA132,5,4.8486,0.1514
RWR_Linear,40311201,40B8932,5,4.7339,0.2661
RWR_Linear,40311139,40BQ311,3,4.8106,1.8106
RWR_Linear,40411120,40BA011,1,5.0,4.0
RWR_Linear,40411222,40BA102,2,4.9063,2.9063
RWR_Linear,40211109,40UN110,4,4.7419,0.7419
RWR_Linear,40211207,40BA142,5,4.8164,0.1836
RWR_Linear,40311123,40BC011,1,4.8019,3.8019
RWR_Linear,40211244,40BR242,4,4.6451,0.6451
RWR_Linear,40311261,40B0292,2,5.0,3.0
RWR_Linear,40311241,40B0292,1,5.0,4.0
RWR_Linear,40211249,40BA102,3,4.8951,1.8951
RWR_Linear,40211228,409Z501,5,4.5459,0.4541
RWR_Linear,40333126,40BA081,3,4.926,1.926
RWR_Linear,40411253,40BA022,2,4.8824,2.8824
RWR_Linear,40411160,40BD012,4,4.9484,0.9484
RWR_Linear,40211107,40B0291,2,5.0,3.0
RWR_Linear,40211259,40BR372,4,4.8686,0.8686
RWR_Linear,40311125,40BA051,1,4.9152,3.9152
RWR_Linear,40311226,40BA052,4,5.0,1.0
RWR_Linear,40511203,40B0292,5,5.0,0.0
RWR_Linear,40311138,40BA101,2,4.8831,2.8831
RWR_Linear,40211243,40BA022,1,4.8986,3.8986
RWR_Linear,40411138,40BQ031,2,4.8231,2.8231
RWR_Linear,40211244,40BD032,4,4.9115,0.9115
RWR_Linear,40211243,40BA062,1,4.8628,3.8628
RWR_Linear,40411146,40BQ031,2,4.7572,2.7572
RWR_Linear,40211129,40BA051,3,5.0,2.0
RWR_Linear,40211256,40BA102,5,4.9593,0.0407
RWR_Linear,40211101,40BR372,5,4.6249,0.3751
RWR_Linear,40211227,40BR072,4,5.0,1.0
RWR_Linear,40411258,40BA102,3,4.9606,1.9606
RWR_Linear,40311106,40BQ141,3,4.7497,1.7497
RWR_Linear,40211220,40BQ421,4,4.3203,0.3203
RWR_Linear,40511130,40BA051,2,4.9152,2.9152
RWR_Linear,40211104,40BA051,4,4.9919,0.9919
RWR_Linear,40311250,40BA052,5,4.9957,0.0043
RWR_Linear,40311206,40BA052,5,4.9962,0.0038
RWR_Linear,40311118,40BC071,3,5.0,2.0
RWR_Linear,40311256,40BR372,4,4.9055,0.9055
RWR_Linear,40211162,40BQ051,4,4.7596,0.7596
RWR_Linear,40311223,40BR022,3,4.8531,1.8531
RWR_Linear,40311211,40BA102,4,4.8983,0.8983
RWR_Linear,40511250,40BA052,3,5.0,2.0
RWR_Linear,40511119,40BA011,4,4.9672,0.9672
RWR_Linear,40511149,40BA051,2,5.0,3.0
RWR_Linear,40320326,40BQ341,3,4.6304,1.6304
RWR_Linear,40311137,40BQ341,5,4.6914,0.3086
RWR_Linear,40311212,40BA122,1,4.82,3.82
RWR_Linear,40211220,409Z501,5,4.4435,0.5565
RWR_Linear,40320326,40BA021,1,4.8678,3.8678
RWR_Linear,40211127,40BA141,3,4.7976,1.7976
RWR_Linear,40411215,40BA022,2,4.9498,2.9498
RWR_Linear,40311211,40BA222,3,4.8336,1.8336
RWR_Linear,40311123,40BA061,1,4.916,3.916
RWR_Linear,40211242,40B9572,4,4.5674,0.5674
RWR_Linear,40211110,40BQ021,2,4.6375,2.6375
RWR_Linear,40211222,40BR342,3,4.7416,1.7416
RWR_Linear,40511224,40B0292,3,5.0,2.0
RWR_Linear,40311241,40BA082,2,4.9389,2.9389
RWR_Linear,40211268,40BA011,1,4.5023,3.5023
RWR_Linear,40311229,40BA052,5,4.9973,0.0027
RWR_Linear,40211147,40BA081,3,4.9175,1.9175
RWR_Linear,40211201,40BA022,2,4.9592,2.9592
RWR_Linear,40211101,40BC011,5,4.8226,0.1774
RWR_Linear,40211224,40BR342,3,4.7756,1.7756
RWR_Linear,40311162,40BA011,1,4.9502,3.9502
RWR_Linear,40311235,40BA012,1,4.9474,3.9474
RWR_Linear,40311201,40BA062,1,4.9581,3.9581
RWR_Linear,40211209,40BR122,1,4.8785,3.8785
RWR_Linear,40211145,40B0291,3,5.0,2.0
RWR_Linear,40411133,40BC011,2,4.872,2.872
RWR_Linear,40211123,40UN070,4,4.4601,0.4601
RWR_Linear,40211127,40BC021,5,4.8869,0.1131
RWR_Linear,40411110,40BQ031,3,4.8644,1.8644
RWR_Linear,40311235,40BR022,3,4.8586,1.8586
RWR_Linear,40211246,40BD012,4,5.0,1.0
RWR_Linear,40411163,40BA101,3,4.8997,1.8997
RWR_Linear,40320310,40BA101,1,4.8854,3.8854
RWR_Linear,40311106,40BA081,3,4.9186,1.9186
RWR_Linear,40211141,40BA091,4,4.668,0.668
RWR_Linear,40411164,40BQ311,1,4.7982,3.7982
RWR_Linear,40211222,40BD052,4,4.7624,0.7624
RWR_Linear,40311230,40BR022,3,5.0,2.0
RWR_Linear,40211133,40BA151,4,4.8315,0.8315
RWR_Linear,40211234,40BA052,3,5.0,2.0
RWR_Linear,40311211,40BD032,3,4.832,1.832
RWR_Linear,40311211,40BR022,2,4.8686,2.8686
RWR_Linear,40211203,40BR042,5,4.9029,0.0971
RWR_Linear,40211144,40BC011,1,4.8795,3.8795
RWR_Linear,40411237,40BR472,2,4.7254,2.7254
RWR_Linear,40211255,40BA152,3,4.8576,1.8576
RWR_Linear,40411146,40B0291,4,5.0,1.0
RWR_Linear,40311215,40B8932,5,4.641,0.359
RWR_Linear,40211101,40BA011,5,4.9688,0.0312
RWR_Linear,40211145,409U053,2,4.1841,2.1841
RWR_Linear,40411111,40BA011,3,5.0,2.0
RWR_Linear,40211113,40BQ171,3,4.7164,1.7164
RWR_Linear,40411120,40BA101,4,4.908,0.908
RWR_Linear,40311209,40BA052,2,4.943,2.943
RWR_Linear,40211239,40BA142,3,4.9541,1.9541
RWR_Linear,40211129,40BQ371,3,4.8321,1.8321
RWR_Linear,40211109,40BQ381,1,4.6795,3.6795
RWR_Linear,40211102,40KE011,4,1.0,3.0
RWR_Linear,40211122,40BC021,4,5.0,1.0
RWR_Linear,40411244,40BR022,4,4.9272,0.9272
RWR_Linear,40311155,40BA081,2,4.9479,2.9479
RWR_Linear,40211130,40BA131,2,4.9648,2.9648
RWR_Linear,40211110,40B9662,5,4.528,0.472
RWR_Linear,40311129,40BA141,3,4.8331,1.8331
RWR_Linear,40411205,40BR472,2,4.7762,2.7762
RWR_Linear,40311219,40BA222,3,4.8058,1.8058
RWR_Linear,40320324,40BQ311,3,4.7759,1.7759
RWR_Linear,40211102,40BA141,4,4.7937,0.7937
RWR_Linear,40211141,40BA141,4,4.8587,0.8587
RWR_Linear,40311133,40BQ341,5,4.6841,0.3159
RWR_Linear,40411263,40BA102,1,4.9105,3.9105
RWR_Linear,40411243,40BA062,4,4.9091,0.9091
RWR_Linear,40211161,409A013,1,4.1011,3.1011
RWR_Linear,40311249,40BA222,4,4.9279,0.9279
RWR_Linear,40311232,40BR042,3,4.9015,1.9015
RWR_Linear,40211122,432N442,3,4.2009,1.2009
RWR_Linear,40311211,40BD012,3,4.9294,1.9294
RWR_Linear,40311109,40B0291,1,5.0,4.0
RWR_Linear,40111256,40B9651,2,4.7301,2.7301
RWR_Linear,40311151,40BC011,3,4.9363,1.9363
RWR_Linear,40311116,40BA051,1,4.9211,3.9211
RWR_Linear,40211256,40BA022,5,4.9575,0.0425
RWR_Linear,40211206,40BA152,3,4.77,1.77
RWR_Linear,40511143,40BA051,4,5.0,1.0
RWR_Linear,40211245,40BR072,3,4.8922,1.8922
RWR_Linear,40511111,40B0291,3,5.0,2.0
RWR_Linear,40211227,40BA132,5,4.9529,0.0471
RWR_Linear,40320310,40BA221,1,4.7507,3.7507
RWR_Linear,40211228,40BA082,3,5.0,2.0
RWR_Linear,40211222,40BA052,2,5.0,3.0
RWR_Linear,40411211,40BA012,2,5.0,3.0
RWR_Linear,40311258,40BA102,3,4.9635,1.9635
RWR_Linear,40211217,40B9561,4,4.6412,0.6412
RWR_Linear,40211242,40BD052,4,4.7796,0.7796
RWR_Linear,40211117,40BQ371,4,4.7213,0.7213
RWR_Linear,40511211,40B0292,4,5.0,1.0
RWR_Linear,40311231,40BA052,3,5.0,2.0
RWR_Linear,40511226,40B0292,4,3.0,1.0
RWR_Linear,40211247,409Z511,3,4.5121,1.5121
RWR_Linear,40211203,40BR222,4,4.7849,0.7849
RWR_Linear,40211144,40BA061,4,5.0,1.0
RWR_Linear,40311236,40BA012,5,5.0,0.0
RWR_Linear,40411237,40BR022,1,4.8616,3.8616
RWR_Linear,40311111,40BA021,2,4.9502,2.9502
RWR_Linear,40211105,40BA061,4,4.9458,0.9458
RWR_Linear,40411256,40BA012,3,5.0,2.0
RWR_Linear,40211245,40BA142,3,4.8226,1.8226
RWR_Linear,40511211,40BA052,3,4.9329,1.9329
RWR_Linear,40211133,40BA141,4,4.8593,0.8593
RWR_Linear,40211144,40BA081,2,4.9834,2.9834
RWR_Linear,40211114,40BQ321,1,4.8553,3.8553
RWR_Linear,40311205,40BD012,5,5.0,0.0
RWR_Linear,40411212,40BA012,1,5.0,4.0
RWR_Linear,40211202,40BR322,3,4.7648,1.7648
RWR_Linear,40411243,40BR472,1,4.773,3.773
RWR_Linear,40211105,40BR242,4,4.3241,0.3241
RWR_Linear,40511210,40BA012,2,4.9519,2.9519
RWR_Linear,40411213,40BA012,4,4.9298,0.9298
RWR_Linear,40211237,40BD032,4,4.8604,0.8604
RWR_Linear,40311230,40BR042,2,4.9786,2.9786
RWR_Linear,40511238,40BA012,5,5.0,0.0
RWR_Linear,40411246,40BR022,4,4.9305,0.9305
RWR_Linear,40411151,40BA021,3,4.9334,1.9334
RWR_Linear,40311155,40BC071,3,4.8338,1.8338
RWR_Linear,40311244,40BR022,3,4.9177,1.9177
RWR_Linear,40311209,40BA222,2,4.8342,2.8342
RWR_Linear,40211242,40UN160,3,4.3829,1.3829
RWR_Linear,40411215,40BD012,3,4.9829,1.9829
RWR_Linear,40211118,40BA051,4,4.9636,0.9636
RWR_Linear,40211129,40KE011,3,1.0,2.0
RWR_Linear,40211108,409Z481,5,4.2836,0.7164
RWR_Linear,40311229,40BA122,3,4.8482,1.8482
RWR_Linear,40211216,40BR072,5,4.962,0.038
RWR_Linear,40211144,40BQ401,1,4.7326,3.7326
RWR_Linear,40311202,40BA012,2,5.0,3.0
RWR_Linear,40211209,40BA122,3,4.8717,1.8717
RWR_Linear,40411134,40BA061,1,4.8812,3.8812
RWR_Linear,40211238,40BA012,1,5.0,4.0
RWR_Linear,40211108,409Z501,5,4.2617,0.7383
RWR_Linear,40311110,40BA011,2,4.9551,2.9551
RWR_Linear,40411140,40BA011,1,5.0,4.0
RWR_Linear,40311106,40BA051,3,4.9208,1.9208
RWR_Linear,40311141,40BA051,1,5.0,4.0
RWR_Linear,40511125,40BA011,1,4.9672,3.9672
RWR_Linear,40211207,40B9572,4,4.5473,0.5473
RWR_Linear,40511130,40B0291,4,5.0,1.0
RWR_Linear,40311113,40BA081,2,4.8949,2.8949
RWR_Linear,40411215,40BA082,2,4.9701,2.9701
RWR_Linear,40211126,40BC061,1,4.8208,3.8208
RWR_Linear,40311208,40BA062,4,4.9115,0.9115
RWR_Linear,40211153,40BC061,4,4.8877,0.8877
RWR_Linear,40211132,40BQ371,2,4.7309,2.7309
RWR_Linear,40211232,40BA022,1,4.8933,3.8933
RWR_Linear,40411104,40BC011,2,4.8728,2.8728
RWR_Linear,40211104,40BQ421,2,4.6642,2.6642
RWR_Linear,40211211,40BA132,3,4.9935,1.9935
RWR_Linear,40311202,40B8932,3,4.7066,1.7066
RWR_Linear,40311207,40B8932,4,4.763,0.763
RWR_Linear,40411240,40BA102,4,4.9048,0.9048
RWR_Linear,40211123,40BC051,4,4.8858,0.8858
RWR_Linear,40411252,40BA102,2,4.9629,2.9629
RWR_Linear,40311139,40BA011,1,5.0,4.0
RWR_Linear,40211241,40BA012,4,5.0,1.0
RWR_Linear,40311105,40BA051,1,4.9247,3.9247
RWR_Linear,40211103,40BA131,3,4.8866,1.8866
RWR_Linear,40411122,40BA061,1,4.9705,3.9705
RWR_Linear,40211226,40BR072,4,4.9404,0.9404
RWR_Linear,40211231,40BA052,1,4.9356,3.9356
RWR_Linear,40411241,40BD012,4,5.0,1.0
RWR_Linear,40211223,40BR032,4,4.8083,0.8083
RWR_Linear,40311233,40BR372,4,4.8478,0.8478
RWR_Linear,40205303,40BA102,1,4.8938,3.8938
RWR_Linear,40211118,40B9662,5,4.5733,0.4267
RWR_Linear,40411130,409A013,1,4.2373,3.2373
RWR_Linear,40211109,40B9662,4,4.5585,0.5585
RWR_Linear,40312142,40BA221,3,4.7193,1.7193
RWR_Linear,40411212,40BA102,4,4.9444,0.9444
RWR_Linear,40211133,40BQ321,4,4.8925,0.8925
RWR_Linear,40411205,409A013,1,4.3113,3.3113
RWR_Linear,40211247,40BA122,3,4.9614,1.9614
RWR_Linear,40511255,40BA052,4,5.0,1.0
RWR_Linear,40211141,40BQ171,4,4.7748,0.7748
RWR_Linear,40411150,40BA061,1,4.9621,3.9621
RWR_Linear,40411207,40BA222,1,4.8234,3.8234
RWR_Linear,40311159,40BA011,1,5.0,4.0
RWR_Linear,40211244,40BA132,2,4.8984,2.8984
RWR_Linear,40211223,40BA022,5,4.9598,0.0402
RWR_Linear,40311140,40BQ141,5,4.8193,0.1807
RWR_Linear,40311212,40BA022,1,4.9447,3.9447
RWR_Linear,40211113,40BQ021,1,4.6299,3.6299
RWR_Linear,40311116,40BA011,2,4.9628,2.9628
RWR_Linear,40411111,40BC071,1,4.8384,3.8384
RWR_Linear,40311140,40BC021,5,4.9368,0.0632
RWR_Linear,40211216,40BR322,5,4.7819,0.2181
RWR_Linear,40211228,40BA102,4,4.9707,0.9707
RWR_Linear,40311240,40BA052,1,5.0,4.0
RWR_Linear,40411251,40BA012,1,5.0,4.0
RWR_Linear,40211206,40BA052,3,4.9899,1.9899
RWR_Linear,40311155,40BA221,2,4.7561,2.7561
RWR_Linear,40311224,40BR022,1,4.9022,3.9022
RWR_Linear,40411213,40B0292,4,5.0,1.0
RWR_Linear,40211267,40BA152,3,4.7902,1.7902
RWR_Linear,40311213,40BA012,1,5.0,4.0
RWR_Linear,40211103,40BA011,1,4.9654,3.9654
RWR_Linear,40211121,40BA141,3,4.9088,1.9088
RWR_Linear,40411236,40BA222,4,4.8631,0.8631
RWR_Linear,40211223,40BR042,4,4.9027,0.9027
RWR_Linear,40411244,40BD012,4,5.0,1.0
RWR_Linear,40211259,40BA082,1,4.9349,3.9349
RWR_Linear,40311134,40BA061,1,4.9199,3.9199
RWR_Linear,40211151,40PQ041,4,4.4958,0.4958
RWR_Linear,40511111,40BA051,1,4.9152,3.9152
RWR_Linear,40411225,40BA052,2,4.9325,2.9325
RWR_Linear,40211224,40BD052,1,4.7856,3.7856
RWR_Linear,40211236,40BA052,1,5.0,4.0
RWR_Linear,40211163,40BC061,1,4.782,3.782
RWR_Linear,40511202,40B0292,5,5.0,0.0
RWR_Linear,40411246,40BA102,3,4.961,1.961
RWR_Linear,40211117,40BQ171,1,4.7101,3.7101
RWR_Linear,40311146,40BQ311,1,4.8472,3.8472
RWR_Linear,40411146,40BC011,2,4.7676,2.7676
RWR_Linear,40311104,40BA221,1,4.7681,3.7681
RWR_Linear,40311202,40BA122,4,4.8484,0.8484
RWR_Linear,40211216,409Z501,5,4.5785,0.4215
RWR_Linear,40211103,40BC051,2,4.8293,2.8293
RWR_Linear,40411238,40BA102,4,4.9522,0.9522
RWR_Linear,40311131,40BA141,1,4.7702,3.7702
RWR_Linear,40211244,40BR372,4,4.9135,0.9135
RWR_Linear,40311243,40BR072,4,4.9263,0.9263
RWR_Linear,40211220,40BA152,4,4.7007,0.7007
RWR_Linear,40311140,40BC011,2,4.8836,2.8836
RWR_Linear,40411209,40BR022,2,4.9084,2.9084
RWR_Linear,40311219,40BR022,3,4.8467,1.8467
RWR_Linear,40311139,40BA131,1,4.8787,3.8787
RWR_Linear,40211132,40KN633,4,3.9269,0.0731
RWR_Linear,40211147,40BQ321,2,4.8132,2.8132
RWR_Linear,40411241,40BA022,1,4.9648,3.9648
RWR_Linear,40211223,40BA092,5,4.8334,0.1666
RWR_Linear,40411127,40BQ031,5,4.7857,0.2143
RWR_Linear,40411159,40BQ031,3,4.8648,1.8648
RWR_Linear,40411221,40BR472,5,4.7772,0.2228
RWR_Linear,40211242,40BA092,5,4.8103,0.1897
RWR_Linear,40411105,40BA051,3,4.9552,1.9552
RWR_Linear,40211112,40BA091,1,4.6705,3.6705
RWR_Linear,40211165,40BA151,3,4.7769,1.7769
RWR_Linear,40311157,40BC021,4,4.8764,0.8764
RWR_Linear,40311211,40K0051,2,3.8258,1.8258
RWR_Linear,40411101,40BR472,4,4.6272,0.6272
RWR_Linear,40411258,40BA082,3,4.9905,1.9905
RWR_Linear,40211115,40BA131,2,4.8949,2.8949
RWR_Linear,40411244,40BA102,3,4.9612,1.9612
RWR_Linear,40211123,40BA091,2,4.6757,2.6757
RWR_Linear,40211219,40BA012,4,4.9368,0.9368
RWR_Linear,40311260,40BD012,4,5.0,1.0
RWR_Linear,40211141,40BQ021,4,4.6775,0.6775
RWR_Linear,40211132,40BC051,1,4.8226,3.8226
RWR_Linear,40211252,40BA082,3,4.9935,1.9935
RWR_Linear,40411115,40BA061,1,5.0,4.0
RWR_Linear,40211136,40BA021,5,4.9491,0.0509
RWR_Linear,40211213,40BR222,4,4.8084,0.8084
RWR_Linear,40211208,40BA221,2,4.3947,2.3947
RWR_Linear,40211225,40BR122,5,4.9206,0.0794
RWR_Linear,40311108,40BA121,1,4.9067,3.9067
RWR_Linear,40211252,409D021,3,4.1257,1.1257
RWR_Linear,40211248,40BA062,2,4.9311,2.9311
RWR_Linear,40311204,40BA082,5,4.9935,0.0065
RWR_Linear,40211263,40BA132,2,4.8563,2.8563
RWR_Linear,40311212,40BA132,2,4.8701,2.8701
RWR_Linear,40211225,40BA142,4,4.919,0.919
RWR_Linear,40211209,40BA012,1,5.0,4.0
RWR_Linear,40211207,40BR072,5,4.893,0.107
RWR_Linear,40211215,40BR032,1,4.8151,3.8151
RWR_Linear,40311135,40BA051,3,5.0,2.0
RWR_Linear,40311212,40BA012,1,5.0,4.0
RWR_Linear,40411258,40BD012,4,5.0,1.0
RWR_Linear,40211157,40BA091,1,4.6064,3.6064
RWR_Linear,40320326,40BC011,1,4.8053,3.8053
RWR_Linear,40211156,40BA101,3,4.8998,1.8998
RWR_Linear,40211224,40BA142,3,4.875,1.875
RWR_Linear,40311113,40B0291,1,5.0,4.0
RWR_Linear,40311224,40BA062,1,4.9058,3.9058
RWR_Linear,40311230,40BR372,3,4.9864,1.9864
RWR_Linear,40411257,40B0292,4,5.0,1.0
RWR_Linear,40411167,40BA221,2,4.7724,2.7724
RWR_Linear,40211141,40B9651,4,4.573,0.573
RWR_Linear,40211229,433A021,1,4.3424,3.3424
RWR_Linear,40311208,40BR072,3,4.9287,1.9287
RWR_Linear,40211135,40BA081,2,4.909,2.909
RWR_Linear,40311214,40BA022,1,4.9556,3.9556
RWR_Linear,40411164,40BC011,1,4.8181,3.8181
RWR_Linear,40211103,40B0291,2,5.0,3.0
RWR_Linear,40211220,40BA102,5,4.8922,0.1078
RWR_Linear,40411217,40BD012,5,5.0,0.0
RWR_Linear,40311210,409A011,1,3.9657,2.9657
RWR_Linear,40211203,40BD012,5,4.9967,0.0033
RWR_Linear,40211136,40BA151,4,4.8391,0.8391
RWR_Linear,40211115,40BA081,2,4.9496,2.9496
RWR_Linear,40411215,40BA222,3,4.8801,1.8801
RWR_Linear,40211246,40BA092,5,4.8207,0.1793
RWR_Linear,40311123,40BQ031,2,4.7694,2.7694
RWR_Linear,40411117,40BA101,1,4.9486,3.9486
RWR_Linear,40411101,40BA102,3,4.8335,1.8335
RWR_Linear,40311206,40BA122,2,4.8642,2.8642
RWR_Linear,40411160,40BA021,3,4.9449,1.9449
RWR_Linear,40211109,40BQ371,4,4.7412,0.7412
RWR_Linear,40211139,40BA091,1,4.6572,3.6572
RWR_Linear,40311173,40BQ341,4,4.6582,0.6582
RWR_Linear,40411148,40BA061,5,4.9738,0.0262
RWR_Linear,40211164,40BA121,3,4.8744,1.8744
RWR_Linear,40311232,40BA222,2,4.8924,2.8924
RWR_Linear,40311122,40BQ031,2,4.8343,2.8343
RWR_Linear,40211146,40B0291,2,5.0,3.0
RWR_Linear,40511235,40BA012,1,5.0,4.0
RWR_Linear,40211207,40BA082,3,4.9307,1.9307
RWR_Linear,40320310,40BC021,3,4.8653,1.8653
RWR_Linear,40411254,40BA082,3,4.9779,1.9779
RWR_Linear,40211230,40BD012,3,4.9445,1.9445
RWR_Linear,40511219,40BA012,1,3.0,2.0
RWR_Linear,40211224,40BR122,2,4.8768,2.8768
RWR_Linear,40211249,40BR222,5,4.7308,0.2692
RWR_Linear,40311129,40BA051,1,5.0,4.0
RWR_Linear,40311142,40BA051,1,5.0,4.0
RWR_Linear,40311237,40BA132,1,4.9102,3.9102
RWR_Linear,40211146,40UN080,2,4.3099,2.3099
RWR_Linear,40211257,40BA082,3,4.9893,1.9893
RWR_Linear,40211136,40BA081,4,4.9914,0.9914
RWR_Linear,40211246,40BR372,4,4.9194,0.9194
RWR_Linear,40311233,40BQ512,4,4.7734,0.7734
RWR_Linear,40511205,40BA012,5,4.9519,0.0481
RWR_Linear,40311207,40BR072,3,5.0,2.0
RWR_Linear,40311130,40BA221,1,4.8151,3.8151
RWR_Linear,40311105,40BA221,1,4.7377,3.7377
RWR_Linear,40211256,40BA082,4,4.9923,0.9923
RWR_Linear,40211141,40BA121,4,4.9185,0.9185
RWR_Linear,40211122,40BC061,3,4.857,1.857
RWR_Linear,40312142,40BA061,1,4.9179,3.9179
RWR_Linear,40411117,40BA081,1,5.0,4.0
RWR_Linear,40511138,40B0291,3,5.0,2.0
RWR_Linear,40111230,40BA142,1,4.8522,3.8522
RWR_Linear,40311259,40BA132,4,4.9047,0.9047
RWR_Linear,40211146,40BQ321,3,4.8298,1.8298
RWR_Linear,40211102,40BA131,5,4.875,0.125
RWR_Linear,40311137,40BA051,3,5.0,2.0
RWR_Linear,40311123,40BQ321,2,4.8111,2.8111
RWR_Linear,40311131,40BC051,3,4.7985,1.7985
RWR_Linear,40211230,40BA132,3,4.8574,1.8574
RWR_Linear,40311255,40BA052,2,4.9343,2.9343
RWR_Linear,40411118,40BA021,1,4.947,3.947
RWR_Linear,40411211,40BR472,1,4.7794,3.7794
RWR_Linear,40211134,40IN662,3,4.1317,1.1317
RWR_Linear,40311132,40BQ331,1,4.8454,3.8454
RWR_Linear,40211223,40BA052,5,5.0,0.0
RWR_Linear,40211135,40B0291,3,5.0,2.0
RWR_Linear,40311111,40BC021,4,4.9436,0.9436
RWR_Linear,40511151,40BA011,3,5.0,2.0
RWR_Linear,40211242,40BA122,5,4.8676,0.1324
RWR_Linear,40411213,40BA102,4,4.9019,0.9019
RWR_Linear,40211116,40BQ331,3,4.7982,1.7982
RWR_Linear,40311157,40BC071,5,4.8111,0.1889
RWR_Linear,40211129,40BA131,5,4.9417,0.0583
RWR_Linear,40311134,40BA021,1,4.8713,3.8713
RWR_Linear,40211115,40BQ331,1,4.7407,3.7407
RWR_Linear,40211208,40BA012,1,5.0,4.0
RWR_Linear,40311119,40BA061,2,4.9487,2.9487
RWR_Linear,40511233,40B0292,4,5.0,1.0
RWR_Linear,40211217,40BR242,4,4.6398,0.6398
RWR_Linear,40211249,40BD052,3,4.7354,1.7354
RWR_Linear,40411256,40BA222,3,4.8761,1.8761
RWR_Linear,40211217,40BA082,3,4.9887,1.9887
RWR_Linear,40211209,40BR372,4,4.9189,0.9189
RWR_Linear,40311237,40BA082,4,5.0,1.0
RWR_Linear,40311122,40BA021,4,4.9506,0.9506
RWR_Linear,40211137,40BA101,2,4.9569,2.9569
RWR_Linear,40211141,40BA021,5,4.9398,0.0602
RWR_Linear,40311138,40BC011,1,4.8085,3.8085
RWR_Linear,40411237,40BA022,1,4.8911,3.8911
RWR_Linear,40411127,40BA021,2,4.8632,2.8632
RWR_Linear,40211151,40UN070,4,4.4926,0.4926
RWR_Linear,40211237,40BA132,1,4.8434,3.8434
RWR_Linear,40311118,40BC011,3,4.9911,1.9911
RWR_Linear,40211129,40KA393,5,1.0,4.0
RWR_Linear,40311137,40BC071,4,4.8832,0.8832
RWR_Linear,40211126,40BA121,3,4.9327,1.9327
RWR_Linear,40511201,40B0292,5,5.0,0.0
RWR_Linear,40311260,40BA021,2,4.4721,2.4721
RWR_Linear,40311266,40BQ512,3,5.0,2.0
RWR_Linear,40211106,40BQ391,4,4.8028,0.8028
RWR_Linear,40211219,40BA022,4,4.9024,0.9024
RWR_Linear,40411114,40BA051,3,4.9118,1.9118
RWR_Linear,40411225,40B0292,4,5.0,1.0
RWR_Linear,40211125,40BQ391,4,4.8042,0.8042
RWR_Linear,40511225,40BA052,4,5.0,1.0
RWR_Linear,40211147,40BA121,1,4.838,3.838
RWR_Linear,40311258,40BR042,5,4.9052,0.0948
RWR_Linear,40411210,40B0292,4,5.0,1.0
RWR_Linear,40211241,40BA092,4,4.8413,0.8413
RWR_Linear,40211242,40BA012,4,5.0,1.0
RWR_Linear,40311254,40BA012,3,5.0,2.0
RWR_Linear,40411151,40BC071,4,4.879,0.879
RWR_Linear,40311216,40BA102,3,4.8923,1.8923
RWR_Linear,40211134,40BQ021,3,4.6899,1.6899
RWR_Linear,40311111,40BA101,2,4.9599,2.9599
RWR_Linear,40211165,40BA131,2,4.8954,2.8954
RWR_Linear,40311226,40BD012,4,4.9919,0.9919
RWR_Linear,40211138,40BA151,5,4.7542,0.2458
RWR_Linear,40411152,40BA021,2,4.947,2.947
RWR_Linear,40211215,40BR042,1,4.9053,3.9053
RWR_Linear,40411258,40BR022,3,4.9275,1.9275
RWR_Linear,40511252,40B0292,2,5.0,3.0
RWR_Linear,40311216,40BR372,4,4.8331,0.8331
RWR_Linear,40211250,40BA082,4,4.93,0.93
RWR_Linear,40411109,40BD012,5,4.8656,0.1344
RWR_Linear,40211252,40BR042,4,4.9057,0.9057
RWR_Linear,40311157,40BQ141,4,4.7665,0.7665
RWR_Linear,40411166,40BA221,3,4.7726,1.7726
RWR_Linear,40311114,40BC021,4,4.9281,0.9281
RWR_Linear,40211132,40BQ381,1,4.6754,3.6754
RWR_Linear,40211250,40BA122,3,4.8148,1.8148
RWR_Linear,40411147,40BQ031,4,4.7775,0.7775
RWR_Linear,40311114,40BA061,4,4.989,0.989
RWR_Linear,40211109,40BA081,2,4.9252,2.9252
RWR_Linear,40311135,40BA101,5,4.9494,0.0506
RWR_Linear,40211111,40BC021,2,4.8966,2.8966
RWR_Linear,40311159,40BA061,1,4.9331,3.9331
RWR_Linear,40411141,40BA021,1,5.0,4.0
RWR_Linear,40411248,40BA052,4,4.9933,0.9933
RWR_Linear,40311157,40BA051,2,4.9235,2.9235
RWR_Linear,40411258,40MN111,1,4.0713,3.0713
RWR_Linear,40211233,433A012,1,4.1096,3.1096
RWR_Linear,40411252,40BD012,2,5.0,3.0
RWR_Linear,40211130,40BQ401,2,4.7598,2.7598
RWR_Linear,40211164,40BA141,5,4.813,0.187
RWR_Linear,40211207,40BA152,4,4.7236,0.7236
RWR_Linear,40211202,40BA122,2,4.8683,2.8683
RWR_Linear,40211263,40BA152,1,4.7288,3.7288
RWR_Linear,40311123,40BA101,1,4.8762,3.8762
RWR_Linear,40411152,40BA221,2,4.8216,2.8216
RWR_Linear,40311232,40BA082,3,5.0,2.0
RWR_Linear,40211231,40BA062,1,4.8544,3.8544
RWR_Linear,40211127,40B9651,5,4.5239,0.4761
RWR_Linear,40311211,40BR072,4,4.8656,0.8656
RWR_Linear,40211226,40BA012,5,5.0,0.0
RWR_Linear,40211216,40BA102,4,4.9709,0.9709
RWR_Linear,40211231,40B0292,2,5.0,3.0
RWR_Linear,40411147,40BA021,4,4.8496,0.8496
RWR_Linear,40311206,40BA102,4,4.9623,0.9623
RWR_Linear,40211202,40BR222,4,4.7686,0.7686
RWR_Linear,40211106,40BQ371,4,4.774,0.774
RWR_Linear,40311206,40BA012,2,5.0,3.0
RWR_Linear,40311248,40BR042,5,4.9898,0.0102
RWR_Linear,40211123,40BA061,4,5.0,1.0
RWR_Linear,40211211,40BA142,4,4.9553,0.9553
RWR_Linear,40311233,40BA052,5,4.9388,0.0612
RWR_Linear,40411228,40BA012,3,5.0,2.0
RWR_Linear,40311233,40BR022,3,4.8571,1.8571
RWR_Linear,40311112,40BQ311,4,5.0,1.0
RWR_Linear,40511262,40B0292,2,5.0,3.0
RWR_Linear,40211103,40BA101,1,4.9017,3.9017
RWR_Linear,40311208,40BR022,3,4.9203,1.9203
RWR_Linear,40411244,40BA082,3,4.9943,1.9943
RWR_Linear,40411157,40B0291,3,5.0,2.0
RWR_Linear,40411125,40BA051,1,4.9526,3.9526
RWR_Linear,40211116,40BC011,2,4.8902,2.8902
RWR_Linear,40311104,40BA011,1,5.0,4.0
RWR_Linear,40511128,40BA051,1,5.0,4.0
RWR_Linear,40211235,40BA062,2,4.9717,2.9717
RWR_Linear,40511104,40BA051,4,4.9152,0.9152
RWR_Linear,40411126,40BA061,1,4.9747,3.9747
RWR_Linear,40211106,40BC011,1,4.8575,3.8575
RWR_Linear,40211238,40BD032,3,4.9148,1.9148
RWR_Linear,40211139,40BA131,4,4.9401,0.9401
RWR_Linear,40211161,409A023,1,4.0803,3.0803
RWR_Linear,40411130,40BA061,1,5.0,4.0
RWR_Linear,40411238,40BD012,4,4.9862,0.9862
RWR_Linear,40311255,40BA012,2,4.9398,2.9398
RWR_Linear,40411222,40BA012,1,4.9408,3.9408
RWR_Linear,40311120,40B0291,3,5.0,2.0
RWR_Linear,40211244,40B9662,3,4.5114,1.5114
RWR_Linear,40311208,40BA122,3,4.8517,1.8517
RWR_Linear,40211250,40BA132,2,4.8469,2.8469
RWR_Linear,40311117,40BC011,2,5.0,3.0
RWR_Linear,40211245,40BD032,3,4.8648,1.8648
RWR_Linear,40311245,40BR372,2,4.8998,2.8998
RWR_Linear,40411104,40BA051,3,5.0,2.0
RWR_Linear,40211250,40BR032,4,4.7489,0.7489
RWR_Linear,40211102,40BQ021,5,4.6267,0.3733
RWR_Linear,40311236,40BA022,4,4.9471,0.9471
RWR_Linear,40411101,409A013,1,4.2256,3.2256
RWR_Linear,40511259,40B0292,4,5.0,1.0
RWR_Linear,40511112,40BA051,1,5.0,4.0
RWR_Linear,40211222,40BR072,5,4.941,0.059
RWR_Linear,40311129,40BA021,1,4.9388,3.9388
RWR_Linear,40411220,40BR472,3,4.7788,1.7788
RWR_Linear,40211113,40KT142,4,4.3531,0.3531
RWR_Linear,40511218,40BA052,4,3.0,1.0
RWR_Linear,40211113,40BQ371,4,4.7336,0.7336
RWR_Linear,40311235,40BD032,2,4.8429,2.8429
RWR_Linear,40511252,40BA052,3,4.9329,1.9329
RWR_Linear,40211108,409Z491,5,4.1904,0.8096
RWR_Linear,40411229,40BA052,3,5.0,2.0
RWR_Linear,40311116,40BQ321,3,4.8225,1.8225
RWR_Linear,40411248,40BA062,4,4.9213,0.9213
RWR_Linear,40411148,40BC071,5,4.8845,0.1155
RWR_Linear,40211107,40BA151,3,4.7639,1.7639
RWR_Linear,40211246,40B9561,4,4.6358,0.6358
RWR_Linear,40211248,40BR372,3,4.9217,1.9217
RWR_Linear,40211228,40RR072,2,4.2606,2.2606
RWR_Linear,40311105,40BQ031,1,4.7635,3.7635
RWR_Linear,40211153,40BC011,2,4.9571,2.9571
RWR_Linear,40511122,40B0291,2,5.0,3.0
RWR_Linear,40211202,40BR032,2,4.7943,2.7943
RWR_Linear,40311132,40BA131,2,5.0,3.0
RWR_Linear,40311120,40BA141,3,4.767,1.767
RWR_Linear,40311129,40BA061,2,4.9875,2.9875
RWR_Linear,40311104,40BQ331,3,4.7346,1.7346
RWR_Linear,40311162,40BA061,1,4.9128,3.9128
RWR_Linear,40205303,40BR042,1,4.8425,3.8425
RWR_Linear,40311104,40BA061,2,4.957,2.957
RWR_Linear,40211162,40BC011,3,4.8351,1.8351
RWR_Linear,40411153,40B0291,4,5.0,1.0
RWR_Linear,40411159,40BA061,3,4.9765,1.9765
RWR_Linear,40311245,40BA052,2,4.9954,2.9954
RWR_Linear,40211164,40BQ371,4,4.7555,0.7555
RWR_Linear,40311115,40BA051,1,4.9473,3.9473
RWR_Linear,40411110,40BA051,2,5.0,3.0
RWR_Linear,40311202,40BA052,5,4.996,0.004
RWR_Linear,40411166,40BQ311,2,4.7954,2.7954
RWR_Linear,40311161,40BC011,2,4.7886,2.7886
RWR_Linear,40311253,40BR372,4,4.8419,0.8419
RWR_Linear,40211216,40BD052,5,4.7994,0.2006
RWR_Linear,40411219,40BA222,4,4.8259,0.8259
RWR_Linear,40411214,40BA082,3,4.9942,1.9942
RWR_Linear,40311104,40BQ341,3,4.6586,1.6586
RWR_Linear,40211101,40BA141,5,4.8099,0.1901
RWR_Linear,40411126,40BA021,2,4.941,2.941
RWR_Linear,40311257,40B8932,5,4.7305,0.2695
RWR_Linear,40311108,40BQ331,3,4.7686,1.7686
RWR_Linear,40211103,40BA051,4,4.9236,0.9236
RWR_Linear,40211215,40BA012,1,5.0,4.0
RWR_Linear,40211103,40BA061,4,4.9465,0.9465
RWR_Linear,40411127,40BA012,1,4.4701,3.4701
RWR_Linear,40411130,40BR472,3,4.6291,1.6291
RWR_Linear,40211118,40BA011,3,5.0,2.0
RWR_Linear,40311207,40BR372,5,4.9722,0.0278
RWR_Linear,40211129,40BA021,4,4.9526,0.9526
RWR_Linear,40211244,40BA012,3,5.0,2.0
RWR_Linear,40511226,40BA052,3,3.0,0.0
RWR_Linear,40311169,40BC011,1,4.8288,3.8288
RWR_Linear,40411105,40BC071,4,4.8589,0.8589
RWR_Linear,40411113,40BC071,5,4.9838,0.0162
RWR_Linear,40411111,40BA051,3,4.9514,1.9514
RWR_Linear,40311120,40BQ141,4,4.7517,0.7517
RWR_Linear,40511142,40BA011,3,5.0,2.0
RWR_Linear,40211101,40BC051,3,4.8289,1.8289
RWR_Linear,40411253,40B0292,3,5.0,2.0
RWR_Linear,40511258,40BA052,2,5.0,3.0
RWR_Linear,40311245,40BR042,3,4.8939,1.8939
RWR_Linear,40311146,40BQ331,1,4.7756,3.7756
RWR_Linear,40211257,40BR032,1,4.8071,3.8071
RWR_Linear,40411133,40BC071,1,4.8964,3.8964
RWR_Linear,40411236,40BD012,4,4.9759,0.9759
RWR_Linear,40411233,40BQ311,3,4.4033,1.4033
RWR_Linear,40211209,40BA221,1,4.4751,3.4751
RWR_Linear,40211127,40BA021,3,4.8779,1.8779
RWR_Linear,40311221,40BQ512,3,4.831,1.831
RWR_Linear,40211206,409Z501,5,4.5459,0.4541
RWR_Linear,40211109,40BA121,2,4.8691,2.8691
RWR_Linear,40211162,40BC051,3,4.8445,1.8445
RWR_Linear,40211204,40BA052,1,5.0,4.0
RWR_Linear,40411138,40BA081,1,4.9436,3.9436
RWR_Linear,40211230,40BA012,4,4.9376,0.9376
RWR_Linear,40511219,40B0292,1,3.0,2.0
RWR_Linear,40320326,40BA131,3,4.8363,1.8363
RWR_Linear,40211242,40BR082,5,4.8344,0.1656
RWR_Linear,40211136,40BA121,4,4.9345,0.9345
RWR_Linear,40211121,40BQ021,2,4.7291,2.7291
RWR_Linear,40311210,40BR072,3,5.0,2.0
RWR_Linear,40311138,40BA221,1,4.7314,3.7314
RWR_Linear,40211259,409D021,2,4.0832,2.0832
RWR_Linear,40311256,40BA082,4,5.0,1.0
RWR_Linear,40211122,40BQ171,4,4.8154,0.8154
RWR_Linear,40211150,40BA091,1,4.6449,3.6449
RWR_Linear,40311155,40BQ321,3,4.8442,1.8442
RWR_Linear,40411259,40BA012,1,5.0,4.0
RWR_Linear,40411110,40BC011,1,4.8591,3.8591
RWR_Linear,40211235,40BD032,4,4.9619,0.9619
RWR_Linear,40211123,40BA051,3,4.9913,1.9913
RWR_Linear,40211256,40BR032,5,4.8187,0.1813
RWR_Linear,40211219,40B0292,4,5.0,1.0
RWR_Linear,40511117,40B0291,4,5.0,1.0
RWR_Linear,40211117,40BC061,3,4.737,1.737
RWR_Linear,40211257,40BD012,3,5.0,2.0
RWR_Linear,40211249,40BA062,3,4.8659,1.8659
RWR_Linear,40111256,40BR222,1,4.6326,3.6326
RWR_Linear,40211161,40BC021,4,4.9176,0.9176
RWR_Linear,40211101,40BA091,4,4.6272,0.6272
RWR_Linear,40211255,433A012,1,4.0262,3.0262
RWR_Linear,40311242,40B0292,2,5.0,3.0
RWR_Linear,40311157,40BA101,5,4.8855,0.1145
RWR_Linear,40205303,433A021,1,4.304,3.304
RWR_Linear,40511224,40BA052,2,4.9329,2.9329
RWR_Linear,40211247,40BA142,4,4.9626,0.9626
RWR_Linear,40211252,40BA152,3,4.771,1.771
RWR_Linear,40311153,40BQ311,3,4.8494,1.8494
RWR_Linear,40311260,40B8932,5,4.6953,0.3047
RWR_Linear,40511105,40BA011,3,4.9672,1.9672
RWR_Linear,40211129,40IN041,5,4.3677,0.6323
RWR_Linear,40511141,40B0291,4,5.0,1.0
RWR_Linear,40211133,40BQ371,4,4.8036,0.8036
RWR_Linear,40211215,40BR322,2,4.79,2.79
RWR_Linear,40211234,40BR322,4,4.7781,0.7781
RWR_Linear,40320310,40BA131,2,4.8399,2.8399
RWR_Linear,40311130,40BC051,3,4.8872,1.8872
RWR_Linear,40211152,40BA011,1,4.9603,3.9603
RWR_Linear,40311231,40BR042,4,4.8859,0.8859
RWR_Linear,40211243,40B0292,2,5.0,3.0
RWR_Linear,40411244,40BA222,3,4.876,1.876
RWR_Linear,40211110,40UN120,5,1.0,4.0
RWR_Linear,40411128,40BA051,3,4.9544,1.9544
RWR_Linear,40311137,40BA121,4,4.9008,0.9008
RWR_Linear,40211257,40BR242,1,4.6563,3.6563
RWR_Linear,40411127,40B0291,5,5.0,0.0
RWR_Linear,40311134,40BC071,2,4.8172,2.8172
RWR_Linear,40411141,40BQ031,1,4.9231,3.9231
RWR_Linear,40211238,433A012,2,3.9614,1.9614
RWR_Linear,40311152,40BA081,4,5.0,1.0
RWR_Linear,40211123,40BA081,4,4.9823,0.9823
RWR_Linear,40211112,40BA061,4,5.0,1.0
RWR_Linear,40411251,40BA222,3,4.8828,1.8828
RWR_Linear,40211247,40BA132,2,5.0,3.0
RWR_Linear,40311241,40BA052,1,4.9449,3.9449
RWR_Linear,40311133,40BQ141,5,4.8031,0.1969
RWR_Linear,40211232,40B0292,1,5.0,4.0
RWR_Linear,40211201,40BA012,2,5.0,3.0
RWR_Linear,40411222,40BR472,3,4.7202,1.7202
RWR_Linear,40211110,40B0291,2,5.0,3.0
RWR_Linear,40211249,40BA132,3,4.851,1.851
RWR_Linear,40211147,40BQ031,1,4.7553,3.7553
RWR_Linear,40411258,40BR472,3,4.773,1.773
RWR_Linear,40311119,40BA121,2,4.8564,2.8564
RWR_Linear,40211256,40BA092,5,4.8319,0.1681
RWR_Linear,40211109,40BC061,4,4.7592,0.7592
RWR_Linear,40311253,40BD012,3,4.9348,1.9348
RWR_Linear,40311106,40BA141,2,4.7676,2.7676
RWR_Linear,40411134,40BA081,2,4.9007,2.9007
RWR_Linear,40211209,40BD012,3,4.9953,1.9953
RWR_Linear,40311130,40BA081,2,5.0,3.0
RWR_Linear,40311221,40BR372,2,4.902,2.902
RWR_Linear,40311140,40BA081,4,5.0,1.0
RWR_Linear,40211246,40BR222,5,4.7757,0.2243
RWR_Linear,40211139,40BQ371,4,4.784,0.784
RWR_Linear,40211113,40BC011,2,4.8188,2.8188
RWR_Linear,40311153,40BA081,4,5.0,1.0
RWR_Linear,40211105,40BA021,2,4.8802,2.8802
RWR_Linear,40211153,40BA121,3,5.0,2.0
RWR_Linear,40311230,40BA222,2,4.9644,2.9644
RWR_Linear,40311229,40BA022,3,4.9642,1.9642
RWR_Linear,40211239,40BA132,1,4.9889,3.9889
RWR_Linear,40411219,40BR472,4,4.7274,0.7274
RWR_Linear,40211137,40BA131,3,4.9413,1.9413
RWR_Linear,40211108,40BA091,2,4.675,2.675
RWR_Linear,40211263,40BD052,1,4.7387,3.7387
RWR_Linear,40327247,40BA021,1,4.8655,3.8655
RWR_Linear,40320326,40BC021,5,4.8588,0.1412
RWR_Linear,40211118,40BA151,5,4.8051,0.1949
RWR_Linear,40211128,40B0291,2,5.0,3.0
RWR_Linear,40211217,40BR322,4,4.7744,0.7744
RWR_Linear,40211133,40BA051,3,4.989,1.989
RWR_Linear,40311253,40BA102,3,4.898,1.898
RWR_Linear,40411160,40BC071,1,4.8895,3.8895
RWR_Linear,40211115,40BQ371,1,4.7453,3.7453
RWR_Linear,40211229,40BR342,4,4.7541,0.7541
RWR_Linear,40311245,40B8932,3,4.7005,1.7005
RWR_Linear,40333126,40BQ311,1,4.7695,3.7695
RWR_Linear,40211241,40BR072,5,4.9538,0.0462
RWR_Linear,40211229,40BA122,1,4.8639,3.8639
RWR_Linear,40411124,40BA101,1,4.9978,3.9978
RWR_Linear,40311113,40BA061,1,4.8788,3.8788
RWR_Linear,40211205,40BD052,3,4.719,1.719
RWR_Linear,40211146,40BQ381,3,4.6599,1.6599
RWR_Linear,40211201,40BR372,2,4.9166,2.9166
RWR_Linear,40411230,40BD012,4,5.0,1.0
RWR_Linear,40211216,40BA082,4,5.0,1.0
RWR_Linear,40511217,40BA052,2,4.9329,2.9329
RWR_Linear,40311107,40BA121,4,5.0,1.0
RWR_Linear,40311135,40BQ311,3,4.8312,1.8312
RWR_Linear,40211121,40BQ371,3,4.8391,1.8391
RWR_Linear,40411215,40BA102,4,4.9546,0.9546
RWR_Linear,40511210,40B0292,4,5.0,1.0
RWR_Linear,40211158,40BA022,2,4.5814,2.5814
RWR_Linear,40311104,40BC071,4,4.8433,0.8433
RWR_Linear,40311215,40BR072,4,4.8618,0.8618
RWR_Linear,40411101,40BQ031,5,4.8177,0.1823
RWR_Linear,40411240,40BA222,1,4.8246,3.8246
RWR_Linear,40311143,40BA011,1,5.0,4.0
RWR_Linear,40211255,433A021,2,4.4272,2.4272
RWR_Linear,40211225,40BR222,3,4.8236,1.8236
RWR_Linear,40211226,40B9572,4,4.5709,0.5709
RWR_Linear,40311249,40BR372,4,4.9439,0.9439
RWR_Linear,40311204,40BA222,4,4.8935,0.8935
RWR_Linear,40211115,40BQ321,1,4.8473,3.8473
RWR_Linear,40211201,409Q072,4,4.2723,0.2723
RWR_Linear,40211201,430R063,4,4.3195,0.3195
RWR_Linear,40211126,40BA021,2,4.9469,2.9469
RWR_Linear,40211113,40BA021,2,4.8742,2.8742
RWR_Linear,40211213,40BR322,3,4.8056,1.8056
RWR_Linear,40411242,40BD012,3,5.0,2.0
RWR_Linear,40311216,40BR072,3,4.8585,1.8585
RWR_Linear,40211102,40BA121,3,4.8623,1.8623
RWR_Linear,40311160,40BA021,1,4.8716,3.8716
RWR_Linear,40411128,40BQ311,2,4.8133,2.8133
RWR_Linear,40311121,40BQ031,1,4.8422,3.8422
RWR_Linear,40311202,40BA132,4,4.906,0.906
RWR_Linear,40311229,40BR372,4,4.9057,0.9057
RWR_Linear,40211230,40BD052,4,4.7387,0.7387
RWR_Linear,40411149,40BA011,5,4.9513,0.0487
RWR_Linear,40211237,40BD052,2,4.7441,2.7441
RWR_Linear,40211226,40BA052,4,4.9923,0.9923
RWR_Linear,40311113,40BC071,1,4.7907,3.7907
RWR_Linear,40211109,40BQ331,1,4.729,3.729
RWR_Linear,40211245,40B0292,2,5.0,3.0
RWR_Linear,40211222,40BA142,4,4.8497,0.8497
RWR_Linear,40411220,40BD012,2,5.0,3.0
RWR_Linear,40311173,40BA141,1,4.8046,3.8046
RWR_Linear,40311243,40BA132,5,4.9069,0.0931
RWR_Linear,40211209,40BA022,1,4.9532,3.9532
RWR_Linear,40211208,40BR042,1,4.8918,3.8918
RWR_Linear,40211208,40BR322,1,4.7566,3.7566
RWR_Linear,40311224,40BA052,1,5.0,4.0
RWR_Linear,40211117,409Z491,4,4.5229,0.5229
RWR_Linear,40211234,433A011,2,4.1636,2.1636
RWR_Linear,40211267,433A021,2,4.3815,2.3815
RWR_Linear,40411148,40BA051,5,5.0,0.0
RWR_Linear,40511205,40B0292,5,5.0,0.0
RWR_Linear,40211209,433A021,1,4.3533,3.3533
RWR_Linear,40211213,40BD032,4,4.9344,0.9344
RWR_Linear,40211166,40BC051,1,4.8622,3.8622
RWR_Linear,40411202,40BA012,1,4.9379,3.9379
RWR_Linear,40211230,40BR372,4,4.8631,0.8631
RWR_Linear,40211119,40BQ141,3,4.955,1.955
RWR_Linear,40311202,40BR372,5,4.9015,0.0985
RWR_Linear,40311128,40BC051,4,4.9233,0.9233
RWR_Linear,40511139,40BA051,1,5.0,4.0
RWR_Linear,40411114,40B0291,2,5.0,3.0
RWR_Linear,40211104,40BQ021,3,4.6988,1.6988
RWR_Linear,40311216,40B0292,3,5.0,2.0
RWR_Linear,40211107,40BQ141,1,4.782,3.782
RWR_Linear,40511222,40BA052,4,5.0,1.0
RWR_Linear,40311133,40BA051,3,5.0,2.0
RWR_Linear,40211120,40BA051,1,5.0,4.0
RWR_Linear,40511231,40B0292,1,5.0,4.0
RWR_Linear,40211214,40BR072,2,4.8988,2.8988
RWR_Linear,40211224,40BA122,2,4.873,2.873
RWR_Linear,40211147,40B0291,1,5.0,4.0
RWR_Linear,40211234,40BR222,5,4.784,0.216
RWR_Linear,40411102,40BQ311,3,4.7489,1.7489
RWR_Linear,40211141,40BC051,2,4.8815,2.8815
RWR_Linear,40205303,40BA152,1,4.7399,3.7399
RWR_Linear,40311216,40B8932,3,4.6353,1.6353
RWR_Linear,40211148,40UN050,3,3.6446,0.6446
RWR_Linear,40311129,40BA121,2,4.8966,2.8966
RWR_Linear,40211266,40BA221,1,4.5188,3.5188
RWR_Linear,40211211,40B9561,4,4.7546,0.7546
RWR_Linear,40211142,40BA051,3,5.0,2.0
RWR_Linear,40211161,40BC051,2,4.8492,2.8492
RWR_Linear,40311122,40BQ331,3,4.7858,1.7858
RWR_Linear,40411109,40BR472,3,4.6548,1.6548
RWR_Linear,40211238,40BA142,4,4.8786,0.8786
RWR_Linear,40511102,40B0291,5,5.0,0.0
RWR_Linear,40311138,40B0291,4,5.0,1.0
RWR_Linear,40211263,40BR242,1,4.6036,3.6036
RWR_Linear,40211232,40BA092,4,4.7115,0.7115
RWR_Linear,40211246,40BR032,4,4.7984,0.7984
RWR_Linear,40311123,40BA051,1,4.9225,3.9225
RWR_Linear,40211156,40BA011,5,4.9693,0.0307
RWR_Linear,40211165,40BQ141,2,4.7992,2.7992
RWR_Linear,40211201,4069432,2,4.4258,2.4258
RWR_Linear,40211245,40BR242,2,4.6045,2.6045
RWR_Linear,40211208,40BR242,2,4.6271,2.6271
RWR_Linear,40211151,40BQ021,5,4.724,0.276
RWR_Linear,40311236,40BQ512,4,4.8216,0.8216
RWR_Linear,40511218,40BA012,3,3.0,0.0
RWR_Linear,40411261,409A013,4,4.271,0.271
RWR_Linear,40311226,40BA082,4,4.9875,0.9875
RWR_Linear,40311132,40BQ031,3,4.9638,1.9638
RWR_Linear,40411264,40BD012,2,4.943,2.943
RWR_Linear,40211213,40BR072,4,4.969,0.969
RWR_Linear,40411152,40BA081,1,5.0,4.0
RWR_Linear,40211256,40BR372,4,4.9219,0.9219
RWR_Linear,40211262,40BR372,4,4.8601,0.8601
RWR_Linear,40211162,40BA021,2,4.8862,2.8862
RWR_Linear,40511244,40B0292,4,5.0,1.0
RWR_Linear,40311253,40B8932,2,4.6438,2.6438
RWR_Linear,40211238,40BA092,2,4.824,2.824
RWR_Linear,40311247,40BA082,4,4.992,0.992
RWR_Linear,40211132,40BA101,1,4.8879,3.8879
RWR_Linear,40311208,40BA012,4,5.0,1.0
RWR_Linear,40211216,40BR042,3,4.9133,1.9133
RWR_Linear,40311157,40BA221,4,4.7318,0.7318
RWR_Linear,40211223,40BA102,5,4.9608,0.0392
RWR_Linear,40311204,40BA122,3,4.8526,1.8526
RWR_Linear,40311123,40BA221,1,4.733,3.733
RWR_Linear,40311227,40B8932,3,4.6299,1.6299
RWR_Linear,40311108,40BC071,3,4.9003,1.9003
RWR_Linear,40211206,40BR342,3,4.7569,1.7569
RWR_Linear,40311122,40BC071,3,4.8907,1.8907
RWR_Linear,40211111,40BA081,2,4.9259,2.9259
RWR_Linear,40511206,40B0292,5,5.0,0.0
RWR_Linear,40311155,40BA051,3,4.9578,1.9578
RWR_Linear,40311131,40BA061,1,4.9194,3.9194
RWR_Linear,40411222,40B0292,4,5.0,1.0
RWR_Linear,40311140,40BC051,4,4.8676,0.8676
RWR_Linear,40311133,40BC051,3,4.8526,1.8526
RWR_Linear,40411202,40B0292,4,5.0,1.0
RWR_Linear,40411207,40BD012,1,4.9324,3.9324
RWR_Linear,40211118,40BA101,4,4.931,0.931
RWR_Linear,40411149,40B0291,5,5.0,0.0
RWR_Linear,40211111,40BA091,1,4.6071,3.6071
RWR_Linear,40211126,40BA081,4,5.0,1.0
RWR_Linear,40211126,40BQ021,4,4.6917,0.6917
RWR_Linear,40411234,40BA022,1,4.9664,3.9664
RWR_Linear,40211150,40BA021,3,4.9125,1.9125
RWR_Linear,40211137,40BQ051,1,4.8,3.8
RWR_Linear,40211237,40BA122,1,4.816,3.816
RWR_Linear,40511156,40B0291,5,5.0,0.0
RWR_Linear,40211150,40BQ051,4,4.7856,0.7856
RWR_Linear,40211225,40BR072,4,5.0,1.0
RWR_Linear,40311248,40BQ512,4,4.9193,0.9193
RWR_Linear,40211117,40BA011,1,5.0,4.0
RWR_Linear,40311143,40BA081,3,4.9254,1.9254
RWR_Linear,40311133,40BA131,2,4.8985,2.8985
RWR_Linear,40211108,40BQ141,4,4.842,0.842
RWR_Linear,40211154,40BC051,2,4.8369,2.8369
RWR_Linear,40320326,40BA061,1,4.9137,3.9137
RWR_Linear,40311105,40BC051,2,4.8237,2.8237
RWR_Linear,40311132,40BQ341,4,4.7856,0.7856
RWR_Linear,40211248,40BD052,4,4.7939,0.7939
RWR_Linear,40211127,40BQ371,4,4.7457,0.7457
RWR_Linear,40411212,40BA052,1,4.992,3.992
RWR_Linear,40211252,409Z501,5,4.5723,0.4277
RWR_Linear,40211165,40BA011,5,4.9685,0.0315
RWR_Linear,40411209,40BA012,1,5.0,4.0
RWR_Linear,40411209,40BR472,3,4.7552,1.7552
RWR_Linear,40311115,40BA011,1,5.0,4.0
RWR_Linear,40211102,40BA051,3,4.9221,1.9221
RWR_Linear,40411220,40BA222,4,4.8868,0.8868
RWR_Linear,40211104,40BA061,5,5.0,0.0
RWR_Linear,40411211,40BA022,3,4.9597,1.9597
RWR_Linear,40211248,40BA132,2,4.9139,2.9139
RWR_Linear,40311133,40BA081,3,4.9912,1.9912
RWR_Linear,40311204,40BD012,5,4.9966,0.0034
RWR_Linear,40311122,40BC011,1,4.8864,3.8864
RWR_Linear,40211102,409D021,4,4.2983,0.2983
RWR_Linear,40211147,40BC071,1,4.8043,3.8043
RWR_Linear,40411161,40BA021,3,4.8693,1.8693
RWR_Linear,40211214,40B0292,2,5.0,3.0
RWR_Linear,40211206,40BR372,4,4.9144,0.9144
RWR_Linear,40311241,40BD032,1,4.8465,3.8465
RWR_Linear,40211131,40BA021,1,4.8434,3.8434
RWR_Linear,40211141,40BA061,5,5.0,0.0
RWR_Linear,40411102,40B0291,5,5.0,0.0
RWR_Linear,40311258,40BA082,5,4.994,0.006
RWR_Linear,40411129,40BC071,1,4.8006,3.8006
RWR_Linear,40411255,40BA082,4,5.0,1.0
RWR_Linear,40211230,40BA122,4,4.819,0.819
RWR_Linear,40211141,40BQ371,5,4.7953,0.2047
RWR_Linear,40411151,40BA051,5,5.0,0.0
RWR_Linear,40411105,40BA011,1,5.0,4.0
RWR_Linear,40311204,40BR072,4,4.9313,0.9313
RWR_Linear,40211239,40BA092,1,4.8965,3.8965
RWR_Linear,40311227,40BA021,2,4.3832,2.3832
RWR_Linear,40411127,40BC011,2,4.7988,2.7988
RWR_Linear,40311202,40BA062,3,4.92,1.92
RWR_Linear,40311218,40BD032,1,4.8966,3.8966
RWR_Linear,40211132,40BA021,1,4.8752,3.8752
RWR_Linear,40211226,40BA142,4,4.857,0.857
RWR_Linear,40211238,40BA122,2,4.8701,2.8701
RWR_Linear,40311105,40B0291,3,5.0,2.0
RWR_Softmax(T=0.3),40411202,40BR472,3,4.7783,1.7783
RWR_Softmax(T=0.3),40311247,40BA052,5,5.0,0.0
RWR_Softmax(T=0.3),40211206,40BR122,5,5.0,0.0
RWR_Softmax(T=0.3),40511218,40B0292,5,3.0,2.0
RWR_Softmax(T=0.3),40211202,40BR342,2,4.4041,2.4041
RWR_Softmax(T=0.3),40311256,40BA122,3,4.6883,1.6883
RWR_Softmax(T=0.3),40211109,40BA091,1,4.3848,3.3848
RWR_Softmax(T=0.3),40311211,40BA062,1,4.377,3.377
RWR_Softmax(T=0.3),40311211,40BA012,1,4.5625,3.5625
RWR_Softmax(T=0.3),40211148,40BQ021,4,4.716,0.716
RWR_Softmax(T=0.3),40211220,40BA082,4,4.456,0.456
RWR_Softmax(T=0.3),40311215,40BR372,4,5.0,1.0
RWR_Softmax(T=0.3),40311207,40BA222,5,4.9964,0.0036
RWR_Softmax(T=0.3),40211250,40BR222,4,4.9174,0.9174
RWR_Softmax(T=0.3),40211133,40BA121,3,4.1675,1.1675
RWR_Softmax(T=0.3),40311259,40BA122,1,4.1868,3.1868
RWR_Softmax(T=0.3),40211138,40BQ331,3,3.9419,0.9419
RWR_Softmax(T=0.3),40211121,40BC051,3,4.5891,1.5891
RWR_Softmax(T=0.3),40311108,40BA061,2,5.0,3.0
RWR_Softmax(T=0.3),40211125,40BC051,4,4.6406,0.6406
RWR_Softmax(T=0.3),40411111,40BC011,1,3.7583,2.7583
RWR_Softmax(T=0.3),40211138,40B0291,2,4.7779,2.7779
RWR_Softmax(T=0.3),40311155,40BA011,4,5.0,1.0
RWR_Softmax(T=0.3),40211217,40BA102,5,4.7243,0.2757
RWR_Softmax(T=0.3),40411202,40BA062,2,4.6672,2.6672
RWR_Softmax(T=0.3),40211106,40BQ051,4,4.6433,0.6433
RWR_Softmax(T=0.3),40511204,40B0292,5,5.0,0.0
RWR_Softmax(T=0.3),40211150,40BC011,3,4.2095,1.2095
RWR_Softmax(T=0.3),40311108,40BA141,2,3.9748,1.9748
RWR_Softmax(T=0.3),40411129,40B0291,2,5.0,3.0
RWR_Softmax(T=0.3),40311109,40BA011,1,4.9145,3.9145
RWR_Softmax(T=0.3),40411145,40BA051,1,4.7525,3.7525
RWR_Softmax(T=0.3),40211125,40BA091,1,4.0888,3.0888
RWR_Softmax(T=0.3),40311226,40BR072,4,4.8075,0.8075
RWR_Softmax(T=0.3),40211135,40BA011,4,5.0,1.0
RWR_Softmax(T=0.3),40211217,40BA092,5,5.0,0.0
RWR_Softmax(T=0.3),40311134,409A011,2,2.6262,0.6262
RWR_Softmax(T=0.3),40211102,40BQ391,4,4.935,0.935
RWR_Softmax(T=0.3),40211117,40BQ051,4,4.2607,0.2607
RWR_Softmax(T=0.3),40311236,40BA082,4,4.8011,0.8011
RWR_Softmax(T=0.3),40311244,40BR072,3,4.4841,1.4841
RWR_Softmax(T=0.3),40411248,40BA012,4,4.8283,0.8283
RWR_Softmax(T=0.3),40311246,40BA052,3,4.9797,1.9797
RWR_Softmax(T=0.3),40311140,40BQ341,5,4.6542,0.3458
RWR_Softmax(T=0.3),40411120,40BC071,4,4.9521,0.9521
RWR_Softmax(T=0.3),40211232,40BA012,1,4.8592,3.8592
RWR_Softmax(T=0.3),40211102,40BA151,4,4.5915,0.5915
RWR_Softmax(T=0.3),40411118,40BA081,1,4.9073,3.9073
RWR_Softmax(T=0.3),40211156,40BQ171,3,4.7478,1.7478
RWR_Softmax(T=0.3),40211207,40BR082,5,4.7184,0.2816
RWR_Softmax(T=0.3),40211113,40B9662,4,4.9468,0.9468
RWR_Softmax(T=0.3),40311150,40B0291,3,5.0,2.0
RWR_Softmax(T=0.3),40311127,40BA061,1,5.0,4.0
RWR_Softmax(T=0.3),40311247,40BR372,4,4.8052,0.8052
RWR_Softmax(T=0.3),40211129,40BA101,4,4.6861,0.6861
RWR_Softmax(T=0.3),40211127,40B0291,4,4.8021,0.8021
RWR_Softmax(T=0.3),40211102,40KA393,4,1.0,3.0
RWR_Softmax(T=0.3),40211245,40BR082,3,4.5289,1.5289
RWR_Softmax(T=0.3),40411163,40BA221,3,4.3226,1.3226
RWR_Softmax(T=0.3),40311117,40BQ341,4,5.0,1.0
RWR_Softmax(T=0.3),40311111,40BA141,2,4.2193,2.2193
RWR_Softmax(T=0.3),40211146,40BA021,2,4.7187,2.7187
RWR_Softmax(T=0.3),40311150,40BA101,1,4.8234,3.8234
RWR_Softmax(T=0.3),40311216,40BR022,3,5.0,2.0
RWR_Softmax(T=0.3),40411150,40BA051,1,4.9203,3.9203
RWR_Softmax(T=0.3),40211126,40KA513,3,4.6196,1.6196
RWR_Softmax(T=0.3),40211126,40KE011,3,1.0,2.0
RWR_Softmax(T=0.3),40211252,40BA052,3,4.7239,1.7239
RWR_Softmax(T=0.3),40411242,40BA222,3,4.8749,1.8749
RWR_Softmax(T=0.3),40211162,40BA091,1,4.1345,3.1345
RWR_Softmax(T=0.3),40411129,40BQ031,3,4.934,1.934
RWR_Softmax(T=0.3),40411247,40BA052,3,5.0,2.0
RWR_Softmax(T=0.3),40211158,40BC061,3,3.9347,0.9347
RWR_Softmax(T=0.3),40211214,40BA012,4,4.6764,0.6764
RWR_Softmax(T=0.3),40211107,40BA141,1,4.1694,3.1694
RWR_Softmax(T=0.3),40311256,40B8932,5,4.9523,0.0477
RWR_Softmax(T=0.3),40211252,40BA142,5,4.8205,0.1795
RWR_Softmax(T=0.3),40311138,40BA081,3,4.5329,1.5329
RWR_Softmax(T=0.3),40211146,40BQ051,3,4.7046,1.7046
RWR_Softmax(T=0.3),40311235,40K0051,1,1.2672,0.2672
RWR_Softmax(T=0.3),40311150,40BA021,1,4.7031,3.7031
RWR_Softmax(T=0.3),40411236,40BA082,4,4.4115,0.4115
RWR_Softmax(T=0.3),40411120,40BC011,3,4.0859,1.0859
RWR_Softmax(T=0.3),40311254,40BA052,3,5.0,2.0
RWR_Softmax(T=0.3),40411219,40B0292,5,4.981,0.019
RWR_Softmax(T=0.3),40311223,40B0292,3,5.0,2.0
RWR_Softmax(T=0.3),40211117,40BC021,2,4.4987,2.4987
RWR_Softmax(T=0.3),40211229,90B2681,4,3.7171,0.2829
RWR_Softmax(T=0.3),40211220,40BR042,4,4.6404,0.6404
RWR_Softmax(T=0.3),40211209,40BR222,4,4.8621,0.8621
RWR_Softmax(T=0.3),40333126,40BA221,1,4.7166,3.7166
RWR_Softmax(T=0.3),40211105,40BC051,2,4.1309,2.1309
RWR_Softmax(T=0.3),40211108,40BC061,5,4.602,0.398
RWR_Softmax(T=0.3),40211202,40BA102,3,4.7587,1.7587
RWR_Softmax(T=0.3),40211261,40BA022,5,4.8822,0.1178
RWR_Softmax(T=0.3),40311128,40BA221,3,4.8657,1.8657
RWR_Softmax(T=0.3),40211242,40BA102,4,4.7211,0.7211
RWR_Softmax(T=0.3),40211250,40BA012,3,4.6554,1.6554
RWR_Softmax(T=0.3),40211111,40B0291,2,4.8766,2.8766
RWR_Softmax(T=0.3),40211208,433A011,1,1.892,0.892
RWR_Softmax(T=0.3),40211156,40BQ381,4,4.5694,0.5694
RWR_Softmax(T=0.3),40211127,40BQ321,4,4.5215,0.5215
RWR_Softmax(T=0.3),40211109,40BC021,3,4.9051,1.9051
RWR_Softmax(T=0.3),40511103,40BA051,1,4.5034,3.5034
RWR_Softmax(T=0.3),40211146,40BA101,1,4.8621,3.8621
RWR_Softmax(T=0.3),40211148,40BA121,4,4.3295,0.3295
RWR_Softmax(T=0.3),40211230,409Z491,5,4.8105,0.1895
RWR_Softmax(T=0.3),40211144,40BC021,1,4.7599,3.7599
RWR_Softmax(T=0.3),40411224,40B0292,5,5.0,0.0
RWR_Softmax(T=0.3),40211247,40BR042,1,4.799,3.799
RWR_Softmax(T=0.3),40211113,40BQ331,1,4.8051,3.8051
RWR_Softmax(T=0.3),40411215,40BA062,1,4.9041,3.9041
RWR_Softmax(T=0.3),40511133,40BA011,5,5.0,0.0
RWR_Softmax(T=0.3),40211109,40BQ391,4,4.9607,0.9607
RWR_Softmax(T=0.3),40311205,40BA102,4,4.4915,0.4915
RWR_Softmax(T=0.3),40211206,40BA122,3,4.5509,1.5509
RWR_Softmax(T=0.3),40211127,40BA121,4,4.268,0.268
RWR_Softmax(T=0.3),40311206,40BA082,4,4.7749,0.7749
RWR_Softmax(T=0.3),40311238,40BA102,3,4.4038,1.4038
RWR_Softmax(T=0.3),40411252,40BA222,3,4.3767,1.3767
RWR_Softmax(T=0.3),40311217,40BA102,3,4.4726,1.4726
RWR_Softmax(T=0.3),40311232,40BA062,1,4.6636,3.6636
RWR_Softmax(T=0.3),40211228,409Z511,4,3.9842,0.0158
RWR_Softmax(T=0.3),40411230,40BA062,1,4.6405,3.6405
RWR_Softmax(T=0.3),40211113,40BA131,3,4.8469,1.8469
RWR_Softmax(T=0.3),40211259,40BD052,4,4.527,0.527
RWR_Softmax(T=0.3),40211132,40B0291,2,4.904,2.904
RWR_Softmax(T=0.3),40211234,40BD032,4,4.3517,0.3517
RWR_Softmax(T=0.3),40411133,40BA081,1,4.9255,3.9255
RWR_Softmax(T=0.3),40311166,40BQ311,3,4.2165,1.2165
RWR_Softmax(T=0.3),40211228,40BR032,4,4.8581,0.8581
RWR_Softmax(T=0.3),40211111,40BC011,1,4.3654,3.3654
RWR_Softmax(T=0.3),40311214,40BA052,3,5.0,2.0
RWR_Softmax(T=0.3),40211264,40BD012,1,4.997,3.997
RWR_Softmax(T=0.3),40211108,40BC021,4,5.0,1.0
RWR_Softmax(T=0.3),40311137,40BC021,5,4.7872,0.2128
RWR_Softmax(T=0.3),40311123,40B0291,2,4.9449,2.9449
RWR_Softmax(T=0.3),40211219,40BA152,4,4.3793,0.3793
RWR_Softmax(T=0.3),40211104,40BA121,3,4.0486,1.0486
RWR_Softmax(T=0.3),40411128,40BA061,3,4.9386,1.9386
RWR_Softmax(T=0.3),40511246,40BA012,4,4.9512,0.9512
RWR_Softmax(T=0.3),40211141,40BA101,3,4.7183,1.7183
RWR_Softmax(T=0.3),40311226,40BR022,3,4.7664,1.7664
RWR_Softmax(T=0.3),40211267,40BA132,3,4.9143,1.9143
RWR_Softmax(T=0.3),40411217,40BA062,5,4.9083,0.0917
RWR_Softmax(T=0.3),40211242,40BA022,4,5.0,1.0
RWR_Softmax(T=0.3),40411230,40BA082,2,4.3093,2.3093
RWR_Softmax(T=0.3),40211142,40BQ021,1,4.3167,3.3167
RWR_Softmax(T=0.3),40411208,40BR022,3,4.6922,1.6922
RWR_Softmax(T=0.3),40311206,40BA222,3,4.9323,1.9323
RWR_Softmax(T=0.3),40211237,40BA102,3,4.6697,1.6697
RWR_Softmax(T=0.3),40211205,40B0292,5,5.0,0.0
RWR_Softmax(T=0.3),40311250,40UN160,4,2.9772,1.0228
RWR_Softmax(T=0.3),40511238,40BA052,4,4.5079,0.5079
RWR_Softmax(T=0.3),40311121,40BA051,3,4.7227,1.7227
RWR_Softmax(T=0.3),40211257,40BA102,1,4.6555,3.6555
RWR_Softmax(T=0.3),40311122,40BA121,2,4.2603,2.2603
RWR_Softmax(T=0.3),40411141,40BA101,1,5.0,4.0
RWR_Softmax(T=0.3),40511209,40B0292,4,5.0,1.0
RWR_Softmax(T=0.3),40311261,40B8932,4,4.9092,0.9092
RWR_Softmax(T=0.3),40211117,40UN110,4,3.9488,0.0512
RWR_Softmax(T=0.3),40311201,40BA122,5,4.5808,0.4192
RWR_Softmax(T=0.3),40211246,40BA062,5,4.5668,0.4332
RWR_Softmax(T=0.3),40311114,40BQ341,5,4.7793,0.2207
RWR_Softmax(T=0.3),40311224,40BA022,1,4.9214,3.9214
RWR_Softmax(T=0.3),40311229,40BA132,5,4.9963,0.0037
RWR_Softmax(T=0.3),40311112,40BQ341,5,5.0,0.0
RWR_Softmax(T=0.3),40211105,40BQ171,1,4.5829,3.5829
RWR_Softmax(T=0.3),40311221,40BA062,1,4.788,3.788
RWR_Softmax(T=0.3),40211248,40BR342,3,4.4293,1.4293
RWR_Softmax(T=0.3),40211246,40BA082,3,4.499,1.499
RWR_Softmax(T=0.3),40211105,40BA121,3,4.1032,1.1032
RWR_Softmax(T=0.3),40411227,40BA052,4,4.9413,0.9413
RWR_Softmax(T=0.3),40211262,40BD012,4,4.7024,0.7024
RWR_Softmax(T=0.3),40411115,40BA021,2,4.8445,2.8445
RWR_Softmax(T=0.3),40311121,40BA021,3,4.9241,1.9241
RWR_Softmax(T=0.3),40411207,40B0292,4,4.9078,0.9078
RWR_Softmax(T=0.3),40411140,40BQ311,2,4.5855,2.5855
RWR_Softmax(T=0.3),40311264,4069582,2,4.3619,2.3619
RWR_Softmax(T=0.3),40311119,40BA131,2,4.4224,2.4224
RWR_Softmax(T=0.3),40411210,40BA062,3,4.898,1.898
RWR_Softmax(T=0.3),40411202,40BA082,3,4.6583,1.6583
RWR_Softmax(T=0.3),40411164,40BA101,2,5.0,3.0
RWR_Softmax(T=0.3),40211229,40BR122,5,5.0,0.0
RWR_Softmax(T=0.3),40511217,40B0292,4,5.0,1.0
RWR_Softmax(T=0.3),40211259,40BA122,2,4.2105,2.2105
RWR_Softmax(T=0.3),40211255,40BD032,3,4.8479,1.8479
RWR_Softmax(T=0.3),40211142,40BA061,4,5.0,1.0
RWR_Softmax(T=0.3),40211249,40BR042,2,4.6795,2.6795
RWR_Softmax(T=0.3),40311148,40BC071,3,4.5168,1.5168
RWR_Softmax(T=0.3),40311232,40BQ512,3,4.4503,1.4503
RWR_Softmax(T=0.3),40211161,40B9651,3,4.707,1.707
RWR_Softmax(T=0.3),40211209,40BA082,2,4.4411,2.4411
RWR_Softmax(T=0.3),40311209,40B0292,1,4.3753,3.3753
RWR_Softmax(T=0.3),40311259,40BA052,5,5.0,0.0
RWR_Softmax(T=0.3),40411237,40BD012,3,4.8818,1.8818
RWR_Softmax(T=0.3),40411219,40BA052,3,4.9447,1.9447
RWR_Softmax(T=0.3),40211213,40BA132,1,4.4777,3.4777
RWR_Softmax(T=0.3),40311250,40BD012,5,4.8275,0.1725
RWR_Softmax(T=0.3),40311137,40BQ331,3,4.1567,1.1567
RWR_Softmax(T=0.3),40511206,40BA052,4,4.9172,0.9172
RWR_Softmax(T=0.3),40511229,40B0292,4,5.0,1.0
RWR_Softmax(T=0.3),40311229,40BR072,4,4.7756,0.7756
RWR_Softmax(T=0.3),40211234,40BA102,4,4.4551,0.4551
RWR_Softmax(T=0.3),40211238,40BD012,1,4.6947,3.6947
RWR_Softmax(T=0.3),40311211,40B0292,3,4.2624,1.2624
RWR_Softmax(T=0.3),40311238,40BQ512,4,4.5994,0.5994
RWR_Softmax(T=0.3),40411243,40BA012,1,4.9883,3.9883
RWR_Softmax(T=0.3),40311129,40BQ321,2,4.493,2.493
RWR_Softmax(T=0.3),40211150,40BA051,3,4.5776,1.5776
RWR_Softmax(T=0.3),40411236,40BR022,4,4.5143,0.5143
RWR_Softmax(T=0.3),40211117,40BA091,1,3.8993,2.8993
RWR_Softmax(T=0.3),40411231,40BA012,1,4.9508,3.9508
RWR_Softmax(T=0.3),40311205,40BR372,5,5.0,0.0
RWR_Softmax(T=0.3),40211217,40BA052,4,4.8435,0.8435
RWR_Softmax(T=0.3),40211146,40BA141,3,4.2357,1.2357
RWR_Softmax(T=0.3),40411138,40BC011,1,3.7656,2.7656
RWR_Softmax(T=0.3),40211156,40BR372,3,4.2734,1.2734
RWR_Softmax(T=0.3),40411208,40BA052,3,5.0,2.0
RWR_Softmax(T=0.3),40205303,40BR072,3,5.0,2.0
RWR_Softmax(T=0.3),40411220,40BA062,2,4.948,2.948
RWR_Softmax(T=0.3),40411213,40BD012,4,4.9301,0.9301
RWR_Softmax(T=0.3),40211267,40BD052,1,4.9225,3.9225
RWR_Softmax(T=0.3),40211129,40BA141,4,4.1967,0.1967
RWR_Softmax(T=0.3),40211126,433N062,5,4.7051,0.2949
RWR_Softmax(T=0.3),40211102,409U053,5,4.0888,0.9112
RWR_Softmax(T=0.3),40211134,40BA061,4,4.7664,0.7664
RWR_Softmax(T=0.3),40311134,40BQ321,3,4.4468,1.4468
RWR_Softmax(T=0.3),40211203,40BA022,3,4.8742,1.8742
RWR_Softmax(T=0.3),40211147,40BC051,1,4.7108,3.7108
RWR_Softmax(T=0.3),40311217,40BD012,4,5.0,1.0
RWR_Softmax(T=0.3),40211233,40BA152,2,4.1545,2.1545
RWR_Softmax(T=0.3),40211137,40BQ391,2,4.7735,2.7735
RWR_Softmax(T=0.3),40411106,40BA051,3,4.9748,1.9748
RWR_Softmax(T=0.3),40311158,40UN130,5,1.7339,3.2661
RWR_Softmax(T=0.3),40211116,40BQ021,4,4.7395,0.7395
RWR_Softmax(T=0.3),40311202,40BA082,4,4.704,0.704
RWR_Softmax(T=0.3),40211154,40BQ391,3,4.8583,1.8583
RWR_Softmax(T=0.3),40311110,40B0291,3,5.0,2.0
RWR_Softmax(T=0.3),40411150,40BC071,2,4.6733,2.6733
RWR_Softmax(T=0.3),40211117,40BA131,4,4.341,0.341
RWR_Softmax(T=0.3),40311229,40BD012,4,4.9403,0.9403
RWR_Softmax(T=0.3),40211102,40BA081,4,4.7234,0.7234
RWR_Softmax(T=0.3),40211115,40BQ021,2,4.7074,2.7074
RWR_Softmax(T=0.3),40211215,40BA052,1,5.0,4.0
RWR_Softmax(T=0.3),40211105,40BA151,3,4.3883,1.3883
RWR_Softmax(T=0.3),40211166,40BQ371,1,4.7079,3.7079
RWR_Softmax(T=0.3),40311237,40BA122,3,4.2291,1.2291
RWR_Softmax(T=0.3),40311211,40BA132,4,4.8255,0.8255
RWR_Softmax(T=0.3),40211225,40UN070,5,4.2193,0.7807
RWR_Softmax(T=0.3),40511109,40B0291,4,5.0,1.0
RWR_Softmax(T=0.3),40211161,40BQ051,1,4.9023,3.9023
RWR_Softmax(T=0.3),40211118,40BC051,5,4.8099,0.1901
RWR_Softmax(T=0.3),40411131,40BA021,1,4.8045,3.8045
RWR_Softmax(T=0.3),40311122,40BA221,3,4.6766,1.6766
RWR_Softmax(T=0.3),40511104,40B0291,5,5.0,0.0
RWR_Softmax(T=0.3),40211126,40BA051,5,4.7388,0.2612
RWR_Softmax(T=0.3),40211211,40BR082,3,4.8529,1.8529
RWR_Softmax(T=0.3),40211262,40BA092,4,4.9684,0.9684
RWR_Softmax(T=0.3),40211250,40B0292,4,5.0,1.0
RWR_Softmax(T=0.3),40311233,40B8932,3,4.7601,1.7601
RWR_Softmax(T=0.3),40311146,40BC011,1,4.0162,3.0162
RWR_Softmax(T=0.3),40211156,40BA151,3,4.468,1.468
RWR_Softmax(T=0.3),40211228,40BA062,3,4.7392,1.7392
RWR_Softmax(T=0.3),40311221,40BD012,3,5.0,2.0
RWR_Softmax(T=0.3),40311119,40BA011,5,5.0,0.0
RWR_Softmax(T=0.3),40411126,40BC011,3,3.8995,0.8995
RWR_Softmax(T=0.3),40311130,409A021,1,1.147,0.147
RWR_Softmax(T=0.3),40211232,40BA102,1,4.5099,3.5099
RWR_Softmax(T=0.3),40211117,40BA121,3,3.9048,0.9048
RWR_Softmax(T=0.3),40411247,40BA102,2,4.5047,2.5047
RWR_Softmax(T=0.3),40211248,40BA102,4,4.375,0.375
RWR_Softmax(T=0.3),40411251,40BA022,2,5.0,3.0
RWR_Softmax(T=0.3),40312142,40BA101,4,4.7869,0.7869
RWR_Softmax(T=0.3),40211229,40BR082,4,4.7848,0.7848
RWR_Softmax(T=0.3),40211214,40BR242,2,3.9391,1.9391
RWR_Softmax(T=0.3),40311150,40BC011,1,4.4292,3.4292
RWR_Softmax(T=0.3),40411102,40BQ031,5,4.8338,0.1662
RWR_Softmax(T=0.3),40211106,40BA061,5,5.0,0.0
RWR_Softmax(T=0.3),40211230,409Z481,4,4.7882,0.7882
RWR_Softmax(T=0.3),40211117,40BA151,4,4.1401,0.1401
RWR_Softmax(T=0.3),40211259,40BA022,4,4.5105,0.5105
RWR_Softmax(T=0.3),40311259,40BA062,1,4.7272,3.7272
RWR_Softmax(T=0.3),40411159,40BA101,3,4.9079,1.9079
RWR_Softmax(T=0.3),40411115,40BA221,1,4.8284,3.8284
RWR_Softmax(T=0.3),40211247,409Z481,4,4.4032,0.4032
RWR_Softmax(T=0.3),40311260,40BR022,3,4.6532,1.6532
RWR_Softmax(T=0.3),40411128,40BA011,1,5.0,4.0
RWR_Softmax(T=0.3),40211146,40BA151,4,4.5805,0.5805
RWR_Softmax(T=0.3),40211101,40B0291,4,4.7368,0.7368
RWR_Softmax(T=0.3),40211148,40BQ171,4,5.0,1.0
RWR_Softmax(T=0.3),40211244,40BR042,2,4.8823,2.8823
RWR_Softmax(T=0.3),40511101,40BA011,1,5.0,4.0
RWR_Softmax(T=0.3),40205303,40BR242,1,3.8416,2.8416
RWR_Softmax(T=0.3),40211235,40BR042,2,4.6759,2.6759
RWR_Softmax(T=0.3),40211126,40KA393,3,1.0,2.0
RWR_Softmax(T=0.3),40211139,40BQ421,2,4.3447,2.3447
RWR_Softmax(T=0.3),40211206,40BD012,3,4.6428,1.6428
RWR_Softmax(T=0.3),40311204,40BA052,5,4.9845,0.0155
RWR_Softmax(T=0.3),40211233,40BR242,1,4.1211,3.1211
RWR_Softmax(T=0.3),40411125,40BA011,1,5.0,4.0
RWR_Softmax(T=0.3),40311218,40BA132,5,5.0,0.0
RWR_Softmax(T=0.3),40211137,40BC011,3,3.8491,0.8491
RWR_Softmax(T=0.3),40311120,40BA021,1,4.7788,3.7788
RWR_Softmax(T=0.3),40511107,40BA051,5,4.8422,0.1578
RWR_Softmax(T=0.3),40311217,40BD032,2,4.6338,2.6338
RWR_Softmax(T=0.3),40311215,40B0292,2,4.7792,2.7792
RWR_Softmax(T=0.3),40311155,40BQ031,1,4.8077,3.8077
RWR_Softmax(T=0.3),40211201,40BR032,3,4.7432,1.7432
RWR_Softmax(T=0.3),40211134,40BQ401,4,4.3434,0.3434
RWR_Softmax(T=0.3),40211208,40BA092,1,4.864,3.864
RWR_Softmax(T=0.3),40211247,40BR032,4,4.7846,0.7846
RWR_Softmax(T=0.3),40311238,40BA122,3,4.3339,1.3339
RWR_Softmax(T=0.3),40211109,40BQ141,2,4.9971,2.9971
RWR_Softmax(T=0.3),40211130,40BA081,1,4.3984,3.3984
RWR_Softmax(T=0.3),40311158,40BC071,5,4.6784,0.3216
RWR_Softmax(T=0.3),40211226,40BD032,4,4.5707,0.5707
RWR_Softmax(T=0.3),40211266,40BA081,2,3.4687,1.4687
RWR_Softmax(T=0.3),40311233,40B0292,3,4.9197,1.9197
RWR_Softmax(T=0.3),40311136,40BA011,1,5.0,4.0
RWR_Softmax(T=0.3),40311132,40BA121,1,4.0643,3.0643
RWR_Softmax(T=0.3),40211133,40BC011,2,4.5758,2.5758
RWR_Softmax(T=0.3),40211236,40BD012,1,4.8525,3.8525
RWR_Softmax(T=0.3),40311210,40BA222,3,5.0,2.0
RWR_Softmax(T=0.3),40211117,40BQ141,2,4.5306,2.5306
RWR_Softmax(T=0.3),40311261,40BD032,3,4.6089,1.6089
RWR_Softmax(T=0.3),40211225,40B9561,4,3.8046,0.1954
RWR_Softmax(T=0.3),40211228,40BA132,3,4.802,1.802
RWR_Softmax(T=0.3),40211158,40BA011,4,4.7391,0.7391
RWR_Softmax(T=0.3),40211154,40BA091,1,4.0034,3.0034
RWR_Softmax(T=0.3),40211137,40BA061,1,5.0,4.0
RWR_Softmax(T=0.3),40211209,40BD032,2,4.4818,2.4818
RWR_Softmax(T=0.3),40411227,40BA222,3,4.9427,1.9427
RWR_Softmax(T=0.3),40311235,40BA222,1,4.9215,3.9215
RWR_Softmax(T=0.3),40211141,40BC061,4,4.7531,0.7531
RWR_Softmax(T=0.3),40211261,40BR072,5,5.0,0.0
RWR_Softmax(T=0.3),40211114,40BA011,1,4.6797,3.6797
RWR_Softmax(T=0.3),40411126,40BA081,4,4.8525,0.8525
RWR_Softmax(T=0.3),40211229,40BA012,2,4.7787,2.7787
RWR_Softmax(T=0.3),40311122,40BA081,4,4.6359,0.6359
RWR_Softmax(T=0.3),40311109,40BA021,1,4.6627,3.6627
RWR_Softmax(T=0.3),40411205,40BD012,4,4.7791,0.7791
RWR_Softmax(T=0.3),40327247,40BC071,2,4.6877,2.6877
RWR_Softmax(T=0.3),40311238,40B0292,2,4.745,2.745
RWR_Softmax(T=0.3),40311238,40B8932,3,4.8537,1.8537
RWR_Softmax(T=0.3),40411158,40BA051,2,4.9879,2.9879
RWR_Softmax(T=0.3),40311243,40BA052,4,5.0,1.0
RWR_Softmax(T=0.3),40411211,40BA222,2,4.863,2.863
RWR_Softmax(T=0.3),40511226,40BA012,4,3.0,1.0
RWR_Softmax(T=0.3),40411255,40BA222,4,4.9611,0.9611
RWR_Softmax(T=0.3),40411212,40BD012,3,4.7251,1.7251
RWR_Softmax(T=0.3),40211202,40B9651,4,4.4484,0.4484
RWR_Softmax(T=0.3),40311243,40BD012,4,4.8096,0.8096
RWR_Softmax(T=0.3),40211112,40KT142,5,4.6154,0.3846
RWR_Softmax(T=0.3),40311204,40BA132,4,5.0,1.0
RWR_Softmax(T=0.3),40211224,40BD012,3,4.0226,1.0226
RWR_Softmax(T=0.3),40211113,40BA091,1,4.605,3.605
RWR_Softmax(T=0.3),40411156,40BA021,4,4.6799,0.6799
RWR_Softmax(T=0.3),40311153,40BA021,5,4.9332,0.0668
RWR_Softmax(T=0.3),40211266,40BR022,2,3.8227,1.8227
RWR_Softmax(T=0.3),40411219,40BA082,5,4.6981,0.3019
RWR_Softmax(T=0.3),40311223,40BA122,3,4.4061,1.4061
RWR_Softmax(T=0.3),40211116,40BQ051,4,5.0,1.0
RWR_Softmax(T=0.3),40211246,40BR122,5,5.0,0.0
RWR_Softmax(T=0.3),40311158,40BQ341,3,4.8921,1.8921
RWR_Softmax(T=0.3),40411201,40BA062,3,4.9077,1.9077
RWR_Softmax(T=0.3),40211126,40IN672,5,4.5222,0.4778
RWR_Softmax(T=0.3),40211249,40B0292,4,4.9645,0.9645
RWR_Softmax(T=0.3),40311108,40BC011,2,4.1508,2.1508
RWR_Softmax(T=0.3),40411156,40BA011,5,5.0,0.0
RWR_Softmax(T=0.3),40411244,40BR472,1,4.8388,3.8388
RWR_Softmax(T=0.3),40211103,40UN050,1,2.789,1.789
RWR_Softmax(T=0.3),40411242,40BA102,4,4.5849,0.5849
RWR_Softmax(T=0.3),40411202,40BA052,4,5.0,1.0
RWR_Softmax(T=0.3),40211261,40BA152,3,4.2702,1.2702
RWR_Softmax(T=0.3),40511142,40BA051,3,4.7512,1.7512
RWR_Softmax(T=0.3),40411246,40BA082,3,4.7691,1.7691
RWR_Softmax(T=0.3),40211104,40UN110,4,4.2706,0.2706
RWR_Softmax(T=0.3),40311236,40BR042,4,5.0,1.0
RWR_Softmax(T=0.3),40211223,40BA132,3,4.7128,1.7128
RWR_Softmax(T=0.3),40211115,40BA011,3,4.8298,1.8298
RWR_Softmax(T=0.3),40211144,40BQ421,1,4.2181,3.2181
RWR_Softmax(T=0.3),40211203,40BA102,4,4.6806,0.6806
RWR_Softmax(T=0.3),40211257,409U163,1,2.4292,1.4292
RWR_Softmax(T=0.3),40311113,40BA051,1,4.5569,3.5569
RWR_Softmax(T=0.3),40411236,40BA012,3,4.7118,1.7118
RWR_Softmax(T=0.3),40411233,40BA102,4,4.3949,0.3949
RWR_Softmax(T=0.3),40311161,40BA221,1,4.5363,3.5363
RWR_Softmax(T=0.3),40211153,40BR372,4,5.0,1.0
RWR_Softmax(T=0.3),40411108,40BA011,4,5.0,1.0
RWR_Softmax(T=0.3),40211115,40BC061,1,4.853,3.853
RWR_Softmax(T=0.3),40311130,40BQ031,2,4.0019,2.0019
RWR_Softmax(T=0.3),40211102,40B0291,2,4.7419,2.7419
RWR_Softmax(T=0.3),40211205,40BR032,5,4.775,0.225
RWR_Softmax(T=0.3),40211132,40BA081,2,4.6238,2.6238
RWR_Softmax(T=0.3),40311257,40BA102,3,4.6995,1.6995
RWR_Softmax(T=0.3),40211110,40BQ321,2,4.5784,2.5784
RWR_Softmax(T=0.3),40411255,40BA102,4,4.66,0.66
RWR_Softmax(T=0.3),40411138,40BA051,2,4.7525,2.7525
RWR_Softmax(T=0.3),40311105,409A011,2,2.8449,0.8449
RWR_Softmax(T=0.3),40311265,4064243,2,2.8062,0.8062
RWR_Softmax(T=0.3),40311255,40B0292,2,4.9239,2.9239
RWR_Softmax(T=0.3),40211104,40BA131,4,4.7359,0.7359
RWR_Softmax(T=0.3),40211233,40BA092,2,4.9344,2.9344
RWR_Softmax(T=0.3),40211133,40BR372,5,4.8084,0.1916
RWR_Softmax(T=0.3),40311138,40BA011,1,4.9703,3.9703
RWR_Softmax(T=0.3),40311124,40BA021,1,4.6936,3.6936
RWR_Softmax(T=0.3),40211238,433A021,2,1.6283,0.3717
RWR_Softmax(T=0.3),40311223,40BA222,1,4.8548,3.8548
RWR_Softmax(T=0.3),40211161,40BA051,2,4.2968,2.2968
RWR_Softmax(T=0.3),40211137,40BA091,1,3.6335,2.6335
RWR_Softmax(T=0.3),40311128,40BA121,4,4.2651,0.2651
RWR_Softmax(T=0.3),40411238,40BA052,2,4.7103,2.7103
RWR_Softmax(T=0.3),40211118,40BC061,5,4.8298,0.1702
RWR_Softmax(T=0.3),40311218,40BR042,4,4.7056,0.7056
RWR_Softmax(T=0.3),40211235,40BA152,4,4.3784,0.3784
RWR_Softmax(T=0.3),40211138,40BA051,3,4.3527,1.3527
RWR_Softmax(T=0.3),40311206,40BA062,1,4.7987,3.7987
RWR_Softmax(T=0.3),40211230,40B0292,5,5.0,0.0
RWR_Softmax(T=0.3),40411209,40BA222,3,4.841,1.841
RWR_Softmax(T=0.3),40311118,40BC051,3,4.8461,1.8461
RWR_Softmax(T=0.3),40211224,40BR072,3,4.5216,1.5216
RWR_Softmax(T=0.3),40311243,40BA122,4,4.153,0.153
RWR_Softmax(T=0.3),40211113,40B0291,2,4.8139,2.8139
RWR_Softmax(T=0.3),40211235,40BR072,4,5.0,1.0
RWR_Softmax(T=0.3),40211161,40BQ331,1,4.9035,3.9035
RWR_Softmax(T=0.3),40311253,40B0292,3,4.9638,1.9638
RWR_Softmax(T=0.3),40211225,40BR372,4,4.3161,0.3161
RWR_Softmax(T=0.3),40311227,40BA082,4,4.7653,0.7653
RWR_Softmax(T=0.3),40211262,40BR082,5,4.7801,0.2199
RWR_Softmax(T=0.3),40511229,40BA052,2,4.9172,2.9172
RWR_Softmax(T=0.3),40211122,40BQ421,3,4.2775,1.2775
RWR_Softmax(T=0.3),40411119,40BA051,1,4.8148,3.8148
RWR_Softmax(T=0.3),40211202,40BA132,3,4.6944,1.6944
RWR_Softmax(T=0.3),40211125,40BQ141,4,4.3772,0.3772
RWR_Softmax(T=0.3),40411205,40BA052,2,4.7161,2.7161
RWR_Softmax(T=0.3),40311131,40B0291,2,4.845,2.845
RWR_Softmax(T=0.3),40311146,40BA081,2,4.8551,2.8551
RWR_Softmax(T=0.3),40211245,40BR032,2,4.8759,2.8759
RWR_Softmax(T=0.3),40411130,40BC071,1,4.1158,3.1158
RWR_Softmax(T=0.3),40311135,40BA221,1,4.7597,3.7597
RWR_Softmax(T=0.3),40411143,40BA051,1,5.0,4.0
RWR_Softmax(T=0.3),40411207,40BA062,2,4.8788,2.8788
RWR_Softmax(T=0.3),40211220,409Z481,5,4.1281,0.8719
RWR_Softmax(T=0.3),40211205,40BA062,5,4.7602,0.2398
RWR_Softmax(T=0.3),40211230,40BA062,4,4.6157,0.6157
RWR_Softmax(T=0.3),40411140,40BA021,1,4.7453,3.7453
RWR_Softmax(T=0.3),40511262,40BA052,3,4.9172,1.9172
RWR_Softmax(T=0.3),40211262,40BA142,5,5.0,0.0
RWR_Softmax(T=0.3),40311132,40BQ321,3,4.5384,1.5384
RWR_Softmax(T=0.3),40311138,40BC021,4,5.0,1.0
RWR_Softmax(T=0.3),40311151,40BA141,3,4.341,1.341
RWR_Softmax(T=0.3),40411143,40BA221,1,4.9562,3.9562
RWR_Softmax(T=0.3),40211222,40BD032,4,4.6123,0.6123
RWR_Softmax(T=0.3),40311231,40BD032,2,4.6034,2.6034
RWR_Softmax(T=0.3),40311205,40BD032,3,4.6203,1.6203
RWR_Softmax(T=0.3),40511227,40BA052,2,5.0,3.0
RWR_Softmax(T=0.3),40211152,40B0291,2,5.0,3.0
RWR_Softmax(T=0.3),40211233,40BA142,4,5.0,1.0
RWR_Softmax(T=0.3),40311238,40BA132,3,5.0,2.0
RWR_Softmax(T=0.3),40211125,40BC011,4,4.328,0.328
RWR_Softmax(T=0.3),40311219,40B0292,1,4.7022,3.7022
RWR_Softmax(T=0.3),40311105,40BC071,2,4.7329,2.7329
RWR_Softmax(T=0.3),40311134,40BA121,3,4.2479,1.2479
RWR_Softmax(T=0.3),40311116,40B0291,2,4.9278,2.9278
RWR_Softmax(T=0.3),40311157,40BA061,3,5.0,2.0
RWR_Softmax(T=0.3),40211104,40BC051,2,4.7619,2.7619
RWR_Softmax(T=0.3),40411149,40BC071,1,4.8635,3.8635
RWR_Softmax(T=0.3),40411130,40BA102,3,4.505,1.505
RWR_Softmax(T=0.3),40311214,40BD032,2,4.7081,2.7081
RWR_Softmax(T=0.3),40411222,40BA062,1,4.8177,3.8177
RWR_Softmax(T=0.3),40311108,40BA101,3,4.9992,1.9992
RWR_Softmax(T=0.3),40211134,40BC021,4,4.7417,0.7417
RWR_Softmax(T=0.3),40320324,40BC011,1,4.0313,3.0313
RWR_Softmax(T=0.3),40311243,40BA012,3,4.7736,1.7736
RWR_Softmax(T=0.3),40411130,40BA222,2,4.7367,2.7367
RWR_Softmax(T=0.3),40411215,40BA052,1,4.7175,3.7175
RWR_Softmax(T=0.3),40411240,40BR022,2,4.6636,2.6636
RWR_Softmax(T=0.3),40211127,40BA131,5,4.7831,0.2169
RWR_Softmax(T=0.3),40211131,40B0291,1,5.0,4.0
RWR_Softmax(T=0.3),40211235,40BA102,4,4.7329,0.7329
RWR_Softmax(T=0.3),40211101,40BR342,5,4.1948,0.8052
RWR_Softmax(T=0.3),40211205,40BD012,4,4.8727,0.8727
RWR_Softmax(T=0.3),40411120,40BA061,4,4.9712,0.9712
RWR_Softmax(T=0.3),40311125,40B0291,3,5.0,2.0
RWR_Softmax(T=0.3),40211150,40BC021,3,5.0,2.0
RWR_Softmax(T=0.3),40311148,40BA081,3,4.6707,1.6707
RWR_Softmax(T=0.3),40211219,40BA052,2,4.4945,2.4945
RWR_Softmax(T=0.3),40211260,40BR122,5,5.0,0.0
RWR_Softmax(T=0.3),40311146,40BA061,1,5.0,4.0
RWR_Softmax(T=0.3),40511219,40BA052,3,3.0,0.0
RWR_Softmax(T=0.3),40211150,40BC061,4,4.3225,0.3225
RWR_Softmax(T=0.3),40211110,40BC051,2,4.6932,2.6932
RWR_Softmax(T=0.3),40311249,40BA022,3,5.0,2.0
RWR_Softmax(T=0.3),40211205,40BR042,3,4.7565,1.7565
RWR_Softmax(T=0.3),40411104,40BC071,3,4.807,1.807
RWR_Softmax(T=0.3),40211122,40BA151,4,4.4995,0.4995
RWR_Softmax(T=0.3),40211106,40BA081,3,4.5255,1.5255
RWR_Softmax(T=0.3),40311104,40BA141,1,4.0753,3.0753
RWR_Softmax(T=0.3),40311229,40BA012,2,4.8919,2.8919
RWR_Softmax(T=0.3),40511247,40B0292,4,5.0,1.0
RWR_Softmax(T=0.3),40211208,90B2681,3,3.6277,0.6277
RWR_Softmax(T=0.3),40211249,40BR122,5,5.0,0.0
RWR_Softmax(T=0.3),40311116,40BA081,3,4.5944,1.5944
RWR_Softmax(T=0.3),40311208,40BA022,4,4.8241,0.8241
RWR_Softmax(T=0.3),40211206,40BA012,5,4.7914,0.2086
RWR_Softmax(T=0.3),40511201,40BA012,3,5.0,2.0
RWR_Softmax(T=0.3),40211116,40BA131,5,4.8883,0.1117
RWR_Softmax(T=0.3),40211101,40BA081,4,4.7064,0.7064
RWR_Softmax(T=0.3),40211112,40BA021,1,4.7623,3.7623
RWR_Softmax(T=0.3),40211112,40BQ371,3,4.8064,1.8064
RWR_Softmax(T=0.3),40211217,40BA022,5,4.9207,0.0793
RWR_Softmax(T=0.3),40211220,40B0292,5,4.8748,0.1252
RWR_Softmax(T=0.3),40311130,40BQ321,3,5.0,2.0
RWR_Softmax(T=0.3),40311139,40BQ141,2,4.5889,2.5889
RWR_Softmax(T=0.3),40311236,40BA102,4,4.5328,0.5328
RWR_Softmax(T=0.3),40311245,40BA012,4,4.6693,0.6693
RWR_Softmax(T=0.3),40511123,40BA051,1,4.8422,3.8422
RWR_Softmax(T=0.3),40311114,40BA051,4,4.836,0.836
RWR_Softmax(T=0.3),40311155,40BC051,3,4.5124,1.5124
RWR_Softmax(T=0.3),40211239,40BR372,1,4.6783,3.6783
RWR_Softmax(T=0.3),40211130,40BA021,1,4.5927,3.5927
RWR_Softmax(T=0.3),40211133,40BA061,5,5.0,0.0
RWR_Softmax(T=0.3),40311236,40B8932,4,4.9863,0.9863
RWR_Softmax(T=0.3),40211106,40BA011,1,4.3533,3.3533
RWR_Softmax(T=0.3),40211158,409R181,4,3.8782,0.1218
RWR_Softmax(T=0.3),40311211,40BR372,3,4.7842,1.7842
RWR_Softmax(T=0.3),40511118,40BA051,2,4.5034,2.5034
RWR_Softmax(T=0.3),40311214,40BD012,1,4.9895,3.9895
RWR_Softmax(T=0.3),40211110,4069211,3,4.0986,1.0986
RWR_Softmax(T=0.3),40411246,40BA052,2,4.8984,2.8984
RWR_Softmax(T=0.3),40211165,40BA141,2,3.9087,1.9087
RWR_Softmax(T=0.3),40211241,40BA052,1,4.0911,3.0911
RWR_Softmax(T=0.3),40211115,40BC021,1,4.9889,3.9889
RWR_Softmax(T=0.3),40411251,40BA082,4,4.5127,0.5127
RWR_Softmax(T=0.3),40211150,40UN080,3,3.3681,0.3681
RWR_Softmax(T=0.3),40511125,40B0291,3,5.0,2.0
RWR_Softmax(T=0.3),40211205,40BR322,3,4.5261,1.5261
RWR_Softmax(T=0.3),40211127,40BQ421,5,4.524,0.476
RWR_Softmax(T=0.3),40311241,40BA102,2,4.416,2.416
RWR_Softmax(T=0.3),40211113,40BA101,2,4.6858,2.6858
RWR_Softmax(T=0.3),40211252,409Z491,5,4.665,0.335
RWR_Softmax(T=0.3),40311128,40BA021,4,4.9655,0.9655
RWR_Softmax(T=0.3),40311150,40BA221,1,4.7287,3.7287
RWR_Softmax(T=0.3),40211244,40B9561,4,4.414,0.414
RWR_Softmax(T=0.3),40311227,40BA062,1,4.7586,3.7586
RWR_Softmax(T=0.3),40211102,40BA011,4,4.8065,0.8065
RWR_Softmax(T=0.3),40211102,40WN081,3,2.9611,0.0389
RWR_Softmax(T=0.3),40211208,40BA152,2,4.1231,2.1231
RWR_Softmax(T=0.3),40211248,40BR122,5,5.0,0.0
RWR_Softmax(T=0.3),40311231,40BQ512,4,4.6104,0.6104
RWR_Softmax(T=0.3),40411158,40BA081,3,4.8115,1.8115
RWR_Softmax(T=0.3),40211163,40BA141,4,4.0054,0.0054
RWR_Softmax(T=0.3),40311227,40B0292,2,4.6644,2.6644
RWR_Softmax(T=0.3),40411155,40BQ031,4,5.0,1.0
RWR_Softmax(T=0.3),40511247,40BA052,4,4.9172,0.9172
RWR_Softmax(T=0.3),40311235,40BA102,1,4.4383,3.4383
RWR_Softmax(T=0.3),40511233,40BA052,4,4.9172,0.9172
RWR_Softmax(T=0.3),40311133,40BA101,2,5.0,3.0
RWR_Softmax(T=0.3),40311245,40BD012,2,4.9313,2.9313
RWR_Softmax(T=0.3),40211137,40BA051,3,4.2543,1.2543
RWR_Softmax(T=0.3),40211262,40BA132,4,4.5821,0.5821
RWR_Softmax(T=0.3),40211207,40BA062,4,4.7224,0.7224
RWR_Softmax(T=0.3),40211237,40BA022,1,4.8651,3.8651
RWR_Softmax(T=0.3),40311162,40BA021,1,4.7592,3.7592
RWR_Softmax(T=0.3),40211234,40BR032,4,4.6228,0.6228
RWR_Softmax(T=0.3),40411248,40BR472,1,4.867,3.867
RWR_Softmax(T=0.3),40211136,40BC051,5,4.8838,0.1162
RWR_Softmax(T=0.3),40311139,40BA141,1,4.6323,3.6323
RWR_Softmax(T=0.3),40411158,40BA011,3,5.0,2.0
RWR_Softmax(T=0.3),40211129,40BQ141,5,4.6454,0.3546
RWR_Softmax(T=0.3),40211259,40BA152,2,4.1677,2.1677
RWR_Softmax(T=0.3),40311258,40BD012,3,4.9737,1.9737
RWR_Softmax(T=0.3),40411140,40BC071,2,4.6551,2.6551
RWR_Softmax(T=0.3),40211158,40BQ371,2,4.6956,2.6956
RWR_Softmax(T=0.3),40311142,40BA101,1,4.9352,3.9352
RWR_Softmax(T=0.3),40211256,40BD012,5,4.8562,0.1438
RWR_Softmax(T=0.3),40311217,40BA012,3,4.9973,1.9973
RWR_Softmax(T=0.3),40411143,40BC011,1,4.5729,3.5729
RWR_Softmax(T=0.3),40211107,40BA081,1,4.6076,3.6076
RWR_Softmax(T=0.3),40311127,40BA081,2,4.9607,2.9607
RWR_Softmax(T=0.3),40211148,40BQ321,3,4.318,1.318
RWR_Softmax(T=0.3),40320310,40BC051,1,4.7194,3.7194
RWR_Softmax(T=0.3),40211220,40BD052,3,4.5055,1.5055
RWR_Softmax(T=0.3),40311162,40BQ311,1,4.6839,3.6839
RWR_Softmax(T=0.3),40211261,40BA122,3,4.352,1.352
RWR_Softmax(T=0.3),40311155,40BQ311,3,4.4494,1.4494
RWR_Softmax(T=0.3),40211252,40BR072,4,5.0,1.0
RWR_Softmax(T=0.3),40311169,40BA221,1,4.5855,3.5855
RWR_Softmax(T=0.3),40411215,40BA012,3,4.3385,1.3385
RWR_Softmax(T=0.3),40311117,40BA141,3,4.0595,1.0595
RWR_Softmax(T=0.3),40311158,40BA121,1,4.2643,3.2643
RWR_Softmax(T=0.3),40211209,40BA092,1,4.8705,3.8705
RWR_Softmax(T=0.3),40311236,40BD032,4,4.7466,0.7466
RWR_Softmax(T=0.3),40211153,40BQ021,5,4.9476,0.0524
RWR_Softmax(T=0.3),40211151,40BA081,3,4.9106,1.9106
RWR_Softmax(T=0.3),40411138,40BA021,1,4.6705,3.6705
RWR_Softmax(T=0.3),40211118,40BA141,5,4.1762,0.8238
RWR_Softmax(T=0.3),40411101,40BA011,1,5.0,4.0
RWR_Softmax(T=0.3),40211217,40BR082,4,4.8104,0.8104
RWR_Softmax(T=0.3),40311132,40BC051,1,4.3411,3.3411
RWR_Softmax(T=0.3),40211226,40BD052,5,4.634,0.366
RWR_Softmax(T=0.3),40211225,40B9572,4,4.0294,0.0294
RWR_Softmax(T=0.3),40411240,40BR472,5,5.0,0.0
RWR_Softmax(T=0.3),40211109,40B0291,2,4.927,2.927
RWR_Softmax(T=0.3),40411110,40BQ311,2,4.4699,2.4699
RWR_Softmax(T=0.3),40211241,40BA152,3,4.1778,1.1778
RWR_Softmax(T=0.3),40311250,40BA062,1,4.7776,3.7776
RWR_Softmax(T=0.3),40211102,40BQ421,3,4.4488,1.4488
RWR_Softmax(T=0.3),40211108,40BA051,3,4.7456,1.7456
RWR_Softmax(T=0.3),40411252,40BR472,1,4.8376,3.8376
RWR_Softmax(T=0.3),40511256,40B0292,3,4.6877,1.6877
RWR_Softmax(T=0.3),40311111,40BA061,4,5.0,1.0
RWR_Softmax(T=0.3),40211114,40UN110,4,4.5067,0.5067
RWR_Softmax(T=0.3),40511207,40BA012,2,4.9512,2.9512
RWR_Softmax(T=0.3),40311218,40BA082,4,4.6263,0.6263
RWR_Softmax(T=0.3),40311151,40BA021,4,4.8418,0.8418
RWR_Softmax(T=0.3),40411146,40BA081,2,4.6615,2.6615
RWR_Softmax(T=0.3),40311215,40BA122,2,4.5298,2.5298
RWR_Softmax(T=0.3),40511105,40B0291,5,5.0,0.0
RWR_Softmax(T=0.3),40211249,40BA052,3,4.5403,1.5403
RWR_Softmax(T=0.3),40311157,40BQ321,5,4.4493,0.5507
RWR_Softmax(T=0.3),40211225,40BD052,3,4.7194,1.7194
RWR_Softmax(T=0.3),40211151,40BQ371,5,4.9459,0.0541
RWR_Softmax(T=0.3),40211112,40BQ391,5,4.8668,0.1332
RWR_Softmax(T=0.3),40311261,40BA012,3,4.9098,1.9098
RWR_Softmax(T=0.3),40411254,40BA222,3,5.0,2.0
RWR_Softmax(T=0.3),40211239,40BR042,1,4.8619,3.8619
RWR_Softmax(T=0.3),40111230,40BA152,2,4.0928,2.0928
RWR_Softmax(T=0.3),40311233,40BA022,2,4.9291,2.9291
RWR_Softmax(T=0.3),40211266,433A021,3,1.4556,1.5444
RWR_Softmax(T=0.3),40211202,40BR242,3,3.8553,0.8553
RWR_Softmax(T=0.3),40411113,40BQ311,5,4.889,0.111
RWR_Softmax(T=0.3),40211249,40BA022,4,4.7966,0.7966
RWR_Softmax(T=0.3),40311157,40B0291,5,4.5692,0.4308
RWR_Softmax(T=0.3),40211139,432N861,1,1.6111,0.6111
RWR_Softmax(T=0.3),40311260,40BQ512,5,4.4311,0.5689
RWR_Softmax(T=0.3),40211230,40BA152,3,4.1913,1.1913
RWR_Softmax(T=0.3),40311158,40BQ031,2,4.7365,2.7365
RWR_Softmax(T=0.3),40311231,40BA132,5,4.9532,0.0468
RWR_Softmax(T=0.3),40211116,40IN101,4,3.3238,0.6762
RWR_Softmax(T=0.3),40311104,40BA081,4,4.4367,0.4367
RWR_Softmax(T=0.3),40411240,40BA052,1,4.9743,3.9743
RWR_Softmax(T=0.3),40211217,40BR032,5,4.8061,0.1939
RWR_Softmax(T=0.3),40211248,40BA022,1,4.746,3.746
RWR_Softmax(T=0.3),40211257,40BR372,1,4.6413,3.6413
RWR_Softmax(T=0.3),40211266,40BR042,2,4.505,2.505
RWR_Softmax(T=0.3),40311148,40BA011,1,5.0,4.0
RWR_Softmax(T=0.3),40411159,40BA051,2,4.8468,2.8468
RWR_Softmax(T=0.3),40205303,40BD012,2,4.3857,2.3857
RWR_Softmax(T=0.3),40411141,40BC011,1,4.5882,3.5882
RWR_Softmax(T=0.3),40211104,40BQ371,4,4.7421,0.7421
RWR_Softmax(T=0.3),40211145,40BC011,1,4.4425,3.4425
RWR_Softmax(T=0.3),40411147,40BA061,2,4.5991,2.5991
RWR_Softmax(T=0.3),40211215,40BD032,3,4.8092,1.8092
RWR_Softmax(T=0.3),40311121,40BC011,4,4.1452,0.1452
RWR_Softmax(T=0.3),40411256,40BA102,4,4.5463,0.5463
RWR_Softmax(T=0.3),40411105,40BQ311,5,4.935,0.065
RWR_Softmax(T=0.3),40211116,40BA051,2,4.6261,2.6261
RWR_Softmax(T=0.3),40211111,40BQ381,1,4.7781,3.7781
RWR_Softmax(T=0.3),40211106,409A012,2,2.5713,0.5713
RWR_Softmax(T=0.3),40211249,40BR082,4,4.7363,0.7363
RWR_Softmax(T=0.3),40211222,40BA092,4,4.9265,0.9265
RWR_Softmax(T=0.3),40211123,40BA021,4,4.6576,0.6576
RWR_Softmax(T=0.3),40211262,40BR042,4,4.8113,0.8113
RWR_Softmax(T=0.3),40411228,40BA062,3,5.0,2.0
RWR_Softmax(T=0.3),40211105,40BA051,3,4.4379,1.4379
RWR_Softmax(T=0.3),40311158,40BA221,2,4.7259,2.7259
RWR_Softmax(T=0.3),40211138,40BQ171,4,4.9997,0.9997
RWR_Softmax(T=0.3),40211129,40BC021,4,4.7652,0.7652
RWR_Softmax(T=0.3),40411218,40BR022,3,4.3686,1.3686
RWR_Softmax(T=0.3),40311129,40BQ331,1,4.2659,3.2659
RWR_Softmax(T=0.3),40211234,40BA022,3,4.6051,1.6051
RWR_Softmax(T=0.3),40211206,40BA062,4,4.6482,0.6482
RWR_Softmax(T=0.3),40211211,40BR372,3,4.4288,1.4288
RWR_Softmax(T=0.3),40311248,40BA132,5,5.0,0.0
RWR_Softmax(T=0.3),40211136,40BQ371,3,5.0,2.0
RWR_Softmax(T=0.3),40211247,409Z501,5,4.7256,0.2744
RWR_Softmax(T=0.3),40311250,40BA012,5,4.8855,0.1145
RWR_Softmax(T=0.3),40311236,40BA062,4,4.6697,0.6697
RWR_Softmax(T=0.3),40311216,40BR042,4,4.8999,0.8999
RWR_Softmax(T=0.3),40311218,40B8932,4,4.9399,0.9399
RWR_Softmax(T=0.3),40311146,40BA221,1,4.7707,3.7707
RWR_Softmax(T=0.3),40211144,40BA021,4,4.756,0.756
RWR_Softmax(T=0.3),40211248,40BD012,3,4.6728,1.6728
RWR_Softmax(T=0.3),40211162,40BA151,4,4.1747,0.1747
RWR_Softmax(T=0.3),40211203,40BA012,2,4.8221,2.8221
RWR_Softmax(T=0.3),40311122,40BA101,4,5.0,1.0
RWR_Softmax(T=0.3),40311155,40BC011,3,4.0501,1.0501
RWR_Softmax(T=0.3),40211214,40BD032,3,4.3976,1.3976
RWR_Softmax(T=0.3),40311159,40BC071,1,4.7119,3.7119
RWR_Softmax(T=0.3),40211139,40BA081,3,4.7586,1.7586
RWR_Softmax(T=0.3),40211202,40BR072,3,5.0,2.0
RWR_Softmax(T=0.3),40211261,40BR222,4,4.8523,0.8523
RWR_Softmax(T=0.3),40411134,40B0291,2,5.0,3.0
RWR_Softmax(T=0.3),40411159,40BQ311,3,4.476,1.476
RWR_Softmax(T=0.3),40411108,40BQ311,4,4.5844,0.5844
RWR_Softmax(T=0.3),40211121,40BA121,3,4.2726,1.2726
RWR_Softmax(T=0.3),40411117,40BA061,2,4.921,2.921
RWR_Softmax(T=0.3),40411216,40BA082,1,4.5432,3.5432
RWR_Softmax(T=0.3),40511220,40BA052,4,4.9746,0.9746
RWR_Softmax(T=0.3),40205303,40BR122,2,4.8243,2.8243
RWR_Softmax(T=0.3),40211165,40BQ421,4,4.2604,0.2604
RWR_Softmax(T=0.3),40211123,40PQ041,4,4.4767,0.4767
RWR_Softmax(T=0.3),40211263,433A021,1,1.6774,0.6774
RWR_Softmax(T=0.3),40211206,40BA092,4,4.8359,0.8359
RWR_Softmax(T=0.3),40411238,40BA222,2,4.4955,2.4955
RWR_Softmax(T=0.3),40411254,40BA012,3,4.5153,1.5153
RWR_Softmax(T=0.3),40211117,409A012,1,1.925,0.925
RWR_Softmax(T=0.3),40211202,40BD012,2,4.7551,2.7551
RWR_Softmax(T=0.3),40411145,40BA011,2,5.0,3.0
RWR_Softmax(T=0.3),40311237,40BR042,1,4.7214,3.7214
RWR_Softmax(T=0.3),40211134,40BC061,4,4.3,0.3
RWR_Softmax(T=0.3),40211114,40BC021,1,5.0,4.0
RWR_Softmax(T=0.3),40411213,40BA222,3,4.8668,1.8668
RWR_Softmax(T=0.3),40211162,40UN080,4,3.2742,0.7258
RWR_Softmax(T=0.3),40311264,4064243,2,3.291,1.291
RWR_Softmax(T=0.3),40211144,40BQ331,2,4.218,2.218
RWR_Softmax(T=0.3),40211207,40BR322,4,4.4619,0.4619
RWR_Softmax(T=0.3),40211154,40BA022,2,4.8367,2.8367
RWR_Softmax(T=0.3),40211106,40BQ171,4,4.7872,0.7872
RWR_Softmax(T=0.3),40311210,40BA122,1,4.6792,3.6792
RWR_Softmax(T=0.3),40211220,40BR082,4,4.6984,0.6984
RWR_Softmax(T=0.3),40411147,40BC011,4,4.4124,0.4124
RWR_Softmax(T=0.3),40411229,40BR022,1,4.179,3.179
RWR_Softmax(T=0.3),40211130,40BQ371,3,4.814,1.814
RWR_Softmax(T=0.3),40311227,40BD032,1,4.6085,3.6085
RWR_Softmax(T=0.3),40411207,40BA012,3,5.0,2.0
RWR_Softmax(T=0.3),40211208,40BR082,2,4.4181,2.4181
RWR_Softmax(T=0.3),40311237,40BA062,3,4.3679,1.3679
RWR_Softmax(T=0.3),40211105,409Q082,2,1.7191,0.2809
RWR_Softmax(T=0.3),40411126,40BA101,3,4.9722,1.9722
RWR_Softmax(T=0.3),40311131,40BQ311,3,4.6134,1.6134
RWR_Softmax(T=0.3),40211211,40BA152,3,4.3009,1.3009
RWR_Softmax(T=0.3),40211214,40BR372,2,4.4762,2.4762
RWR_Softmax(T=0.3),40511118,40B0291,4,5.0,1.0
RWR_Softmax(T=0.3),40311223,40BR042,3,4.9703,1.9703
RWR_Softmax(T=0.3),40411247,40BA062,4,4.7478,0.7478
RWR_Softmax(T=0.3),40511119,40B0291,5,5.0,0.0
RWR_Softmax(T=0.3),40211222,40BA152,3,4.1677,1.1677
RWR_Softmax(T=0.3),40411237,40B0292,1,4.8332,3.8332
RWR_Softmax(T=0.3),40311128,40BQ141,4,5.0,1.0
RWR_Softmax(T=0.3),40511121,40BA051,2,4.8422,2.8422
RWR_Softmax(T=0.3),40311227,40BA222,2,4.8599,2.8599
RWR_Softmax(T=0.3),40311240,40BD012,1,4.8525,3.8525
RWR_Softmax(T=0.3),40311218,40BA102,4,4.4052,0.4052
RWR_Softmax(T=0.3),40211244,40BA082,3,4.639,1.639
RWR_Softmax(T=0.3),40211249,40BA152,2,4.1896,2.1896
RWR_Softmax(T=0.3),40211237,40B0292,1,5.0,4.0
RWR_Softmax(T=0.3),40511103,40B0291,2,5.0,3.0
RWR_Softmax(T=0.3),40311211,40BR042,3,5.0,2.0
RWR_Softmax(T=0.3),40311216,40BD032,2,4.5442,2.5442
RWR_Softmax(T=0.3),40211214,40BA022,4,4.8566,0.8566
RWR_Softmax(T=0.3),40311205,40BQ512,4,4.7705,0.7705
RWR_Softmax(T=0.3),40211131,40BA081,1,4.8072,3.8072
RWR_Softmax(T=0.3),40311244,40BR042,4,4.837,0.837
RWR_Softmax(T=0.3),40511135,40B0291,4,5.0,1.0
RWR_Softmax(T=0.3),40211123,40BC011,2,4.4285,2.4285
RWR_Softmax(T=0.3),40211207,40B0292,5,4.8857,0.1143
RWR_Softmax(T=0.3),40311227,40BA102,3,4.4251,1.4251
RWR_Softmax(T=0.3),40211103,40BA141,1,4.0184,3.0184
RWR_Softmax(T=0.3),40211111,40BA051,2,4.7699,2.7699
RWR_Softmax(T=0.3),40211123,40UN080,5,3.0422,1.9578
RWR_Softmax(T=0.3),40211201,40BA061,1,3.8088,2.8088
RWR_Softmax(T=0.3),40211101,40BQ051,5,5.0,0.0
RWR_Softmax(T=0.3),40411124,40BA021,1,4.8623,3.8623
RWR_Softmax(T=0.3),40411122,40BA051,1,4.9156,3.9156
RWR_Softmax(T=0.3),40211113,40BA151,3,4.7792,1.7792
RWR_Softmax(T=0.3),40311257,40BR372,4,4.9819,0.9819
RWR_Softmax(T=0.3),40211118,40BA121,5,4.3414,0.6586
RWR_Softmax(T=0.3),40311217,40BA062,1,4.7445,3.7445
RWR_Softmax(T=0.3),40311110,40BA061,1,4.8981,3.8981
RWR_Softmax(T=0.3),40311237,40BA022,1,4.6909,3.6909
RWR_Softmax(T=0.3),40211233,40BR032,2,4.7397,2.7397
RWR_Softmax(T=0.3),40311145,40BA051,1,4.7512,3.7512
RWR_Softmax(T=0.3),40211213,40BA082,3,4.3529,1.3529
RWR_Softmax(T=0.3),40311114,40BC011,3,4.3789,1.3789
RWR_Softmax(T=0.3),40211252,40BA102,5,4.6129,0.3871
RWR_Softmax(T=0.3),40211215,40BA152,3,4.3587,1.3587
RWR_Softmax(T=0.3),40211107,40BQ371,3,4.8986,1.8986
RWR_Softmax(T=0.3),40411109,40BA222,1,3.243,2.243
RWR_Softmax(T=0.3),40211137,40BA151,3,4.7282,1.7282
RWR_Softmax(T=0.3),40411101,40BA021,1,4.7328,3.7328
RWR_Softmax(T=0.3),40211261,409Z511,4,4.1217,0.1217
RWR_Softmax(T=0.3),40211234,40BR122,5,5.0,0.0
RWR_Softmax(T=0.3),40211250,40BD032,3,4.5615,1.5615
RWR_Softmax(T=0.3),40411212,40BA022,1,4.7398,3.7398
RWR_Softmax(T=0.3),40311161,40BA101,1,4.7524,3.7524
RWR_Softmax(T=0.3),40211237,40BR032,2,4.7096,2.7096
RWR_Softmax(T=0.3),40211264,40BR032,2,4.7221,2.7221
RWR_Softmax(T=0.3),40411120,40BA051,3,4.6013,1.6013
RWR_Softmax(T=0.3),40311137,40BA221,3,4.713,1.713
RWR_Softmax(T=0.3),40211132,40BC011,1,4.3202,3.3202
RWR_Softmax(T=0.3),40411221,40BA052,2,4.8075,2.8075
RWR_Softmax(T=0.3),40411121,40B0291,1,5.0,4.0
RWR_Softmax(T=0.3),40411147,40B0291,5,5.0,0.0
RWR_Softmax(T=0.3),40211126,40B9662,4,4.6884,0.6884
RWR_Softmax(T=0.3),40211229,40BR242,2,3.9924,1.9924
RWR_Softmax(T=0.3),40211145,40BA131,2,4.7578,2.7578
RWR_Softmax(T=0.3),40411102,40BA221,3,4.7276,1.7276
RWR_Softmax(T=0.3),40211243,40BA012,1,4.874,3.874
RWR_Softmax(T=0.3),40311235,40B0292,3,4.8063,1.8063
RWR_Softmax(T=0.3),40311145,40BA011,1,5.0,4.0
RWR_Softmax(T=0.3),40211164,409U403,4,1.0,3.0
RWR_Softmax(T=0.3),40211264,40BA102,1,4.2946,3.2946
RWR_Softmax(T=0.3),40311131,40BC011,1,4.2787,3.2787
RWR_Softmax(T=0.3),40311211,40BA122,4,4.0125,0.0125
RWR_Softmax(T=0.3),40311121,40BA131,3,4.4399,1.4399
RWR_Softmax(T=0.3),40211257,40BD032,2,4.7875,2.7875
RWR_Softmax(T=0.3),40411168,40BA221,1,4.0721,3.0721
RWR_Softmax(T=0.3),40311238,40BD032,3,4.6373,1.6373
RWR_Softmax(T=0.3),40311250,431A241,5,1.0,4.0
RWR_Softmax(T=0.3),40211220,40BR122,5,5.0,0.0
RWR_Softmax(T=0.3),40211107,40BR242,2,2.2984,0.2984
RWR_Softmax(T=0.3),40311233,40BA082,4,4.7887,0.7887
RWR_Softmax(T=0.3),40211158,40UN110,4,3.7125,0.2875
RWR_Softmax(T=0.3),40411226,40BA082,1,4.5763,3.5763
RWR_Softmax(T=0.3),40211264,40BA062,1,4.8095,3.8095
RWR_Softmax(T=0.3),40211125,40BA011,4,5.0,1.0
RWR_Softmax(T=0.3),40411141,40BA221,1,4.6121,3.6121
RWR_Softmax(T=0.3),40211165,40BA101,4,4.8884,0.8884
RWR_Softmax(T=0.3),40411126,40BA051,2,4.9144,2.9144
RWR_Softmax(T=0.3),40211145,40BA051,2,4.4425,2.4425
RWR_Softmax(T=0.3),40311135,40BQ321,3,4.5454,1.5454
RWR_Softmax(T=0.3),40311122,40BQ321,4,4.9296,0.9296
RWR_Softmax(T=0.3),40211151,40BC051,4,4.9981,0.9981
RWR_Softmax(T=0.3),40411140,40BQ031,3,4.9425,1.9425
RWR_Softmax(T=0.3),40211150,40BA011,3,4.5042,1.5042
RWR_Softmax(T=0.3),40411131,40BA081,1,4.9073,3.9073
RWR_Softmax(T=0.3),40211121,40BC021,2,5.0,3.0
RWR_Softmax(T=0.3),40211148,40BA141,4,4.1538,0.1538
RWR_Softmax(T=0.3),40320310,40BQ321,2,4.6385,2.6385
RWR_Softmax(T=0.3),40320324,40BA221,1,4.2902,3.2902
RWR_Softmax(T=0.3),40211263,409U163,1,2.315,1.315
RWR_Softmax(T=0.3),40311155,40BA141,3,4.3661,1.3661
RWR_Softmax(T=0.3),40211144,40BA221,1,4.2232,3.2232
RWR_Softmax(T=0.3),40211154,40BR372,2,4.7832,2.7832
RWR_Softmax(T=0.3),40211102,40BC051,4,5.0,1.0
RWR_Softmax(T=0.3),40311133,40BA221,2,4.708,2.708
RWR_Softmax(T=0.3),40311244,40BA012,3,4.8663,1.8663
RWR_Softmax(T=0.3),40211109,40BA051,2,4.4261,2.4261
RWR_Softmax(T=0.3),40211229,40BA082,2,4.4769,2.4769
RWR_Softmax(T=0.3),40311106,40B0291,4,5.0,1.0
RWR_Softmax(T=0.3),40211105,40B0291,1,4.0408,3.0408
RWR_Softmax(T=0.3),40211151,40BA141,4,4.1255,0.1255
RWR_Softmax(T=0.3),40311214,40BA062,1,4.7924,3.7924
RWR_Softmax(T=0.3),40211241,40BA102,3,4.6859,1.6859
RWR_Softmax(T=0.3),40211162,40BA011,2,4.8791,2.8791
RWR_Softmax(T=0.3),40411257,40BA052,2,4.9351,2.9351
RWR_Softmax(T=0.3),40211148,40BA091,4,4.5848,0.5848
RWR_Softmax(T=0.3),40411233,40BR472,5,4.8556,0.1444
RWR_Softmax(T=0.3),40311248,40B8932,5,4.7959,0.2041
RWR_Softmax(T=0.3),40411250,40BA052,2,5.0,3.0
RWR_Softmax(T=0.3),40211263,40BA082,2,4.5656,2.5656
RWR_Softmax(T=0.3),40311261,40BA082,4,4.715,0.715
RWR_Softmax(T=0.3),40411138,40BA011,1,5.0,4.0
RWR_Softmax(T=0.3),40411248,40BA222,4,4.7959,0.7959
RWR_Softmax(T=0.3),40311134,40B0291,2,4.9277,2.9277
RWR_Softmax(T=0.3),40211111,40BA151,3,4.8463,1.8463
RWR_Softmax(T=0.3),40211201,40BR082,3,4.7795,1.7795
RWR_Softmax(T=0.3),40311261,40BA022,5,4.7667,0.2333
RWR_Softmax(T=0.3),40411130,40BA021,2,4.0806,2.0806
RWR_Softmax(T=0.3),40311218,40BR072,4,4.5684,0.5684
RWR_Softmax(T=0.3),40211133,40BA021,4,4.7303,0.7303
RWR_Softmax(T=0.3),40211161,40BA101,4,4.4477,0.4477
RWR_Softmax(T=0.3),40211259,40BA092,5,4.965,0.035
RWR_Softmax(T=0.3),40411111,40BA081,1,4.6695,3.6695
RWR_Softmax(T=0.3),40211127,40BQ401,4,4.8222,0.8222
RWR_Softmax(T=0.3),40211126,433Q051,2,2.1659,0.1659
RWR_Softmax(T=0.3),40411240,40B0292,3,4.9211,1.9211
RWR_Softmax(T=0.3),40211151,40BA051,3,4.2595,1.2595
RWR_Softmax(T=0.3),40211150,40BQ421,4,4.3611,0.3611
RWR_Softmax(T=0.3),40311250,40BA122,4,4.364,0.364
RWR_Softmax(T=0.3),40411250,40BR472,5,4.9299,0.0701
RWR_Softmax(T=0.3),40311201,40BA102,4,4.6151,0.6151
RWR_Softmax(T=0.3),40211213,40BR122,4,4.954,0.954
RWR_Softmax(T=0.3),40211164,40BA102,3,4.0762,1.0762
RWR_Softmax(T=0.3),40411256,40BA022,3,4.8351,1.8351
RWR_Softmax(T=0.3),40311133,40BC011,3,4.3394,1.3394
RWR_Softmax(T=0.3),40211258,40BA012,1,5.0,4.0
RWR_Softmax(T=0.3),40211142,409A021,1,2.1677,1.1677
RWR_Softmax(T=0.3),40211105,40BC021,3,4.6021,1.6021
RWR_Softmax(T=0.3),40211121,40BQ171,4,4.8983,0.8983
RWR_Softmax(T=0.3),40211126,40BA141,3,4.2639,1.2639
RWR_Softmax(T=0.3),40211201,40BR072,4,5.0,1.0
RWR_Softmax(T=0.3),40311152,40BA061,1,4.9373,3.9373
RWR_Softmax(T=0.3),40211136,40BA051,3,4.2565,1.2565
RWR_Softmax(T=0.3),40311258,40BA022,5,4.9446,0.0554
RWR_Softmax(T=0.3),40511155,40B0291,5,5.0,0.0
RWR_Softmax(T=0.3),40311261,40BA132,5,5.0,0.0
RWR_Softmax(T=0.3),40311201,40B8932,5,5.0,0.0
RWR_Softmax(T=0.3),40311139,40BQ311,3,4.7463,1.7463
RWR_Softmax(T=0.3),40411120,40BA011,1,4.9195,3.9195
RWR_Softmax(T=0.3),40411222,40BA102,2,4.388,2.388
RWR_Softmax(T=0.3),40211109,40UN110,4,4.7735,0.7735
RWR_Softmax(T=0.3),40211207,40BA142,5,4.8388,0.1612
RWR_Softmax(T=0.3),40311123,40BC011,1,4.3525,3.3525
RWR_Softmax(T=0.3),40211244,40BR242,4,4.2093,0.2093
RWR_Softmax(T=0.3),40311261,40B0292,2,4.6254,2.6254
RWR_Softmax(T=0.3),40311241,40B0292,1,4.9467,3.9467
RWR_Softmax(T=0.3),40211249,40BA102,3,4.6944,1.6944
RWR_Softmax(T=0.3),40211228,409Z501,5,4.8526,0.1474
RWR_Softmax(T=0.3),40333126,40BA081,3,4.8152,1.8152
RWR_Softmax(T=0.3),40411253,40BA022,2,4.9495,2.9495
RWR_Softmax(T=0.3),40411160,40BD012,4,4.6127,0.6127
RWR_Softmax(T=0.3),40211107,40B0291,2,4.9285,2.9285
RWR_Softmax(T=0.3),40211259,40BR372,4,4.3202,0.3202
RWR_Softmax(T=0.3),40311125,40BA051,1,4.5034,3.5034
RWR_Softmax(T=0.3),40311226,40BA052,4,5.0,1.0
RWR_Softmax(T=0.3),40511203,40B0292,5,4.7203,0.2797
RWR_Softmax(T=0.3),40311138,40BA101,2,4.8982,2.8982
RWR_Softmax(T=0.3),40211243,40BA022,1,4.9275,3.9275
RWR_Softmax(T=0.3),40411138,40BQ031,2,4.9066,2.9066
RWR_Softmax(T=0.3),40211244,40BD032,4,4.6745,0.6745
RWR_Softmax(T=0.3),40211243,40BA062,1,4.7677,3.7677
RWR_Softmax(T=0.3),40411146,40BQ031,2,4.6328,2.6328
RWR_Softmax(T=0.3),40211129,40BA051,3,4.5618,1.5618
RWR_Softmax(T=0.3),40211256,40BA102,5,4.7033,0.2967
RWR_Softmax(T=0.3),40211101,40BR372,5,4.8521,0.1479
RWR_Softmax(T=0.3),40211227,40BR072,4,5.0,1.0
RWR_Softmax(T=0.3),40411258,40BA102,3,4.4526,1.4526
RWR_Softmax(T=0.3),40311106,40BQ141,3,4.2837,1.2837
RWR_Softmax(T=0.3),40211220,40BQ421,4,3.501,0.499
RWR_Softmax(T=0.3),40511130,40BA051,2,4.5034,2.5034
RWR_Softmax(T=0.3),40211104,40BA051,4,4.2602,0.2602
RWR_Softmax(T=0.3),40311250,40BA052,5,5.0,0.0
RWR_Softmax(T=0.3),40311206,40BA052,5,5.0,0.0
RWR_Softmax(T=0.3),40311118,40BC071,3,4.9946,1.9946
RWR_Softmax(T=0.3),40311256,40BR372,4,4.914,0.914
RWR_Softmax(T=0.3),40211162,40BQ051,4,4.5085,0.5085
RWR_Softmax(T=0.3),40311223,40BR022,3,4.7002,1.7002
RWR_Softmax(T=0.3),40311211,40BA102,4,4.3674,0.3674
RWR_Softmax(T=0.3),40511250,40BA052,3,5.0,2.0
RWR_Softmax(T=0.3),40511119,40BA011,4,4.7388,0.7388
RWR_Softmax(T=0.3),40511149,40BA051,2,4.8148,2.8148
RWR_Softmax(T=0.3),40320326,40BQ341,3,4.5515,1.5515
RWR_Softmax(T=0.3),40311137,40BQ341,5,4.6282,0.3718
RWR_Softmax(T=0.3),40311212,40BA122,1,4.1964,3.1964
RWR_Softmax(T=0.3),40211220,409Z501,5,4.6955,0.3045
RWR_Softmax(T=0.3),40320326,40BA021,1,4.6562,3.6562
RWR_Softmax(T=0.3),40211127,40BA141,3,4.2108,1.2108
RWR_Softmax(T=0.3),40411215,40BA022,2,4.8963,2.8963
RWR_Softmax(T=0.3),40311211,40BA222,3,4.654,1.654
RWR_Softmax(T=0.3),40311123,40BA061,1,5.0,4.0
RWR_Softmax(T=0.3),40211242,40B9572,4,4.1343,0.1343
RWR_Softmax(T=0.3),40211110,40BQ021,2,4.5686,2.5686
RWR_Softmax(T=0.3),40211222,40BR342,3,4.57,1.57
RWR_Softmax(T=0.3),40511224,40B0292,3,5.0,2.0
RWR_Softmax(T=0.3),40311241,40BA082,2,4.6684,2.6684
RWR_Softmax(T=0.3),40211268,40BA011,1,2.9239,1.9239
RWR_Softmax(T=0.3),40311229,40BA052,5,5.0,0.0
RWR_Softmax(T=0.3),40211147,40BA081,3,4.728,1.728
RWR_Softmax(T=0.3),40211201,40BA022,2,4.6839,2.6839
RWR_Softmax(T=0.3),40211101,40BC011,5,4.4127,0.5873
RWR_Softmax(T=0.3),40211224,40BR342,3,4.1316,1.1316
RWR_Softmax(T=0.3),40311162,40BA011,1,4.9659,3.9659
RWR_Softmax(T=0.3),40311235,40BA012,1,5.0,4.0
RWR_Softmax(T=0.3),40311201,40BA062,1,4.9404,3.9404
RWR_Softmax(T=0.3),40211209,40BR122,1,5.0,4.0
RWR_Softmax(T=0.3),40211145,40B0291,3,4.9923,1.9923
RWR_Softmax(T=0.3),40411133,40BC011,2,4.5602,2.5602
RWR_Softmax(T=0.3),40211123,40UN070,4,3.9431,0.0569
RWR_Softmax(T=0.3),40211127,40BC021,5,5.0,0.0
RWR_Softmax(T=0.3),40411110,40BQ031,3,5.0,2.0
RWR_Softmax(T=0.3),40311235,40BR022,3,4.921,1.921
RWR_Softmax(T=0.3),40211246,40BD012,4,4.6488,0.6488
RWR_Softmax(T=0.3),40411163,40BA101,3,4.8179,1.8179
RWR_Softmax(T=0.3),40320310,40BA101,1,5.0,4.0
RWR_Softmax(T=0.3),40311106,40BA081,3,4.6704,1.6704
RWR_Softmax(T=0.3),40211141,40BA091,4,4.5288,0.5288
RWR_Softmax(T=0.3),40411164,40BQ311,1,4.343,3.343
RWR_Softmax(T=0.3),40211222,40BD052,4,4.6999,0.6999
RWR_Softmax(T=0.3),40311230,40BR022,3,4.5217,1.5217
RWR_Softmax(T=0.3),40211133,40BA151,4,4.5475,0.5475
RWR_Softmax(T=0.3),40211234,40BA052,3,4.676,1.676
RWR_Softmax(T=0.3),40311211,40BD032,3,4.3678,1.3678
RWR_Softmax(T=0.3),40311211,40BR022,2,4.5499,2.5499
RWR_Softmax(T=0.3),40211203,40BR042,5,4.831,0.169
RWR_Softmax(T=0.3),40211144,40BC011,1,4.2336,3.2336
RWR_Softmax(T=0.3),40411237,40BR472,2,4.7191,2.7191
RWR_Softmax(T=0.3),40211255,40BA152,3,4.5678,1.5678
RWR_Softmax(T=0.3),40411146,40B0291,4,5.0,1.0
RWR_Softmax(T=0.3),40311215,40B8932,5,4.8784,0.1216
RWR_Softmax(T=0.3),40211101,40BA011,5,4.8963,0.1037
RWR_Softmax(T=0.3),40211145,409U053,2,3.7433,1.7433
RWR_Softmax(T=0.3),40411111,40BA011,3,5.0,2.0
RWR_Softmax(T=0.3),40211113,40BQ171,3,5.0,2.0
RWR_Softmax(T=0.3),40411120,40BA101,4,5.0,1.0
RWR_Softmax(T=0.3),40311209,40BA052,2,5.0,3.0
RWR_Softmax(T=0.3),40211239,40BA142,3,4.8797,1.8797
RWR_Softmax(T=0.3),40211129,40BQ371,3,4.9134,1.9134
RWR_Softmax(T=0.3),40211109,40BQ381,1,4.6018,3.6018
RWR_Softmax(T=0.3),40211102,40KE011,4,1.0,3.0
RWR_Softmax(T=0.3),40211122,40BC021,4,4.856,0.856
RWR_Softmax(T=0.3),40411244,40BR022,4,4.1826,0.1826
RWR_Softmax(T=0.3),40311155,40BA081,2,4.6945,2.6945
RWR_Softmax(T=0.3),40211130,40BA131,2,5.0,3.0
RWR_Softmax(T=0.3),40211110,40B9662,5,4.6192,0.3808
RWR_Softmax(T=0.3),40311129,40BA141,3,4.0197,1.0197
RWR_Softmax(T=0.3),40411205,40BR472,2,4.8517,2.8517
RWR_Softmax(T=0.3),40311219,40BA222,3,4.736,1.736
RWR_Softmax(T=0.3),40320324,40BQ311,3,4.1572,1.1572
RWR_Softmax(T=0.3),40211102,40BA141,4,4.1671,0.1671
RWR_Softmax(T=0.3),40211141,40BA141,4,3.9201,0.0799
RWR_Softmax(T=0.3),40311133,40BQ341,5,4.7456,0.2544
RWR_Softmax(T=0.3),40411263,40BA102,1,4.5325,3.5325
RWR_Softmax(T=0.3),40411243,40BA062,4,4.844,0.844
RWR_Softmax(T=0.3),40211161,409A013,1,2.1559,1.1559
RWR_Softmax(T=0.3),40311249,40BA222,4,4.9684,0.9684
RWR_Softmax(T=0.3),40311232,40BR042,3,4.9456,1.9456
RWR_Softmax(T=0.3),40211122,432N442,3,1.5924,1.4076
RWR_Softmax(T=0.3),40311211,40BD012,3,4.9896,1.9896
RWR_Softmax(T=0.3),40311109,40B0291,1,5.0,4.0
RWR_Softmax(T=0.3),40111256,40B9651,2,4.7887,2.7887
RWR_Softmax(T=0.3),40311151,40BC011,3,4.3474,1.3474
RWR_Softmax(T=0.3),40311116,40BA051,1,4.6483,3.6483
RWR_Softmax(T=0.3),40211256,40BA022,5,4.9863,0.0137
RWR_Softmax(T=0.3),40211206,40BA152,3,4.1451,1.1451
RWR_Softmax(T=0.3),40511143,40BA051,4,4.8425,0.8425
RWR_Softmax(T=0.3),40211245,40BR072,3,4.9176,1.9176
RWR_Softmax(T=0.3),40511111,40B0291,3,5.0,2.0
RWR_Softmax(T=0.3),40211227,40BA132,5,4.6742,0.3258
RWR_Softmax(T=0.3),40320310,40BA221,1,4.7338,3.7338
RWR_Softmax(T=0.3),40211228,40BA082,3,4.6134,1.6134
RWR_Softmax(T=0.3),40211222,40BA052,2,4.8355,2.8355
RWR_Softmax(T=0.3),40411211,40BA012,2,4.8754,2.8754
RWR_Softmax(T=0.3),40311258,40BA102,3,4.4486,1.4486
RWR_Softmax(T=0.3),40211217,40B9561,4,4.2524,0.2524
RWR_Softmax(T=0.3),40211242,40BD052,4,4.7371,0.7371
RWR_Softmax(T=0.3),40211117,40BQ371,4,4.5775,0.5775
RWR_Softmax(T=0.3),40511211,40B0292,4,5.0,1.0
RWR_Softmax(T=0.3),40311231,40BA052,3,5.0,2.0
RWR_Softmax(T=0.3),40511226,40B0292,4,3.0,1.0
RWR_Softmax(T=0.3),40211247,409Z511,3,3.8653,0.8653
RWR_Softmax(T=0.3),40211203,40BR222,4,5.0,1.0
RWR_Softmax(T=0.3),40211144,40BA061,4,5.0,1.0
RWR_Softmax(T=0.3),40311236,40BA012,5,4.962,0.038
RWR_Softmax(T=0.3),40411237,40BR022,1,4.6676,3.6676
RWR_Softmax(T=0.3),40311111,40BA021,2,4.6963,2.6963
RWR_Softmax(T=0.3),40211105,40BA061,4,5.0,1.0
RWR_Softmax(T=0.3),40411256,40BA012,3,4.8798,1.8798
RWR_Softmax(T=0.3),40211245,40BA142,3,4.6676,1.6676
RWR_Softmax(T=0.3),40511211,40BA052,3,4.9172,1.9172
RWR_Softmax(T=0.3),40211133,40BA141,4,4.1266,0.1266
RWR_Softmax(T=0.3),40211144,40BA081,2,4.5388,2.5388
RWR_Softmax(T=0.3),40211114,40BQ321,1,4.7827,3.7827
RWR_Softmax(T=0.3),40311205,40BD012,5,4.9615,0.0385
RWR_Softmax(T=0.3),40411212,40BA012,1,4.9515,3.9515
RWR_Softmax(T=0.3),40211202,40BR322,3,4.602,1.602
RWR_Softmax(T=0.3),40411243,40BR472,1,4.825,3.825
RWR_Softmax(T=0.3),40211105,40BR242,4,2.9422,1.0578
RWR_Softmax(T=0.3),40511210,40BA012,2,5.0,3.0
RWR_Softmax(T=0.3),40411213,40BA012,4,4.8665,0.8665
RWR_Softmax(T=0.3),40211237,40BD032,4,4.6927,0.6927
RWR_Softmax(T=0.3),40311230,40BR042,2,5.0,3.0
RWR_Softmax(T=0.3),40511238,40BA012,5,4.9508,0.0492
RWR_Softmax(T=0.3),40411246,40BR022,4,4.716,0.716
RWR_Softmax(T=0.3),40411151,40BA021,3,4.8341,1.8341
RWR_Softmax(T=0.3),40311155,40BC071,3,4.7443,1.7443
RWR_Softmax(T=0.3),40311244,40BR022,3,5.0,2.0
RWR_Softmax(T=0.3),40311209,40BA222,2,4.6186,2.6186
RWR_Softmax(T=0.3),40211242,40UN160,3,3.6251,0.6251
RWR_Softmax(T=0.3),40411215,40BD012,3,5.0,2.0
RWR_Softmax(T=0.3),40211118,40BA051,4,4.8888,0.8888
RWR_Softmax(T=0.3),40211129,40KE011,3,1.0,2.0
RWR_Softmax(T=0.3),40211108,409Z481,5,4.5003,0.4997
RWR_Softmax(T=0.3),40311229,40BA122,3,4.3741,1.3741
RWR_Softmax(T=0.3),40211216,40BR072,5,5.0,0.0
RWR_Softmax(T=0.3),40211144,40BQ401,1,4.5984,3.5984
RWR_Softmax(T=0.3),40311202,40BA012,2,4.8688,2.8688
RWR_Softmax(T=0.3),40211209,40BA122,3,4.4192,1.4192
RWR_Softmax(T=0.3),40411134,40BA061,1,4.6887,3.6887
RWR_Softmax(T=0.3),40211238,40BA012,1,4.7571,3.7571
RWR_Softmax(T=0.3),40211108,409Z501,5,4.5074,0.4926
RWR_Softmax(T=0.3),40311110,40BA011,2,4.9796,2.9796
RWR_Softmax(T=0.3),40411140,40BA011,1,5.0,4.0
RWR_Softmax(T=0.3),40311106,40BA051,3,4.5578,1.5578
RWR_Softmax(T=0.3),40311141,40BA051,1,4.8148,3.8148
RWR_Softmax(T=0.3),40511125,40BA011,1,4.7388,3.7388
RWR_Softmax(T=0.3),40211207,40B9572,4,4.1933,0.1933
RWR_Softmax(T=0.3),40511130,40B0291,4,5.0,1.0
RWR_Softmax(T=0.3),40311113,40BA081,2,4.7252,2.7252
RWR_Softmax(T=0.3),40411215,40BA082,2,4.3914,2.3914
RWR_Softmax(T=0.3),40211126,40BC061,1,4.7099,3.7099
RWR_Softmax(T=0.3),40311208,40BA062,4,4.5239,0.5239
RWR_Softmax(T=0.3),40211153,40BC061,4,4.9837,0.9837
RWR_Softmax(T=0.3),40211132,40BQ371,2,4.999,2.999
RWR_Softmax(T=0.3),40211232,40BA022,1,4.79,3.79
RWR_Softmax(T=0.3),40411104,40BC011,2,4.0153,2.0153
RWR_Softmax(T=0.3),40211104,40BQ421,2,4.4672,2.4672
RWR_Softmax(T=0.3),40211211,40BA132,3,4.7739,1.7739
RWR_Softmax(T=0.3),40311202,40B8932,3,4.6755,1.6755
RWR_Softmax(T=0.3),40311207,40B8932,4,4.9056,0.9056
RWR_Softmax(T=0.3),40411240,40BA102,4,4.519,0.519
RWR_Softmax(T=0.3),40211123,40BC051,4,4.6786,0.6786
RWR_Softmax(T=0.3),40411252,40BA102,2,4.3864,2.3864
RWR_Softmax(T=0.3),40311139,40BA011,1,5.0,4.0
RWR_Softmax(T=0.3),40211241,40BA012,4,4.6542,0.6542
RWR_Softmax(T=0.3),40311105,40BA051,1,4.6263,3.6263
RWR_Softmax(T=0.3),40211103,40BA131,3,4.3714,1.3714
RWR_Softmax(T=0.3),40411122,40BA061,1,5.0,4.0
RWR_Softmax(T=0.3),40211226,40BR072,4,5.0,1.0
RWR_Softmax(T=0.3),40211231,40BA052,1,5.0,4.0
RWR_Softmax(T=0.3),40411241,40BD012,4,5.0,1.0
RWR_Softmax(T=0.3),40211223,40BR032,4,4.6392,0.6392
RWR_Softmax(T=0.3),40311233,40BR372,4,4.8277,0.8277
RWR_Softmax(T=0.3),40205303,40BA102,1,4.4705,3.4705
RWR_Softmax(T=0.3),40211118,40B9662,5,4.9259,0.0741
RWR_Softmax(T=0.3),40411130,409A013,1,2.7888,1.7888
RWR_Softmax(T=0.3),40211109,40B9662,4,4.668,0.668
RWR_Softmax(T=0.3),40312142,40BA221,3,4.7564,1.7564
RWR_Softmax(T=0.3),40411212,40BA102,4,4.3832,0.3832
RWR_Softmax(T=0.3),40211133,40BQ321,4,4.4545,0.4545
RWR_Softmax(T=0.3),40411205,409A013,1,3.796,2.796
RWR_Softmax(T=0.3),40211247,40BA122,3,4.6783,1.6783
RWR_Softmax(T=0.3),40511255,40BA052,4,4.566,0.566
RWR_Softmax(T=0.3),40211141,40BQ171,4,4.8429,0.8429
RWR_Softmax(T=0.3),40411150,40BA061,1,5.0,4.0
RWR_Softmax(T=0.3),40411207,40BA222,1,4.8135,3.8135
RWR_Softmax(T=0.3),40311159,40BA011,1,5.0,4.0
RWR_Softmax(T=0.3),40211244,40BA132,2,4.8393,2.8393
RWR_Softmax(T=0.3),40211223,40BA022,5,4.7604,0.2396
RWR_Softmax(T=0.3),40311140,40BQ141,5,4.7296,0.2704
RWR_Softmax(T=0.3),40311212,40BA022,1,4.9743,3.9743
RWR_Softmax(T=0.3),40211113,40BQ021,1,4.615,3.615
RWR_Softmax(T=0.3),40311116,40BA011,2,4.8373,2.8373
RWR_Softmax(T=0.3),40411111,40BC071,1,4.5145,3.5145
RWR_Softmax(T=0.3),40311140,40BC021,5,5.0,0.0
RWR_Softmax(T=0.3),40211216,40BR322,5,4.4295,0.5705
RWR_Softmax(T=0.3),40211228,40BA102,4,4.6895,0.6895
RWR_Softmax(T=0.3),40311240,40BA052,1,4.9746,3.9746
RWR_Softmax(T=0.3),40411251,40BA012,1,4.4133,3.4133
RWR_Softmax(T=0.3),40211206,40BA052,3,4.5791,1.5791
RWR_Softmax(T=0.3),40311155,40BA221,2,4.7495,2.7495
RWR_Softmax(T=0.3),40311224,40BR022,1,4.7638,3.7638
RWR_Softmax(T=0.3),40411213,40B0292,4,5.0,1.0
RWR_Softmax(T=0.3),40211267,40BA152,3,4.3678,1.3678
RWR_Softmax(T=0.3),40311213,40BA012,1,5.0,4.0
RWR_Softmax(T=0.3),40211103,40BA011,1,4.33,3.33
RWR_Softmax(T=0.3),40211121,40BA141,3,4.0819,1.0819
RWR_Softmax(T=0.3),40411236,40BA222,4,4.7138,0.7138
RWR_Softmax(T=0.3),40211223,40BR042,4,4.7399,0.7399
RWR_Softmax(T=0.3),40411244,40BD012,4,4.7228,0.7228
RWR_Softmax(T=0.3),40211259,40BA082,1,4.3196,3.3196
RWR_Softmax(T=0.3),40311134,40BA061,1,4.9951,3.9951
RWR_Softmax(T=0.3),40211151,40PQ041,4,4.6112,0.6112
RWR_Softmax(T=0.3),40511111,40BA051,1,4.5034,3.5034
RWR_Softmax(T=0.3),40411225,40BA052,2,4.9342,2.9342
RWR_Softmax(T=0.3),40211224,40BD052,1,4.2123,3.2123
RWR_Softmax(T=0.3),40211236,40BA052,1,4.9746,3.9746
RWR_Softmax(T=0.3),40211163,40BC061,1,4.708,3.708
RWR_Softmax(T=0.3),40511202,40B0292,5,5.0,0.0
RWR_Softmax(T=0.3),40411246,40BA102,3,4.5054,1.5054
RWR_Softmax(T=0.3),40211117,40BQ171,1,4.3868,3.3868
RWR_Softmax(T=0.3),40311146,40BQ311,1,4.4471,3.4471
RWR_Softmax(T=0.3),40411146,40BC011,2,4.4139,2.4139
RWR_Softmax(T=0.3),40311104,40BA221,1,4.5012,3.5012
RWR_Softmax(T=0.3),40311202,40BA122,4,4.4701,0.4701
RWR_Softmax(T=0.3),40211216,409Z501,5,4.8538,0.1462
RWR_Softmax(T=0.3),40211103,40BC051,2,4.2983,2.2983
RWR_Softmax(T=0.3),40411238,40BA102,4,4.4383,0.4383
RWR_Softmax(T=0.3),40311131,40BA141,1,4.3168,3.3168
RWR_Softmax(T=0.3),40211244,40BR372,4,4.6499,0.6499
RWR_Softmax(T=0.3),40311243,40BR072,4,4.5316,0.5316
RWR_Softmax(T=0.3),40211220,40BA152,4,4.0694,0.0694
RWR_Softmax(T=0.3),40311140,40BC011,2,4.0444,2.0444
RWR_Softmax(T=0.3),40411209,40BR022,2,4.8446,2.8446
RWR_Softmax(T=0.3),40311219,40BR022,3,5.0,2.0
RWR_Softmax(T=0.3),40311139,40BA131,1,4.2269,3.2269
RWR_Softmax(T=0.3),40211132,40KN633,4,2.7811,1.2189
RWR_Softmax(T=0.3),40211147,40BQ321,2,4.4236,2.4236
RWR_Softmax(T=0.3),40411241,40BA022,1,4.9125,3.9125
RWR_Softmax(T=0.3),40211223,40BA092,5,5.0,0.0
RWR_Softmax(T=0.3),40411127,40BQ031,5,4.9508,0.0492
RWR_Softmax(T=0.3),40411159,40BQ031,3,5.0,2.0
RWR_Softmax(T=0.3),40411221,40BR472,5,4.8739,0.1261
RWR_Softmax(T=0.3),40211242,40BA092,5,4.9979,0.0021
RWR_Softmax(T=0.3),40411105,40BA051,3,4.7653,1.7653
RWR_Softmax(T=0.3),40211112,40BA091,1,4.4108,3.4108
RWR_Softmax(T=0.3),40211165,40BA151,3,4.4754,1.4754
RWR_Softmax(T=0.3),40311157,40BC021,4,4.8152,0.8152
RWR_Softmax(T=0.3),40311211,40K0051,2,1.3758,0.6242
RWR_Softmax(T=0.3),40411101,40BR472,4,4.8352,0.8352
RWR_Softmax(T=0.3),40411258,40BA082,3,4.7754,1.7754
RWR_Softmax(T=0.3),40211115,40BA131,2,4.8217,2.8217
RWR_Softmax(T=0.3),40411244,40BA102,3,4.3823,1.3823
RWR_Softmax(T=0.3),40211123,40BA091,2,4.3945,2.3945
RWR_Softmax(T=0.3),40211219,40BA012,4,4.6321,0.6321
RWR_Softmax(T=0.3),40311260,40BD012,4,4.8401,0.8401
RWR_Softmax(T=0.3),40211141,40BQ021,4,4.3343,0.3343
RWR_Softmax(T=0.3),40211132,40BC051,1,4.6744,3.6744
RWR_Softmax(T=0.3),40211252,40BA082,3,4.6181,1.6181
RWR_Softmax(T=0.3),40411115,40BA061,1,5.0,4.0
RWR_Softmax(T=0.3),40211136,40BA021,5,4.8545,0.1455
RWR_Softmax(T=0.3),40211213,40BR222,4,4.7535,0.7535
RWR_Softmax(T=0.3),40211208,40BA221,2,2.9684,0.9684
RWR_Softmax(T=0.3),40211225,40BR122,5,4.9749,0.0251
RWR_Softmax(T=0.3),40311108,40BA121,1,4.1234,3.1234
RWR_Softmax(T=0.3),40211252,409D021,3,2.1414,0.8586
RWR_Softmax(T=0.3),40211248,40BA062,2,4.5274,2.5274
RWR_Softmax(T=0.3),40311204,40BA082,5,4.6426,0.3574
RWR_Softmax(T=0.3),40211263,40BA132,2,4.7622,2.7622
RWR_Softmax(T=0.3),40311212,40BA132,2,4.8498,2.8498
RWR_Softmax(T=0.3),40211225,40BA142,4,4.8037,0.8037
RWR_Softmax(T=0.3),40211209,40BA012,1,4.6035,3.6035
RWR_Softmax(T=0.3),40211207,40BR072,5,5.0,0.0
RWR_Softmax(T=0.3),40211215,40BR032,1,4.7745,3.7745
RWR_Softmax(T=0.3),40311135,40BA051,3,4.6627,1.6627
RWR_Softmax(T=0.3),40311212,40BA012,1,4.937,3.937
RWR_Softmax(T=0.3),40411258,40BD012,4,4.9754,0.9754
RWR_Softmax(T=0.3),40211157,40BA091,1,4.3268,3.3268
RWR_Softmax(T=0.3),40320326,40BC011,1,4.0689,3.0689
RWR_Softmax(T=0.3),40211156,40BA101,3,4.4858,1.4858
RWR_Softmax(T=0.3),40211224,40BA142,3,4.4183,1.4183
RWR_Softmax(T=0.3),40311113,40B0291,1,5.0,4.0
RWR_Softmax(T=0.3),40311224,40BA062,1,4.8145,3.8145
RWR_Softmax(T=0.3),40311230,40BR372,3,4.7785,1.7785
RWR_Softmax(T=0.3),40411257,40B0292,4,5.0,1.0
RWR_Softmax(T=0.3),40411167,40BA221,2,4.2502,2.2502
RWR_Softmax(T=0.3),40211141,40B9651,4,4.6587,0.6587
RWR_Softmax(T=0.3),40211229,433A021,1,1.5647,0.5647
RWR_Softmax(T=0.3),40311208,40BR072,3,4.7373,1.7373
RWR_Softmax(T=0.3),40211135,40BA081,2,4.7381,2.7381
RWR_Softmax(T=0.3),40311214,40BA022,1,4.9123,3.9123
RWR_Softmax(T=0.3),40411164,40BC011,1,3.9147,2.9147
RWR_Softmax(T=0.3),40211103,40B0291,2,4.2521,2.2521
RWR_Softmax(T=0.3),40211220,40BA102,5,4.4454,0.5546
RWR_Softmax(T=0.3),40411217,40BD012,5,5.0,0.0
RWR_Softmax(T=0.3),40311210,409A011,1,1.366,0.366
RWR_Softmax(T=0.3),40211203,40BD012,5,4.9861,0.0139
RWR_Softmax(T=0.3),40211136,40BA151,4,4.8228,0.8228
RWR_Softmax(T=0.3),40211115,40BA081,2,4.6473,2.6473
RWR_Softmax(T=0.3),40411215,40BA222,3,4.8732,1.8732
RWR_Softmax(T=0.3),40211246,40BA092,5,4.6906,0.3094
RWR_Softmax(T=0.3),40311123,40BQ031,2,4.8578,2.8578
RWR_Softmax(T=0.3),40411117,40BA101,1,4.889,3.889
RWR_Softmax(T=0.3),40411101,40BA102,3,4.3297,1.3297
RWR_Softmax(T=0.3),40311206,40BA122,2,4.4468,2.4468
RWR_Softmax(T=0.3),40411160,40BA021,3,4.0572,1.0572
RWR_Softmax(T=0.3),40211109,40BQ371,4,5.0,1.0
RWR_Softmax(T=0.3),40211139,40BA091,1,4.3237,3.3237
RWR_Softmax(T=0.3),40311173,40BQ341,4,4.4595,0.4595
RWR_Softmax(T=0.3),40411148,40BA061,5,4.9362,0.0638
RWR_Softmax(T=0.3),40211164,40BA121,3,3.8284,0.8284
RWR_Softmax(T=0.3),40311232,40BA222,2,5.0,3.0
RWR_Softmax(T=0.3),40311122,40BQ031,2,4.1119,2.1119
RWR_Softmax(T=0.3),40211146,40B0291,2,4.9889,2.9889
RWR_Softmax(T=0.3),40511235,40BA012,1,4.9618,3.9618
RWR_Softmax(T=0.3),40211207,40BA082,3,4.3743,1.3743
RWR_Softmax(T=0.3),40320310,40BC021,3,4.9276,1.9276
RWR_Softmax(T=0.3),40411254,40BA082,3,4.5417,1.5417
RWR_Softmax(T=0.3),40211230,40BD012,3,4.8033,1.8033
RWR_Softmax(T=0.3),40511219,40BA012,1,3.0,2.0
RWR_Softmax(T=0.3),40211224,40BR122,2,4.5595,2.5595
RWR_Softmax(T=0.3),40211249,40BR222,5,4.833,0.167
RWR_Softmax(T=0.3),40311129,40BA051,1,4.7718,3.7718
RWR_Softmax(T=0.3),40311142,40BA051,1,5.0,4.0
RWR_Softmax(T=0.3),40311237,40BA132,1,5.0,4.0
RWR_Softmax(T=0.3),40211146,40UN080,2,3.4187,1.4187
RWR_Softmax(T=0.3),40211257,40BA082,3,4.7432,1.7432
RWR_Softmax(T=0.3),40211136,40BA081,4,4.7525,0.7525
RWR_Softmax(T=0.3),40211246,40BR372,4,4.4494,0.4494
RWR_Softmax(T=0.3),40311233,40BQ512,4,4.6922,0.6922
RWR_Softmax(T=0.3),40511205,40BA012,5,5.0,0.0
RWR_Softmax(T=0.3),40311207,40BR072,3,4.8965,1.8965
RWR_Softmax(T=0.3),40311130,40BA221,1,4.2047,3.2047
RWR_Softmax(T=0.3),40311105,40BA221,1,4.676,3.676
RWR_Softmax(T=0.3),40211256,40BA082,4,4.6926,0.6926
RWR_Softmax(T=0.3),40211141,40BA121,4,4.0004,0.0004
RWR_Softmax(T=0.3),40211122,40BC061,3,4.5255,1.5255
RWR_Softmax(T=0.3),40312142,40BA061,1,4.5942,3.5942
RWR_Softmax(T=0.3),40411117,40BA081,1,4.759,3.759
RWR_Softmax(T=0.3),40511138,40B0291,3,5.0,2.0
RWR_Softmax(T=0.3),40111230,40BA142,1,4.763,3.763
RWR_Softmax(T=0.3),40311259,40BA132,4,4.9426,0.9426
RWR_Softmax(T=0.3),40211146,40BQ321,3,4.3653,1.3653
RWR_Softmax(T=0.3),40211102,40BA131,5,4.8057,0.1943
RWR_Softmax(T=0.3),40311137,40BA051,3,5.0,2.0
RWR_Softmax(T=0.3),40311123,40BQ321,2,4.7304,2.7304
RWR_Softmax(T=0.3),40311131,40BC051,3,4.6626,1.6626
RWR_Softmax(T=0.3),40211230,40BA132,3,4.7381,1.7381
RWR_Softmax(T=0.3),40311255,40BA052,2,4.9723,2.9723
RWR_Softmax(T=0.3),40411118,40BA021,1,4.8045,3.8045
RWR_Softmax(T=0.3),40411211,40BR472,1,4.9519,3.9519
RWR_Softmax(T=0.3),40211134,40IN662,3,3.3367,0.3367
RWR_Softmax(T=0.3),40311132,40BQ331,1,3.8741,2.8741
RWR_Softmax(T=0.3),40211223,40BA052,5,4.4288,0.5712
RWR_Softmax(T=0.3),40211135,40B0291,3,4.972,1.972
RWR_Softmax(T=0.3),40311111,40BC021,4,4.9321,0.9321
RWR_Softmax(T=0.3),40511151,40BA011,3,5.0,2.0
RWR_Softmax(T=0.3),40211242,40BA122,5,4.654,0.346
RWR_Softmax(T=0.3),40411213,40BA102,4,4.7045,0.7045
RWR_Softmax(T=0.3),40211116,40BQ331,3,4.0694,1.0694
RWR_Softmax(T=0.3),40311157,40BC071,5,4.2795,0.7205
RWR_Softmax(T=0.3),40211129,40BA131,5,4.5661,0.4339
RWR_Softmax(T=0.3),40311134,40BA021,1,4.7428,3.7428
RWR_Softmax(T=0.3),40211115,40BQ331,1,3.8949,2.8949
RWR_Softmax(T=0.3),40211208,40BA012,1,4.8594,3.8594
RWR_Softmax(T=0.3),40311119,40BA061,2,4.9948,2.9948
RWR_Softmax(T=0.3),40511233,40B0292,4,5.0,1.0
RWR_Softmax(T=0.3),40211217,40BR242,4,4.0558,0.0558
RWR_Softmax(T=0.3),40211249,40BD052,3,4.6728,1.6728
RWR_Softmax(T=0.3),40411256,40BA222,3,4.8097,1.8097
RWR_Softmax(T=0.3),40211217,40BA082,3,4.6737,1.6737
RWR_Softmax(T=0.3),40211209,40BR372,4,4.357,0.357
RWR_Softmax(T=0.3),40311237,40BA082,4,4.6421,0.6421
RWR_Softmax(T=0.3),40311122,40BA021,4,4.8382,0.8382
RWR_Softmax(T=0.3),40211137,40BA101,2,4.4282,2.4282
RWR_Softmax(T=0.3),40211141,40BA021,5,4.7471,0.2529
RWR_Softmax(T=0.3),40311138,40BC011,1,4.2745,3.2745
RWR_Softmax(T=0.3),40411237,40BA022,1,4.938,3.938
RWR_Softmax(T=0.3),40411127,40BA021,2,4.7756,2.7756
RWR_Softmax(T=0.3),40211151,40UN070,4,4.2991,0.2991
RWR_Softmax(T=0.3),40211237,40BA132,1,4.853,3.853
RWR_Softmax(T=0.3),40311118,40BC011,3,4.4717,1.4717
RWR_Softmax(T=0.3),40211129,40KA393,5,1.0,4.0
RWR_Softmax(T=0.3),40311137,40BC071,4,4.7185,0.7185
RWR_Softmax(T=0.3),40211126,40BA121,3,4.3695,1.3695
RWR_Softmax(T=0.3),40511201,40B0292,5,4.6505,0.3495
RWR_Softmax(T=0.3),40311260,40BA021,2,3.5907,1.5907
RWR_Softmax(T=0.3),40311266,40BQ512,3,5.0,2.0
RWR_Softmax(T=0.3),40211106,40BQ391,4,4.8486,0.8486
RWR_Softmax(T=0.3),40211219,40BA022,4,4.7322,0.7322
RWR_Softmax(T=0.3),40411114,40BA051,3,4.8776,1.8776
RWR_Softmax(T=0.3),40411225,40B0292,4,5.0,1.0
RWR_Softmax(T=0.3),40211125,40BQ391,4,4.7438,0.7438
RWR_Softmax(T=0.3),40511225,40BA052,4,5.0,1.0
RWR_Softmax(T=0.3),40211147,40BA121,1,4.3083,3.3083
RWR_Softmax(T=0.3),40311258,40BR042,5,5.0,0.0
RWR_Softmax(T=0.3),40411210,40B0292,4,5.0,1.0
RWR_Softmax(T=0.3),40211241,40BA092,4,5.0,1.0
RWR_Softmax(T=0.3),40211242,40BA012,4,4.9968,0.9968
RWR_Softmax(T=0.3),40311254,40BA012,3,4.8211,1.8211
RWR_Softmax(T=0.3),40411151,40BC071,4,4.8064,0.8064
RWR_Softmax(T=0.3),40311216,40BA102,3,4.3651,1.3651
RWR_Softmax(T=0.3),40211134,40BQ021,3,4.3395,1.3395
RWR_Softmax(T=0.3),40311111,40BA101,2,4.898,2.898
RWR_Softmax(T=0.3),40211165,40BA131,2,4.537,2.537
RWR_Softmax(T=0.3),40311226,40BD012,4,4.958,0.958
RWR_Softmax(T=0.3),40211138,40BA151,5,4.5513,0.4487
RWR_Softmax(T=0.3),40411152,40BA021,2,4.9644,2.9644
RWR_Softmax(T=0.3),40211215,40BR042,1,4.9334,3.9334
RWR_Softmax(T=0.3),40411258,40BR022,3,4.9666,1.9666
RWR_Softmax(T=0.3),40511252,40B0292,2,5.0,3.0
RWR_Softmax(T=0.3),40311216,40BR372,4,4.9082,0.9082
RWR_Softmax(T=0.3),40211250,40BA082,4,4.5371,0.5371
RWR_Softmax(T=0.3),40411109,40BD012,5,4.2077,0.7923
RWR_Softmax(T=0.3),40211252,40BR042,4,4.7537,0.7537
RWR_Softmax(T=0.3),40311157,40BQ141,4,4.4451,0.4451
RWR_Softmax(T=0.3),40411166,40BA221,3,4.1103,1.1103
RWR_Softmax(T=0.3),40311114,40BC021,4,5.0,1.0
RWR_Softmax(T=0.3),40211132,40BQ381,1,4.7919,3.7919
RWR_Softmax(T=0.3),40211250,40BA122,3,4.5092,1.5092
RWR_Softmax(T=0.3),40411147,40BQ031,4,4.6551,0.6551
RWR_Softmax(T=0.3),40311114,40BA061,4,4.9657,0.9657
RWR_Softmax(T=0.3),40211109,40BA081,2,4.6945,2.6945
RWR_Softmax(T=0.3),40311135,40BA101,5,4.9292,0.0708
RWR_Softmax(T=0.3),40211111,40BC021,2,5.0,3.0
RWR_Softmax(T=0.3),40311159,40BA061,1,4.9073,3.9073
RWR_Softmax(T=0.3),40411141,40BA021,1,4.9898,3.9898
RWR_Softmax(T=0.3),40411248,40BA052,4,5.0,1.0
RWR_Softmax(T=0.3),40311157,40BA051,2,4.7937,2.7937
RWR_Softmax(T=0.3),40411258,40MN111,1,3.0458,2.0458
RWR_Softmax(T=0.3),40211233,433A012,1,1.9528,0.9528
RWR_Softmax(T=0.3),40411252,40BD012,2,4.7574,2.7574
RWR_Softmax(T=0.3),40211130,40BQ401,2,4.4235,2.4235
RWR_Softmax(T=0.3),40211164,40BA141,5,3.5928,1.4072
RWR_Softmax(T=0.3),40211207,40BA152,4,4.307,0.307
RWR_Softmax(T=0.3),40211202,40BA122,2,4.4466,2.4466
RWR_Softmax(T=0.3),40211263,40BA152,1,4.219,3.219
RWR_Softmax(T=0.3),40311123,40BA101,1,4.911,3.911
RWR_Softmax(T=0.3),40411152,40BA221,2,4.9265,2.9265
RWR_Softmax(T=0.3),40311232,40BA082,3,4.692,1.692
RWR_Softmax(T=0.3),40211231,40BA062,1,4.8868,3.8868
RWR_Softmax(T=0.3),40211127,40B9651,5,4.6027,0.3973
RWR_Softmax(T=0.3),40311211,40BR072,4,4.5702,0.5702
RWR_Softmax(T=0.3),40211226,40BA012,5,4.9235,0.0765
RWR_Softmax(T=0.3),40211216,40BA102,4,4.6959,0.6959
RWR_Softmax(T=0.3),40211231,40B0292,2,4.981,2.981
RWR_Softmax(T=0.3),40411147,40BA021,4,4.7904,0.7904
RWR_Softmax(T=0.3),40311206,40BA102,4,4.4868,0.4868
RWR_Softmax(T=0.3),40211202,40BR222,4,4.9361,0.9361
RWR_Softmax(T=0.3),40211106,40BQ371,4,4.8491,0.8491
RWR_Softmax(T=0.3),40311206,40BA012,2,4.9093,2.9093
RWR_Softmax(T=0.3),40311248,40BR042,5,4.9344,0.0656
RWR_Softmax(T=0.3),40211123,40BA061,4,5.0,1.0
RWR_Softmax(T=0.3),40211211,40BA142,4,4.9867,0.9867
RWR_Softmax(T=0.3),40311233,40BA052,5,5.0,0.0
RWR_Softmax(T=0.3),40411228,40BA012,3,4.9225,1.9225
RWR_Softmax(T=0.3),40311233,40BR022,3,4.7125,1.7125
RWR_Softmax(T=0.3),40311112,40BQ311,4,4.3985,0.3985
RWR_Softmax(T=0.3),40511262,40B0292,2,5.0,3.0
RWR_Softmax(T=0.3),40211103,40BA101,1,4.1384,3.1384
RWR_Softmax(T=0.3),40311208,40BR022,3,4.827,1.827
RWR_Softmax(T=0.3),40411244,40BA082,3,4.4276,1.4276
RWR_Softmax(T=0.3),40411157,40B0291,3,5.0,2.0
RWR_Softmax(T=0.3),40411125,40BA051,1,4.7459,3.7459
RWR_Softmax(T=0.3),40211116,40BC011,2,4.5116,2.5116
RWR_Softmax(T=0.3),40311104,40BA011,1,4.7557,3.7557
RWR_Softmax(T=0.3),40511128,40BA051,1,4.8148,3.8148
RWR_Softmax(T=0.3),40211235,40BA062,2,4.6968,2.6968
RWR_Softmax(T=0.3),40511104,40BA051,4,4.5034,0.5034
RWR_Softmax(T=0.3),40411126,40BA061,1,5.0,4.0
RWR_Softmax(T=0.3),40211106,40BC011,1,4.3586,3.3586
RWR_Softmax(T=0.3),40211238,40BD032,3,4.6201,1.6201
RWR_Softmax(T=0.3),40211139,40BA131,4,4.6843,0.6843
RWR_Softmax(T=0.3),40211161,409A023,1,3.7315,2.7315
RWR_Softmax(T=0.3),40411130,40BA061,1,4.2469,3.2469
RWR_Softmax(T=0.3),40411238,40BD012,4,4.793,0.793
RWR_Softmax(T=0.3),40311255,40BA012,2,4.861,2.861
RWR_Softmax(T=0.3),40411222,40BA012,1,4.877,3.877
RWR_Softmax(T=0.3),40311120,40B0291,3,4.9446,1.9446
RWR_Softmax(T=0.3),40211244,40B9662,3,4.6279,1.6279
RWR_Softmax(T=0.3),40311208,40BA122,3,4.3515,1.3515
RWR_Softmax(T=0.3),40211250,40BA132,2,4.7295,2.7295
RWR_Softmax(T=0.3),40311117,40BC011,2,4.1737,2.1737
RWR_Softmax(T=0.3),40211245,40BD032,3,4.2508,1.2508
RWR_Softmax(T=0.3),40311245,40BR372,2,4.7126,2.7126
RWR_Softmax(T=0.3),40411104,40BA051,3,4.6431,1.6431
RWR_Softmax(T=0.3),40211250,40BR032,4,4.7614,0.7614
RWR_Softmax(T=0.3),40211102,40BQ021,5,4.5265,0.4735
RWR_Softmax(T=0.3),40311236,40BA022,4,4.9378,0.9378
RWR_Softmax(T=0.3),40411101,409A013,1,2.5759,1.5759
RWR_Softmax(T=0.3),40511259,40B0292,4,5.0,1.0
RWR_Softmax(T=0.3),40511112,40BA051,1,4.8148,3.8148
RWR_Softmax(T=0.3),40211222,40BR072,5,5.0,0.0
RWR_Softmax(T=0.3),40311129,40BA021,1,4.7079,3.7079
RWR_Softmax(T=0.3),40411220,40BR472,3,4.3339,1.3339
RWR_Softmax(T=0.3),40211113,40KT142,4,4.8315,0.8315
RWR_Softmax(T=0.3),40511218,40BA052,4,3.0,1.0
RWR_Softmax(T=0.3),40211113,40BQ371,4,4.9639,0.9639
RWR_Softmax(T=0.3),40311235,40BD032,2,4.683,2.683
RWR_Softmax(T=0.3),40511252,40BA052,3,4.9172,1.9172
RWR_Softmax(T=0.3),40211108,409Z491,5,3.3525,1.6475
RWR_Softmax(T=0.3),40411229,40BA052,3,4.5079,1.5079
RWR_Softmax(T=0.3),40311116,40BQ321,3,4.4691,1.4691
RWR_Softmax(T=0.3),40411248,40BA062,4,4.792,0.792
RWR_Softmax(T=0.3),40411148,40BC071,5,4.754,0.246
RWR_Softmax(T=0.3),40211107,40BA151,3,4.7723,1.7723
RWR_Softmax(T=0.3),40211246,40B9561,4,4.069,0.069
RWR_Softmax(T=0.3),40211248,40BR372,3,4.3171,1.3171
RWR_Softmax(T=0.3),40211228,40RR072,2,3.8169,1.8169
RWR_Softmax(T=0.3),40311105,40BQ031,1,4.0669,3.0669
RWR_Softmax(T=0.3),40211153,40BC011,2,4.7367,2.7367
RWR_Softmax(T=0.3),40511122,40B0291,2,5.0,3.0
RWR_Softmax(T=0.3),40211202,40BR032,2,4.7683,2.7683
RWR_Softmax(T=0.3),40311132,40BA131,2,4.338,2.338
RWR_Softmax(T=0.3),40311120,40BA141,3,4.3356,1.3356
RWR_Softmax(T=0.3),40311129,40BA061,2,5.0,3.0
RWR_Softmax(T=0.3),40311104,40BQ331,3,3.8314,0.8314
RWR_Softmax(T=0.3),40311162,40BA061,1,4.8855,3.8855
RWR_Softmax(T=0.3),40205303,40BR042,1,4.8888,3.8888
RWR_Softmax(T=0.3),40311104,40BA061,2,5.0,3.0
RWR_Softmax(T=0.3),40211162,40BC011,3,4.1328,1.1328
RWR_Softmax(T=0.3),40411153,40B0291,4,5.0,1.0
RWR_Softmax(T=0.3),40411159,40BA061,3,4.9296,1.9296
RWR_Softmax(T=0.3),40311245,40BA052,2,5.0,3.0
RWR_Softmax(T=0.3),40211164,40BQ371,4,4.372,0.372
RWR_Softmax(T=0.3),40311115,40BA051,1,4.7512,3.7512
RWR_Softmax(T=0.3),40411110,40BA051,2,4.8429,2.8429
RWR_Softmax(T=0.3),40311202,40BA052,5,4.8126,0.1874
RWR_Softmax(T=0.3),40411166,40BQ311,2,4.1208,2.1208
RWR_Softmax(T=0.3),40311161,40BC011,2,3.9513,1.9513
RWR_Softmax(T=0.3),40311253,40BR372,4,4.8732,0.8732
RWR_Softmax(T=0.3),40211216,40BD052,5,4.6309,0.3691
RWR_Softmax(T=0.3),40411219,40BA222,4,4.881,0.881
RWR_Softmax(T=0.3),40411214,40BA082,3,4.4829,1.4829
RWR_Softmax(T=0.3),40311104,40BQ341,3,4.8572,1.8572
RWR_Softmax(T=0.3),40211101,40BA141,5,4.212,0.788
RWR_Softmax(T=0.3),40411126,40BA021,2,4.8338,2.8338
RWR_Softmax(T=0.3),40311257,40B8932,5,5.0,0.0
RWR_Softmax(T=0.3),40311108,40BQ331,3,3.8713,0.8713
RWR_Softmax(T=0.3),40211103,40BA051,4,4.2873,0.2873
RWR_Softmax(T=0.3),40211215,40BA012,1,4.7962,3.7962
RWR_Softmax(T=0.3),40211103,40BA061,4,4.9381,0.9381
RWR_Softmax(T=0.3),40411127,40BA012,1,2.8898,1.8898
RWR_Softmax(T=0.3),40411130,40BR472,3,5.0,2.0
RWR_Softmax(T=0.3),40211118,40BA011,3,4.9695,1.9695
RWR_Softmax(T=0.3),40311207,40BR372,5,5.0,0.0
RWR_Softmax(T=0.3),40211129,40BA021,4,4.6496,0.6496
RWR_Softmax(T=0.3),40211244,40BA012,3,4.7579,1.7579
RWR_Softmax(T=0.3),40511226,40BA052,3,3.0,0.0
RWR_Softmax(T=0.3),40311169,40BC011,1,3.8517,2.8517
RWR_Softmax(T=0.3),40411105,40BC071,4,4.7786,0.7786
RWR_Softmax(T=0.3),40411113,40BC071,5,4.9604,0.0396
RWR_Softmax(T=0.3),40411111,40BA051,3,4.7509,1.7509
RWR_Softmax(T=0.3),40311120,40BQ141,4,4.8018,0.8018
RWR_Softmax(T=0.3),40511142,40BA011,3,5.0,2.0
RWR_Softmax(T=0.3),40211101,40BC051,3,4.7692,1.7692
RWR_Softmax(T=0.3),40411253,40B0292,3,4.7716,1.7716
RWR_Softmax(T=0.3),40511258,40BA052,2,4.566,2.566
RWR_Softmax(T=0.3),40311245,40BR042,3,4.9506,1.9506
RWR_Softmax(T=0.3),40311146,40BQ331,1,4.0783,3.0783
RWR_Softmax(T=0.3),40211257,40BR032,1,5.0,4.0
RWR_Softmax(T=0.3),40411133,40BC071,1,4.8691,3.8691
RWR_Softmax(T=0.3),40411236,40BD012,4,4.8876,0.8876
RWR_Softmax(T=0.3),40411233,40BQ311,3,3.0425,0.0425
RWR_Softmax(T=0.3),40211209,40BA221,1,2.5995,1.5995
RWR_Softmax(T=0.3),40211127,40BA021,3,4.7709,1.7709
RWR_Softmax(T=0.3),40311221,40BQ512,3,4.5921,1.5921
RWR_Softmax(T=0.3),40211206,409Z501,5,4.4541,0.5459
RWR_Softmax(T=0.3),40211109,40BA121,2,4.3162,2.3162
RWR_Softmax(T=0.3),40211162,40BC051,3,4.4454,1.4454
RWR_Softmax(T=0.3),40211204,40BA052,1,4.9746,3.9746
RWR_Softmax(T=0.3),40411138,40BA081,1,4.6711,3.6711
RWR_Softmax(T=0.3),40211230,40BA012,4,4.7118,0.7118
RWR_Softmax(T=0.3),40511219,40B0292,1,3.0,2.0
RWR_Softmax(T=0.3),40320326,40BA131,3,4.6344,1.6344
RWR_Softmax(T=0.3),40211242,40BR082,5,4.8318,0.1682
RWR_Softmax(T=0.3),40211136,40BA121,4,4.272,0.272
RWR_Softmax(T=0.3),40211121,40BQ021,2,4.6301,2.6301
RWR_Softmax(T=0.3),40311210,40BR072,3,4.8282,1.8282
RWR_Softmax(T=0.3),40311138,40BA221,1,4.3225,3.3225
RWR_Softmax(T=0.3),40211259,409D021,2,2.2008,0.2008
RWR_Softmax(T=0.3),40311256,40BA082,4,4.9414,0.9414
RWR_Softmax(T=0.3),40211122,40BQ171,4,4.9364,0.9364
RWR_Softmax(T=0.3),40211150,40BA091,1,4.2857,3.2857
RWR_Softmax(T=0.3),40311155,40BQ321,3,4.4285,1.4285
RWR_Softmax(T=0.3),40411259,40BA012,1,4.9618,3.9618
RWR_Softmax(T=0.3),40411110,40BC011,1,3.8362,2.8362
RWR_Softmax(T=0.3),40211235,40BD032,4,4.5657,0.5657
RWR_Softmax(T=0.3),40211123,40BA051,3,4.4364,1.4364
RWR_Softmax(T=0.3),40211256,40BR032,5,4.8011,0.1989
RWR_Softmax(T=0.3),40211219,40B0292,4,5.0,1.0
RWR_Softmax(T=0.3),40511117,40B0291,4,5.0,1.0
RWR_Softmax(T=0.3),40211117,40BC061,3,4.0772,1.0772
RWR_Softmax(T=0.3),40211257,40BD012,3,4.9025,1.9025
RWR_Softmax(T=0.3),40211249,40BA062,3,4.2963,1.2963
RWR_Softmax(T=0.3),40111256,40BR222,1,4.6132,3.6132
RWR_Softmax(T=0.3),40211161,40BC021,4,4.9253,0.9253
RWR_Softmax(T=0.3),40211101,40BA091,4,4.4291,0.4291
RWR_Softmax(T=0.3),40211255,433A012,1,1.8491,0.8491
RWR_Softmax(T=0.3),40311242,40B0292,2,5.0,3.0
RWR_Softmax(T=0.3),40311157,40BA101,5,4.8235,0.1765
RWR_Softmax(T=0.3),40205303,433A021,1,1.6688,0.6688
RWR_Softmax(T=0.3),40511224,40BA052,2,4.9172,2.9172
RWR_Softmax(T=0.3),40211247,40BA142,4,5.0,1.0
RWR_Softmax(T=0.3),40211252,40BA152,3,4.1884,1.1884
RWR_Softmax(T=0.3),40311153,40BQ311,3,4.8647,1.8647
RWR_Softmax(T=0.3),40311260,40B8932,5,4.663,0.337
RWR_Softmax(T=0.3),40511105,40BA011,3,4.7388,1.7388
RWR_Softmax(T=0.3),40211129,40IN041,5,4.2792,0.7208
RWR_Softmax(T=0.3),40511141,40B0291,4,5.0,1.0
RWR_Softmax(T=0.3),40211133,40BQ371,4,4.7616,0.7616
RWR_Softmax(T=0.3),40211215,40BR322,2,4.6388,2.6388
RWR_Softmax(T=0.3),40211234,40BR322,4,4.1642,0.1642
RWR_Softmax(T=0.3),40320310,40BA131,2,4.6529,2.6529
RWR_Softmax(T=0.3),40311130,40BC051,3,4.3955,1.3955
RWR_Softmax(T=0.3),40211152,40BA011,1,4.7426,3.7426
RWR_Softmax(T=0.3),40311231,40BR042,4,4.8614,0.8614
RWR_Softmax(T=0.3),40211243,40B0292,2,4.8915,2.8915
RWR_Softmax(T=0.3),40411244,40BA222,3,4.1695,1.1695
RWR_Softmax(T=0.3),40211110,40UN120,5,1.0,4.0
RWR_Softmax(T=0.3),40411128,40BA051,3,4.9871,1.9871
RWR_Softmax(T=0.3),40311137,40BA121,4,3.9817,0.0183
RWR_Softmax(T=0.3),40211257,40BR242,1,4.3508,3.3508
RWR_Softmax(T=0.3),40411127,40B0291,5,5.0,0.0
RWR_Softmax(T=0.3),40311134,40BC071,2,4.7724,2.7724
RWR_Softmax(T=0.3),40411141,40BQ031,1,4.8356,3.8356
RWR_Softmax(T=0.3),40211238,433A012,2,1.6696,0.3304
RWR_Softmax(T=0.3),40311152,40BA081,4,4.8219,0.8219
RWR_Softmax(T=0.3),40211123,40BA081,4,4.6264,0.6264
RWR_Softmax(T=0.3),40211112,40BA061,4,5.0,1.0
RWR_Softmax(T=0.3),40411251,40BA222,3,4.9789,1.9789
RWR_Softmax(T=0.3),40211247,40BA132,2,4.7441,2.7441
RWR_Softmax(T=0.3),40311241,40BA052,1,5.0,4.0
RWR_Softmax(T=0.3),40311133,40BQ141,5,4.2876,0.7124
RWR_Softmax(T=0.3),40211232,40B0292,1,4.9201,3.9201
RWR_Softmax(T=0.3),40211201,40BA012,2,4.5785,2.5785
RWR_Softmax(T=0.3),40411222,40BR472,3,4.8733,1.8733
RWR_Softmax(T=0.3),40211110,40B0291,2,5.0,3.0
RWR_Softmax(T=0.3),40211249,40BA132,3,4.618,1.618
RWR_Softmax(T=0.3),40211147,40BQ031,1,4.6817,3.6817
RWR_Softmax(T=0.3),40411258,40BR472,3,4.8781,1.8781
RWR_Softmax(T=0.3),40311119,40BA121,2,4.2359,2.2359
RWR_Softmax(T=0.3),40211256,40BA092,5,5.0,0.0
RWR_Softmax(T=0.3),40211109,40BC061,4,4.4795,0.4795
RWR_Softmax(T=0.3),40311253,40BD012,3,5.0,2.0
RWR_Softmax(T=0.3),40311106,40BA141,2,3.977,1.977
RWR_Softmax(T=0.3),40411134,40BA081,2,4.7436,2.7436
RWR_Softmax(T=0.3),40211209,40BD012,3,4.5945,1.5945
RWR_Softmax(T=0.3),40311130,40BA081,2,4.5052,2.5052
RWR_Softmax(T=0.3),40311221,40BR372,2,4.8774,2.8774
RWR_Softmax(T=0.3),40311140,40BA081,4,4.8146,0.8146
RWR_Softmax(T=0.3),40211246,40BR222,5,4.8137,0.1863
RWR_Softmax(T=0.3),40211139,40BQ371,4,4.8439,0.8439
RWR_Softmax(T=0.3),40211113,40BC011,2,4.8982,2.8982
RWR_Softmax(T=0.3),40311153,40BA081,4,4.9285,0.9285
RWR_Softmax(T=0.3),40211105,40BA021,2,4.3752,2.3752
RWR_Softmax(T=0.3),40211153,40BA121,3,4.1675,1.1675
RWR_Softmax(T=0.3),40311230,40BA222,2,4.6691,2.6691
RWR_Softmax(T=0.3),40311229,40BA022,3,4.9126,1.9126
RWR_Softmax(T=0.3),40211239,40BA132,1,4.9657,3.9657
RWR_Softmax(T=0.3),40411219,40BR472,4,5.0,1.0
RWR_Softmax(T=0.3),40211137,40BA131,3,4.6168,1.6168
RWR_Softmax(T=0.3),40211108,40BA091,2,4.5014,2.5014
RWR_Softmax(T=0.3),40211263,40BD052,1,4.6958,3.6958
RWR_Softmax(T=0.3),40327247,40BA021,1,4.765,3.765
RWR_Softmax(T=0.3),40320326,40BC021,5,4.7362,0.2638
RWR_Softmax(T=0.3),40211118,40BA151,5,4.671,0.329
RWR_Softmax(T=0.3),40211128,40B0291,2,5.0,3.0
RWR_Softmax(T=0.3),40211217,40BR322,4,4.6651,0.6651
RWR_Softmax(T=0.3),40211133,40BA051,3,4.4801,1.4801
RWR_Softmax(T=0.3),40311253,40BA102,3,4.4817,1.4817
RWR_Softmax(T=0.3),40411160,40BC071,1,3.8703,2.8703
RWR_Softmax(T=0.3),40211115,40BQ371,1,5.0,4.0
RWR_Softmax(T=0.3),40211229,40BR342,4,4.7494,0.7494
RWR_Softmax(T=0.3),40311245,40B8932,3,4.8944,1.8944
RWR_Softmax(T=0.3),40333126,40BQ311,1,4.7953,3.7953
RWR_Softmax(T=0.3),40211241,40BR072,5,4.893,0.107
RWR_Softmax(T=0.3),40211229,40BA122,1,4.4759,3.4759
RWR_Softmax(T=0.3),40411124,40BA101,1,5.0,4.0
RWR_Softmax(T=0.3),40311113,40BA061,1,4.7153,3.7153
RWR_Softmax(T=0.3),40211205,40BD052,3,4.5508,1.5508
RWR_Softmax(T=0.3),40211146,40BQ381,3,4.6804,1.6804
RWR_Softmax(T=0.3),40211201,40BR372,2,4.4115,2.4115
RWR_Softmax(T=0.3),40411230,40BD012,4,4.6755,0.6755
RWR_Softmax(T=0.3),40211216,40BA082,4,4.3647,0.3647
RWR_Softmax(T=0.3),40511217,40BA052,2,4.9172,2.9172
RWR_Softmax(T=0.3),40311107,40BA121,4,4.2976,0.2976
RWR_Softmax(T=0.3),40311135,40BQ311,3,4.3476,1.3476
RWR_Softmax(T=0.3),40211121,40BQ371,3,4.9616,1.9616
RWR_Softmax(T=0.3),40411215,40BA102,4,4.5854,0.5854
RWR_Softmax(T=0.3),40511210,40B0292,4,4.6505,0.6505
RWR_Softmax(T=0.3),40211158,40BA022,2,4.6666,2.6666
RWR_Softmax(T=0.3),40311104,40BC071,4,4.5589,0.5589
RWR_Softmax(T=0.3),40311215,40BR072,4,4.8219,0.8219
RWR_Softmax(T=0.3),40411101,40BQ031,5,4.9499,0.0501
RWR_Softmax(T=0.3),40411240,40BA222,1,4.7597,3.7597
RWR_Softmax(T=0.3),40311143,40BA011,1,5.0,4.0
RWR_Softmax(T=0.3),40211255,433A021,2,1.5251,0.4749
RWR_Softmax(T=0.3),40211225,40BR222,3,4.6255,1.6255
RWR_Softmax(T=0.3),40211226,40B9572,4,4.0954,0.0954
RWR_Softmax(T=0.3),40311249,40BR372,4,4.9986,0.9986
RWR_Softmax(T=0.3),40311204,40BA222,4,4.7408,0.7408
RWR_Softmax(T=0.3),40211115,40BQ321,1,4.4022,3.4022
RWR_Softmax(T=0.3),40211201,409Q072,4,3.6369,0.3631
RWR_Softmax(T=0.3),40211201,430R063,4,4.4482,0.4482
RWR_Softmax(T=0.3),40211126,40BA021,2,4.8166,2.8166
RWR_Softmax(T=0.3),40211113,40BA021,2,4.824,2.824
RWR_Softmax(T=0.3),40211213,40BR322,3,4.7631,1.7631
RWR_Softmax(T=0.3),40411242,40BD012,3,5.0,2.0
RWR_Softmax(T=0.3),40311216,40BR072,3,4.7947,1.7947
RWR_Softmax(T=0.3),40211102,40BA121,3,4.2469,1.2469
RWR_Softmax(T=0.3),40311160,40BA021,1,4.7562,3.7562
RWR_Softmax(T=0.3),40411128,40BQ311,2,4.9015,2.9015
RWR_Softmax(T=0.3),40311121,40BQ031,1,4.4872,3.4872
RWR_Softmax(T=0.3),40311202,40BA132,4,5.0,1.0
RWR_Softmax(T=0.3),40311229,40BR372,4,4.8762,0.8762
RWR_Softmax(T=0.3),40211230,40BD052,4,4.5821,0.5821
RWR_Softmax(T=0.3),40411149,40BA011,5,4.7394,0.2606
RWR_Softmax(T=0.3),40211237,40BD052,2,4.7667,2.7667
RWR_Softmax(T=0.3),40211226,40BA052,4,4.7723,0.7723
RWR_Softmax(T=0.3),40311113,40BC071,1,4.5777,3.5777
RWR_Softmax(T=0.3),40211109,40BQ331,1,4.2392,3.2392
RWR_Softmax(T=0.3),40211245,40B0292,2,4.6035,2.6035
RWR_Softmax(T=0.3),40211222,40BA142,4,4.9346,0.9346
RWR_Softmax(T=0.3),40411220,40BD012,2,4.8763,2.8763
RWR_Softmax(T=0.3),40311173,40BA141,1,4.3814,3.3814
RWR_Softmax(T=0.3),40311243,40BA132,5,4.9427,0.0573
RWR_Softmax(T=0.3),40211209,40BA022,1,4.729,3.729
RWR_Softmax(T=0.3),40211208,40BR042,1,4.8744,3.8744
RWR_Softmax(T=0.3),40211208,40BR322,1,4.2775,3.2775
RWR_Softmax(T=0.3),40311224,40BA052,1,5.0,4.0
RWR_Softmax(T=0.3),40211117,409Z491,4,4.6416,0.6416
RWR_Softmax(T=0.3),40211234,433A011,2,1.9636,0.0364
RWR_Softmax(T=0.3),40211267,433A021,2,1.7271,0.2729
RWR_Softmax(T=0.3),40411148,40BA051,5,4.884,0.116
RWR_Softmax(T=0.3),40511205,40B0292,5,4.6505,0.3495
RWR_Softmax(T=0.3),40211209,433A021,1,1.7064,0.7064
RWR_Softmax(T=0.3),40211213,40BD032,4,4.4248,0.4248
RWR_Softmax(T=0.3),40211166,40BC051,1,4.1842,3.1842
RWR_Softmax(T=0.3),40411202,40BA012,1,4.7014,3.7014
RWR_Softmax(T=0.3),40211230,40BR372,4,4.4007,0.4007
RWR_Softmax(T=0.3),40211119,40BQ141,3,5.0,2.0
RWR_Softmax(T=0.3),40311202,40BR372,5,4.6341,0.3659
RWR_Softmax(T=0.3),40311128,40BC051,4,4.6608,0.6608
RWR_Softmax(T=0.3),40511139,40BA051,1,4.8422,3.8422
RWR_Softmax(T=0.3),40411114,40B0291,2,5.0,3.0
RWR_Softmax(T=0.3),40211104,40BQ021,3,4.8136,1.8136
RWR_Softmax(T=0.3),40311216,40B0292,3,4.7081,1.7081
RWR_Softmax(T=0.3),40211107,40BQ141,1,4.8933,3.8933
RWR_Softmax(T=0.3),40511222,40BA052,4,4.5079,0.5079
RWR_Softmax(T=0.3),40311133,40BA051,3,4.7665,1.7665
RWR_Softmax(T=0.3),40211120,40BA051,1,4.6962,3.6962
RWR_Softmax(T=0.3),40511231,40B0292,1,4.7203,3.7203
RWR_Softmax(T=0.3),40211214,40BR072,2,5.0,3.0
RWR_Softmax(T=0.3),40211224,40BA122,2,4.0531,2.0531
RWR_Softmax(T=0.3),40211147,40B0291,1,4.9745,3.9745
RWR_Softmax(T=0.3),40211234,40BR222,5,4.783,0.217
RWR_Softmax(T=0.3),40411102,40BQ311,3,4.5238,1.5238
RWR_Softmax(T=0.3),40211141,40BC051,2,4.7442,2.7442
RWR_Softmax(T=0.3),40205303,40BA152,1,4.4897,3.4897
RWR_Softmax(T=0.3),40311216,40B8932,3,4.8974,1.8974
RWR_Softmax(T=0.3),40211148,40UN050,3,2.3128,0.6872
RWR_Softmax(T=0.3),40311129,40BA121,2,4.1389,2.1389
RWR_Softmax(T=0.3),40211266,40BA221,1,3.0147,2.0147
RWR_Softmax(T=0.3),40211211,40B9561,4,4.3224,0.3224
RWR_Softmax(T=0.3),40211142,40BA051,3,4.6333,1.6333
RWR_Softmax(T=0.3),40211161,40BC051,2,4.4422,2.4422
RWR_Softmax(T=0.3),40311122,40BQ331,3,4.113,1.113
RWR_Softmax(T=0.3),40411109,40BR472,3,3.3933,0.3933
RWR_Softmax(T=0.3),40211238,40BA142,4,5.0,1.0
RWR_Softmax(T=0.3),40511102,40B0291,5,5.0,0.0
RWR_Softmax(T=0.3),40311138,40B0291,4,4.7884,0.7884
RWR_Softmax(T=0.3),40211263,40BR242,1,4.0426,3.0426
RWR_Softmax(T=0.3),40211232,40BA092,4,4.8443,0.8443
RWR_Softmax(T=0.3),40211246,40BR032,4,4.6686,0.6686
RWR_Softmax(T=0.3),40311123,40BA051,1,4.9422,3.9422
RWR_Softmax(T=0.3),40211156,40BA011,5,4.5065,0.4935
RWR_Softmax(T=0.3),40211165,40BQ141,2,4.8685,2.8685
RWR_Softmax(T=0.3),40211201,4069432,2,3.7416,1.7416
RWR_Softmax(T=0.3),40211245,40BR242,2,4.0751,2.0751
RWR_Softmax(T=0.3),40211208,40BR242,2,3.5889,1.5889
RWR_Softmax(T=0.3),40211151,40BQ021,5,5.0,0.0
RWR_Softmax(T=0.3),40311236,40BQ512,4,4.6218,0.6218
RWR_Softmax(T=0.3),40511218,40BA012,3,3.0,0.0
RWR_Softmax(T=0.3),40411261,409A013,4,2.7949,1.2051
RWR_Softmax(T=0.3),40311226,40BA082,4,4.722,0.722
RWR_Softmax(T=0.3),40311132,40BQ031,3,5.0,2.0
RWR_Softmax(T=0.3),40411264,40BD012,2,4.9306,2.9306
RWR_Softmax(T=0.3),40211213,40BR072,4,5.0,1.0
RWR_Softmax(T=0.3),40411152,40BA081,1,4.9707,3.9707
RWR_Softmax(T=0.3),40211256,40BR372,4,4.6899,0.6899
RWR_Softmax(T=0.3),40211262,40BR372,4,4.4075,0.4075
RWR_Softmax(T=0.3),40211162,40BA021,2,4.8403,2.8403
RWR_Softmax(T=0.3),40511244,40B0292,4,5.0,1.0
RWR_Softmax(T=0.3),40311253,40B8932,2,4.9348,2.9348
RWR_Softmax(T=0.3),40211238,40BA092,2,4.992,2.992
RWR_Softmax(T=0.3),40311247,40BA082,4,4.6966,0.6966
RWR_Softmax(T=0.3),40211132,40BA101,1,4.7606,3.7606
RWR_Softmax(T=0.3),40311208,40BA012,4,4.8049,0.8049
RWR_Softmax(T=0.3),40211216,40BR042,3,4.6663,1.6663
RWR_Softmax(T=0.3),40311157,40BA221,4,4.7945,0.7945
RWR_Softmax(T=0.3),40211223,40BA102,5,4.6315,0.3685
RWR_Softmax(T=0.3),40311204,40BA122,3,4.2607,1.2607
RWR_Softmax(T=0.3),40311123,40BA221,1,4.6501,3.6501
RWR_Softmax(T=0.3),40311227,40B8932,3,5.0,2.0
RWR_Softmax(T=0.3),40311108,40BC071,3,4.9128,1.9128
RWR_Softmax(T=0.3),40211206,40BR342,3,4.587,1.587
RWR_Softmax(T=0.3),40311122,40BC071,3,4.8967,1.8967
RWR_Softmax(T=0.3),40211111,40BA081,2,4.7075,2.7075
RWR_Softmax(T=0.3),40511206,40B0292,5,5.0,0.0
RWR_Softmax(T=0.3),40311155,40BA051,3,4.7806,1.7806
RWR_Softmax(T=0.3),40311131,40BA061,1,5.0,4.0
RWR_Softmax(T=0.3),40411222,40B0292,4,4.7694,0.7694
RWR_Softmax(T=0.3),40311140,40BC051,4,4.782,0.782
RWR_Softmax(T=0.3),40311133,40BC051,3,4.5929,1.5929
RWR_Softmax(T=0.3),40411202,40B0292,4,4.6733,0.6733
RWR_Softmax(T=0.3),40411207,40BD012,1,4.7674,3.7674
RWR_Softmax(T=0.3),40211118,40BA101,4,4.8038,0.8038
RWR_Softmax(T=0.3),40411149,40B0291,5,5.0,0.0
RWR_Softmax(T=0.3),40211111,40BA091,1,4.5043,3.5043
RWR_Softmax(T=0.3),40211126,40BA081,4,4.7125,0.7125
RWR_Softmax(T=0.3),40211126,40BQ021,4,4.5959,0.5959
RWR_Softmax(T=0.3),40411234,40BA022,1,4.9993,3.9993
RWR_Softmax(T=0.3),40211150,40BA021,3,4.5787,1.5787
RWR_Softmax(T=0.3),40211137,40BQ051,1,4.7254,3.7254
RWR_Softmax(T=0.3),40211237,40BA122,1,4.4748,3.4748
RWR_Softmax(T=0.3),40511156,40B0291,5,5.0,0.0
RWR_Softmax(T=0.3),40211150,40BQ051,4,4.5322,0.5322
RWR_Softmax(T=0.3),40211225,40BR072,4,5.0,1.0
RWR_Softmax(T=0.3),40311248,40BQ512,4,4.545,0.545
RWR_Softmax(T=0.3),40211117,40BA011,1,4.2835,3.2835
RWR_Softmax(T=0.3),40311143,40BA081,3,4.6968,1.6968
RWR_Softmax(T=0.3),40311133,40BA131,2,4.4917,2.4917
RWR_Softmax(T=0.3),40211108,40BQ141,4,4.9859,0.9859
RWR_Softmax(T=0.3),40211154,40BC051,2,4.6363,2.6363
RWR_Softmax(T=0.3),40320326,40BA061,1,4.6321,3.6321
RWR_Softmax(T=0.3),40311105,40BC051,2,4.5635,2.5635
RWR_Softmax(T=0.3),40311132,40BQ341,4,4.9461,0.9461
RWR_Softmax(T=0.3),40211248,40BD052,4,4.6073,0.6073
RWR_Softmax(T=0.3),40211127,40BQ371,4,4.9339,0.9339
RWR_Softmax(T=0.3),40411212,40BA052,1,4.5145,3.5145
RWR_Softmax(T=0.3),40211252,409Z501,5,4.786,0.214
RWR_Softmax(T=0.3),40211165,40BA011,5,4.7608,0.2392
RWR_Softmax(T=0.3),40411209,40BA012,1,4.9365,3.9365
RWR_Softmax(T=0.3),40411209,40BR472,3,4.8764,1.8764
RWR_Softmax(T=0.3),40311115,40BA011,1,5.0,4.0
RWR_Softmax(T=0.3),40211102,40BA051,3,4.5831,1.5831
RWR_Softmax(T=0.3),40411220,40BA222,4,4.88,0.88
RWR_Softmax(T=0.3),40211104,40BA061,5,5.0,0.0
RWR_Softmax(T=0.3),40411211,40BA022,3,4.9931,1.9931
RWR_Softmax(T=0.3),40211248,40BA132,2,4.6463,2.6463
RWR_Softmax(T=0.3),40311133,40BA081,3,4.823,1.823
RWR_Softmax(T=0.3),40311204,40BD012,5,4.7684,0.2316
RWR_Softmax(T=0.3),40311122,40BC011,1,4.0609,3.0609
RWR_Softmax(T=0.3),40211102,409D021,4,3.2381,0.7619
RWR_Softmax(T=0.3),40211147,40BC071,1,4.7739,3.7739
RWR_Softmax(T=0.3),40411161,40BA021,3,4.6703,1.6703
RWR_Softmax(T=0.3),40211214,40B0292,2,4.9321,2.9321
RWR_Softmax(T=0.3),40211206,40BR372,4,4.3624,0.3624
RWR_Softmax(T=0.3),40311241,40BD032,1,4.408,3.408
RWR_Softmax(T=0.3),40211131,40BA021,1,4.6924,3.6924
RWR_Softmax(T=0.3),40211141,40BA061,5,5.0,0.0
RWR_Softmax(T=0.3),40411102,40B0291,5,5.0,0.0
RWR_Softmax(T=0.3),40311258,40BA082,5,4.7547,0.2453
RWR_Softmax(T=0.3),40411129,40BC071,1,4.695,3.695
RWR_Softmax(T=0.3),40411255,40BA082,4,4.842,0.842
RWR_Softmax(T=0.3),40211230,40BA122,4,4.4869,0.4869
RWR_Softmax(T=0.3),40211141,40BQ371,5,4.7853,0.2147
RWR_Softmax(T=0.3),40411151,40BA051,5,4.7998,0.2002
RWR_Softmax(T=0.3),40411105,40BA011,1,5.0,4.0
RWR_Softmax(T=0.3),40311204,40BR072,4,4.6066,0.6066
RWR_Softmax(T=0.3),40211239,40BA092,1,4.8601,3.8601
RWR_Softmax(T=0.3),40311227,40BA021,2,2.7308,0.7308
RWR_Softmax(T=0.3),40411127,40BC011,2,4.583,2.583
RWR_Softmax(T=0.3),40311202,40BA062,3,4.7334,1.7334
RWR_Softmax(T=0.3),40311218,40BD032,1,4.6492,3.6492
RWR_Softmax(T=0.3),40211132,40BA021,1,4.8805,3.8805
RWR_Softmax(T=0.3),40211226,40BA142,4,4.9277,0.9277
RWR_Softmax(T=0.3),40211238,40BA122,2,4.45,2.45
RWR_Softmax(T=0.3),40311105,40B0291,3,4.9003,1.9003
