student_id,4030261,4040103,404D561,4064243,4064253,4065083,4069203,4069211,4069432,4069582,409A011,409A012,409A013,409A021,409A023,409A032,409D021,409Q072,409Q082,409Q502,409Q522,409Q702,409R181,409R481,409U053,409U163,409U313,409U403,409Z481,409Z491,409Z501,409Z511,40A8161,40B0291,40B0292,40B8932,40B9431,40B9561,40B9572,40B9651,40B9662,40BA011,40BA012,40BA021,40BA022,40BA051,40BA052,40BA061,40BA062,40BA081,40BA082,40BA091,40BA092,40BA101,40BA102,40BA121,40BA122,40BA131,40BA132,40BA141,40BA142,40BA151,40BA152,40BA221,40BA222,40BC011,40BC021,40BC051,40BC061,40BC071,40BD012,40BD032,40BD052,40BQ021,40BQ031,40BQ051,40BQ141,40BQ171,40BQ311,40BQ321,40BQ331,40BQ341,40BQ371,40BQ381,40BQ391,40BQ401,40BQ421,40BQ512,40BR022,40BR032,40BR042,40BR072,40BR082,40BR122,40BR222,40BR242,40BR322,40BR342,40BR372,40BR472,40IA301,40IN041,40IN051,40IN101,40IN132,40IN532,40IN662,40IN672,40K0051,40K0052,40KA393,40KA513,40KE011,40KN021,40KN151,40KN152,40KN633,40KT142,40MN111,40PC101,40PQ041,40RQ151,40RR072,40UN010,40UN020,40UN050,40UN070,40UN080,40UN110,40UN120,40UN130,40UN160,40WN081,40WN191,430R063,431A241,432N082,432N351,432N442,432N861,433A011,433A012,433A021,433A022,433D012,433N062,433N171,433N262,433Q051,435R021,90B2681
40111230,0,0,0,0,0,0,0,0,0.060092354,0,0,0,0,0,0,0.152103466,0,0.120184708,0,0,0,0.071894366,0,0,0,0.224232884,0.090138531,0,0.518243049,0.703009397,0.484842858,0.445144242,0,0,1.995462384,0,0.28346046,0.766675604,0.819725264,0,0.274281806,0,1.570198259,0,1.363802567,0.152936025,1.161854195,0.038025866,1.512110087,0,1.952072443,0,1.79028531,0.069806255,1.504664758,0,1.715137412,0,1.512634098,0,2.774188486,0,2.210880295,0.188622054,0,0,0,0,0,0,1.808046241,2.234412901,1.863070879,0,0,0,0,0,0,0,0,0.157537435,0,0,0,0.068590868,0.336810786,0,0,1.711898893,1.155984001,2.46089023,2.132689093,3.120077594,2.030267139,1.231687901,3.086740354,1.626215559,1.591443281,0,0,0,0,0,0,0,0,0,0,0,0,0,0,0,0,0,0,0,0,0,0,0.053258785,0,0.090138531,0.133577834,0,0.32873179,0,0,0,0,0,0,0,0,0,0.225999754,0.081318524,0,0,0.161804797,0.20036293,0.309969613,0.039384359,0,0,0,0,0,0,0.093321679
40111256,0,0,0,0,0,0,0,0,0,0,0,0.14459377,0.13170525,0,0,0,0.252026554,0,0,0,0,0,0,0,0.16339167,0,0,0,0,0,0,0,0,0.987440978,0.595635308,0,3.740680515,0.159156297,0,2.58610047,3.458223976,0.637382929,0.547316725,1.057955492,0.774920012,1.695033099,0.705078796,2.33730914,0.490873484,0.714698454,0.641623394,0.727304365,0.333910538,1.111068707,0.159156297,0.944348131,0.49153518,1.351056489,0.277329867,1.720243484,0.703734226,0.927159886,0.376705575,0,0,1.066809395,0.738725018,1.666965744,1.024569618,0,0.530662558,0.376705575,0.739999404,0.73623581,0.14209728,1.464444195,1.57641207,1.062585465,0,0.802448552,0.787703113,0,0.865475821,0.386179343,1.187566952,0.393610761,1.108175867,0,0,0.339109852,0.526455788,0.585049878,0.578836841,1.069372323,0.899486549,0.179953555,0.376705575,0.655890791,0.387291005,0,0,0,0.400662527,0,0,0.050781281,0,0.303283047,0,0,0.312683164,0.16339167,0.181969828,0,0,0.100622466,0,0.316862655,0,0,0,0,0,0,0,0,0.444885398,0.12667077,0.284194561,0,0,0.191369945,0.181969828,0.14459377,0,0,0,0,0,0,0,0,0,0,0,0.466674716,0.12667077,0,0.121313219,0.07104864,0
40205303,0,0,0,0,0,0,0,0,0.129654392,0,0,0,0,0,0,0.064392033,0,0,0,0.058773274,0,0.071979394,0,0,0,0.15633814,0,0,0.541478584,0.576839939,0.4681735,0.34215023,0,0,2.36005872,0.116107024,0.259854882,1.019491761,0.610733877,0.094945692,0.411413262,0,1.647970251,0,2.130121433,0,1.725470749,0,1.569369497,0,2.17018671,0,2.466551611,0.065758425,1.975492746,0,1.773848992,0.029386637,2.054856131,0,2.344888884,0,1.60413527,0.226172972,0.263595817,0,0,0,0,0,2.903012088,1.773299813,1.96036756,0,0,0,0,0,0,0,0,0.148961322,0,0,0,0,0.224030802,0.230552918,0.029026756,1.869614694,1.403773364,3.531182174,2.675486261,3.490492241,1.448176131,1.307504014,2.002347685,1.493310448,2.241276379,0,0,0,0,0,0,0,0,0,0,0,0,0,0,0,0,0,0,0,0,0,0,0.069485517,0,0,0.129654392,0,0.468337084,0,0,0,0,0.202626965,0,0,0,0,0,0,0,0,0,0.066772488,0.281829766,0.03724033,0,0,0,0,0,0,0.095198114
40211101,0,0,0,0,0,0,0.509826619,0,0,0,0,0.134000113,0,0.034951546,0,0,0,0,0.061214539,0,0.123152907,0,0.061576453,0,0,0,0,0,0.162961087,0,0.162961087,0,0,1.562488058,0,0,0.601083625,0,0,0.3802569,0.434071923,1.724254152,0.030788227,2.612214979,0,1.810137109,0,3.715022743,0,1.951967285,0,1.117695064,0,1.288266975,0,2.39012624,0,3.053904157,0,2.143145982,0,2.750235425,0,0.128487158,0,1.819015002,1.919442088,2.268880634,2.110567925,0.102002983,0,0,0,2.050962165,0,1.67817206,1.28035518,2.271853789,0,1.580089489,1.020403198,0,2.084668463,1.80267819,2.927082227,1.06021603,0.679514143,0,0,0,0,0,0,0,0,0.061214539,0,0.786906847,1.120535971,0,0,0,0,0.243343295,0.142205379,0.149515973,0,0.142205379,0,0,0,0,0,0.030788227,0,0.051317489,0.103582956,0.21539113,0,0,1.149506614,0,0,0,0.102634978,0,0.57245729,0.453378632,1.520395701,0,0,0,0,0.05702388,0,0,0,0,0.089787388,0.121373961,0,0,0,0,0,0,0.207090992,0,0,0,0
40211102,0,0,0,0,0,0,0,0,0,0,0.05780614,0.058222316,0.039119773,0.058052638,0,0,0.40190125,0,0.06651661,0,0,0,0,0,0.404577129,0,0,0,0,0,0,0,0,1.519613072,0,0,0.538530426,0,0,0.316736736,0.797781619,1.434378299,0,2.222125285,0,2.276052502,0,2.378115663,0,1.524058967,0,0.467197676,0,1.914896373,0,2.408609373,0,1.994457985,0,2.064482616,0,0.766928155,0,0.875632473,0.058975003,1.900987655,3.464555039,2.786918117,0.695199896,0.958744646,0,0,0,0.557601556,0.280000796,0.424703204,2.239992881,0.54232954,1.066658961,2.339807251,0.752697709,0.489714373,1.315294119,0.407170541,0.685384125,0.388670232,0.697179477,0,0,0,0,0,0,0,0,0.06651661,0,0,0.150201923,0,0,0.168571815,0,0.123818532,0.134857452,0.061909266,0,0.195598866,0,0,0.609592838,0.404577129,0.11735932,0,0,0.087161083,0,0.149391923,0,0,0,0,0,0,0,0,0,0.153047222,0.245600365,0,0,0.362781477,0.184788046,0.058222316,0,0,0,0,0,0.05979817,0,0,0,0,0,0.768747811,0.086530612,0,0.145668273,0,0
40211103,0,0,0,0,0,0,0.285819388,0.124366754,0,0,0.082180471,0.134926293,0,0.043846561,0,0,0,0,0.063897805,0,0.13244338,0,0.06622169,0,0.135144176,0,0,0,0,0,0,0,0,1.134553637,0,0,0.266480415,0,0,0.102258062,0.136344083,1.135182636,0.033110845,1.822937172,0,2.847047262,0,3.573776458,0,1.426262001,0,0.584333553,0,0.72475911,0,1.658553067,0,2.251899585,0,1.375851635,0,1.152884475,0,0.297841078,0,1.034110175,1.311346125,1.329814429,0.952227505,0.397408248,0,0,0,0.96729462,0.241007364,0.950443203,0.882950708,1.323177258,0.054808201,0.712241735,0.370238859,0.233126997,1.590616183,0.589997457,0.968660129,0.421240196,0.323661505,0,0,0,0,0,0,0,0,0.063897805,0,0.387594255,0.943553165,0,0,0,0,0,0,0,0,0,0,0,0,0,0,0.033110845,0,0.167500782,0.141535525,0.277879608,0,0,0.509894341,0,0,0,0.139797067,0,0.231701141,0.245850244,0.61151036,0,0,0,0,0,0,0,0,0,0,0.029559124,0,0,0,0,0,0,0.119769062,0,0,0,0
40211104,0,0,0,0,0,0,0.444998565,0,0,0,0,0.184251711,0,0.063224212,0,0,0,0,0.068350848,0,0.149286963,0,0.189831822,0,0,0,0,0,0,0,0,0,0,1.658265651,0,0,0.532379299,0,0.092402304,0.37649078,0.37649078,1.816818135,0.037321741,2.381652942,0.05759417,2.067023907,0,3.871399387,0,2.009989197,0,1.045166873,0,1.349756238,0,1.777773619,0,3.130640673,0,1.990467979,0,2.483047292,0,0.16212065,0,1.421261115,2.098696867,2.356072671,2.16742178,0.029826038,0,0,0,1.836192536,0.029826038,1.958529703,1.103954804,1.736347143,0,1.312833898,0.826769419,0.089478113,1.999320481,1.601982801,2.622452651,1.274997493,0.843551572,0,0,0,0,0,0,0,0,0.068350848,0,0.457373068,0.89091155,0,0,0.144583782,0.143340783,0.271420117,0.263940107,0.16964191,0,0.148273081,0,0,0.144583782,0,0,0.037321741,0,0.156489,0.118375102,0.118375102,0,0,0.753485557,0,0,0,0.124777264,0,0.423160056,0.337275043,1.463237539,0,0,0,0.057833513,0.060842725,0,0,0,0,0.093113757,0.126271838,0,0,0,0,0,0.144583782,0.086286578,0,0.057833513,0,0
40211105,0,0,0,0,0,0,0.28823057,0.125533982,0,0,0,0.356413254,0,0.060241154,0,0,0,0,0.081548575,0,0.114376151,0,0.057188075,0,0.063375553,0,0,0,0,0,0,0,0,1.501093199,0,0,0.872715797,0,0,0.478046558,0.511703751,1.278620955,0.028594038,2.162093886,0,2.426492304,0,4.077028287,0,1.464028881,0,1.058106227,0,1.429610084,0,1.806308292,0,2.870455219,0,1.89821305,0,2.258530233,0,0.16232574,0,1.36740652,1.741569136,2.210635874,2.037446325,0.029634568,0,0,0,1.531935288,0.029634568,2.155116621,1.91334681,2.01659364,0,1.078851921,0.77533998,0.088903703,2.137178564,0.99719064,1.771334188,1.291004149,1.197142849,0,0,0,0,0,0,0,0,0.081548575,0,0.257255074,0.596056939,0,0,0.149859313,0.144195192,0.122243967,0.11988745,0.061121983,0,0,0,0,0.149859313,0,0,0.028594038,0,0.253933575,0,0.134628772,0,0,0.377615816,0,0,0,0.245064854,0,0.120360742,0.502705039,0.773060186,0,0,0,0.059943725,0.067854937,0,0,0,0,0.102558264,0.089302925,0,0,0,0,0,0.149859313,0.241294519,0,0.059943725,0,0
40211106,0,0,0,0,0,0,0.275523454,0.157723336,0,0,0,0.320866388,0,0,0,0,0,0,0.084528852,0,0.106238625,0,0.053119312,0,0,0,0,0,0,0.118556146,0.148195183,0,0,1.684296042,0,0,1.011022808,0,0,0.590229682,0.653157897,1.526833852,0.058632201,2.094403057,0,2.135621777,0,4.081883038,0,1.452673555,0,1.151734535,0,1.34036997,0,2.18476598,0,2.664524946,0,2.176008797,0,2.021105363,0,0.122779755,0,1.370327924,1.710209018,2.504253174,2.415388406,0,0,0,0,1.50759006,0,2.231845778,2.159055515,2.392998237,0,1.251057397,1.044410494,0,2.286852811,1.069400425,2.052927615,1.625425616,1.294462637,0,0,0,0,0,0,0,0,0.084528852,0,0.244228133,0.484601584,0,0,0.139083074,0.192015984,0.142274711,0.242780533,0.071137355,0,0.131514073,0,0,0.139083074,0,0,0.026559656,0,0.186129506,0.126029785,0.41131491,0,0,0.379114162,0,0,0,0.14532849,0,0.134886029,0.443814227,1.083234949,0,0,0,0.05563323,0.063712337,0,0,0,0,0.111831572,0.095609989,0,0,0,0,0,0.139083074,0.280423706,0,0.05563323,0,0
40211107,0,0,0,0,0,0,0.414384486,0,0,0,0.084173544,0.094103895,0,0.06374832,0,0,0,0,0.068091171,0,0.233637442,0,0.267533629,0,0.057242075,0,0,0,0.143816569,0.124492943,0.299432748,0,0,1.790366968,0,0,0.378579432,0,0.089926487,0.311753743,0.347089103,1.236454237,0.088723179,2.16544117,0.075357454,1.901473616,0,3.290042191,0,1.742349044,0,0.909724956,0,1.056983919,0,2.43748987,0,2.756353106,0,1.890471031,0,2.272385253,0,0.144202742,0,1.468073125,2.352544674,2.297710307,1.755368726,0.311032019,0,0,0,1.570569763,0.087760063,1.630913046,1.253556841,1.602279709,0.117013418,1.349277563,1.050862128,0.285067477,2.37279875,1.8432055,2.541593086,0.7341001,0.401922335,0,0,0,0,0,0,0,0,0.068091171,0,0.550478662,0.996003162,0,0,0,0,0.241621743,0,0.150371084,0,0,0,0,0,0,0,0.05840936,0,0,0,0.292910534,0,0,0.846446571,0,0,0,0,0,0.385881274,0.320491075,2.109514349,0,0,0,0,0.062980659,0,0,0,0,0.061737381,0.092930514,0,0,0,0,0,0,0.097575235,0,0,0,0
40211108,0,0,0.111537946,0,0,0,0.399266526,0.115541848,0,0,0,0.099143551,0,0.063763251,0,0,0,0,0.060156418,0,0.132695984,0,0.189711415,0,0,0,0,0,0.336830433,0.169850859,0.549144007,0,0,1.896375557,0,0,0.114608546,0,0.091074508,0.08595641,0.114608546,1.912623297,0.060815257,2.588839758,0.201104144,1.55979932,0,2.710529741,0,1.41399005,0,0.935490701,0,1.398622707,0,2.514672996,0,2.796164022,0,1.425679203,0,2.155003596,0,0.159072139,0,1.243515037,2.018652593,2.696782716,2.140891285,0.156978125,0,0,0,1.432470726,0.088973337,1.357087701,2.114411257,1.627972441,0.272975132,1.513979918,1.286572492,0.1255825,2.462217579,1.807781328,1.843647535,0.700611317,0.393817611,0,0,0,0,0,0,0,0,0.060156418,0,0.726654254,0.934522988,0,0,0.153966767,0,0.267176519,0.123173414,0.165688315,0,0,0,0,0.153966767,0,0,0.033173996,0,0,0,0.252814849,0,0,1.049807478,0,0,0,0,0,0.400682167,0.297670644,1.874440524,0,0,0,0.061586707,0,0,0,0,0,0.081910796,0.06679413,0.055254873,0,0.055254873,0,0,0.153966767,0.028885462,0.111537946,0.061586707,0,0
40211109,0,0,0,0,0,0,0.391458678,0.127251094,0,0,0,0.234051649,0.060427304,0.030309646,0,0,0.060801129,0,0.066767104,0,0.107499907,0,0.053749954,0,0,0,0,0,0,0,0,0,0,1.491596916,0,0,1.571232692,0,0,1.024128149,1.099221621,1.502180154,0.056901716,2.237940663,0,2.193621306,0,4.054057866,0,1.618129028,0,1.002368825,0,1.518428441,0,1.858878273,0,2.940276281,0,2.363498244,0,2.589540118,0,0.099203521,0,1.68117869,1.707126376,2.598487148,2.416064623,0,0,0,0,1.640056646,0.060053479,2.363124203,1.992968799,2.11359804,0,1.190155965,0.977619029,0,1.64877569,1.228014586,2.47786486,1.128823871,0.991155642,0,0,0,0,0,0,0,0,0.066767104,0,0.417420896,0.808653161,0,0,0.14286957,0.190735352,0.105752028,0.265197005,0.052876014,0,0.302904172,0,0,0.234071265,0,0.091201694,0.026874977,0,0.168827798,0,0.155057416,0,0,0.679690514,0,0,0,0.120742282,0,0.386342439,0.562947423,0.889336766,0,0,0.030400565,0.148349522,0.089285739,0,0,0,0,0.093604708,0.085000948,0,0,0,0,0,0.294872394,0.161934668,0,0.117948958,0.030026739,0
40211110,0,0,0,0,0,0,0.272588365,0.141612925,0,0,0,0.298291663,0.031039467,0,0,0,0.062078934,0,0.08113331,0,0,0,0,0,0.057744323,0,0,0,0,0,0,0,0,1.704331408,0,0,1.267756954,0,0,0.725615999,0.825280589,1.29245759,0,2.026691534,0,2.725399187,0,4.27008064,0,1.877391333,0,0.76179519,0,1.483429571,0,2.059490275,0,2.833641842,0,2.109876417,0,1.641566262,0,0.544179805,0.056074903,1.294832313,2.249254281,2.833193507,2.061460871,0.422436934,0,0,0,1.468862106,0.172473636,2.134079714,2.730694877,1.778282509,0.318638856,1.668684556,0.871017744,0.409179447,1.812186881,0.870145807,1.606493873,0.998602537,1.008419378,0,0,0,0,0,0,0,0,0.08113331,0,0.241823356,0.558741384,0,0,0.143536373,0.176576427,0.144136419,0.114829099,0.072068209,0,0.155197334,0,0,0.236654774,0,0.093118401,0,0,0.2656415,0.113505913,0.255551477,0,0,0.359112926,0,0,0,0.171484522,0,0.11728957,0.323733956,0.489817427,0,0,0.031039467,0.15053295,0.064244044,0,0,0,0,0.062735329,0.036034105,0,0,0,0,0,0.298733708,0.171794184,0,0.119493483,0,0
40211111,0,0,0,0,0,0,0.216392523,0,0,0,0,0,0.029014935,0.095002688,0,0,0,0,0.063776636,0,0.128808109,0,0.064404054,0,0,0,0,0,0,0,0,0,0,1.979494849,0,0,0.299816519,0,0.188243741,0.270801583,0.183756778,2.152971868,0.061216962,2.168103535,0,2.415846603,0,2.42229431,0,1.422168938,0,0.562069931,0,2.425788521,0,1.598729398,0,2.779664641,0,2.17038238,0,1.168530351,0,1.001550037,0,1.517480662,2.854715648,2.765121753,1.068021738,1.106637976,0,0,0,0.898454181,0.627867676,1.280669714,1.137901969,1.059453895,1.024442777,2.529184296,1.001129536,0.807342799,0.801915031,0.726900062,0.929453312,0.817425846,0.340352092,0,0,0,0,0,0,0,0,0.063776636,0,0.129101725,0.291873766,0,0.05810556,0,0.183756778,0.08715834,0,0,0,0,0,0,0,0,0,0.032202027,0,0,0,0,0,0,0.385878284,0,0,0,0,0,0.256776559,0.2092613,1.310179521,0,0,0,0,0,0,0,0,0,0.033562944,0,0,0,0,0,0,0,0,0,0,0.029014935,0
40211112,0,0,0,0,0,0,0.385740953,0,0,0,0,0.275545904,0.059925815,0.03500737,0,0,0.058564709,0,0.061608504,0,0.125457027,0,0.173758551,0,0,0,0,0,0,0,0,0,0,1.565185425,0,0,1.43560381,0,0,1.116267829,0.968693591,1.262070409,0.062007717,2.055460074,0.055515019,1.89549915,0,3.826913433,0,1.612115108,0,1.135367397,0,1.508097221,0,2.064904044,0,2.592620839,0,2.452232695,0,2.613945434,0,0,0,1.702921781,1.707428534,2.301581945,2.025264068,0,0,0,0,1.715992528,0.061286921,2.496300179,1.815110985,1.956419944,0,1.20587182,1.097846888,0,2.055929439,1.307294154,2.89605571,0.996275618,1.258792886,0,0,0,0,0,0,0,0,0.061608504,0,0.405422411,0.807941662,0,0,0,0.288686582,0.112604278,0.1411189,0.158292902,0,0.287530671,0,0,0.087847063,0,0.087847063,0.031364257,0,0.15791995,0,0.168791627,0,0,0.649788575,0,0,0,0.128863715,0,0.35382864,0.538405289,1.132710436,0,0,0.029282354,0.087847063,0.116351031,0,0,0,0,0.059630376,0.115013012,0,0,0,0,0,0.146411772,0.216611871,0,0.058564709,0.030643461,0
40211113,0,0,0,0,0,0,0.281686346,0.114471509,0,0,0,0.237633678,0.065581493,0.033757541,0,0,0.071079142,0,0.072745672,0,0.138468767,0,0.069234384,0,0.057730288,0,0,0,0,0,0,0,0,1.652130243,0,0,1.249638056,0,0,0.915246361,0.952418662,1.291855655,0.096235442,1.846794384,0,2.446400464,0,3.896806699,0,1.545946227,0,0.991518672,0,1.302341703,0,2.264680487,0,3.003213306,0,1.910224006,0,1.952714283,0,0.249520545,0,1.466274664,2.047840155,2.664108307,1.753705045,0.126907531,0,0,0,1.418300813,0.060083844,1.710894839,2.293295369,2.190153049,0.118292398,0.971402466,0.831051286,0.158634413,2.088799794,0.877310165,1.565578314,1.279801575,0.820626916,0,0,0,0,0,0,0,0,0.072745672,0,0.25033027,0.602631425,0,0,0.144150079,0.161464238,0.125289339,0.115320063,0.06264467,0,0.177697855,0,0,0.250768792,0,0.106618713,0.034617192,0,0.164530133,0.139192187,0.52596274,0,0,0.371119485,0,0,0,0.125742361,0,0.120789216,0.25264176,0.748606081,0,0,0.035539571,0.164278745,0.08301287,0,0,0,0,0.099365508,0.06266982,0,0,0,0,0,0.321847934,0.122660334,0,0.128739174,0.030041922,0
40211114,0,0,0,0,0,0,0.129515997,0,0,0,0.05327986,0.038374852,0.035811711,0.121460157,0,0,0,0,0,0,0.153499407,0,0.177422531,0,0,0,0,0,0.147940028,0.153499407,0.339814286,0,0,1.227012583,0,0,0.143246843,0,0.088711641,0.107435133,0,1.306567194,0.110729101,1.606490453,0.050336414,1.209925444,0,1.944806986,0,1.329017823,0,0.851240739,0,1.374907988,0,2.85237949,0,2.046724351,0,1.746399569,0,1.339050035,0,0.187255906,0,1.602085022,2.065984034,1.718364054,1.246589241,0.335081506,0,0,0,1.187563891,0.281174056,1.043751507,1.085993473,1.285037857,0.313667644,1.380989047,0.733418064,0.402880831,1.48516138,1.277495161,1.680398588,0.506086122,0.556018704,0,0,0,0,0,0,0,0,0,0,0.439133917,0.545186764,0,0,0,0,0.117807944,0,0.058903972,0,0,0,0,0,0,0,0.038374852,0,0,0,0.182712693,0,0,0.602850403,0,0,0,0,0,0.287141199,0.091207625,2.518659883,0,0,0,0,0,0,0,0,0,0,0.059854528,0.094692533,0,0.094692533,0,0,0,0.091207625,0,0,0.035811711,0
40211115,0,0,0,0,0,0,0.116973981,0,0,0,0.193275769,0.127860631,0.062239008,0.028834292,0,0,0,0,0,0,0.143610774,0,0.071805387,0,0.065466716,0,0,0,0,0.132772225,0.165965281,0,0,1.981394058,0,0,0.13183882,0,0,0.098879115,0,1.005446247,0.127193532,1.704056636,0,1.561836412,0,3.231930346,0,2.135158572,0,0.750917639,0,1.000739965,0,2.517191656,0,1.806693998,0,1.552471863,0,1.022431042,0,0.318522471,0,1.302055459,2.074150428,1.90171754,1.234067715,0.746526414,0,0,0,1.103923392,0.365084103,0.965157005,1.190183535,1.158157857,0.55016337,1.413772851,0.979582975,0.456529851,1.380412032,1.020882159,1.497806681,0.637095178,0.491334575,0,0,0,0,0,0,0,0,0,0,0.27602544,0.477408584,0,0,0,0,0.139748869,0,0.069874435,0,0,0,0,0,0,0,0.035902694,0,0,0,0.142989306,0,0,0.405943066,0,0,0,0,0,0.257158794,0.097309008,2.002958245,0,0,0,0,0,0,0,0,0,0.059107248,0.067373553,0.067697902,0,0.067697902,0,0,0,0.097309008,0,0,0.032959705,0
40211116,0,0,0,0,0,0,0.414840327,0,0,0,0.092394061,0.028228352,0,0.032285171,0,0,0,0,0,0,0.126853337,0,0.063426668,0,0,0,0,0,0.149297066,0.11291341,0.290438828,0,0,2.173757929,0,0,0.11310127,0,0,0.230482994,0.11310127,1.962000124,0.031713334,3.049543439,0,1.768004539,0,2.814340952,0,2.593253902,0,0.785920424,0,1.395244858,0,2.114409381,0,2.952732948,0,1.369206876,0,1.832348226,0,0.557347448,0,1.206064917,2.789687924,2.693993674,1.473627131,0.693496004,0,0,0,1.685908991,0.251464164,1.131089983,1.166598173,1.332493246,0.616550506,2.07891419,1.669022922,0.231820239,1.93764995,1.731946173,2.164435827,0.498589948,0.406277622,0,0,0,0,0,0,0,0,0,0,0.538261031,0.785759456,0,0,0,0.116525633,0.434386468,0,0.367251269,0,0,0,0,0,0,0,0.031713334,0,0,0,0.11310127,0,0,0.844821478,0,0,0,0,0,0.391847803,0.176720735,1.208702523,0,0,0,0,0,0,0,0,0,0.085383878,0.108596617,0,0,0,0,0,0,0,0,0,0,0
40211117,0,0,0,0,0,0,0.281958853,0,0,0,0,0.200282252,0.026842631,0.056901944,0,0,0,0,0.053373915,0,0.148700928,0,0.193585698,0,0,0,0,0,0.219881067,0.279068864,0.568717147,0,0,1.70559698,0,0,0.346111422,0,0.088658293,0.259583566,0.208378024,1.278939493,0.100226285,1.964689453,0.059617617,1.367285334,0,2.600008587,0,1.411194436,0,0.975282627,0,0.915301465,0,2.672523977,0,2.238449443,0,1.930144814,0,1.831652769,0,0.063232026,0.059018888,1.274808901,1.954875451,2.221042889,1.85798478,0.230348337,0,0,0,1.503478656,0.134400698,1.516136857,1.58135543,1.642435887,0.196148913,1.331037181,1.005322167,0.134525726,2.500717178,1.719610007,2.164289151,0.727758176,0.49602328,0,0,0,0,0,0,0,0,0.053373915,0,0.566542885,0.688016663,0,0,0,0,0.276003883,0,0.169430186,0,0,0,0,0,0,0,0.037175232,0,0,0,0.298331514,0,0,0.760033976,0,0,0,0,0,0.260151892,0.137685957,2.40572532,0,0,0,0,0.060725746,0,0,0,0,0.064288228,0.097104985,0.056547364,0,0.056547364,0,0,0,0.084312042,0,0,0.026842631,0
40211118,0,0,0,0,0,0,0,0.129534846,0,0,0,0.227552282,0.060575156,0.064006107,0,0,0.060556875,0,0.070897077,0,0,0,0,0,0,0,0,0,0,0,0,0,0,1.767579614,0,0,1.469925697,0,0.106389667,1.115786727,0.984970592,1.777111131,0.030296718,2.184814175,0,2.30236227,0,3.891768774,0,1.236655805,0,1.325566952,0,2.034958321,0,1.73694044,0,2.781209432,0,2.304223876,0,1.812659904,0,0.318835034,0,1.550724325,1.640432712,2.598221549,2.242351876,0,0,0,0,1.326555992,0.089868575,2.122747985,2.064951604,1.98741072,0.086530485,1.401718654,1.225556356,0,1.5860938,0.591580653,1.776262176,1.513344983,1.410013408,0,0,0,0,0,0,0,0,0.070897077,0,0,0.300391889,0,0,0.141183941,0.419311177,0.118576457,0.258765185,0.146714353,0,0.29721022,0,0,0.232019254,0,0.090835313,0,0,0.163976934,0,0.136680226,0,0,0.116067202,0,0,0,0.114004987,0,0.116067202,0.413689936,0.742940813,0,0,0.030278438,0.147308889,0.063571107,0,0,0,0,0.096112015,0.090194938,0,0,0,0,0,0.292576129,0.278025436,0,0.117030452,0.030296718,0
40211119,0,0,0,0,0,0,0.2499837,0,0,0,0,0.125666475,0,0.036425394,0,0,0,0,0.072909546,0,0.130780807,0,0.065390403,0,0,0,0,0,0,0,0,0,0,1.925642574,0,0,0.572477614,0,0,0.336892944,0.36905813,1.894148088,0.032695202,2.543951661,0,1.735230691,0,3.670808188,0,1.501571007,0,1.154094999,0,1.737241706,0,2.348898792,0,2.885021759,0,2.162737066,0,2.148036048,0,0.194662603,0,1.968571497,2.432012983,2.206947322,1.883372878,0.146707995,0,0,0,1.125956828,0.115788511,1.302812472,1.414235372,2.037471762,0.145073008,1.132687857,0.99935916,0.141999535,1.565982875,0.893622011,2.052219365,1.619229735,1.226341321,0,0,0,0,0,0,0,0,0.072909546,0,0.271879238,0.80291873,0,0,0.147345885,0.152183235,0.136534178,0.296133587,0.068267089,0,0.178256879,0,0,0.147345885,0,0,0.032695202,0,0,0.12179073,0.250451473,0,0,0.544575075,0,0,0,0,0,0.397064695,0.675716463,0.871178204,0,0,0,0.058938354,0.058809434,0,0,0,0,0.102705116,0.156837,0,0,0,0,0,0.147345885,0.31535643,0,0.058938354,0,0
40211120,0,0,0,0,0,0,0,0,0,0,0,0,0,0.025820913,0,0,0,0,0,0,0,0,0,0,0,0,0,0,0,0,0,0,0,1.707581204,0,0,0,0,0,0,0,0.789637998,0,0.200949569,0,2.646896345,0,0.376529779,0,0.227574124,0,0.025820913,0,0.050165104,0,0,0,0.025820913,0,0,0,0,0,0.02434419,0,0.02434419,0,0,0,0.097376762,0,0,0,0,0.100075439,0,0,0,0,0,0,0,0,0,0,0,0,0,0,0,0,0,0,0,0,0,0,0,0,0,0,0,0,0,0,0,0,0,0,0,0,0,0,0,0,0,0,0,0,0,0,0,0,0,0,0,0,0,0,0,0,0,0,0,0,0,0,0,0,0,0,0,0,0,0,0,0,0,0,0,0
40211121,0,0,0,0,0,0,0.240968942,0.129544338,0,0,0,0.168799908,0,0.036454678,0,0,0,0,0.081678646,0,0.116046356,0,0.058023178,0,0,0,0,0,0.166868974,0,0.166868974,0,0,1.997522336,0,0,0.36374165,0,0,0.21610791,0.248881372,2.005777666,0.029011589,2.720684001,0,1.90713764,0,3.751895381,0,1.578916547,0,0.935602744,0,1.524543047,0,2.286128038,0,3.204206963,0,1.414496182,0,2.312536401,0,0.272527961,0,1.387746801,2.32918309,2.672425424,2.209257284,0.154881996,0,0,0,1.29483667,0.092702541,1.352830425,2.281219961,1.68560895,0.399664807,1.34388322,1.09341282,0.123905597,1.91868084,1.003455343,1.619916506,1.513753549,0.803874481,0,0,0,0,0,0,0,0,0.081678646,0,0.250923819,0.616891501,0,0,0.195797235,0,0.133214522,0.316226104,0.066607261,0,0.159588316,0,0,0.195797235,0,0,0.029011589,0,0.148809403,0.115014652,0.2461085,0,0,0.546377606,0,0,0,0.12532839,0,0.262079992,0.431800275,0.76848295,0,0,0,0.078318894,0,0,0,0,0,0.146424853,0.097218451,0,0,0,0,0,0.195797235,0.128377556,0,0.078318894,0,0
40211122,0,0,0,0,0,0,0.251092459,0,0,0,0,0.205513918,0,0.035998995,0,0,0,0,0.057987973,0,0,0,0,0,0.056848456,0,0,0,0,0,0,0,0,1.86166173,0,0,0.428508912,0,0,0.396468069,0.396468069,2.506434456,0,2.715081173,0,1.640355582,0,3.765604596,0,1.51383358,0,1.108008544,0,1.843576873,0,2.115136822,0,3.103432936,0,1.967710962,0,2.458095004,0,0.203504414,0,1.702373673,1.82216039,2.215476766,2.052292497,0.261734797,0,0,0,1.357409889,0.033230443,1.426916293,1.516299152,1.654234157,0.028120217,1.121836784,0.709007466,0.119480602,1.407579842,0.900918499,2.222386036,1.57396408,1.132849198,0,0,0,0,0,0,0,0,0.057987973,0,0.268603559,0.80781326,0,0,0.187318831,0.159050894,0.125114702,0.480071745,0.062557351,0,0.33021668,0,0,0.187318831,0,0,0,0,0.05520287,0,0,0,0,0.555446074,0,0,0,0.110405741,0,0.410800149,0.484819014,0.650712254,0,0,0,0.074927533,0.064081687,0,0,0,0,0.112146211,0.168629312,0,0,0,0,0,0.187318831,0.120303547,0,0.074927533,0,0
40211123,0,0,0,0,0,0,0.485770826,0,0,0,0,0,0,0.033645223,0,0,0,0,0.06275852,0,0.11963822,0,0.05981911,0,0,0,0,0,0,0,0,0,0,2.065007466,0,0,0.12565297,0,0,0.12565297,0.12565297,2.177841728,0.029909555,3.211724773,0,1.959228313,0,3.513373978,0,2.441836152,0,0.76529052,0,1.822904586,0,2.092123736,0,3.202438992,0,1.855794957,0,2.217980119,0,0.530320831,0,1.703614898,2.925841507,2.704153445,1.770264355,0.45257392,0,0,0,1.459445647,0.297235519,1.16866948,1.18242971,1.50786713,0.634812962,1.575084529,1.175635459,0.236392866,1.45825175,1.338528217,2.334476208,1.043471892,0.383840403,0,0,0,0,0,0,0,0,0.06275852,0,0.449924887,1.000307876,0,0,0.164507605,0,0.243095827,0.286828842,0.153369582,0,0.155222758,0,0,0.164507605,0,0,0.029909555,0,0,0,0,0,0,0.836374587,0,0,0,0,0,0.524263847,0.445227109,1.053296716,0,0,0,0.065803042,0,0,0,0,0,0.102547293,0.125277051,0,0,0,0,0,0.164507605,0.100375628,0,0.065803042,0,0
40211125,0,0,0,0,0,0,0.126342795,0,0,0,0,0.148557037,0.088601652,0.034687544,0,0,0.057086874,0,0.059512323,0,0,0,0,0,0.057161923,0,0,0,0,0,0,0,0,1.903185363,0,0,1.477265862,0,0,0.951080365,0.983308346,1.986194337,0.029993691,1.986807937,0,2.292207379,0,3.710501194,0,1.694262698,0,0.736633842,0,1.965461058,0,1.616851979,0,2.252146587,0,2.194916945,0,1.400981655,0,0.643415421,0,1.864139285,1.664703279,2.833970722,1.524570223,0.261117708,0,0,0,1.256304239,0.208127063,1.851748691,2.264703708,1.757421305,0.476803009,1.994041971,1.326212472,0.150608131,1.320834089,0.81708575,1.720939992,0.721990899,0.763906938,0,0,0,0,0,0,0,0,0.059512323,0,0.126342795,0.32013548,0,0,0,0.199383954,0.120529631,0,0.060264815,0,0.142717185,0,0,0.085630311,0,0.085630311,0,0,0.096765373,0,0.141016299,0,0,0.255744888,0,0,0,0,0,0.129402093,0.221054622,0.732306482,0,0,0.028543437,0.085630311,0.086068759,0,0,0,0,0.034387213,0.030132408,0,0,0,0,0,0.142717185,0.1615423,0,0.057086874,0.029993691,0
40211126,0,0,0,0,0,0,0,0.129787064,0,0,0.086113649,0.095276628,0.093968093,0.061059909,0,0,0.251349822,0,0.057532188,0,0,0,0,0,0.154452416,0,0,0,0,0,0,0,0,2.411796363,0,0,1.097581722,0,0,0.798331718,1.087583791,1.322962444,0,2.119260701,0,2.6734005,0,3.443213957,0,1.542120395,0,0.699698003,0,2.428644597,0,2.224693591,0,2.590351174,0,1.405312094,0,1.020571766,0,0.787365913,0.095728659,1.351872357,2.699914125,3.030309098,0.970445821,0.926734416,0,0,0,0.778129857,0.321034527,0.860774278,3.01204111,0.817963335,0.613257447,1.974098295,0.895304623,0.696338226,0.716780922,0.208228677,0.483621972,0.759970858,0.486695544,0,0,0,0,0,0,0,0,0.057532188,0,0,0,0,0,0.212528549,0.159756686,0,0.170022839,0,0,0.319469721,0,0,0.527772315,0.154452416,0.191681833,0,0,0.099217238,0,0.158732956,0,0,0,0,0,0,0,0,0,0.154872486,0.116290146,0,0,0.187455877,0.276693252,0.064321393,0,0,0,0,0.061887897,0,0,0,0,0,0,0.686450687,0.032446766,0,0.212799308,0,0
40211127,0,0,0,0,0,0,0.393922033,0,0,0,0,0.24566256,0,0.055936835,0,0,0,0,0,0,0.107021746,0,0.192136875,0,0,0,0,0,0,0,0,0,0,1.527596314,0,0,0.991945096,0,0,0.997766957,0.689402829,1.264949199,0.052657993,2.145281563,0.069313001,1.745697327,0,3.103725439,0,2.014951684,0,1.350155715,0,1.695916626,0,2.117573539,0,2.551568165,0,2.37594623,0,2.567042756,0,0,0,1.471400344,1.611695209,2.06018865,1.728364523,0,0,0,0,1.859838273,0.026172548,2.570163727,1.482726658,1.98936128,0,1.276792561,1.247065747,0,2.186592587,1.484421438,3.215232943,0.941148521,1.580700612,0,0,0,0,0,0,0,0,0,0,0.433224146,0.86478758,0,0,0,0.473561552,0.255732489,0.148812872,0.383986731,0,0.148812872,0,0,0,0,0,0.026755437,0,0.148206872,0,0.240220046,0,0,0.673202204,0,0,0,0.133446414,0,0.362807006,0.488958365,1.043732806,0,0,0,0,0.086394272,0,0,0,0,0,0.160490653,0,0,0,0,0,0,0.214550973,0,0,0,0
40211128,0,0,0,0,0,0,0,0,0,0,0,0,0,0,0,0,0,0,0,0,0,0,0,0,0,0,0,0,0,0,0,0,0,3.525176092,0,0,0,0,0,0,0,2.226961564,0,0,0,0.928008678,0,0,0,0.030220198,0,0,0,0,0,0,0,0,0,0,0,0,0,0.030220198,0,0.030220198,0,0,0,0.030220198,0,0,0,0,0,0,0,0,0.030220198,0,0,0,0,0,0,0,0,0,0,0,0,0,0,0,0,0,0,0,0,0,0,0,0,0,0,0,0,0,0,0,0,0,0,0,0,0,0,0,0,0,0,0,0,0,0,0,0,0,0,0,0,0,0,0,0,0,0,0,0,0,0,0,0,0,0,0,0,0,0,0,0
40211129,0,0,0,0,0,0,0.098471967,0.130219976,0,0,0,0,0.068419703,0.03676946,0,0,0.074888511,0,0.066850911,0,0,0,0,0,0,0,0,0,0,0,0,0,0,2.100500472,0,0,0.263786499,0,0,0.226342243,0.263786499,2.317206341,0,2.756233667,0,2.312851676,0,3.256823394,0,1.962243526,0,0.574445143,0,2.532165194,0,2.385727885,0,3.25060364,0,1.155255603,0,1.494757413,0,0.946129989,0.08658707,1.551530075,2.716216281,2.964868968,1.340833626,1.042998992,0,0,0,0.729598763,0.263341869,0.499912338,2.699383523,0.853690593,0.589245697,1.683551365,0.847459158,0.690518669,0.564896247,0.428263889,0.941128992,1.112202449,0.365907603,0,0,0,0,0,0,0,0,0.066850911,0,0,0.298103919,0,0,0.281428212,0,0.115870191,0.384785638,0.057935095,0,0.346864346,0,0,0.393760979,0,0.112332767,0,0,0,0,0,0,0,0.131295956,0,0,0,0,0,0.131295956,0.328635837,0.241464979,0,0,0.037444256,0.224904052,0,0,0,0,0,0.116867038,0.060896161,0,0,0,0,0,0.468649491,0.032554994,0,0.187459796,0,0
40211130,0,0,0.185630738,0,0,0,0.143011772,0.108552865,0,0,0,0.263434714,0.029685919,0.026385763,0,0,0,0,0.058657665,0,0.147971206,0,0.206667252,0,0,0,0,0,0.146233055,0.147971206,0.331197063,0,0,1.303121133,0,0,0.624793862,0,0,0.386446346,0.364112895,1.221090641,0.137957298,1.142733142,0.280525898,1.921452373,0,2.515907009,0,1.050598806,0,0.707469366,0,0.96092315,0,2.201026795,0,1.762076813,0,1.425329656,0,1.644715466,0,0.057287291,0.080728395,1.045848819,1.353590664,2.057078505,1.464063985,0.026909465,0,0,0,1.201278019,0.059371838,1.723168161,2.297519471,1.438037124,0,1.061156358,0.856339086,0,2.41500629,1.473353939,1.597895697,0.971330567,0.822024355,0,0,0,0,0,0,0,0,0.058657665,0,0.259998216,0.363696339,0,0,0,0,0.122555728,0,0.061277864,0,0,0,0,0,0,0,0.036992802,0,0.138466495,0.160337249,0.674061704,0,0,0.401468117,0,0,0,0.112634891,0,0.11222329,0.140072313,2.151734489,0,0,0,0,0.064810448,0,0,0,0,0.052580541,0.030638932,0.066322246,0,0.066322246,0,0,0,0.027138216,0.257044132,0,0.029685919,0
40211131,0,0,0,0,0,0,0,0,0,0,0,0,0,0,0,0,0,0,0,0,0,0,0,0,0,0,0,0,0,0,0,0,0,3.123109634,0,0,0,0,0,0,0,2.127847729,0,1.23025317,0,2.192476989,0,0.5407042,0,0.812814787,0,0,0,0.374304176,0,0.037729101,0,0.075458202,0,0.037729101,0,0,0,0.419724513,0,0.279012125,0.075458202,0.037729101,0,1.001309755,0,0,0,0.032779653,0.380616326,0,0.037729101,0,0.200308267,0,0,0,0,0,0,0,0,0,0,0,0,0,0,0,0,0,0,0,0,0,0,0,0,0,0,0,0,0,0,0,0,0,0,0,0,0,0,0,0,0,0,0,0,0,0,0,0,0,0,0,0,0,0,0,0,0,0,0,0,0,0,0,0,0,0,0,0,0,0,0,0
40211132,0,0,0,0,0,0,0.280203877,0,0,0,0.246224231,0.187932956,0,0.061439926,0,0,0,0,0.074229864,0,0.116859595,0,0.058429797,0,0.067038307,0,0,0,0,0,0,0,0,1.250381619,0,0,0.276867568,0,0,0.116779407,0.155705877,1.649112341,0.065212232,1.730556964,0,2.543455405,0,3.813938585,0,1.878127449,0,0.692326632,0,1.165574892,0,2.362849692,0,2.857359429,0,1.737152707,0,1.443809103,0,0.562876479,0,1.329105446,2.223303068,2.050988301,1.244411886,0.767004196,0,0,0,1.245253493,0.209081367,1.191626784,1.566766232,1.749670665,0.300575248,1.489812299,0.669159857,0.534119742,1.977167072,0.855295367,1.161986349,1.276134581,0.738814592,0,0,0,0,0,0,0,0,0.074229864,0,0.249626593,0.601880547,0,0.058834994,0,0,0.220663957,0,0.066205733,0,0,0,0,0,0,0,0.029214899,0,0.1501732,0.256044177,0.591736718,0,0,0.369107138,0,0,0,0.118603864,0,0.119480546,0.173812196,0.778648252,0,0,0,0,0,0,0,0,0,0.103820655,0.066296977,0,0,0,0,0,0,0.099582332,0,0,0,0
40211133,0,0,0,0,0,0,0.491059196,0.107275446,0,0,0,0.149519017,0,0.065572271,0,0,0,0,0.065716415,0,0.131210445,0,0.180142652,0,0,0,0,0,0,0.114578135,0.143222668,0,0,1.706673635,0,0,0.480781296,0,0.089714627,0.392942875,0.450768244,1.742992012,0.032802611,2.477813765,0.057268715,1.714498454,0,3.736929761,0,1.914926304,0,1.012022146,0,1.328894886,0,2.187976234,0,2.990565288,0,2.182668616,0,2.573961183,0,0.134955956,0,1.619417075,2.199531669,2.693371507,2.265166935,0.054005754,0,0,0,1.809700293,0,1.959536359,1.360433955,2.139918689,0,1.092585366,0.959254406,0,2.141651217,1.613730298,2.856156382,1.068423069,0.531398924,0,0,0,0,0,0,0,0,0.065716415,0,0.533127074,1.104340972,0,0,0.134556479,0,0.249160547,0.250812897,0.15344505,0,0.143167714,0,0,0.134556479,0,0,0.032802611,0,0,0,0.112857943,0,0,0.899344884,0,0,0,0,0,0.526711084,0.427734745,1.55494016,0,0,0,0.053822591,0.060026104,0,0,0,0,0.099884023,0.121295002,0,0,0,0,0,0.134556479,0.117932829,0,0.053822591,0,0
40211134,0,0,0,0,0,0,0.303815783,0.119166237,0,0,0.09346716,0.097538672,0,0.037012315,0,0,0,0,0.06391369,0,0.118480336,0,0.059240168,0,0,0,0,0,0,0.120826481,0.151033102,0,0,2.215939549,0,0,0.257626562,0,0,0.092106747,0.122808996,1.38341773,0.029620084,2.375264752,0,1.842846225,0,3.394010413,0,1.950912922,0,0.940089235,0,1.099269369,0,2.695173545,0,2.962694892,0,1.48635709,0,1.64933649,0,0.316316094,0.06049857,1.197478907,2.61682061,2.68997899,1.692732583,0.494881528,0,0,0,1.696723625,0.165326789,1.400212713,2.087597774,1.851369607,0.511152222,2.072206608,0.992601667,0.124340976,1.967162803,1.403234191,1.91882388,0.919488561,0.758203108,0,0,0,0,0,0,0,0,0.06391369,0,0.422003766,0.660247468,0,0,0,0,0.388812589,0,0.235520038,0,0,0,0,0,0,0,0.029620084,0,0.101113174,0.116024981,0.238833977,0,0,0.562268398,0,0,0,0,0,0.262383038,0.2511101,1.03372892,0,0,0,0,0,0,0,0,0,0.068056035,0.129810391,0,0,0,0,0,0,0.127613292,0,0,0,0
40211135,0,0,0,0,0,0,0,0,0,0,0,0,0,0.034922536,0,0,0,0,0,0,0,0,0,0,0.067963953,0,0,0,0,0,0,0,0,2.674732205,0,0,0,0,0,0,0,2.54148262,0,1.91910047,0,2.556686237,0,1.840892242,0,1.699366997,0,0.101429066,0,0.613051562,0,0.151733342,0,0.28422954,0,0,0,0,0,0.655349304,0,0.53760185,0.061461335,0.157241111,0.032524554,1.009935699,0,0,0,0.145269978,0.84914161,0,0.243925345,0.032524554,0.455424856,0.212554678,0.157241111,0,0.130098216,0.032524554,0,0.032524554,0,0,0,0,0,0,0,0,0,0,0,0,0,0,0,0,0,0,0,0,0,0,0,0,0,0,0,0,0,0,0,0,0,0,0,0,0,0,0,0,0,0,0.130098216,0,0,0,0,0,0,0,0,0,0,0,0,0,0,0,0,0,0,0,0,0,0
40211136,0,0,0,0,0,0,0.574698796,0.124856894,0,0,0,0.203686321,0,0.032621389,0,0,0,0,0.066434452,0,0.130865897,0,0.065432949,0,0.057491161,0,0,0,0.13470469,0,0.13470469,0,0,1.408406182,0,0,0.494578544,0,0,0.450150793,0.350214938,1.340001864,0.032716474,2.651292677,0,2.084942279,0,3.860909095,0,2.1437193,0,1.002114205,0,1.279874374,0,2.35828114,0,3.158328916,0,2.1004955,0,2.618115595,0,0.252203464,0,1.364813896,2.122116796,2.589474436,2.17658954,0.160860876,0,0,0,1.993635824,0.051589264,2.017820623,1.389740998,2.104921757,0,1.244943724,0.928141265,0,2.533711452,1.750163592,2.627801602,0.972741766,0.709616534,0,0,0,0,0,0,0,0,0.066434452,0,0.719737575,1.198751413,0,0,0,0.104293675,0.256712687,0,0.236635682,0,0,0,0,0,0,0,0.032716474,0,0.141628965,0.106112529,0.227837481,0,0,1.083650539,0,0,0,0.112310376,0,0.503017032,0.433905838,1.183220314,0,0,0,0,0.060797141,0,0,0,0,0.091203182,0.091706213,0,0,0,0,0,0,0.113798348,0,0,0,0
40211137,0,0,0,0,0,0,0.377578126,0,0,0,0,0.063772816,0,0.083742931,0,0,0,0,0,0,0.122555069,0,0.061277535,0,0,0,0,0,0,0,0,0,0,2.114933371,0,0,0.378456327,0,0,0.283842245,0.346569919,2.216595284,0.030638767,2.511676744,0,1.785572029,0,2.933583704,0,2.089156722,0,0.738272437,0,2.20625311,0,2.780361506,0,3.049315372,0,1.650695707,0,1.94727847,0,0.641995788,0.159703789,1.987362092,2.760308337,2.74334754,1.172416208,0.663916379,0,0,0,1.27084787,0.252090569,0.982430162,2.142263006,1.6661241,0.549566001,1.612901839,0.828496707,0.383418013,1.190447043,1.004655493,1.833478999,0.878037618,0.539138823,0,0,0,0,0,0,0,0,0,0,0.404429899,0.795495684,0,0,0.173079643,0,0.139865878,0.138463714,0.069932939,0,0,0,0,0.173079643,0,0,0.030638767,0,0,0,0.125040986,0,0,0.672229897,0,0,0,0,0,0.390022454,0.256619876,0.637580411,0,0,0,0.069231857,0.063772816,0,0,0,0,0.104015319,0.067839708,0,0,0,0,0,0.173079643,0.098619717,0,0.069231857,0,0
40211138,0,0,0,0,0,0,0.444128584,0.116107202,0,0,0,0.120555829,0,0.036232705,0,0,0,0,0.067343581,0,0.130614871,0,0.065307436,0,0.064494214,0,0,0,0,0,0,0,0,1.655970762,0,0,0.64844763,0,0,0.414860892,0.475889111,1.652018231,0.032653718,2.855808415,0,2.181910588,0,4.151211128,0,1.891195484,0,0.901300107,0,1.714159103,0,2.400568564,0,2.96188637,0,2.290807368,0,2.473036937,0,0.355444174,0,1.887338072,2.200871489,2.677639388,2.123476053,0.261304914,0,0,0,1.489220588,0.175914798,1.735682273,1.443003017,2.131858324,0.116284197,1.152311556,1.021067554,0.145355246,1.81911551,1.280959143,2.554367479,1.083934522,0.568681541,0,0,0,0,0,0,0,0,0.067343581,0,0.474166583,1.131784047,0,0,0.15467069,0,0.119078301,0.272762704,0.059539151,0,0.149026152,0,0,0.15467069,0,0,0.032653718,0,0,0,0.130901941,0,0,0.78781585,0,0,0,0,0,0.462055428,0.562782596,1.06069035,0,0,0,0.061868276,0.064360482,0,0,0,0,0.105882546,0.094398353,0,0,0,0,0,0.15467069,0.245800064,0,0.061868276,0,0
40211139,0,0,0,0,0,0,0.257731792,0,0,0,0,0,0,0.033492014,0,0,0,0,0.071061212,0,0,0,0,0,0,0,0,0,0,0,0,0,0,1.732347817,0,0,0.413614299,0,0,0.382554537,0.413614299,2.940031148,0,2.803680661,0,2.532426169,0,3.560636855,0,2.12669688,0,0.75306542,0,2.527165342,0,1.827879145,0,3.013687904,0,1.872264211,0,1.610182744,0,1.277430533,0,2.009890984,2.791070879,2.856886024,1.389141474,0.944493727,0,0,0,0.918014879,0.593011887,0.99401036,1.639516673,1.491102726,0.751485032,1.644524811,1.198429619,0.567006665,0.893202909,0.45360606,1.287934291,1.340360895,0.409161718,0,0,0,0,0,0,0,0,0.071061212,0,0.120863915,0.659053949,0,0.060758238,0.171369578,0.165701011,0.091137358,0.137095662,0,0,0,0,0,0.171369578,0,0,0,0,0,0.121206765,0.121206765,0,0,0.39494811,0,0,0,0,0,0.274084195,0.34116456,0.405540355,0,0,0,0.068547831,0,0,0,0,0,0.123176737,0.030783395,0,0,0,0,0,0.171369578,0.092350184,0,0.068547831,0,0
40211141,0,0,0,0,0,0,0.094178971,0.139099442,0,0,0,0.235651808,0,0.055905247,0,0,0,0,0.069276676,0,0,0,0,0,0,0,0,0,0,0,0,0,0,2.035829395,0,0,1.221816921,0,0.083852025,0.660734062,0.733352038,1.565774154,0,2.466729493,0,2.094591434,0,3.751308291,0,1.496126382,0,0.934315,0,1.929643851,0,1.532070474,0,2.377887591,0,2.475147688,0,1.683082237,0,0.344518521,0,2.11970724,1.876982016,2.370590012,1.999675543,0.203523323,0,0,0,1.043053474,0.0913067,2.083726991,2.188084002,1.989055178,0.580309829,1.897651856,1.451955068,0.152177834,1.28860928,0.807238771,2.05129692,0.963815362,1.179964474,0,0,0,0,0,0,0,0,0.069276676,0,0.1425526,0.575248301,0,0,0,0.195096396,0.12277311,0,0.061386555,0,0,0,0,0,0,0,0,0,0.168284551,0,0.117937608,0,0,0.379581412,0,0,0,0.12372746,0,0.351070892,0.823527809,0.709183738,0,0,0,0,0.069279893,0,0,0,0,0.031862723,0.10079234,0,0,0,0,0,0,0.395256439,0,0,0,0
40211142,0,0,0,0,0,0,0,0,0,0,0,0.036408955,0,0.054786803,0,0,0,0,0,0,0,0,0,0,0.139643774,0,0,0,0,0,0,0,0,1.945617944,0,0,0,0,0,0,0,1.754709898,0,1.533029874,0,2.883571324,0,2.490522711,0,1.215738888,0,0.187886254,0,1.041407044,0,0.281995936,0,0.552549912,0,0.248568678,0,0.088106428,0,0.746277309,0,0.721114848,0.167964483,0.242709696,0.091787791,0.75811318,0,0,0,0.207528081,1.035787819,0.036408955,0.085983314,0.15052541,0.417975518,0.114644418,0.154206772,0.109226864,0.238851806,0.033050172,0,0.1211566,0,0,0,0,0,0,0,0,0,0,0,0,0.14220149,0,0,0,0,0,0,0,0,0,0,0,0,0,0,0,0,0,0,0,0,0,0,0,0,0,0,0,0,0,0.132200689,0,0,0,0,0,0,0,0,0,0.029368809,0,0,0,0,0,0,0,0,0,0,0,0
40211144,0,0,0,0,0,0,0.213571849,0,0,0,0,0.093964627,0,0.033239517,0,0,0,0,0,0,0.125134634,0,0.062567317,0,0.064202192,0,0,0,0.152586684,0,0.152586684,0,0,2.264245523,0,0,0,0,0,0,0,2.765148425,0.031283659,2.967581322,0,2.32660758,0,3.23657116,0,2.155795712,0,0.577964142,0,1.681542687,0,1.410617043,0,2.138784803,0,0.98863784,0,1.47340356,0,0.718326251,0,1.464217683,1.525557098,1.882183968,1.172380535,0.625628745,0,0,0,1.093812042,0.59627985,0.79549311,0.959388423,0.735952344,0.573456743,1.085885386,1.126426603,0.152285625,1.398112212,0.992283211,1.218499473,0.66398078,0.19295738,0,0,0,0,0,0,0,0,0,0,0.245189053,0.461242933,0,0,0.151435116,0,0.139147,0.121148093,0.10436025,0,0,0,0,0.151435116,0,0,0.031283659,0,0.062643085,0,0,0,0,0.539446855,0,0,0,0.12528617,0,0.263740465,0.150753573,1.245757301,0,0,0,0.060574046,0,0,0,0,0,0.109647608,0.03478675,0,0,0,0,0,0.151435116,0,0,0.060574046,0,0
40211145,0,0,0,0,0,0,0,0,0,0,0,0,0,0.032727552,0,0,0,0,0,0,0,0,0,0,0.104637217,0,0,0,0,0,0,0,0,3.295014154,0,0,0,0,0,0,0,2.603936741,0.033748566,0.824974733,0,1.213341389,0,1.511884033,0,1.066879706,0,0.08504616,0,0.499233471,0,0,0,0.032727552,0,0,0,0,0,0.481478437,0,0.374356394,0,0,0,0.524233742,0,0,0,0.0907687,0.806824998,0,0,0,0.425165235,0,0,0,0,0,0,0,0,0,0,0,0,0,0,0,0,0,0,0,0,0,0,0,0,0,0,0,0,0,0,0,0,0,0,0,0,0,0,0,0,0,0,0,0,0,0,0,0,0,0,0,0,0,0,0,0,0,0,0,0,0,0,0,0,0,0,0,0,0,0,0,0
40211146,0,0,0,0,0,0,0.373931953,0.136009168,0,0,0,0.243000668,0,0.030496082,0,0,0,0,0.108433715,0,0.126407455,0,0.063203727,0,0,0,0,0,0,0,0,0,0,1.600257715,0,0,0.836915856,0,0,0.476523841,0.510986338,1.546144131,0.031601864,2.151988621,0,2.36474252,0,4.115981698,0,1.551009129,0,1.071983839,0,1.565338669,0,2.094440138,0,3.164994593,0,2.228129179,0,2.419228807,0,0.397215384,0,1.648885396,2.25983968,2.687705889,2.245615861,0.170577416,0,0,0,1.506886002,0,2.120439131,2.185819657,2.178271329,0,1.277883044,0.899622775,0.286873943,2.059127849,1.109440767,1.943120359,1.582414646,1.126439318,0,0,0,0,0,0,0,0,0.108433715,0,0.251038789,0.62426274,0,0,0.160984495,0.158707905,0.123559859,0.128787596,0.061779929,0,0,0,0,0.160984495,0,0,0.031601864,0,0.182196929,0.125744237,0.263594225,0,0,0.504938904,0,0,0,0.144331017,0,0.253900116,0.695846167,0.764770137,0,0,0,0.064393798,0.057416242,0,0,0,0,0.117181208,0.092860949,0,0,0,0,0,0.160984495,0.255398726,0,0.064393798,0,0
40211147,0,0,0,0,0,0,0,0,0,0,0,0.051653048,0,0.034326396,0,0,0,0,0,0,0,0,0,0,0.059107495,0,0,0,0,0,0,0,0,2.074496047,0,0,0,0,0,0,0,1.722410541,0.029753298,1.87777985,0,2.616141587,0,2.862797909,0,2.57226962,0,0.115533192,0,2.079682112,0.066373399,1.09254244,0,0.831900952,0,0.784957506,0,0,0,1.368296656,0,1.173163889,1.69258941,0.838206396,0,1.894859904,0,0,0,0.113172243,1.675896853,0.051653048,0.655706899,0,0.936124975,0.772321429,0.285314615,1.376482722,0,0,0,0,0,0,0,0,0,0,0,0,0,0,0,0,0,0,0.074874317,0,0,0.112311476,0,0,0,0,0,0,0,0,0,0,0,0,0,0,0,0,0,0,0,0,0,0,0,0,0.155690051,0,0,0,0,0,0,0,0,0,0,0,0,0,0,0,0,0,0,0,0,0,0
40211148,0,0,0.063023217,0,0,0,0.120891861,0.116485645,0,0,0,0.149520583,0.032521569,0.041985177,0,0,0.065043138,0,0.075079476,0,0.11513433,0,0.057567165,0,0,0,0,0,0,0,0,0,0,2.228854109,0,0,0.425665853,0,0,0.361832686,0.425665853,1.264347578,0.028783582,1.894447671,0.063023217,2.395734278,0,2.955476072,0,1.165903787,0,0.983787391,0,2.182143894,0,2.396714913,0,3.119842041,0,1.467057266,0,1.644782867,0,0.563113129,0.167946533,1.242964085,2.688791773,2.879909639,1.259338064,0.655372579,0,0,0,1.005995468,0.254421299,0.981117935,2.626068555,1.631875973,0.509855158,1.966653081,0.762463262,0.424911013,1.167840641,0.610331409,0.922698666,1.515216606,0.907012628,0,0,0,0,0,0,0,0,0.075079476,0,0.120891861,0.220355848,0,0,0.172674163,0.170333185,0.14458153,0.138139331,0.072290765,0,0.162607845,0,0,0.27023887,0,0.097564707,0.028783582,0,0.061311679,0,0.125246392,0,0,0.120891861,0,0,0,0.122623359,0,0,0.267996454,0.485748558,0,0,0.032521569,0.166634372,0,0,0,0,0,0.106937248,0.07132963,0,0,0,0,0,0.335282008,0.134674155,0.126046435,0.134112803,0,0
40211150,0,0,0,0,0,0,0.169895866,0.241814833,0,0,0,0.173353015,0.062177224,0.062765303,0,0,0.061399475,0,0.075827509,0,0,0,0,0,0,0,0,0,0,0,0,0,0,1.885020273,0,0,0.852984101,0,0,0.480798084,0.541731821,1.65585549,0,2.525005227,0,2.517348178,0,3.890950208,0,1.533381892,0,0.785729651,0,2.128704039,0,2.430652422,0,3.175239377,0,1.618205794,0,1.48500234,0,0.741516171,0.093529859,1.382346174,2.050207836,3.038045019,1.949202011,0.73366342,0,0,0,1.026176408,0.21716762,1.438057236,3.045563564,1.796936395,0.232241116,1.631855754,0.815807571,0.442360951,1.191863994,0.357295172,0.953930122,1.020701466,0.867635659,0,0,0,0,0,0,0,0,0.075827509,0,0.135916693,0.489632435,0,0,0.174828785,0.161664793,0.128438535,0.139863028,0.064219267,0,0.153498688,0,0,0.266927998,0,0.092099213,0,0,0.16900735,0,0.120935996,0,0,0.257214945,0,0,0,0.123869165,0,0.121298252,0.391979506,0.121298252,0,0,0.030699738,0.162030727,0,0,0,0,0,0.102415664,0.032109634,0,0,0,0,0,0.328327473,0.19524458,0,0.131330989,0,0
40211151,0,0,0,0,0,0,0.551231948,0,0,0,0,0.245385785,0,0.063140062,0,0,0,0,0.063401948,0,0.144979894,0,0.189948249,0,0,0,0,0,0.152828672,0.108734921,0.288747323,0,0,1.461237193,0,0,0.619393807,0,0.087442014,0.546199783,0.47277745,1.431566127,0.064668562,2.110326202,0.058729151,2.005392268,0,3.257149801,0,2.040945763,0,1.061711847,0,1.334344608,0,2.125421217,0,2.879903138,0,2.163427632,0,2.660421144,0,0.116787419,0,1.349359556,1.893614275,2.506565644,2.010945161,0,0,0,0,2.160468865,0,2.276927532,1.487569494,2.210245704,0,1.468301203,1.053959657,0,2.629076023,1.962667125,2.782796675,0.916665667,0.777239965,0,0,0,0,0,0,0,0,0.063401948,0,0.736216922,0.99295044,0,0,0,0.107990081,0.258762674,0,0.241847385,0,0,0,0,0,0,0,0.036244974,0,0.145841442,0.112709149,0.378519926,0,0,1.054240799,0,0,0,0.123341204,0,0.448492495,0.216855465,1.729413321,0,0,0,0,0.068777139,0,0,0,0,0.028377608,0.064690668,0,0,0,0,0,0,0,0,0,0,0
40211152,0,0,0,0,0,0,0,0,0,0,0,0,0,0,0,0,0,0,0,0,0,0,0,0,0,0,0,0,0,0,0,0,0,2.800692434,0,0,0,0,0,0,0,0.742622806,0.030708671,0.635394285,0,2.797707491,0,0.498761249,0,1.116387119,0,0,0,0.138846981,0,0,0,0,0,0,0,0,0,0.28949838,0,0.066853687,0,0,0,0.418967831,0,0,0,0,0.263768832,0,0,0,0.187094727,0,0,0,0,0,0,0,0,0,0,0,0,0,0,0,0,0,0,0,0,0,0,0,0,0,0,0,0,0,0,0,0,0,0,0,0,0,0,0,0,0,0,0,0,0,0,0,0,0,0,0,0,0,0,0,0,0,0,0,0,0,0,0,0,0,0,0,0,0,0,0,0
40211153,0,0,0,0,0,0,0.442529727,0,0,0,0,0.245954757,0,0.061685864,0,0,0,0,0.06797518,0,0.150865719,0,0.205298853,0,0,0,0,0,0.150358603,0.120006822,0.300367131,0,0,1.580265534,0,0,0.54435073,0,0.091836024,0.485975143,0.358850724,1.468531983,0.03771643,2.442969321,0.064932997,1.763999905,0,3.3402298,0,1.932286095,0,1.018916534,0,1.480093316,0,2.123221629,0,2.457704307,0,2.176219568,0,2.533368927,0,0.114882694,0,1.595745078,1.870970113,2.419826062,2.171618037,0.085870609,0,0,0,1.942436202,0.085870609,2.231875258,1.337728562,1.884735354,0.114494146,1.552590418,1.36916447,0.143117682,2.360437295,1.804634852,2.879951159,0.76521226,0.721345535,0,0,0,0,0,0,0,0,0.06797518,0,0.612761351,0.91709139,0,0,0,0.125495252,0.260688778,0,0.256685613,0,0,0,0,0,0,0,0.03771643,0,0.056839098,0,0,0,0,0.912533189,0,0,0,0.113678196,0,0.410665193,0.33457605,1.968033127,0,0,0,0,0.073738088,0,0,0,0,0.0878539,0.065172195,0,0,0,0,0,0,0.118904769,0,0,0,0
40211154,0,0,0.222293368,0,0,0,0.389319373,0,0,0,0,0.179625115,0,0.065691102,0,0,0,0,0.061122262,0,0.179618844,0,0.36825359,0,0,0,0,0,0.159343092,0.118968326,0.308053499,0,0,1.314161806,0,0,0.445467782,0,0.093718993,0.524175159,0.412253996,1.455066452,0.077299114,1.836697097,0.398494834,1.954841548,0,2.508332031,0,1.555797214,0,1.064265892,0,1.538351634,0,1.84651312,0,2.502779168,0,1.905207817,0,2.931566168,0,0.030036319,0,1.405705815,1.891900069,2.350074203,1.597575543,0,0,0,0,1.691635629,0,2.136123857,1.683440505,1.499770596,0,1.063644173,1.233763566,0,2.515823579,1.776196663,2.682455988,0.835682363,0.854205422,0,0,0,0,0,0,0,0,0.061122262,0,0.526683702,1.097840026,0,0,0,0.130547099,0.115525754,0,0.18455464,0,0,0,0,0,0,0,0.044904711,0,0.055636974,0,0.263726886,0,0,0.826732709,0,0,0,0.111273947,0,0.372442536,0.349834806,2.041766724,0,0,0,0,0.066427573,0,0,0,0,0.056298425,0.06385545,0,0,0,0,0,0,0,0.29666921,0,0,0
40211156,0,0,0.381679492,0,0,0,0.092669896,0,0,0,0,0.089545054,0,0.029614243,0,0,0,0,0.059226737,0,0,0,0.15278276,0,0,0,0,0,0.148807283,0,0.148807283,0,0,0.996368492,0,0,0.120183909,0,0,0.090137931,0.120183909,2.501348624,0,1.447891614,0.529971527,2.234707463,0,1.663082917,0,0.802256094,0,0.514342274,0,1.596935236,0,0.975850562,0,1.679353276,0,1.086813017,0,1.602542084,0,0.621267206,0,1.298242385,1.988332683,2.020368607,0.798739319,0.179205908,0,0,0,0.58151249,0.087011626,0.446578355,1.798829686,0.550310704,0.406261714,1.072416857,1.416731592,0.153609259,1.650569007,0.964625704,0.888385741,0.631929691,0.662976617,0,0,0,0,0,0,0,0,0.059226737,0,0.119045826,0.670094167,0,0,0,0,0.121471332,0,0.091103499,0,0,0,0,0,0,0,0,0,0.059696703,0,0.120183909,0,0,0.272367144,0,0,0,0.119393406,0,0.123559861,0.213676563,0.709958812,0,0,0,0,0,0,0,0,0,0.093778484,0.030367833,0,0,0,0,0,0,0,0.475756362,0,0,0
40211157,0,0,0,0,0,0,0.22305019,0.118137534,0,0,0,0.123152653,0.025977879,0.055837146,0,0,0,0,0.063953118,0,0.092260389,0,0.187318145,0,0,0,0,0,0,0,0,0,0,0.854135098,0,0,0.896706976,0,0.090092217,0.73173529,0.501999638,0.869264687,0.075020856,1.230184367,0.070593975,1.322333987,0,2.231418894,0,0.86764728,0,0.920063466,0,1.29145451,0,1.111854893,0,1.61096092,0,1.735243247,0,1.520718315,0,0.246311184,0,1.635966377,0.913137176,1.544283175,1.354363757,0,0,0,0,1.029353072,0.051955759,2.676672156,1.248490114,1.336599918,0.088189889,0.938176143,0.789281418,0,1.275447058,0.744113566,1.837940941,0.630513566,0.993687622,0,0,0,0,0,0,0,0,0.063953118,0,0.200236816,0.321190565,0,0,0,0.31319687,0,0,0.114375312,0,0,0,0,0,0,0,0.023065097,0,0.070822886,0,0,0,0,0.309460591,0,0,0,0,0,0.109223775,0.559326586,0.961296927,0,0,0,0,0.061576327,0,0,0,0,0,0.074036875,0,0,0,0,0,0,0.227512788,0,0,0.025977879,0
40211158,0,0,0.336022388,0,0,0,0.094551821,0,0,0,0,0.144100453,0.030762389,0.030127013,0,0,0,0,0.070448155,0,0.12492057,0,0.217987192,0,0,0,0,0,0,0,0,0,0,1.138796122,0,0,0.360659603,0,0.090381038,0.182727139,0.090439971,1.142185296,0.098452177,1.012193625,0.461400623,2.882366098,0,1.978475398,0,0.971500546,0,0.699084042,0,1.906628499,0,1.328243878,0,1.974815402,0,1.708898024,0,1.90597504,0,0.655555198,0.088714022,1.268648541,2.127097084,2.282107119,0.937072823,0.381953593,0,0,0,0.618693871,0.116748348,1.155924968,2.295096359,0.66643126,0.090421569,1.133657829,0.831766618,0.308455135,1.213510537,0.844672083,1.256402559,1.054170867,0.879260295,0,0,0,0,0,0,0,0,0.070448155,0,0,0.657228622,0,0,0.146742156,0,0,0.117393725,0,0,0,0,0,0.146742156,0,0,0.031230143,0,0.143638989,0,0.182298226,0,0,0.126069094,0,0,0,0.111742852,0,0.126069094,0.343032865,1.223375987,0,0,0,0.058696862,0.060293314,0,0,0,0,0.029120532,0.028749585,0,0,0,0,0,0.146742156,0,0.48158565,0.058696862,0.030762389,0
40211161,0,0,0.062130464,0,0,0,0.110255617,0.111413873,0,0,0,0.105707128,0.104497763,0.033985889,0,0,0.061999255,0,0,0,0.133414561,0,0.173229202,0,0,0,0,0,0,0.113112345,0.141390431,0,0,1.345320076,0,0,1.636369421,0,0.101957668,1.061180747,1.010250086,1.040459728,0.137462091,1.44660311,0.115391425,2.239902676,0,2.870662352,0,1.041016095,0,0.776303093,0,1.569848322,0,2.060093092,0,1.975500929,0,2.305957922,0,1.179753476,0,0.328197466,0,1.424614625,1.515493626,2.319905392,1.42174171,0.306991598,0,0,0,0.934812567,0.27440079,1.720279184,1.8673057,1.302453889,0.127361793,1.128717234,1.002960199,0.421784619,1.321986104,0.800145905,1.569140756,0.432385579,0.604396991,0,0,0,0,0,0,0,0,0,0,0.110255617,0.384559023,0,0,0,0.183881397,0,0,0,0,0.154998139,0,0,0.092998883,0,0.092998883,0.03335364,0,0.101142298,0,0.307398957,0,0,0.216696629,0,0,0,0,0,0.106441012,0.210405104,2.060732219,0,0,0.030999628,0.092998883,0.077429042,0,0,0,0,0,0,0.069778084,0,0.069778084,0,0,0.154998139,0.154698167,0.124260929,0.061999255,0.073498136,0
40211162,0,0,0.055934695,0,0,0,0.210604898,0.119806919,0,0,0,0.173302632,0,0.070846901,0,0,0,0,0.073936787,0,0,0,0.142288164,0,0,0,0,0,0,0,0,0,0,1.241034259,0,0,0.866923967,0,0.09006008,0.655036706,0.517901102,1.672319577,0,1.786974822,0.127078777,1.770222835,0,2.847430528,0,1.182853122,0,1.070720612,0,2.063738261,0,1.552479247,0,2.666389333,0,2.398315277,0,2.436049035,0,0.145717353,0,1.841580154,1.604999051,2.021389503,1.633464292,0.053657025,0,0,0,1.174536362,0.028493616,2.373639948,1.841132276,1.545509405,0,1.099700921,0.992833729,0,1.455434676,0.693143603,2.339467812,1.198199654,1.484759859,0,0,0,0,0,0,0,0,0.073936787,0,0.113035242,0.557218327,0,0,0,0.272768273,0,0.167271602,0.101906847,0,0.167271602,0,0,0,0,0,0,0,0.161543276,0,0,0,0,0.362202858,0,0,0,0.135318947,0,0.249167616,0.86247491,0.847061443,0,0,0,0,0.071813421,0,0,0,0,0.083858104,0.138426087,0,0,0,0,0,0,0.282813213,0.11186939,0,0,0
40211163,0,0,0.056126188,0,0,0,0.104151186,0.121262446,0,0,0,0.036737384,0.043031846,0.089778787,0,0,0,0,0,0,0.156746173,0,0.202057012,0,0,0,0,0,0.185885935,0.146949537,0.369572856,0,0,1.374471442,0,0,0.172127384,0,0.110697022,0.129095538,0,1.02764313,0.124392648,1.375928831,0.117968151,1.393350085,0,1.864307429,0,1.042081092,0,0.858515669,0,1.168415899,0,2.678636685,0,2.093502623,0,1.351347489,0,1.405764963,0,0.081623611,0.128067886,1.196516786,1.562081589,1.758589125,1.405320166,0.217102726,0,0,0,1.012350948,0.181572724,1.092608382,1.635581336,1.081819088,0.166486115,1.119505481,0.65285715,0.117632899,1.343435926,1.086661469,1.301197284,0.910653601,0.395592863,0,0,0,0,0,0,0,0,0,0,0.398353796,0.397562578,0,0,0.118247401,0,0,0.094597921,0,0,0,0,0,0.118247401,0,0,0.039186543,0,0,0.094668008,0.305539305,0,0,0.542811435,0,0,0,0,0,0.223675542,0.16250317,2.745441636,0,0,0,0.047298961,0,0,0,0,0,0.061382201,0.023852112,0.181303944,0,0.181303944,0,0,0.118247401,0.101871947,0.112252376,0.047298961,0.043031846,0
40211164,0,0,0,0,0,0,0.404019449,0,0,0,0,0.22853721,0,0.026963353,0.546749495,0,0,0,0.054147443,0,0.127420772,0,0.178163738,0,0,0.085965576,0,0.437399596,0.207902377,0.132960805,0.374103384,0,0,1.046754213,0.285367917,0,0.265821939,0.090749412,0.198398604,0.387678008,0.230695469,1.027156533,0.230692907,1.770602036,0.256191221,1.024954062,0.231443896,2.424995404,0.085527781,1.254402913,0.292991774,0.820930629,0.195105378,0.908745159,0.738146919,2.192958699,0.39695587,1.95350681,0.054728908,1.625497877,0.326564826,2.836916849,0.32088303,0.058176373,0,0.939990811,1.276262526,1.747352009,2.417849954,0,0.306490849,0.053827225,0.190169933,1.440859062,0,1.620340657,1.089334523,1.355056741,0,0.858099213,0.767345035,0,2.424708376,1.399513265,2.753545168,0.647726733,0.60165786,0,0,0.42122559,0.280191421,0.205787938,0.343056627,0.276628118,1.192516873,0.307747209,0.306493958,1.612977921,1.266905238,0,0,0,0.125586031,0.119052441,0.165072253,0.153715743,0,0.165072253,0,0,0,0,0,0.031855193,0.328049697,0.046387483,0,0,0,0,0.908616845,0,0,0,0.092774966,0,0.369429114,0.169691572,1.206681216,0,0,0,0,0.070252938,0,0,0,0.080736895,0.073280594,0.062777561,0,0.054702816,0.058176373,0,0,0,0,0,0,0,0.109510001
40211165,0,0,0.131818477,0,0,0,0,0,0,0,0.057973463,0,0,0.103609343,0,0,0,0,0,0,0,0,0,0,0,0,0,0,0,0,0,0,0,1.039554758,0,0,0,0,0,0,0,2.911480673,0,1.558225363,0.164773097,1.313329554,0,1.459951521,0,1.238757738,0,0.368577318,0,2.383906813,0,1.989464463,0,2.023213058,0,1.462409985,0,0.766553053,0,0.88947831,0.061717262,2.067445219,2.799932924,1.638139114,0.281765489,1.076579026,0,0,0,0.236198366,0.305746208,0.166788976,1.871737371,0.41286494,0.9012132,1.517964839,0.81293038,0.849344413,0.477971593,0.169483127,0.283440402,0.569166363,0.669549102,0,0,0,0,0,0,0,0,0,0,0,0.098863858,0,0.067910188,0.143662395,0,0.101865282,0.114929916,0,0,0,0,0,0.143662395,0,0,0,0,0,0,0,0,0,0,0,0,0,0,0,0,0.236786031,0,0,0,0,0.057464958,0,0,0,0,0,0.083417787,0.068168316,0,0,0,0,0,0.143662395,0.107661705,0.131818477,0.057464958,0,0
40211166,0,0,0.204710137,0,0,0,0,0.101261946,0,0,0,0.309783621,0,0.021953067,0,0,0.113558441,0,0.078937358,0,0,0,0.136147141,0,0.189727337,0,0,0,0.180062993,0.142346292,0.357995858,0,0,1.449945417,0,0,0.438063683,0,0,0.203666741,0.381835505,1.278945032,0.046124508,1.422289672,0.312142108,1.715973636,0,1.990341648,0,0.965418016,0,0.559684797,0,1.065424025,0,1.847140366,0,1.789221994,0,1.256854217,0,1.108926476,0,0.265612629,0.147031206,0.963221245,1.615898709,2.12581243,1.140456204,0.37803311,0,0,0,0.617022569,0.086225065,0.887084794,3.155799842,0.785780757,0.397868115,1.141971632,0.901092748,0.364577112,2.399202327,0.891591043,0.703083324,0.711163942,1.008744976,0,0,0,0,0,0,0,0,0.078937358,0,0.144050395,0.328983879,0,0,0,0,0.209338427,0,0.12726405,0,0,0,0,0.113558441,0.141948051,0,0,0,0.20915576,0,0.375505391,0,0,0.180062993,0,0,0,0.168549478,0,0,0.154883818,0.801342965,0,0,0.113558441,0,0.063336403,0,0,0,0,0.077076977,0.052334607,0,0,0,0,0,0.141948051,0.025315487,0.251986672,0,0,0
40211201,0,0,0,0,0,0,0,0,0.349010107,0,0,0,0,0,0,0.30985819,0.068803413,0.390214596,0,0.08645147,0,0.061918411,0,0,0,0.06002171,0.292660947,0,0.860485127,1.098432427,0.454696137,0.563491026,0,0,3.073405876,0,0.248668069,1.76453354,1.214789524,0.08250899,0.385903518,0,2.13613193,0,2.428574805,0.159683149,1.177865489,0.032833427,1.854331639,0,2.820389948,0,2.524540685,0.069547151,2.186921689,0,1.966936418,0,2.209996309,0,3.256790614,0,2.257042439,0.092813738,0,0,0,0,0,0,2.318957581,2.550544838,2.827249704,0,0,0,0,0,0,0,0,0,0,0,0,0,0.332751168,0,0,2.258426405,1.682366163,3.544397878,2.900911896,4.397337574,1.678104414,1.015188722,1.955623232,1.257546914,1.784070839,0,0,0,0,0,0,0,0,0,0,0,0,0,0,0,0,0,0,0,0,0,0,0.145935254,0.137606826,0.330996044,0.25939016,0,0.466101569,0,0,0,0.191675484,0.296906969,0,0,0.191675484,0,0.273102749,0,0,0,0.137361717,0.030959206,0.08939576,0,0,0,0,0,0,0,0
40211202,0,0,0,0,0,0,0,0,0.236752524,0,0,0,0,0,0,0.17846321,0,0,0,0.109818229,0,0,0,0,0,0.193522891,0,0,0.352140182,0.549443746,0.300493422,0.113925117,0,0,2.547433235,0,0.670046371,1.094484739,0.753446141,0.412901485,0.864697522,0,2.002651463,0,2.455790023,0,1.557226684,0,1.249720209,0,2.580050165,0,2.387843946,0.072193953,1.650269723,0,1.908478348,0,1.453097399,0,3.139813979,0,1.718515088,0.119324018,0,0,0,0,0,0,2.416662233,1.799537567,2.254300632,0,0,0,0,0,0,0,0,0,0,0,0,0,0.411936882,0,0,2.036284862,1.861131868,2.484254546,3.045753445,3.791895954,2.399756274,1.253638463,1.675988813,2.141270102,2.550214436,0,0,0,0,0,0,0,0,0,0,0,0,0,0,0,0,0,0,0,0,0,0,0.0684456,0,0,0.236752524,0,0.577336616,0,0,0,0,0.309123669,0,0,0,0,0,0.083962577,0,0,0,0.161114234,0.178353883,0,0,0,0,0,0,0,0.337110138
40211203,0,0,0,0,0,0,0,0,0.146209572,0,0,0,0,0,0,0.07278426,0,0,0,0.090346603,0,0.067520292,0,0,0,0.199106771,0,0,0.500750374,0.869487366,0.340251131,0.456795814,0,0,2.976701932,0,0.152235145,1.583005828,1.106335171,0.104359786,0.288109335,0,2.103842757,0,2.347426316,0.142825729,1.692883705,0,1.809800502,0,2.579603298,0,3.242908446,0.064481655,2.067063404,0,2.100122501,0,2.053769798,0,3.376940146,0,2.05740223,0.104498726,0,0,0,0,0,0,2.655905502,1.719157674,2.063428431,0,0,0,0,0,0,0,0,0,0,0,0,0,0.238238216,0,0,2.981020686,1.656314707,2.908772628,3.080356313,3.776428715,1.983229349,1.299469753,2.142102223,1.939790164,2.015619916,0,0,0,0,0,0,0,0,0,0,0,0,0,0,0,0,0,0,0,0,0,0,0.060217639,0.120462138,0,0.268336579,0,0.335137113,0,0,0,0,0.199470762,0,0,0,0,0.107119297,0.0863073,0,0,0.071412864,0.129897761,0.096954936,0,0,0,0,0,0,0,0.120410326
40211204,0,0,0,0,0,0,0,0,0,0,0,0,0,0,0,0,0,0,0,0,0,0,0,0,0,0,0,0,0,0,0,0,0,0,1.072759221,0,0,0,0,0,0,0,2.607720965,0,0.030024675,0,2.614218292,0,0.058110187,0,0,0,0,0,0.030024675,0,0,0,0,0,0,0,0,0,0,0,0,0,0,0,0.060515868,0,0,0,0,0,0,0,0,0,0,0,0,0,0,0,0,0,0,0,0,0,0,0,0,0,0,0,0,0,0,0,0,0,0,0,0,0,0,0,0,0,0,0,0,0,0,0,0,0.028085512,0,0,0,0,0,0,0,0,0,0,0,0,0,0,0,0,0,0,0,0,0,0,0,0,0,0,0,0,0,0,0
40211205,0,0,0,0,0,0,0,0,0,0,0,0,0,0,0,0.124276165,0.067488314,0,0,0.097104171,0,0.082928901,0,0,0,0.144131952,0,0,0.405703953,0.601288395,0.338409157,0.357655979,0,0,3.131878101,0.216615438,0.261820323,0.273492923,0.248560108,0.108869968,0.445223335,0,1.849022008,0,1.336736089,0,2.380315087,0.031069041,2.004223071,0,1.626366376,0,0.977101411,0,2.551641973,0,1.582199766,0,1.074386707,0,1.52610277,0,1.007420974,0.160712872,0.598027306,0,0,0,0,0,3.031897199,1.022976339,1.25374673,0,0,0,0,0,0,0,0,0,0,0,0,0,0.230069315,0.155237807,0.340620653,1.850889453,0.828129267,2.526272803,1.284236104,2.161013088,1.241461848,0.836933274,1.636887901,1.305705526,0.990672137,0.092641235,0,0,0,0,0,0,0,0,0,0,0,0,0,0,0,0,0,0,0,0,0,0,0.264448855,0,0,0,0.349970312,0,0,0,0,0,0,0,0,0,0,0.090170357,0,0,0,0.110426554,0.127945394,0,0,0,0,0,0,0,0.097699763
40211206,0,0,0,0,0,0,0,0,0.127976532,0,0,0,0,0,0,0.338795838,0.073553309,0,0,0.17051591,0,0.067703054,0,0,0,0.063264139,0,0,1.242388924,1.659608952,0.793696316,0.953195249,0,0,3.185148605,0,0.248727579,1.147650084,0.597340404,0.097258629,0.407506279,0,2.279264077,0,2.382865946,0.119684587,1.569703192,0.037249914,2.08046384,0,2.64253561,0,2.975393221,0.063244462,2.329161458,0,1.988804231,0.034125111,2.119130127,0,3.210628066,0,1.935800036,0.09134159,0,0,0,0,0,0,2.752536951,2.441989507,2.413524448,0,0,0,0,0,0,0,0,0,0,0,0,0,0.349721426,0,0,2.815981098,1.689585896,3.651985035,2.956137468,3.955601638,1.456742669,1.042792428,2.012546121,1.43137266,1.839354085,0,0,0,0,0,0,0,0,0,0,0,0,0,0,0,0,0,0,0,0,0,0,0,0.283460869,0,0.127976532,0,0.467366072,0,0,0,0,0.185221226,0,0,0,0,0.089763441,0,0,0,0.059842294,0.033851527,0.088733429,0,0,0,0,0,0,0,0.116139777
40211207,0,0,0,0,0,0,0,0,0.211032942,0,0,0,0,0,0,0.060701975,0,0.123706385,0,0.146026057,0,0,0,0,0,0.031422742,0.092779789,0,0.525948739,0.561239141,0.467000816,0.471089383,0,0,2.213146542,0.123346536,0.262346304,1.6991005,1.33152346,0.089935033,0.411537287,0,1.890004397,0,2.751391146,0.162187694,1.438362377,0,2.141066499,0,2.537875733,0,3.113202165,0.067054876,1.585706373,0,1.973802334,0.029109321,2.260147317,0,2.636259561,0,1.67978257,0.060954512,0,0,0,0,0,0,2.430438991,2.471368153,2.268704724,0,0,0,0,0,0,0,0,0,0,0,0,0.095897172,0.229202647,0.123346536,0.092509902,1.77355241,1.73098549,2.88107742,3.231360227,3.182627732,2.521585453,1.047364037,2.116090897,1.223287506,2.390161186,0,0,0,0,0,0,0,0,0,0,0,0,0,0,0,0,0,0,0,0,0,0,0.140182637,0,0.123706385,0.365088853,0,0.479743505,0,0,0,0.154632981,0.289574191,0,0,0.154632981,0,0.492157338,0,0,0,0.081093847,0.06438948,0.125150468,0,0,0,0,0,0,0,0.229527931
40211208,0,0,0,0,0,0,0,0,0.142864441,0,0,0,0,0,0,0.195207474,0.068148277,0,0,0.092337377,0,0.073737317,0,0,0,0.230947209,0,0,0.649173304,1.06835418,0.486531682,0.580406025,0,0,3.054286657,0,0.13205138,0.906285466,0.512125841,0.09173428,0.251929002,0,2.111589758,0,1.892586778,0,1.441731009,0.033150533,1.400993966,0,2.606017427,0,2.442046657,0.061766572,2.10741916,0,1.764836644,0,1.927348769,0,3.068446286,0,1.859878992,0.266095797,0.213184571,0,0,0,0,0,2.984320646,2.202670765,1.924706606,0,0,0,0,0,0,0,0,0.120807812,0,0,0,0,0.233516579,0.119218236,0.093966335,2.380189393,1.274081852,3.242386239,2.777284089,3.558008571,1.453731246,1.371824607,1.940288456,1.526916076,2.271049494,0,0,0,0,0,0,0,0,0,0,0,0,0,0,0,0,0,0,0,0,0,0,0.059880508,0.259413056,0,0.142864441,0,0.307306896,0,0,0,0,0.20733341,0,0,0,0,0,0,0,0,0,0.131189626,0.24537029,0.030201953,0,0,0,0,0,0,0.244995772
40211209,0,0,0,0,0,0,0,0,0.102872034,0,0,0,0,0,0,0.060639465,0,0,0,0.102872034,0,0.071944536,0,0,0,0.202681292,0,0,0.22930758,0.258266733,0,0.325982015,0,0,2.412135534,0.232220632,0.268623881,0.688117797,0.546504401,0,0.269253446,0,1.529994923,0,1.71173731,0,1.197631622,0,1.293157606,0,2.187159651,0,1.382256366,0.072693063,1.946336896,0,2.274484298,0,1.383142763,0,2.080653807,0,1.684069093,0.249368788,0.115315914,0,0,0,0,0,2.02392763,1.519142263,1.657876852,0,0,0,0,0,0,0,0,0.14259809,0,0,0,0.09422519,0.235360678,0.463051724,0.086246563,1.675808602,1.531330782,3.332769048,2.163283591,2.4800876,2.443380143,1.570962099,2.208250403,1.884005259,2.173014373,0,0,0,0,0,0,0,0,0,0,0,0,0,0,0,0,0,0,0,0,0,0,0.064716511,0,0,0.137162712,0,0.351196493,0,0,0,0,0.102872034,0,0,0,0,0,0.099586012,0,0,0.064129258,0.175744314,0.364413426,0.035649522,0,0,0,0,0,0,0.312371819
40211211,0,0,0,0,0,0,0,0,0.210387216,0,0,0,0,0,0,0.066582966,0.063757272,0.417050668,0,0.089674433,0,0.061952436,0,0,0,0.030976218,0.312788001,0,0.506371318,0.872495902,0.330627743,0.480243739,0,0,3.573516487,0.238117451,0.127293926,1.767328837,1.464694816,0.093007499,0.314129907,0,2.642154667,0,3.014984885,0.140023933,1.771600126,0,2.389942598,0,2.580848964,0,2.628103241,0.062343598,2.405186914,0,1.959058546,0,2.222392208,0,2.517140077,0,1.697033397,0.063657887,0.259914437,0,0,0,0,0,2.900037359,2.364415639,2.347818321,0,0,0,0,0,0,0,0,0,0,0,0,0,0.251363033,0.238117451,0.349568212,2.442006838,2.115820276,3.084334603,2.607539978,3.582720734,1.527398115,0.802155721,1.622750297,1.245999476,2.147218067,0,0,0,0,0,0,0,0,0,0,0,0,0,0,0,0,0,0,0,0,0,0,0.184089179,0.247080454,0.376079167,0.128444213,0,0.469988902,0,0,0,0.31645583,0.09633316,0,0,0.31645583,0,0.485073996,0,0,0,0.070011967,0.030976218,0.031828944,0,0,0,0,0,0,0,0
40211213,0,0,0,0,0,0,0,0,0.060684145,0,0,0,0,0.072712529,0,0.188265656,0,0.12136829,0,0.08601266,0,0.062230615,0,0,0,0.061842365,0.091026218,0,0.354491234,0.682420074,0.14994421,0.537241311,0,0,2.811834567,0.206840111,0.256769667,1.093454398,1.505607984,0.089706544,0.404075241,0,1.911726761,0,2.493494055,0.166852674,1.335608437,0.029988842,1.652193171,0,2.940182298,0,2.545387546,0.145425058,1.997696877,0,1.559781485,0,1.963823736,0,2.320604467,0,1.459760287,0.089541693,0.210383375,0,0,0,0,0,2.075925251,2.303352995,2.001678074,0,0,0,0,0,0,0,0,0,0,0,0,0.094993856,0.566485423,0.206840111,0.09055348,2.529398568,2.060177912,3.730854888,2.284254771,2.653129347,2.412955678,0.86648345,1.683935742,1.249271181,1.793827817,0,0,0,0,0,0,0,0,0,0,0.290850116,0,0,0,0,0,0,0,0,0,0,0,0.066954695,0.114683547,0.091026218,0,0,0.304478617,0,0,0,0,0.093594115,0,0,0,0,0.255279693,0.106885505,0,0,0.083426337,0.031115307,0.096218304,0,0,0,0,0,0,0,0.232557669
40211214,0,0,0,0,0,0,0,0,0,0,0,0,0,0,0,0.067098751,0,0,0,0,0,0.051135007,0,0,0,0.246111285,0,0,0.47278925,0.707457524,0.302131765,0.324581766,0,0,2.461068717,0,0.277166079,1.149289192,0.986656678,0.224479283,0.404428501,0,1.83933417,0,2.085106686,0.111042213,1.351101963,0,1.464506263,0,2.525395841,0,2.776870004,0.064926707,1.922312955,0,1.753774092,0,1.570632261,0,3.510882617,0,1.787277348,0.128979799,0,0,0,0,0,0,2.223655287,1.730445783,2.169025394,0,0,0,0,0,0,0,0,0,0,0,0,0,0.251345338,0,0,2.658138032,1.733436346,2.575778679,3.043507663,3.592581167,2.285932147,1.433756723,1.962609871,2.195811258,2.307212224,0,0,0,0,0,0,0,0,0,0,0,0,0,0,0,0,0,0,0,0,0,0,0.062232109,0,0,0,0,0.327533381,0,0,0,0,0.094739832,0,0,0,0,0.08328166,0.106036257,0,0,0.055521107,0.218459836,0.213013825,0,0,0,0,0,0,0,0.486651966
40211215,0,0,0,0,0,0,0,0,0.113454068,0,0,0,0,0,0,0.055604847,0,0,0,0,0,0,0,0,0,0.221470685,0,0,0.356213277,0.567859693,0.304675309,0.215978506,0,0,2.120848074,0,0.368999248,0.875128946,0.832556691,0.115234425,0.362929984,0,1.962809548,0,2.020520712,0,1.476064189,0,1.305646062,0,2.411888293,0,2.522353518,0.080461139,1.568246865,0,1.968356191,0,1.500391974,0,3.27841539,0,1.68281098,0.200425725,0,0,0,0,0,0,2.354430509,2.108910653,1.993819991,0,0,0,0,0,0,0,0,0.116836851,0,0,0,0,0.339507368,0,0,2.032030954,1.540223496,2.34348523,2.862120033,3.418139206,2.332329234,1.538721618,2.176334965,2.168841432,2.630131084,0,0,0,0,0,0,0,0,0,0,0,0,0,0,0,0,0,0,0,0,0,0,0.06322161,0,0,0.113454068,0,0.344582702,0,0,0,0,0.196520831,0,0,0,0,0.121288274,0.092310424,0,0,0,0.228913779,0.293552055,0.029209213,0,0,0,0,0,0,0.489580643
40211216,0,0,0,0,0,0,0,0,0.249461739,0,0,0,0,0,0,0.269924179,0.07051382,0,0,0.301012388,0,0.05649359,0,0,0,0.12709424,0,0,1.294451562,1.740507937,0.839673513,1.031240873,0,0,2.600273779,0,0.133060034,0.980386817,0.822101682,0,0.099795025,0,2.236480781,0,2.385152619,0.115145351,1.339143697,0.036736633,1.683764689,0,2.910843253,0,3.049920826,0.058921532,2.28557727,0,2.062516882,0.039236014,2.013984402,0,3.288739327,0,2.181305211,0.10143119,0,0,0,0,0,0,2.635892243,2.279240347,2.169068849,0,0,0,0,0,0,0,0,0,0,0,0,0,0.241640218,0,0,2.697529462,1.869681829,2.886634411,3.0934282,3.773485266,1.109655868,0.958201472,1.89062579,1.548774323,2.322361119,0,0,0,0,0,0,0,0,0,0,0,0,0,0,0,0,0,0,0,0,0,0,0.062161145,0.283801818,0,0.249461739,0,0.147303831,0,0,0,0,0.310162335,0,0,0,0,0.086359013,0,0,0,0.057572675,0.117572537,0.124836582,0,0,0,0,0,0,0,0.199488426
40211217,0,0,0,0,0,0,0,0,0.18862872,0,0,0,0,0,0,0.076828216,0,0.118552572,0,0,0,0.060416978,0,0,0,0.158924798,0.088914429,0,0.263700441,0.451975782,0.171803133,0.094693451,0,0,2.737310767,0,0.25884591,1.550831141,1.336765938,0.219959326,0.386889083,0,1.948897045,0,2.278525439,0.134927877,1.406070879,0,1.493418543,0,2.691642336,0,2.878195113,0.080060677,1.768024384,0,1.814152314,0,1.763454786,0,3.355262414,0,1.689734694,0.122589328,0,0,0,0,0,0,2.167798945,2.06935059,2.360745693,0,0,0,0,0,0,0,0,0,0,0,0,0,0.227467941,0,0,2.316292707,1.58736547,2.951078474,3.026365893,3.776195101,2.437588691,1.456823255,2.030603949,2.002397867,2.300275522,0,0,0,0,0,0,0,0,0,0,0,0,0,0,0,0,0,0,0,0,0,0,0.073325437,0,0.088914429,0.129352434,0,0.362227951,0,0,0,0,0.203620899,0,0,0,0,0.220745403,0.093736901,0,0,0.067463938,0.160738671,0.124220013,0,0,0,0,0,0,0,0.342667651
40211218,0,0,0,0,0,0,0,0,0,0,0,0,0,0,0,0,0,0,0,0,0,0,0,0,0,0,0,0,0,0,0,0,0,0,4.0727147,0,0,0,0,0,0,0,1.258160409,0,0,0,2.400986981,0,0,0,0,0,0,0,0,0,0,0,0,0,0,0,0,0,0,0,0,0,0,0,0,0,0,0,0,0,0,0,0,0,0,0,0,0,0,0,0,0,0,0,0,0,0,0,0,0,0,0,0,0,0,0,0,0,0,0,0,0,0,0,0,0,0,0,0,0,0,0,0,0,0,0,0,0,0,0,0,0,0,0,0,0,0,0,0,0,0,0,0,0,0,0,0,0,0,0,0,0,0,0,0
40211219,0,0,0,0,0,0,0,0,0.242882784,0,0,0,0,0,0,0.074471325,0,0,0,0.094246156,0,0.057380084,0,0,0,0.122317293,0,0,0.515819951,0.729292377,0.313598678,0.358065047,0,0,3.40826427,0,0.118497178,1.681496183,0.986790153,0.093688218,0.245019914,0,2.26672728,0,1.97145957,0.14177928,1.42097426,0,1.731617199,0,2.055711989,0,2.789624008,0.064829628,1.64365415,0,2.144747572,0,1.936147087,0,2.577027917,0,2.219560462,0.090852287,0,0,0,0,0,0,2.145505061,1.697346267,1.756644096,0,0,0,0,0,0,0,0,0,0,0,0,0,0.20979648,0,0,2.438624263,1.354540238,2.759933761,3.091874571,2.823596674,2.577336557,0.972589015,2.193409849,1.519585858,1.695882195,0,0,0,0,0,0,0,0,0,0,0,0,0,0,0,0,0,0,0,0,0,0,0,0,0,0.535403994,0,0.3182211,0,0,0,0,0.205723627,0,0,0,0,0.238349083,0.084152154,0,0,0.135115411,0.091233299,0.156568471,0,0,0,0,0,0,0,0.215150677
40211220,0,0,0,0,0,0,0,0,0.135991982,0,0,0,0,0,0,0.31305835,0.069946805,0,0,0.097803731,0,0.061102774,0,0,0,0.197863041,0,0,0.967532551,1.502182204,0.519634374,0.753353452,0,0,3.252931872,0,0.379511715,1.022462116,0.528285357,0.207476718,0.524072469,0,2.500486143,0,2.259029437,0,1.758666332,0.031098504,1.530911883,0,2.744679517,0,2.786562132,0.061846742,1.9116025,0,2.064720798,0,1.895147459,0,3.39232241,0,2.165818161,0.105750891,0,0,0,0,0,0,2.753252746,2.22321442,2.276198887,0,0,0,0,0,0,0,0,0,0,0,0,0,0.436876273,0,0,2.861546405,1.713412498,2.858224824,3.088908334,3.90449197,1.707574405,1.171895183,1.767157857,1.982448941,2.192475584,0,0,0,0,0,0,0,0,0,0,0,0,0,0,0,0,0,0,0,0,0,0,0,0.270298584,0,0.135991982,0,0.455488058,0,0,0,0,0.191705594,0,0,0,0,0,0,0,0,0,0.125651861,0.141675248,0,0,0,0,0,0,0,0.255965388
40211222,0,0,0,0,0,0,0,0,0.122015664,0,0,0,0,0,0,0.189294124,0,0,0,0.107297135,0,0.06898343,0,0,0,0.098732837,0,0,0.526318651,0.898459401,0.338793123,0.46103779,0,0,3.523481923,0.251295839,0.257238333,1.305246658,0.89635467,0.092717859,0.414393484,0,2.48600621,0,2.665681188,0.123381774,2.046454106,0.031420298,1.87563058,0,2.720545493,0,2.673037778,0.065174533,2.334717831,0,1.735753838,0,2.346111846,0,2.63561197,0,1.69261319,0.070148713,0.317194358,0,0,0,0,0,2.738041255,1.82814796,2.155430375,0,0,0,0,0,0,0,0,0,0,0,0,0,0.355789905,0.377757511,0.252908959,2.567776989,2.053072044,3.569365679,2.307266441,3.494501649,1.613647772,1.160096048,2.007243985,1.56942817,2.33267524,0,0,0,0,0,0,0,0,0,0,0,0,0,0,0,0,0,0,0,0,0,0,0.062541504,0.143062846,0,0.122015664,0,0.484803522,0,0,0,0,0.091511748,0,0,0,0,0.09253633,0,0,0,0.061690887,0.098732837,0.070001341,0,0,0,0,0,0,0,0
40211223,0,0,0,0,0,0,0,0,0.126272238,0,0,0,0,0,0,0.061722113,0,0,0,0,0,0.070785665,0,0,0,0.166282637,0,0,0.131294012,0.287012664,0.164117515,0,0,0,2.99557232,0.402843613,0.528505347,1.169114385,0.622147657,0.254063825,0.718437727,0,2.275389575,0,2.760686758,0.131005207,2.434614433,0,1.845835776,0,2.663581703,0,2.080476579,0.077828595,1.478885802,0,2.209280347,0,2.181163422,0,2.241128007,0,1.768916176,0.18155714,0.428205531,0,0,0,0,0,3.043715748,2.470775611,2.048121479,0,0,0,0,0,0,0,0,0.115706581,0,0,0,0,0.464102226,0.624089422,0.371573228,1.882487772,1.964164805,3.303810947,2.144492741,3.465570651,2.22504061,1.371481391,1.911008243,2.005477518,2.305574807,0,0,0,0,0,0,0,0,0,0,0,0,0,0,0,0,0,0,0,0,0,0,0,0,0,0.126272238,0,0.641813129,0,0,0,0,0.188217959,0,0,0,0,0.098253905,0,0,0,0.065502603,0.101745188,0.120831585,0.028926645,0,0,0,0,0,0,0
40211224,0,0,0,0,0,0,0,0,0.200648531,0,0,0,0,0,0,0.059981905,0,0,0,0.140113958,0,0.082858064,0,0,0,0.237697109,0,0,0.502078703,0.534825069,0.445317357,0.433163755,0,0,1.977990627,0,0.28001458,0.856379534,0.486648134,0,0.273102995,0,1.428633645,0,2.037240438,0,1.190102841,0,1.33406816,0,2.014338207,0,2.064235798,0.069406629,1.757125411,0,2.037397573,0.027572778,1.773745869,0,2.419204272,0,1.99155541,0.309398173,0,0,0,0,0,0,2.7464242,2.100900561,2.034644954,0,0,0,0,0,0,0,0,0.235777746,0,0,0,0.083369308,0.241556965,0,0,1.69398977,1.443666236,3.04351358,2.674929196,3.106967931,1.876439652,1.71577188,2.388946038,1.808721779,2.060375767,0,0,0,0,0,0,0,0,0,0,0,0,0,0,0,0,0,0,0,0,0,0,0,0,0,0.228971332,0,0.33124672,0,0,0,0,0.265116414,0,0,0,0,0,0.088512749,0,0,0,0.192230207,0.328690718,0.058944436,0,0,0,0,0,0,0.192885792
40211225,0,0,0,0,0,0,0,0,0.187548868,0,0,0,0,0,0,0.069372767,0,0.118101497,0,0,0,0.06805836,0,0,0,0.171113003,0.088576122,0,0.37347536,0.581885484,0.309222133,0.3270733,0,0,2.518627368,0,0.406346168,1.265121931,0.883031419,0.223791554,0.579474054,0,1.956552341,0,2.255533323,0.12659888,1.396659963,0,1.70800599,0,2.615169155,0,2.438301652,0.100561986,1.733400889,0,2.037545372,0,1.758825509,0,3.447000257,0,1.755836394,0.160221017,0,0,0,0,0,0,2.240968377,2.383135877,2.268251597,0,0,0,0,0,0,0,0,0.118410979,0,0,0,0.087264366,0.368883142,0,0,1.996092747,1.622879224,3.224493859,2.792411689,3.900237424,2.324351685,1.611327627,2.407714844,1.981050539,2.158619487,0,0,0,0,0,0,0,0,0,0,0,0,0,0,0,0,0,0,0,0,0,0,0.068263863,0,0.088576122,0.12849812,0,0.604602723,0,0,0,0,0.202158972,0,0,0,0,0.09494916,0.088787774,0,0,0.06329944,0.172206607,0.157561926,0.029602745,0,0,0,0,0,0,0.221004606
40211226,0,0,0,0,0,0,0,0,0.430975704,0,0,0,0,0,0,0.072972324,0.056402519,0.253562444,0,0.373948593,0,0.059835848,0,0,0,0.087709942,0.190171833,0,0.766985079,1.128013868,0.460152458,0.69741065,0,0,2.882500635,0,0.112577146,1.735034865,1.27286645,0.102089005,0.254581201,0,1.953389596,0,2.904054321,0.141680055,1.329303948,0,1.817015811,0,2.710089762,0,3.184547617,0,2.288304569,0,2.004357348,0.030674068,2.329496149,0,2.946816161,0,2.234644946,0.068647829,0,0,0,0,0,0,2.857705296,1.914699429,2.594209604,0,0,0,0,0,0,0,0,0,0,0,0,0,0.210251172,0,0,2.654651058,2.099438467,3.275805512,3.288478165,3.834452339,1.431578007,0.948950116,1.410288098,1.148191263,2.25428655,0,0,0,0,0,0,0,0,0,0,0,0,0,0,0,0,0,0,0,0,0,0,0.132931995,0.229889361,0.221780161,0.401947954,0,0.170148341,0,0,0,0.15804164,0.429945637,0,0,0.15804164,0,0.232693353,0,0,0,0.070840028,0.058813933,0.123656826,0,0,0,0,0,0,0,0
40211227,0,0,0,0,0,0,0,0,0.191149811,0,0,0,0,0.03017729,0,0.202843152,0,0.258225402,0,0,0,0.060568677,0,0,0,0.089150368,0.193669051,0,0.624920938,0.687199368,0.463757419,0.546636778,0,0,2.911864465,0,0.268807169,1.714338738,1.409779967,0.100942694,0.433592981,0,1.849936874,0,2.644592288,0.210414808,1.220451785,0.030591984,2.135266249,0,2.460188196,0,2.874359406,0.126578111,1.888377915,0,1.913378079,0,2.391908562,0,3.052455111,0,1.975223129,0.028301468,0,0,0,0,0,0,1.956080833,2.412544288,2.555259885,0,0,0,0,0,0,0,0,0,0,0,0,0.086107659,0.324012137,0,0,2.291093172,1.629384694,3.463174482,2.722619051,3.993129948,2.373359717,1.243696007,2.474985825,1.194446425,1.70368508,0,0,0,0,0,0,0,0,0,0,0.120709161,0,0,0,0,0,0,0,0,0,0,0,0.125789572,0,0.222763859,0.234481014,0,0.493171101,0,0,0,0.14547404,0.188049044,0,0,0.14547404,0,0.412461344,0,0,0,0.172592412,0.089150368,0.095686476,0,0,0,0,0,0,0,0
40211228,0,0,0,0,0,0,0,0,0.126987517,0,0,0,0,0,0,0.32461885,0.083892431,0,0,0.198332056,0,0.056107693,0,0,0,0.028053847,0,0,1.306731963,1.761811708,0.759543117,1.197402893,0,0,3.201491835,0,0.112543599,1.250491751,0.948262825,0.08915622,0.2330014,0,2.359494465,0,2.548937329,0.123367711,1.21639864,0.035643564,1.943055811,0,2.738568426,0,3.120353805,0,2.476955189,0,2.029471296,0.037431013,2.068474601,0,3.188224434,0,2.049025114,0.060891138,0,0,0,0,0,0,2.448962273,2.055411729,2.170968725,0,0,0,0,0,0,0,0,0,0,0,0,0.090340869,0.216222943,0,0,3.018301477,1.905747459,3.39491723,3.22511125,3.263400639,1.505865104,0.892958248,1.831091852,1.1948548,1.729963991,0,0,0,0,0,0,0,0,0,0,0,0,0,0,0,0,0,0,0,0,0,0,0.057053884,0.332411569,0,0.23967584,0,0.148593701,0,0,0,0,0.095240638,0,0,0,0,0.092525783,0.082738827,0,0,0.061683855,0.028053847,0.060230532,0,0,0,0,0,0,0,0.11913985
40211229,0,0,0,0,0,0,0,0,0.145344155,0,0,0,0,0,0,0.071384429,0.061511833,0,0,0.097805565,0,0.059662789,0,0,0,0.120740151,0,0,0.620989847,1.042863232,0.310493669,0.588137778,0,0,2.710996327,0,0.117996458,0.924641868,0.739602323,0.096106856,0.248675436,0,2.205805361,0,1.884801448,0,1.272615977,0,1.428288965,0,2.638590737,0,2.735949898,0.063917885,1.862820029,0,1.823906557,0,1.676419988,0,3.252252849,0,1.607285435,0.190732828,0.149892705,0,0,0,0,0,2.747260856,2.249262986,1.854604509,0,0,0,0,0,0,0,0,0,0,0,0,0,0.22282436,0,0.090565882,2.317917471,1.477604399,2.96167631,3.199763952,2.912741562,1.882543796,0.999753951,1.498755443,1.470501537,2.307085441,0,0,0,0,0,0,0,0,0,0,0,0,0,0,0,0,0,0,0,0,0,0,0.060377254,0.253431086,0,0.145344155,0,0.319972804,0,0,0,0,0.215747906,0,0,0,0,0.11879501,0.089626645,0,0,0,0.132361482,0.261078773,0,0,0,0,0,0,0,0.590717615
40211230,0,0,0,0,0,0,0,0,0.182238498,0,0,0,0,0,0,0.368038648,0.104802102,0.121764921,0,0.171723699,0,0.072425,0,0,0,0.065594129,0.09132369,0,1.31748549,1.770787025,0.744218257,1.043979744,0,0,3.060245671,0,0.121644301,1.063683563,0.778438666,0.089699371,0.240732178,0,2.381085543,0,2.084985196,0.109337502,1.223566444,0.040928525,1.868057276,0,2.796339837,0,2.714243421,0.058614996,2.596467146,0,1.943680831,0.031936349,1.842759354,0,3.398769478,0,1.915141847,0.10078124,0,0,0,0,0,0,2.525276021,2.475454819,2.465957606,0,0,0,0,0,0,0,0,0,0,0,0,0,0.230643586,0,0,2.810485348,1.621222438,3.703159019,3.001298832,3.830456063,1.421716186,0.868190038,1.844823078,1.238134516,1.759309682,0,0,0,0,0,0,0,0,0,0,0,0,0,0,0,0,0,0,0,0,0,0,0.055699657,0.353405539,0.09132369,0.121356038,0,0.296036442,0,0,0,0,0.180746602,0,0,0,0,0.082003126,0.084454792,0,0,0.054668751,0.0362125,0.064930235,0,0,0,0,0,0,0,0.116921716
40211231,0,0,0,0,0,0,0,0,0,0,0,0,0,0,0,0,0,0,0,0,0,0,0,0,0,0,0,0,0,0,0,0,0,0,3.973530908,0,0,0,0,0,0,0,1.75630298,0,0.178106366,0,1.111643555,0,0.317042945,0,0.320533311,0,0,0,0.167388548,0,0,0,0,0,0,0,0,0,0,0,0,0,0,0,0,0,0,0,0,0,0,0,0,0,0,0,0,0,0,0,0,0,0.072060937,0,0,0,0,0,0,0,0,0,0,0.064828134,0,0,0,0,0,0,0,0,0,0,0,0,0,0,0,0,0,0,0,0,0,0,0,0,0,0,0,0,0,0,0,0,0,0,0,0,0,0,0,0,0,0,0,0,0,0,0,0,0,0,0
40211232,0,0,0,0,0,0,0,0,0,0,0,0,0,0,0,0,0,0,0,0,0,0,0,0,0,0,0,0,0,0,0,0,0,0,1.508510111,0,0,0,0,0,0,0,1.669187853,0,0.172441356,0,3.002159118,0,0.139588216,0,0.221577624,0,0,0,0.26339144,0,0.030566898,0,0,0,0,0,0,0,0.030566898,0,0,0,0,0,0.191284353,0,0,0,0,0,0,0,0,0,0,0,0,0,0,0,0,0.030566898,0.098559419,0,0,0,0,0,0,0,0,0,0,0,0,0,0,0,0,0,0,0,0,0,0,0,0,0,0,0,0,0,0,0,0,0,0,0,0,0,0,0,0,0,0,0,0,0,0,0,0,0,0,0,0,0,0,0,0,0,0,0,0,0,0
40211233,0,0,0,0,0,0,0,0,0.121034282,0,0,0,0,0,0,0.313890249,0.070274419,0,0,0,0,0.101690117,0,0,0,0.181779213,0,0,0.777381607,1.020110232,0.49229176,0.452722672,0,0,2.994096623,0,0.278436062,0.994213195,0.616349279,0.091605655,0.428091433,0,1.977522524,0,1.81639218,0.117087498,1.603604159,0.034791262,1.738868488,0,2.407300625,0,2.1957559,0.068821857,2.126650625,0,1.989284318,0,1.817459259,0,2.716945846,0,2.047348492,0.246986669,0,0,0,0,0,0,2.791442396,2.337373623,2.221753068,0,0,0,0,0,0,0,0,0.142945573,0,0,0,0,0.360288369,0,0,2.453711445,1.288786198,3.4178911,2.678185554,3.962018027,1.870289528,1.421512115,2.484457904,1.939533026,1.639786704,0,0,0,0,0,0,0,0,0,0,0,0,0,0,0,0,0,0,0,0,0,0,0,0.140548837,0,0.121034282,0,0.491201469,0,0,0,0,0.175024858,0,0,0,0,0.087815623,0.0901834,0,0,0.058543749,0.11253924,0.171741145,0.035736393,0,0,0,0,0,0,0.100573517
40211234,0,0,0,0,0,0,0,0,0.125605457,0,0,0,0,0,0,0.077717834,0.060032759,0,0,0.089829726,0,0.063184773,0,0,0,0.122384736,0,0,0.379861457,0.709038544,0.175947979,0.358876042,0,0,3.233799925,0,0.413250354,1.462543931,1.031745661,0.291046712,0.675176555,0,2.1368373,0,2.477378661,0.134594551,1.704526324,0,1.927692475,0,2.678476213,0,2.870007943,0.072061797,2.015448127,0,2.002009794,0,1.836414005,0,3.349934712,0,1.727229894,0.094700292,0,0,0,0,0,0,2.761836568,1.818057629,2.382751679,0,0,0,0,0,0,0,0,0,0,0,0,0,0.364022557,0,0,2.753741218,1.800631631,3.292422406,3.02763953,3.834077422,2.202333477,1.1272591,1.70778009,1.967198436,1.941942614,0,0,0,0,0,0,0,0,0,0,0,0,0,0,0,0,0,0,0,0,0,0,0.060860658,0.239838486,0,0.125605457,0,0.615442009,0,0,0,0,0.189306379,0,0,0,0,0.100945913,0.089000266,0,0,0.067297276,0.061800303,0.123143101,0,0,0,0,0,0,0,0.245235194
40211235,0,0,0,0,0,0,0,0,0.30989043,0,0,0,0,0,0,0.075991205,0.058432219,0.117971665,0,0.093799378,0,0,0,0,0,0.03465584,0.088478748,0,0.505529504,0.600495375,0.314609522,0.462217561,0,0,2.322367443,0,0.37991062,1.473014067,1.007973831,0.210437102,0.527672956,0,1.793388294,0,2.530051308,0.126987208,1.231217522,0,1.78373138,0,2.752770932,0,2.734809327,0.071792418,1.741819691,0,1.939531857,0,2.11821674,0,3.247752798,0,1.680626707,0.132719817,0,0,0,0,0,0,2.375102716,2.423011223,2.515679703,0,0,0,0,0,0,0,0,0,0,0,0,0.087448827,0.226026146,0,0,1.765906034,1.562885667,3.294765511,3.078903472,3.858675108,2.258449715,1.323170638,2.003546247,1.212744306,2.157115956,0,0,0,0,0,0,0,0,0,0,0,0,0,0,0,0,0,0,0,0,0,0,0.073395355,0.116864437,0.088478748,0.282171057,0,0.481303592,0,0,0,0,0.365185174,0,0,0,0,0.216186838,0,0,0,0.063493604,0.065430917,0.161091671,0,0,0,0,0,0,0,0.23026974
40211236,0,0,0,0,0,0,0,0,0,0,0,0,0,0,0,0,0,0,0,0,0,0,0,0,0,0,0,0,0,0,0,0,0,0,1.227133806,0.14574395,0,0,0,0,0,0,3.033674625,0,0.389194753,0,2.736423266,0,0.267336218,0,0.211588449,0,0,0,0.440008368,0,0.05829758,0,0.05829758,0,0,0,0,0,0.293456266,0,0,0,0,0,0.863066652,0,0,0,0,0,0,0,0,0,0,0,0,0,0,0,0,0.08744637,0.295747948,0,0,0.11659516,0,0,0,0,0,0,0,0.235267273,0,0,0,0,0,0,0,0,0,0,0,0,0,0,0,0,0,0,0,0,0,0,0,0,0,0.11659516,0,0,0,0,0,0,0,0,0,0,0,0,0,0,0,0,0,0,0,0,0,0,0,0,0
40211237,0,0,0,0,0,0,0,0,0.190256567,0,0,0,0,0,0,0.177180107,0,0.123991865,0,0,0,0,0,0,0,0.063865609,0.092993899,0,0.632297033,0.70127593,0.463026468,0.442525472,0,0,2.379547994,0,0.238527521,1.360095004,1.294368279,0.212387334,0.362300805,0,1.884445873,0,2.272356906,0.136228151,1.109925675,0.029389121,1.557619061,0,2.817135284,0,2.884198077,0.071960435,2.068470999,0,1.725228226,0,1.96976954,0,3.453322191,0,1.574215945,0.127324607,0,0,0,0,0,0,2.036840655,2.045517008,2.350759291,0,0,0,0,0,0,0,0,0,0,0,0,0,0.088591904,0,0,2.147858801,1.539923003,3.211362091,3.069927433,3.758481425,2.048209976,1.215227702,2.179778538,1.423131504,2.144544092,0,0,0,0,0,0,0,0,0,0,0,0,0,0,0,0,0,0,0,0,0,0,0.10600754,0,0.092993899,0.128260634,0,0.333205006,0,0,0,0,0.210199076,0,0,0,0,0.236744358,0.105708987,0,0,0.068114075,0.057662747,0.152730538,0,0,0,0,0,0,0,0.319257423
40211238,0,0,0,0,0,0,0,0,0,0,0,0,0,0,0,0.066039966,0,0,0,0,0,0.06517373,0,0,0,0.28406624,0,0,0.225615884,0.400688836,0.282019855,0.108348196,0,0,2.633511299,0,0.402814413,0.923613267,0.753420818,0.214864003,0.548212781,0,1.716931505,0,1.911871317,0.12021414,1.654303835,0,1.526524615,0,2.083104882,0,2.15625294,0.073240129,1.74074033,0,2.006290965,0,1.465407668,0,3.027767419,0,1.86702725,0.197175773,0,0,0,0,0,0,2.421201973,1.785682811,2.054104041,0,0,0,0,0,0,0,0,0.113172657,0,0,0,0,0.359263566,0,0,2.303518155,1.481806035,2.58192627,2.360056326,3.708548624,2.687730562,1.628162618,2.455978674,2.447155506,2.082233183,0,0,0,0,0,0,0,0,0,0,0,0,0,0,0,0,0,0,0,0,0,0,0.056604361,0,0,0,0,0.496707947,0,0,0,0,0.081610293,0,0,0,0,0.090160605,0.085626491,0,0,0.128817234,0.246003502,0.30372787,0.028293164,0,0,0,0,0,0,0.251306816
40211239,0,0,0,0,0,0,0,0,0.128237032,0,0,0,0,0,0,0.066898979,0.059607039,0,0,0.087372443,0,0.076328625,0,0,0,0.099419168,0,0,0.366428906,0.541853165,0.165293733,0.350690511,0,0,3.223070927,0.34597834,0.117821723,0.507458129,0.120871794,0.09341351,0.302966337,0,1.931647625,0,1.893699152,0,1.142716281,0,1.481060823,0,1.918246289,0,1.538494245,0,2.578516615,0,1.743656079,0,1.875519469,0,1.64793245,0,1.266043838,0.32960365,0.579629266,0,0,0,0,0,3.341502926,1.751058238,1.372074568,0,0,0,0,0,0,0,0,0.136174184,0,0,0,0,0.117821723,0.368081459,0.430577399,1.45388766,1.122893639,3.347941359,1.911892097,2.2463185,1.335981793,0.871982542,1.097737986,0.869457891,1.707177669,0.030487878,0,0,0,0,0,0,0,0,0,0,0,0,0,0,0,0,0,0,0,0,0,0,0.235710669,0,0.128237032,0,0.302966337,0,0,0,0,0.182490929,0,0,0,0,0,0,0,0,0,0.038164313,0.342161681,0.034043546,0,0,0,0,0,0,0.345824356
40211241,0,0,0,0,0,0,0,0,0.127599512,0,0,0,0,0,0,0.338720675,0.081043038,0,0,0.168562214,0,0.062199746,0,0,0,0.117997834,0,0,1.298127609,1.739392943,0.769235497,1.026129381,0,0,2.728088713,0,0.131440991,0.980063959,0.714984818,0,0.098580743,0,2.18001382,0,2.127776615,0.123521868,1.226977392,0.038189658,1.68530442,0,2.71382585,0,3.029364398,0.062490507,2.249500347,0,1.842276382,0.034288846,2.04352,0,3.427190431,0,1.986864749,0.092984087,0,0,0,0,0,0,2.416432902,2.356575317,2.325863159,0,0,0,0,0,0,0,0,0,0,0,0,0,0.239628294,0,0,2.718809925,1.645192271,3.31494823,3.115193072,3.836000314,1.185101856,1.052418986,1.890286047,1.289428859,2.056840155,0,0,0,0,0,0,0,0,0,0,0,0,0,0,0,0,0,0,0,0,0,0,0.068987816,0.295398772,0,0.127599512,0,0.156226268,0,0,0,0,0.195723398,0,0,0,0,0.092641401,0,0,0,0.061760934,0.058858952,0.144443017,0,0,0,0,0,0,0,0.223801371
40211242,0,0,0,0,0,0,0,0,0.503343174,0,0,0,0,0,0,0.069082551,0,0.123858401,0,0.332702313,0,0.06057369,0,0,0,0.064310497,0.092893801,0,0.521395241,0.910015541,0.335086151,0.480908591,0,0,2.922172959,0.281827284,0.244728605,1.399000268,0.797334802,0.091136846,0.394889037,0,2.386309139,0,2.848146402,0,1.858720682,0,1.488909186,0,3.136906855,0,2.740461143,0.065030533,1.674757309,0,2.502993453,0,2.679051075,0,2.872448096,0,2.074001894,0.10670944,0.280323549,0,0,0,0,0,3.144788569,2.391259521,2.028839705,0,0,0,0,0,0,0,0,0,0,0,0,0,0.344891275,0.372204526,0.280323549,2.095609012,2.02582883,3.359238637,3.018953882,3.462349357,1.600073137,1.037077012,1.556829534,1.388495062,2.467544631,0,0,0,0,0,0,0,0,0,0,0,0,0,0,0,0,0,0,0,0,0,0,0.061575934,0.126478159,0.092893801,0.474290246,0,0.463090677,0,0,0,0,0.507675703,0,0,0,0,0,0,0,0,0,0.030286845,0.069882541,0,0,0,0,0,0,0,0.134158586
40211243,0,0,0,0,0,0,0,0,0,0,0,0,0,0,0,0,0,0,0,0,0,0,0,0,0,0,0,0,0,0,0,0,0,0,3.735557845,0,0,0,0,0,0,0,1.914485188,0,1.030132334,0,0.973076529,0,1.024711098,0,1.306118808,0,0,0,1.263268345,0,0,0,0,0,0,0,0,0,0.373515269,0,0,0,0,0,0.66115347,0,0,0,0,0,0,0,0,0,0,0,0,0,0,0,0,0,0.757511825,0,0,0,0,0,0,0,0,0,0,0.605923475,0,0,0,0,0,0,0,0,0,0,0,0,0,0,0,0,0,0,0,0,0,0,0,0,0,0,0,0,0,0,0,0,0,0,0,0,0,0,0,0,0,0,0,0,0.063370197,0,0,0,0,0,0
40211244,0,0,0,0,0,0,0,0,0.121875144,0,0,0,0,0,0,0.072563429,0.057213302,0,0,0,0,0.070411072,0,0,0,0.232095948,0,0,0.506237355,0.764085734,0.327255273,0.463419462,0,0,2.384083653,0,0.469297224,0.953781389,0.53510839,0.222109751,0.624062499,0,1.854967846,0,2.045945354,0.132411125,1.624410794,0,1.719823601,0,2.431040074,0,2.365976241,0.069146664,1.603589147,0,2.087944667,0,1.763226371,0,3.335471716,0,1.95290582,0.16383008,0,0,0,0,0,0,2.488839008,2.287806511,2.200887616,0,0,0,0,0,0,0,0,0.128639623,0,0,0,0.092191693,0.429514789,0,0,2.316851223,1.559159492,2.98411429,2.847657544,3.865943718,2.212607065,1.689854059,2.350009418,2.188544096,1.981974591,0,0,0,0,0,0,0,0,0,0,0,0,0,0,0,0,0,0,0,0,0,0,0,0.114426604,0,0.121875144,0,0.526884061,0,0,0,0,0.195361372,0,0,0,0,0.099308344,0.089906991,0,0,0.066205562,0.192652462,0.218244594,0.032159906,0,0,0,0,0,0,0.220791005
40211245,0,0,0,0,0,0,0,0,0.174504095,0,0,0,0,0,0,0.423332899,0.086128813,0.114787312,0,0.062219625,0,0.072166251,0,0,0,0.155394118,0.086090484,0,1.361366505,1.64867445,0.758484861,0.835146191,0,0,2.736540203,0,0.356188889,0.821556075,0.580815591,0.202789453,0.498638877,0,2.25834087,0,1.962452152,0,1.371072523,0.042613303,1.367189928,0,2.694612778,0,2.232823297,0.062910368,2.234608876,0,2.080993681,0.031109813,1.415123177,0,2.86521706,0,2.280888332,0.184822908,0,0,0,0,0,0,2.27867756,2.503724374,2.398453912,0,0,0,0,0,0,0,0,0.109224672,0,0,0,0,0.366720314,0,0,2.193612012,1.419810097,2.929312187,2.949758164,3.839342469,1.667657595,0.954246418,1.830905768,1.797771653,1.929495531,0,0,0,0,0,0,0,0,0,0,0,0,0,0,0,0,0,0,0,0,0,0,0.058133688,0.172257626,0.086090484,0.117110439,0,0.4488552,0,0,0,0,0.176437496,0,0,0,0,0,0,0,0,0,0.090223383,0.11515156,0.027306168,0,0,0,0,0,0,0.109331525
40211246,0,0,0,0,0,0,0,0,0.235652323,0,0,0,0,0,0,0.062375606,0,0.116724949,0,0.199621556,0,0,0,0,0,0.191901122,0.087543712,0,0.375879666,0.756576266,0.310802951,0.389601263,0,0,3.103818807,0.119745198,0.371131141,1.579610378,1.051595533,0.22334802,0.540259786,0,2.511408517,0,2.774241633,0,1.906985013,0,1.536504167,0,2.614040339,0,2.858534031,0.061539914,1.779562976,0,2.341354515,0,2.063955024,0,2.672783462,0,1.985407888,0.065334104,0.089808898,0,0,0,0,0,2.6835425,1.531132419,2.030946655,0,0,0,0,0,0,0,0,0,0,0,0,0,0.360711986,0.208190166,0.059872599,2.657463544,2.126637918,2.293515558,3.109176061,2.926291159,2.360069277,1.026132026,1.746641082,2.093823517,2.539374918,0,0,0,0,0,0,0,0,0,0,0,0,0,0,0,0,0,0,0,0,0,0,0.058362474,0.136755952,0.116724949,0.408102293,0,0.48193913,0,0,0,0.145906186,0.20100289,0,0,0.145906186,0,0.23878567,0.10417824,0,0,0,0.094550238,0.129362161,0,0,0,0,0,0,0,0.243817727
40211247,0,0,0,0,0,0,0,0,0.16896152,0,0,0,0,0,0,0.423883625,0.085343595,0.121163906,0,0.159100054,0,0.074766365,0,0,0,0.120925258,0.090872929,0,1.339831197,1.749822304,0.84207354,1.021221946,0,0,3.154935058,0,0.226457997,0.83082615,0.714351566,0,0.224231721,0,2.422271267,0,2.024038229,0.127088476,1.337275951,0.054632974,1.716009848,0,2.650672885,0,2.379479538,0.06158793,2.420954033,0,2.086425821,0.032448622,1.984358385,0,3.227991552,0,2.172843178,0.101612495,0,0,0,0,0,0,2.40107263,2.52172132,2.524989526,0,0,0,0,0,0,0,0,0,0,0,0,0,0.326281941,0,0,2.655194755,1.609182073,3.641955836,2.582869823,3.960341336,1.583444161,0.99051813,2.322047611,1.386866416,1.777781471,0,0,0,0,0,0,0,0,0,0,0,0,0,0,0,0,0,0,0,0,0,0,0.06058494,0.296290937,0.090872929,0.108379567,0,0.289940382,0,0,0,0,0.163711331,0,0,0,0,0.095316357,0.082509121,0,0,0.124752819,0.091735733,0.097420066,0,0,0,0,0,0,0,0
40211248,0,0,0,0,0,0,0,0,0.21170955,0,0,0,0,0,0,0.199572029,0.065650857,0,0,0.090009913,0,0.071437024,0,0,0,0.172072764,0,0,0.510804103,0.57474716,0.318789846,0.317373181,0,0,2.935583432,0,0.261545897,1.043348342,0.514151117,0.089237088,0.407689038,0,1.642757622,0,1.755606097,0.127764673,1.223551822,0.030906194,1.56752185,0,2.101357117,0,1.978548155,0.072563529,2.024718773,0,1.863191203,0,1.908959567,0,2.654916154,0,1.916156303,0.268314065,0,0,0,0,0,0,2.502132975,2.159754359,2.317445705,0,0,0,0,0,0,0,0,0.128555554,0,0,0,0,0.22755999,0,0,1.923085533,1.160581519,3.746158525,2.518654211,3.723097501,2.384006449,1.411123477,2.289580295,1.422088218,1.814925583,0,0,0,0,0,0,0,0,0,0,0,0,0,0,0,0,0,0,0,0,0,0,0.064259988,0.131301714,0,0.241712854,0,0.487140139,0,0,0,0,0.286247255,0,0,0,0,0.095823504,0,0,0,0.135102536,0.106431355,0.303332296,0.032138888,0,0,0,0,0,0,0.225726643
40211249,0,0,0,0,0,0,0,0,0.195706886,0,0,0,0,0,0,0.100007932,0.058730097,0.119908401,0,0,0,0.057674672,0,0,0,0.09031738,0.089931301,0,0.504608214,0.563800246,0.174178522,0.466725083,0,0,3.164279568,0,0.261426861,1.705115634,0.934327261,0.110811859,0.43785828,0,1.792107223,0,2.460334788,0.152996072,1.262649931,0,1.922823868,0,2.297567478,0,2.744143658,0.068990552,1.74228859,0,2.062002734,0,2.153339244,0,3.212513756,0,2.037365526,0.12038536,0,0,0,0,0,0,2.203562524,2.080994841,2.352100517,0,0,0,0,0,0,0,0,0,0,0,0,0.098465003,0.224620997,0,0,2.36055955,1.602837133,3.62003723,2.971416467,3.726651622,2.360941857,1.492449155,1.987998958,1.47628267,1.657444162,0,0,0,0,0,0,0,0,0,0,0,0,0,0,0,0,0,0,0,0,0,0,0,0.117460194,0.089931301,0.249847777,0,0.499917069,0,0,0,0,0.213169845,0,0,0,0,0.114747054,0,0,0,0.140534454,0.09031738,0.184765499,0,0,0,0,0,0,0,0.334853636
40211250,0,0,0,0,0,0,0,0,0.093586849,0,0,0,0,0,0,0.116000614,0.061896697,0,0,0.182412092,0,0.068117865,0,0,0,0.16679211,0,0,0.739167649,0.98021381,0.463893989,0.783660294,0,0,2.525413463,0,0.140097827,0.93404941,0.896691266,0.097462058,0.267510134,0,2.029988844,0,1.936854731,0,1.279572959,0.029000153,1.71139393,0,2.614168094,0,2.165640483,0.067816051,2.597246508,0,2.189964989,0,1.520765673,0,3.146604449,0,1.620798745,0.166709683,0,0,0,0,0,0,2.452522215,1.683145123,1.866247517,0,0,0,0,0,0,0,0,0.115339,0,0,0,0.087044393,0.10507337,0,0,2.721014292,1.704597045,3.159025531,2.888303974,3.013469838,2.132771889,1.376159392,2.377918218,2.077863011,2.00251303,0,0,0,0,0,0,0,0,0,0,0,0,0,0,0,0,0,0,0,0,0,0,0.076592866,0.242227051,0,0.124782465,0,0.331976892,0,0,0,0,0.093586849,0,0,0,0,0,0.172820671,0,0,0,0.156285681,0.158220096,0.02883475,0,0,0,0,0,0,0.360411381
40211252,0,0,0,0,0,0,0,0,0.132468838,0,0,0,0,0,0,0.122546334,0.073138408,0,0,0.229533207,0,0,0,0,0,0,0,0,1.05165516,1.558109009,0.701174921,1.013804115,0,0,3.173497477,0.61550516,0,0.754656324,0.470440408,0.091021186,0.151701977,0,3.065568777,0,2.845652363,0,2.122912128,0.030636584,1.844332023,0,3.175533936,0,2.377078089,0,2.728655578,0,1.891913277,0.034811934,2.662147168,0,2.13820564,0,1.342371705,0.065605436,0.894808363,0,0,0,0,0,3.452450097,1.934016087,1.303881156,0,0,0,0,0,0,0,0,0,0,0,0,0,0.132191616,0.866904607,0.584182221,2.418250395,2.255055898,3.339627419,2.045784444,2.209078935,0.50576819,0.307650974,0.959016681,0.766446497,2.61013238,0.029810591,0,0,0,0,0,0,0,0,0,0,0,0,0,0,0,0,0,0,0,0,0,0,0.359489268,0,0.132468838,0,0.151701977,0,0,0,0,0.099351629,0,0,0,0,0,0,0,0,0,0,0.094242957,0,0,0,0,0,0,0,0.126072798
40211253,0,0,0,0,0,0,0,0,0,0,0,0,0,0,0,0,0,0,0,0,0,0,0,0,0,0,0,0,0,0,0,0,0,0,2.809365522,0,0,0,0,0,0,0,3.055240759,0,0,0,2.036628422,0,0,0,0,0,0,0,0,0,0,0,0,0,0,0,0,0,0,0,0,0,0,0,0.030409404,0,0,0,0,0,0,0,0,0,0,0,0,0,0,0,0,0,0,0,0,0,0,0,0,0,0,0,0,0,0,0,0,0,0,0,0,0,0,0,0,0,0,0,0,0,0,0,0,0,0,0,0,0,0,0,0,0,0,0,0,0,0,0,0,0,0,0,0,0,0,0,0,0,0,0,0,0,0,0,0
40211254,0,0,0,0,0,0,0,0,0,0,0,0,0,0,0,0,0,0,0,0,0,0,0,0,0,0,0,0,0,0,0,0,0,0,4.296772093,0,0,0,0,0,0,0,1.435782259,0,0,0,2.057538221,0,0,0,0.032861983,0,0,0,0,0,0,0,0,0,0,0,0,0,0,0,0,0,0,0,0,0,0,0,0,0,0,0,0,0,0,0,0,0,0,0,0,0,0.032861983,0,0,0,0,0,0,0,0,0,0,0,0,0,0,0,0,0,0,0,0,0,0,0,0,0,0,0,0,0,0,0,0,0,0,0,0,0,0,0,0,0,0,0,0,0,0,0,0,0,0,0,0,0,0,0,0,0,0,0,0,0,0
40211255,0,0,0,0,0,0,0,0,0.2434737,0,0,0,0,0,0,0.06045377,0,0,0,0.199443978,0,0.058591617,0,0,0,0.256168068,0,0,0.392768771,0.799496155,0.333633113,0.346762646,0,0,2.477725725,0,0.261683346,1.144883471,0.616586309,0.21320873,0.387428725,0,1.843812857,0,2.267546554,0,1.623842715,0,1.40034503,0,2.400211689,0,2.852169067,0.059002495,1.664668943,0,1.825507881,0,1.786012581,0,3.331146334,0,1.913494304,0.14274001,0,0,0,0,0,0,2.826480887,1.809505527,1.917405712,0,0,0,0,0,0,0,0,0.112892888,0,0,0,0,0.268991179,0,0,2.45960081,1.747613372,2.429611835,3.090153461,3.749878317,1.660733939,1.408732438,1.700385072,2.016568562,2.519903226,0,0,0,0,0,0,0,0,0,0,0,0,0,0,0,0,0,0,0,0,0,0,0,0.11260986,0,0.2434737,0,0.309699218,0,0,0,0,0.304559477,0,0,0,0,0,0,0,0,0,0.229771149,0.274709969,0.028223222,0,0,0,0,0,0,0.378217368
40211256,0,0,0,0,0,0,0,0,0.574654477,0,0,0,0,0,0,0.058386776,0,0,0,0.547933406,0,0,0,0,0,0.098256538,0,0,0.296410195,0.449067896,0.332666261,0.499027146,0,0,1.971072337,0.513309002,0.362896851,1.026667223,0.51193827,0.116773553,0.364498719,0,1.832323739,0,3.342579317,0,2.02876826,0,1.851608396,0,3.311319176,0,1.914317083,0,1.548458823,0,2.36725796,0.030277186,2.86952015,0,1.927091458,0,1.831893075,0.096226886,0.636363715,0,0,0,0,0,3.449905574,1.774025844,1.549832915,0,0,0,0,0,0,0,0,0,0,0,0,0.08666331,0.21615882,0.937688568,0.496634627,1.314670843,2.748575277,2.84456735,2.491237683,2.580118829,1.282669757,0.832565395,0.959168631,0.887489715,3.043799052,0,0,0,0,0,0,0,0,0,0.028598611,0,0,0,0,0,0,0,0,0,0,0,0,0,0.117343057,0,0.622341266,0,0.157831731,0,0,0,0,0.63674365,0,0,0,0,0,0,0,0,0,0.03260796,0.154279811,0,0,0,0,0,0,0,0
40211257,0,0,0,0,0,0,0,0,0.1367403,0,0,0,0,0,0,0.121406944,0.057342399,0,0,0,0,0.07292228,0,0,0,0.255178756,0,0,0.632313573,0.899476516,0.334290844,0.354578181,0,0,2.348527352,0,0.272858651,0.783165536,0.642192055,0.088580688,0.411880288,0,2.07370287,0,1.696843252,0,1.562748345,0,1.329633926,0,2.553420566,0,2.314471076,0.072336138,1.82557886,0,2.074475593,0,1.467873259,0,3.076633505,0,1.955974259,0.219519867,0,0,0,0,0,0,2.722394139,2.231308524,1.908638255,0,0,0,0,0,0,0,0,0.129690535,0,0,0,0,0.370820159,0,0,2.240964421,1.27181488,2.505116083,2.857090639,3.582742075,1.953686008,1.396310434,2.171542606,2.345747528,2.204684018,0,0,0,0,0,0,0,0,0,0,0,0,0,0,0,0,0,0,0,0,0,0,0.063546149,0.114684797,0,0.1367403,0,0.477479376,0,0,0,0,0.206417936,0,0,0,0,0,0.098590786,0,0,0,0.21220932,0.267514052,0.032422634,0,0,0,0,0,0,0.354556872
40211258,0,0,0,0,0,0,0,0,0,0,0,0,0,0,0,0,0,0,0,0,0,0,0,0,0,0,0,0,0,0,0,0,0,0,1.263645795,0,0,0,0,0,0,0,1.252005255,0,0.035296714,0,3.03317169,0,0.035296714,0,0,0,0,0,0.035296714,0,0,0,0,0,0,0,0,0,0,0,0,0,0,0,0.067180175,0,0,0,0,0,0,0,0,0,0,0,0,0,0,0,0,0,0,0,0,0,0,0,0,0,0,0,0,0,0,0,0,0,0,0,0,0,0,0,0,0,0,0,0,0,0,0,0,0,0,0,0,0,0,0,0,0,0,0,0,0,0,0,0,0,0,0,0,0,0,0,0,0,0,0,0,0,0,0,0
40211259,0,0,0,0,0,0,0,0,0.329480141,0,0,0,0,0,0,0.318881393,0.073002067,0,0,0.450955154,0,0,0,0,0,0.056243369,0,0,1.394083784,1.803300732,0.91847694,1.242796841,0,0,2.33873565,0,0.1105609,0.762105026,0.474566881,0,0.082920675,0,2.095607391,0,2.780708299,0,1.306031957,0.03557143,1.764443459,0,2.655363123,0,2.756900156,0,2.482652853,0,1.946321093,0.05989077,2.057479342,0,2.507637435,0,2.092516278,0.139784349,0.228205,0,0,0,0,0,2.949719343,2.222991851,2.201476355,0,0,0,0,0,0,0,0,0.112061801,0,0,0,0.086620816,0.202733225,0.1137041,0.086074875,2.269506635,2.338718025,3.297963857,3.209136091,2.921796602,1.099862471,0.823485908,1.386263746,0.825310768,2.364729034,0,0,0,0,0,0,0,0,0,0,0,0,0,0,0,0,0,0,0,0,0,0,0,0.302461304,0,0.363025363,0,0,0,0,0,0,0.397868711,0,0,0,0,0.11301833,0,0,0,0,0.028121684,0.170934887,0.02801545,0,0,0,0,0,0,0.083127335
40211260,0,0,0,0,0,0,0,0,0.279095846,0,0,0,0,0,0,0.075891609,0.057563175,0.25419289,0,0.241510078,0,0,0,0,0,0.059444881,0.190644667,0,0.806032438,1.02515718,0.485521378,0.841378332,0,0,2.562383642,0,0.237280008,1.723410592,1.158678635,0.225768744,0.389464749,0,1.824674752,0,2.881528741,0.148691418,1.141021722,0,1.944227452,0,2.628315031,0,3.026782177,0.066218783,2.313490044,0,1.980085127,0.029982986,2.18190025,0,3.420550812,0,1.770465143,0.05770866,0,0,0,0,0,0,2.30354179,1.946444445,2.692835395,0,0,0,0,0,0,0,0,0,0,0,0,0.086244156,0.09072539,0,0,2.447639005,1.993667315,3.471607161,3.226536563,3.898284125,1.708223172,1.166189661,1.592687987,1.103933215,2.165043826,0,0,0,0,0,0,0,0,0,0,0,0,0,0,0,0,0,0,0,0,0,0,0.138040431,0.238059044,0.219804144,0.240099881,0,0.347973496,0,0,0,0.145797382,0.280110417,0,0,0.145797382,0,0.228156469,0,0,0,0.074345709,0.029722441,0.117708432,0,0,0,0,0,0,0,0.123020715
40211261,0,0,0,0,0,0,0,0,0.207616428,0,0,0,0,0,0,0.081412812,0,0,0,0.24170433,0,0.058199283,0,0,0,0.064227422,0,0,0.677556659,0.859273214,0.474733952,0.852936171,0,0,1.980478753,0.240711986,0.284472543,0.953095092,0.628393258,0,0.278263554,0,2.018170352,0,2.864760275,0.135353901,1.51015513,0,2.210696459,0,2.676514301,0,2.308229873,0.071754378,1.796924649,0,2.338696787,0.029898382,2.275115443,0,2.737910998,0,1.55779003,0.123316424,0.294686298,0,0,0,0,0,2.477196343,2.799319233,1.958598332,0,0,0,0,0,0,0,0,0.116952277,0,0,0,0.186049206,0.24580898,0.476461024,0.235201878,1.635496286,2.301840272,3.839270367,2.835046518,2.443132686,2.226012554,1.268283996,1.976205833,1.157132018,2.315613164,0,0,0,0,0,0,0,0,0,0,0,0,0,0,0,0,0,0,0,0,0,0,0,0.117990562,0,0.238754643,0,0.341658811,0,0,0,0,0.285018804,0,0,0,0,0.23002871,0.093707194,0,0,0.067676951,0.08670982,0.153635998,0.029238069,0,0,0,0,0,0,0.298800214
40211262,0,0,0,0,0,0,0,0,0.570752991,0,0,0,0,0,0,0.067080168,0,0.116526639,0,0.424861848,0,0,0,0,0,0.037020845,0.087394979,0,0.290804056,0.257273354,0.167653512,0.377505064,0,0,2.288010824,0.209660199,0.126539008,1.554365636,0.891531205,0.089852946,0.30792867,0,1.420170348,0,2.540410268,0.120949629,1.056631922,0,1.418853103,0,2.863741186,0,2.050948504,0.058680882,2.196442475,0,2.084421856,0.033530702,2.324756129,0,1.822196026,0,1.926128533,0.157489237,0.206803302,0,0,0,0,0,2.621182017,1.448418413,2.104336198,0,0,0,0,0,0,0,0,0,0,0,0,0.090173782,0.126539008,0.355971275,0.176341186,1.297239471,2.231287841,3.527026847,2.724336802,2.502359379,2.08023613,0.842077059,1.244695182,0.841247568,2.456779779,0,0,0,0,0,0,0,0,0,0.029398144,0,0,0,0,0,0,0,0,0,0,0,0,0.060639966,0,0.087394979,0.687598353,0,0.454630874,0,0,0,0,0.583521705,0,0,0,0,0.090712222,0.097255076,0,0,0.060474814,0,0.243993899,0,0,0,0,0,0,0,0.087932766
40211263,0,0,0,0,0,0,0,0,0.086475356,0,0,0,0.033196674,0,0,0.06873295,0,0,0,0.086475356,0,0.065588126,0,0,0,0.166654101,0,0,0.234747777,0.265190125,0.293434721,0.121769393,0,0,1.869550462,0,0.271280856,0.864880344,0.583986248,0.099762813,0.436652846,0,1.153334718,0,1.672155497,0.131299404,1.305145782,0,1.742583982,0,1.672024967,0,1.764515059,0.06067397,1.904129127,0,1.726764034,0,1.418412731,0,2.165212879,0,1.522456153,0.314693669,0.092550472,0,0,0,0,0,2.705295471,1.932947446,1.807903559,0,0,0,0,0,0,0,0,0.143490858,0,0,0,0,0.236921067,0,0.066782276,1.496956454,0.983979905,2.485836648,2.137220158,2.800501022,2.423710779,1.391623791,2.193329759,1.615784387,1.472705033,0,0,0,0,0,0,0,0,0,0,0,0,0,0,0,0,0,0,0,0,0,0,0,0,0,0.115300474,0,0.485258404,0,0,0,0,0.192716537,0,0,0,0,0.215278221,0.082075225,0,0,0.065649702,0.164264473,0.264428964,0.035872715,0,0,0,0,0,0,0.219410905
40211264,0,0,0,0,0,0,0,0,0,0,0,0,0.034615389,0,0,0,0,0,0,0,0,0,0,0,0,0,0,0,0,0,0,0,0,0,1.818683155,0.111579533,0,0,0,0,0,0,1.767589886,0,1.820165819,0,1.556265749,0,1.987899597,0,3.156355633,0,0,0,1.113205366,0,0.099563129,0,0.28115201,0,0,0,0,0,1.404097879,0,0,0,0,0,2.400107458,0.181344278,0,0,0,0,0,0,0,0,0,0,0,0,0,0,0,0.475274293,1.687140774,0,0.302339948,0.502227552,0,0,0,0,0,0,0.427248867,1.27915683,0,0,0,0,0,0,0,0,0,0,0,0,0,0,0,0,0,0,0.031619038,0,0,0,0,0,0,0,0,0,0,0,0,0,0,0,0,0,0,0,0,0,0,0,0.056733812,0,0,0,0,0,0,0,0
40211266,0,0,0,0,0,0,0,0,0.216715395,0,0,0.08608717,0,0,0,0.075259406,0,0,0,0.093550283,0,0,0,0,0,0.181929149,0,0,0.215081743,0.242049187,0.268852178,0.24725801,0.34434868,0.393728441,1.88257757,0,0.277366278,1.092257837,0.620669882,0.226249273,0.393398426,0,1.38106486,0,1.818442869,0.175785646,1.404268587,0.167367329,1.325298471,0.280547885,1.881036902,0,2.205211398,0.055440822,1.238542487,0,1.925398932,0,1.692767134,0,3.18359714,0,1.526330408,0.201458581,0,0,0,0,0,0.054186772,1.882939698,1.803184726,1.687663679,0,0,0,0,0,0.054186772,0,0,0,0,0,0,0.104541174,0.106532024,0,0,1.595904394,1.509813737,2.273558446,2.990846673,2.621319775,3.306855365,1.203967103,1.832684525,1.519166812,1.882749885,0,0,0,0,0,0,0,0,0,0,0,0,0,0,0,0,0,0,0,0,0,0,0,0,0,0.353798222,0,0.290144877,0,0,0,0,0.467311035,0,0,0,0,0.229439032,0.094953828,0,0,0.132315605,0.153175148,0.545063506,0,0,0,0,0,0,0,0.402679632
40211267,0,0,0,0,0,0,0,0,0.186134128,0,0,0,0,0,0,0.2150273,0.054955695,0.118625224,0,0,0,0.066575927,0,0,0,0.176041451,0.088968918,0,0.488498358,0.546516665,0.320531415,0.413845666,0,0,2.888056984,0,0.263637513,1.074860706,0.665796745,0,0.262042497,0,1.604285814,0,1.528316288,0.156445061,1.175230872,0.034206793,1.741732069,0,1.946968388,0,1.791979843,0.068430845,1.521866131,0,2.097645403,0,1.862720254,0,2.964365378,0,2.10006758,0.213630436,0,0,0,0,0,0,1.95409967,2.269698402,1.891638831,0,0,0,0,0,0,0,0,0.109348293,0,0,0,0.08226939,0.229885316,0,0,1.773958641,0.964661311,3.514355862,2.313111732,3.571509069,2.34894844,1.420754478,2.654700926,1.346641936,1.448937491,0,0,0,0,0,0,0,0,0,0,0,0,0,0,0,0,0,0,0,0,0,0,0.065590818,0.10991139,0.088968918,0.246983651,0,0.331863018,0,0,0,0,0.187920694,0,0,0,0,0.117333795,0,0,0,0.200350427,0.111401939,0.304290991,0.027337073,0,0,0,0,0,0,0.209079226
40211268,0,0,0,0,0,0,0,0,0,0,0,0,0,0,0,0,0,0,0,0,0,0,0,0,0,0,0,0,0,0,0,0,0,0,0,0,0,0,0,0,0,0,0,0,0,0,0,0,0,0,0,0,0,0,0,0,0,0,0,0,0,0,0,0,0,0,0,0,0,0,0,0,0,0,0,0,0,0,0,0,0,0,0,0,0,0,0,0,0,0,0,0,0,0,0,0,0,0,0,0,0,0,0,0,0,0,0,0,0,0,0,0,0,0,0,0,0,0,0,0,0,0,0,0,0,0,0,0,0,0,0,0,0,0,0,0,0,0,0,0,0,0,0,0,0,0,0,0,0,0,0
40311101,0,0,0,0,0,0,0,0,0,0,0,0,0,0,0,0,0,0,0,0,0,0,0,0,0,0,0,0,0,0,0,0,0,1.05562577,0,0,0,0,0,0,0,2.011308021,0,0.316360916,0,2.004026453,0,0.329553278,0,0.2394129,0,0,0,0.050483149,0,0,0,0,0,0,0,0,0,0.076981282,0,0.076981282,0,0,0,0.215942633,0,0,0,0.02541871,0.151872007,0,0,0,0.076981282,0,0,0,0,0,0,0,0,0,0,0,0,0,0,0,0,0,0,0,0,0,0,0,0,0,0,0,0,0,0,0,0,0,0,0,0,0,0,0,0,0,0,0,0,0,0,0,0,0,0,0,0,0,0,0,0,0,0,0,0,0,0,0,0,0,0,0,0,0,0,0,0
40311104,0,0,0,0,0,0,0,0,0,0,0.229584606,0,0.03251881,0.057057699,0,0,0,0,0,0,0,0,0,0,0,0,0,0,0,0,0,0,0,1.146323347,0,0,0,0,0,0,0,1.823974243,0,1.719853572,0,1.435666024,0,1.629548004,0,1.959881793,0,0,0,2.224454609,0.067797064,1.766479759,0,1.772716724,0,1.281632559,0,0,0,1.095735818,0.058855769,1.347999633,2.108000192,1.885628324,0,3.105641341,0,0,0,0,0.904679265,0,1.26780128,0,2.019415487,2.677223585,0.631308486,2.141880506,0,0,0,0,0,0,0,0,0,0,0,0,0,0,0,0,0,0,0.079153021,0,0,0.118729532,0,0,0,0,0,0,0,0,0,0,0,0,0,0,0,0,0,0,0,0,0,0,0,0,0.127765636,0,0.205092359,0,0,0,0,0,0,0,0,0,0,0,0,0,0,0,0,0,0,0,0
40311105,0,0,0,0,0,0,0,0,0,0,0.42156182,0,0.033254886,0.100969836,0,0,0,0,0,0,0,0,0,0,0,0,0,0,0,0,0,0,0,1.42188184,0,0,0,0,0,0,0,1.795419893,0,1.804384673,0,2.157797615,0,2.09113844,0,2.16736546,0,0,0,2.489008768,0,1.903600372,0,1.452263221,0,1.026190513,0,0,0,1.475262735,0.146120107,1.882330117,2.052259573,2.076299058,0,2.063236547,0,0,0,0,1.141813444,0,1.40573236,0,2.405876831,2.817739277,0.907890885,0.747781315,0,0,0,0,0,0,0,0,0,0,0,0,0,0,0,0,0,0,0.06611872,0,0,0.09917808,0,0,0,0,0,0,0,0,0,0,0,0,0,0,0,0,0,0,0,0,0,0,0,0,0.133251703,0,0.151073278,0,0,0,0,0,0,0,0,0,0,0,0,0,0,0,0,0,0,0,0
40311106,0,0,0,0,0,0,0,0,0,0,0.191022041,0,0.03327648,0,0,0,0,0,0,0,0,0,0,0,0,0,0,0,0,0,0,0,0,1.570869769,0,0,0,0,0,0,0,2.920621188,0,2.562668355,0,2.168685356,0,1.959294699,0,2.497706412,0,0,0,1.893998371,0,1.543276992,0,1.621361418,0,0.751694382,0,0,0,1.271056924,0.060333297,1.068284707,1.596534208,1.3659762,0,2.727304679,0,0,0,0.032083385,0.755344733,0,1.322267933,0,1.204024836,1.92878445,0.532980777,0.765700838,0,0,0,0,0,0,0,0,0,0,0,0,0,0,0,0,0,0,0.07373404,0,0,0.11060106,0,0,0,0,0,0,0,0,0,0,0,0,0,0,0,0,0,0,0,0,0,0,0,0,0,0,0,0,0,0,0,0,0,0,0,0,0,0,0,0,0,0,0,0,0,0,0
40311107,0,0,0,0,0,0,0,0,0,0,0.158576082,0.029761587,0,0.029672339,0,0,0,0,0,0,0,0,0,0,0,0,0,0,0,0,0,0,0,2.463510996,0,0,0,0,0,0,0,1.504851949,0,2.082489062,0,2.200176059,0,1.852947217,0,2.069173603,0,0.029761587,0,2.282649732,0.158085851,1.83004439,0,1.988647645,0,1.399710058,0,0,0,1.317819079,0.150843849,1.301662944,3.192665063,2.342219765,0,2.701591376,0,0,0,0.029761587,1.138028372,0.029761587,1.576897931,0,2.081162659,2.845043422,0.954887235,1.887690628,0,0,0,0,0,0,0,0,0,0,0,0,0,0,0,0,0,0,0.07251147,0,0,0.108767206,0,0,0,0,0,0,0,0,0,0,0,0,0,0,0,0,0,0,0,0,0,0,0,0,0.155084772,0,0,0,0,0,0,0,0,0,0,0,0,0,0,0,0,0,0,0,0,0,0
40311108,0,0,0,0,0,0,0,0,0,0,0.234352316,0,0.027489092,0.062813976,0,0,0,0,0,0,0,0,0,0,0,0,0,0,0,0,0,0,0,2.384273985,0,0,0,0,0,0,0,1.881118938,0,2.345249721,0,2.017111741,0,1.940404926,0,2.346193542,0,0.083199531,0,1.854747342,0.102191798,1.917370363,0,2.026768873,0,1.117060471,0,0.110614934,0,1.14140516,0.070398076,1.372568522,3.389736384,2.592846342,0.222183188,2.053147375,0,0,0,0.083676191,0.733248646,0,1.82033485,0.111568254,2.006956827,3.074905519,1.254109151,1.177457332,0.083676191,0.111568254,0.111568254,0.082961201,0.111568254,0,0,0,0,0,0,0,0,0,0,0,0,0,0.060153691,0.138268668,0,0.201798791,0.110614934,0.055784127,0,0,0,0,0.138268668,0,0,0,0,0,0,0,0,0,0,0,0,0,0,0,0,0,0.146409865,0,0,0,0.055307467,0,0,0,0,0,0,0.027892064,0,0,0,0,0,0.138268668,0,0,0.055307467,0,0
40311109,0,0,0,0,0,0,0,0,0,0,0,0,0,0,0,0,0,0,0,0,0,0,0,0,0,0,0,0,0,0,0,0,0,2.414292175,0,0,0,0,0,0,0,1.829392679,0.032324912,1.872770774,0,2.296622286,0,1.366622568,0,2.228384905,0,0,0,0.510076661,0,0.12375477,0,0.154663298,0,0.030908528,0,0,0,0.592892076,0,0.381212233,0.061817056,0.030908528,0,1.639920748,0,0,0,0.038362613,0.757435162,0,0.12375477,0,0.38255922,0.123794989,0,0,0,0,0,0,0,0,0,0,0,0,0,0,0,0,0,0,0,0,0,0,0,0,0,0,0,0,0,0,0,0,0,0,0,0,0,0,0,0,0,0,0,0,0,0,0,0,0,0,0,0,0,0,0,0,0,0,0,0,0,0,0,0,0,0,0,0,0,0,0
40311110,0,0,0,0,0,0,0,0,0,0,0,0,0,0,0,0,0,0,0,0,0,0,0,0,0,0,0,0,0,0,0,0,0,1.060649288,0,0,0,0,0,0,0,1.915027587,0,1.661878312,0,1.454505189,0,0.799280369,0,2.896518822,0,0,0,0.561790981,0,0.144551278,0,0.254206701,0,0.082158912,0,0,0,0.409387894,0,0.325914947,0.270782277,0.054134414,0,1.661024478,0,0,0,0.027253389,0.870907239,0,0.117803168,0,0.210992085,0.28444818,0.080992731,0.08024433,0,0,0,0,0,0,0,0,0,0,0,0,0,0,0,0,0,0,0,0,0,0,0,0,0,0,0,0,0,0,0,0,0,0,0,0,0,0,0,0,0,0,0,0,0,0,0,0,0,0,0,0,0,0,0,0,0,0,0,0,0,0,0,0,0,0,0,0,0
40311111,0,0,0,0,0,0,0,0,0,0,0.418129187,0,0.037825775,0.077581315,0,0,0,0,0,0,0,0,0,0,0,0,0,0,0,0,0,0,0,1.440252758,0,0,0,0,0,0,0,1.584577564,0,1.670621324,0,1.62513136,0,2.265869814,0,2.830530016,0,0,0,2.222644975,0.059084449,1.962090642,0,1.779794394,0,0.999411824,0,0,0,1.366297247,0.064780151,1.400425054,2.201055143,1.877490238,0,2.994372208,0,0,0,0,1.132878751,0,1.172890423,0,1.948346211,2.716771445,0.639902771,1.347710749,0,0,0,0,0,0,0,0,0,0,0,0,0,0,0,0,0,0,0.067886112,0,0,0.101829168,0,0,0,0,0,0,0,0,0,0,0,0,0,0,0,0,0,0,0,0,0,0,0,0,0.131328822,0,0,0,0,0,0,0,0,0,0,0,0,0,0,0,0,0,0,0,0,0,0
40311112,0,0,0,0,0,0,0,0,0,0,0.165005557,0,0.029694447,0.032614828,0,0,0,0,0,0,0,0,0,0,0,0,0,0,0,0,0,0,0,2.68223002,0,0,0,0,0,0,0,2.155755876,0,2.479627254,0,2.03301401,0,2.201716603,0,2.324240827,0,0.028645746,0,2.058194892,0.099570948,1.959734572,0,2.112152431,0,1.171510967,0,0,0,1.342154453,0.069163037,1.254064414,3.232483878,2.468017825,0.114582983,2.191903636,0,0,0,0.085937237,0.971882448,0,2.001635973,0.114582983,1.982733487,3.051658545,1.223149906,1.462237008,0.085937237,0.114582983,0.114582983,0,0.114582983,0,0,0,0,0,0,0,0,0,0,0,0,0,0.066352038,0,0,0.214111041,0,0.057291492,0,0,0,0,0,0,0,0,0,0,0,0,0,0,0,0,0,0,0,0,0,0,0.137617452,0,0,0,0,0,0,0,0,0,0,0.028645746,0,0,0,0,0,0,0,0,0,0,0
40311113,0,0,0,0,0,0,0,0,0,0,0,0,0,0.029952828,0,0,0,0,0,0,0,0,0,0,0,0,0,0,0,0,0,0,0,2.941520352,0,0,0,0,0,0,0,1.983333133,0,1.066068835,0,2.365023926,0,1.453339031,0,0.959268582,0,0.029952828,0,0.602363722,0,0,0,0.029952828,0,0,0,0,0,0.577952676,0,0.534938788,0,0,0,0.897218713,0,0,0,0.031280175,1.765633668,0,0,0,0.394354758,0,0,0,0,0,0,0,0,0,0,0,0,0,0,0,0,0,0,0,0,0,0,0,0,0,0,0,0,0,0,0,0,0,0,0,0,0,0,0,0,0,0,0,0,0,0,0,0,0,0,0,0,0,0,0,0,0,0,0,0,0,0,0,0,0,0,0,0,0,0,0,0
40311114,0,0,0,0,0,0,0,0,0,0,0.156928602,0.034106105,0.029931017,0.031513138,0,0,0,0,0,0,0,0,0,0,0,0,0,0,0,0,0,0,0,1.495956889,0,0,0,0,0,0,0,2.641187962,0,2.590472444,0,2.174094995,0,2.239851798,0,2.22668937,0,0.034106105,0,2.871917035,0.068295263,1.756527668,0,1.772032313,0,1.052862419,0,0,0,1.265859983,0,1.734730832,2.304376528,1.660749601,0,2.721457644,0,0,0,0.034106105,1.629231678,0.034106105,1.218195223,0,1.959608759,2.336298433,0.759278499,1.72684881,0,0,0,0,0,0,0,0,0,0,0,0,0,0,0,0,0,0,0.094114208,0,0,0.141171312,0,0,0,0,0,0,0,0,0,0,0,0,0,0,0,0,0,0,0,0,0,0,0,0,0.153878116,0,0.16678602,0,0,0,0,0,0,0,0,0,0,0,0,0,0,0,0,0,0,0,0
40311115,0,0,0,0,0,0,0,0,0,0,0,0,0,0,0,0,0,0,0,0,0,0,0,0,0,0,0,0,0,0,0,0,0,1.05562577,0,0,0,0,0,0,0,2.011308021,0,0.316360916,0,2.004026453,0,0.329553278,0,0.2394129,0,0,0,0.050483149,0,0,0,0,0,0,0,0,0,0.076981282,0,0.076981282,0,0,0,0.215942633,0,0,0,0.02541871,0.151872007,0,0,0,0.076981282,0,0,0,0,0,0,0,0,0,0,0,0,0,0,0,0,0,0,0,0,0,0,0,0,0,0,0,0,0,0,0,0,0,0,0,0,0,0,0,0,0,0,0,0,0,0,0,0,0,0,0,0,0,0,0,0,0,0,0,0,0,0,0,0,0,0,0,0,0,0,0,0
40311116,0,0,0,0,0,0,0.093424737,0,0,0,0.159743246,0.035719037,0.033103483,0.061111186,0,0,0,0,0,0,0,0,0,0,0,0,0,0,0,0,0,0,0,1.990440076,0,0,0,0,0,0,0,1.279841602,0,2.249686241,0,1.829167133,0,1.953686155,0,2.619035291,0,0.094624915,0,1.942013385,0.066153609,1.863435652,0,1.728484324,0,1.185830282,0,0.271831011,0,0.79947914,0.062133005,0.982567983,2.919107986,1.827940589,0.181783554,2.168682134,0,0,0,0.035719037,0.770219585,0.035719037,1.279630559,0.117811756,1.230314189,1.745228089,0.792180257,1.113360819,0.088358817,0.093424737,0.30297259,0.093424737,0,0,0,0,0,0,0,0,0,0,0,0,0.271831011,0,0.061391357,0,0,0.092087036,0,0,0,0,0,0,0,0,0,0,0,0,0,0,0,0,0.124566316,0,0,0,0,0,0.124566316,0.155707896,0.151646097,0,0,0,0,0,0,0,0,0,0,0,0,0,0,0,0,0,0,0,0,0,0
40311117,0,0,0,0,0,0,0,0,0,0,0.14702697,0,0,0.02929929,0,0,0,0,0,0,0,0,0,0,0,0,0,0,0,0,0,0,0,2.371734207,0,0,0,0,0,0,0,2.083667099,0,2.554581692,0,1.738906644,0,1.690347394,0,1.836795526,0,0,0,2.157551697,0.226045104,1.595217704,0,1.751583695,0,1.100291152,0,0,0,1.311212002,0.056833114,1.242081242,3.159793125,2.428024869,0,2.19176859,0,0,0,0,0.836947305,0,1.51633125,0,2.387264366,3.051666179,1.391700823,1.754385004,0,0,0,0,0,0,0,0,0,0,0,0,0,0,0,0,0,0,0.062096585,0,0,0.093144878,0,0,0,0,0,0,0,0,0,0,0,0,0,0,0,0,0,0,0,0,0,0,0,0,0.144519517,0,0.170447787,0,0,0,0,0,0,0,0,0,0,0,0,0,0,0,0,0,0,0,0
40311118,0,0,0,0,0,0,0,0,0,0,0.250769624,0.03560247,0.032387718,0.030733179,0,0,0,0,0,0,0,0,0,0,0,0,0,0,0,0,0,0,0,2.289294093,0,0,0,0,0,0,0,1.531703413,0,2.254908921,0,2.123047844,0,2.412264005,0,2.798512123,0,0.065995361,0,2.681946376,0.06603342,2.060490796,0,1.704143167,0,1.220591926,0,0,0,1.231772526,0,1.575803359,2.937097539,2.085278959,0.030392891,2.486896885,0,0,0,0.03560247,1.320484356,0.03560247,1.448086773,0,2.033151866,2.535212255,1.008895601,1.824285225,0,0,0.030392891,0,0.030392891,0,0,0,0,0,0,0,0,0,0,0,0,0,0.077249713,0,0,0.11587457,0,0,0,0,0,0,0,0,0,0,0,0,0,0,0,0,0,0,0,0,0,0,0,0,0.310559988,0,0,0,0,0,0,0,0,0,0,0,0,0,0,0,0,0,0,0,0,0,0
40311119,0,0,0,0,0,0,0,0,0,0,0.063310002,0.032470258,0.031504506,0.060916673,0,0,0,0,0,0,0,0,0,0,0,0,0,0,0,0,0,0,0,1.391508796,0,0,0,0,0,0,0,2.71063142,0,2.520388617,0,1.664861512,0,1.884561314,0,2.304080861,0,0.062321105,0,2.836219914,0.068844268,1.909117008,0,1.688109802,0,1.03739453,0,0.089552541,0,1.414534146,0,1.531670647,2.659297257,1.556341503,0.059701694,2.409930949,0,0,0,0.062321105,1.001569239,0.032470258,1.356246577,0.119403388,1.418172939,2.047838854,0.866909625,1.453112588,0.063907412,0,0,0.089552541,0.127814824,0,0,0,0,0,0,0,0,0,0,0,0,0,0.079426685,0,0,0.119140028,0,0,0,0,0,0,0,0,0,0,0,0,0,0,0,0,0,0,0,0,0,0,0,0,0.13849562,0,0.165749211,0,0,0,0,0,0,0,0.029850847,0,0,0,0,0,0,0,0,0,0,0,0
40311120,0,0,0,0,0,0,0,0,0,0,0.257547236,0,0.029585356,0.095819531,0,0,0,0,0,0,0,0,0,0,0,0,0,0,0,0,0,0,0,2.215186602,0,0,0,0,0,0,0,1.819464464,0,1.890587087,0,2.034553213,0,1.820910787,0,2.307995275,0,0,0,2.300345252,0,2.338634275,0,2.076000062,0,1.441098008,0,0.086086951,0,1.227728781,0.196629927,1.425431824,3.071426072,2.325007694,0,2.408170712,0,0,0,0.02869565,0.64203496,0.02869565,2.187271268,0.0573913,1.872079793,2.84723369,0.818895539,1.190835929,0,0.02869565,0.0573913,0,0,0,0,0,0,0,0,0,0,0,0,0,0,0,0.0580225,0,0,0.08703375,0,0,0,0,0,0,0,0,0,0,0,0,0,0,0,0,0,0,0,0,0,0,0,0,0.117318461,0,0,0,0,0,0,0,0,0,0,0,0,0,0,0,0,0,0,0,0,0,0
40311121,0,0,0,0,0,0,0,0,0,0,0.252326258,0,0,0.033701902,0,0,0,0,0,0,0,0,0,0,0,0,0,0,0,0,0,0,0,2.158588248,0,0,0,0,0,0,0,2.489237557,0,2.43120543,0,1.898360259,0,1.47496526,0,2.348452788,0,0,0,1.984109151,0.095648877,1.542516965,0,1.691920576,0,1.080977775,0,0,0,1.207301128,0.072610838,1.127541311,2.882074159,1.867194672,0,2.51050469,0,0,0,0,0.861345629,0,1.194410591,0,2.296759342,2.866613287,1.103437256,1.096437766,0,0,0,0,0,0,0,0,0,0,0,0,0,0,0,0,0,0,0.069288709,0,0,0.103933063,0,0,0,0,0,0,0,0,0,0,0,0,0,0,0,0,0,0,0,0,0,0,0,0,0.126437566,0,0.150326085,0,0,0,0,0,0,0,0,0,0,0,0,0,0,0,0,0,0,0,0
40311122,0,0,0,0,0,0,0,0,0,0,0.206825126,0.028683592,0.03386841,0,0,0,0,0,0,0,0,0,0,0,0,0,0,0,0,0,0,0,0,2.224514594,0,0,0,0,0,0,0,1.585742859,0,2.602253899,0,1.652281518,0,2.051952764,0,2.573711443,0,0.028683592,0,2.106286347,0.176618551,1.649543382,0,1.755163703,0,0.824927835,0,0,0,0.878620854,0,1.024711335,2.272357901,1.983615529,0,2.600978919,0,0,0,0.028683592,0.959358226,0.028683592,1.263936501,0,1.493398785,2.630926356,1.076911485,1.906718245,0,0,0,0,0,0,0,0,0,0,0,0,0,0,0,0,0,0,0.067317826,0,0,0.100976739,0,0,0,0,0,0,0,0,0,0,0,0,0,0,0,0,0,0,0,0,0,0,0,0,0.158465034,0,0.156559752,0,0,0,0,0,0,0,0,0,0,0,0,0,0,0,0,0,0,0,0
40311123,0,0,0,0,0,0,0,0,0,0,0.159082754,0.033439566,0.032245323,0.064864661,0,0,0,0,0,0,0,0,0,0,0,0,0,0,0,0,0,0,0,1.605628971,0,0,0,0,0,0,0,1.27412455,0,1.935967297,0,1.538372679,0,2.059872181,0,3.184647986,0,0.033439566,0,2.518490462,0.104093239,1.512963933,0,1.394416585,0,0.823331,0,0,0,1.325114653,0,1.407328959,1.913818313,1.350440941,0,3.013561503,0,0,0,0.033439566,1.812787204,0.033439566,0.787433536,0,1.663367228,1.623069824,0.364742874,1.662555379,0,0,0,0,0,0,0,0,0,0,0,0,0,0,0,0,0,0,0.075536684,0,0,0.113305025,0,0,0,0,0,0,0,0,0,0,0,0,0,0,0,0,0,0,0,0,0,0,0,0,0.145482617,0,0,0,0,0,0,0,0,0,0,0,0,0,0,0,0,0,0,0,0,0,0
40311124,0,0,0,0,0,0,0,0,0,0,0.093076449,0,0.030978396,0,0,0,0,0,0,0,0,0,0,0,0,0,0,0,0,0,0,0,0,1.11447489,0,0,0,0,0,0,0,1.352574402,0,1.440604998,0,1.280970244,0,1.300794462,0,3.087729465,0,0,0,1.419549597,0.061540547,0.436035289,0,0.308045041,0,0.062050966,0,0,0,0.994149954,0,0.876848002,0.217753027,0.216998923,0,2.445222365,0,0,0,0,1.150046246,0,0.184189428,0,0.944022873,0.43453847,0.062484992,0.186038309,0,0,0,0,0,0,0,0,0,0,0,0,0,0,0,0,0,0,0,0,0,0,0,0,0,0,0,0,0,0,0,0,0,0,0,0,0,0,0,0,0,0,0,0,0,0,0,0,0,0,0,0,0,0,0,0,0,0,0,0,0,0,0,0,0,0,0,0,0
40311125,0,0,0,0,0,0,0,0,0,0,0,0,0,0,0,0,0,0,0,0,0,0,0,0,0,0,0,0,0,0,0,0,0,3.625951527,0,0,0,0,0,0,0,2.10093861,0,0,0,0.822494828,0,0,0,0.030191048,0,0,0,0,0,0,0,0,0,0,0,0,0,0.030191048,0,0.030191048,0,0,0,0.030191048,0,0,0,0,0,0,0,0,0.030191048,0,0,0,0,0,0,0,0,0,0,0,0,0,0,0,0,0,0,0,0,0,0,0,0,0,0,0,0,0,0,0,0,0,0,0,0,0,0,0,0,0,0,0,0,0,0,0,0,0,0,0,0,0,0,0,0,0,0,0,0,0,0,0,0,0,0,0,0,0,0,0,0
40311126,0,0,0,0,0,0,0,0,0,0,0,0,0,0,0,0,0,0,0,0,0,0,0,0,0,0,0,0,0,0,0,0,0,3.537689475,0,0,0,0,0,0,0,2.169648974,0,0,0,0.999627402,0,0,0,0.03242563,0,0,0,0,0,0,0,0,0,0,0,0,0,0.03242563,0,0.03242563,0,0,0,0.03242563,0,0,0,0,0,0,0,0,0.03242563,0,0,0,0,0,0,0,0,0,0,0,0,0,0,0,0,0,0,0,0,0,0,0,0,0,0,0,0,0,0,0,0,0,0,0,0,0,0,0,0,0,0,0,0,0,0,0,0,0,0,0,0,0,0,0,0,0,0,0,0,0,0,0,0,0,0,0,0,0,0,0,0
40311127,0,0,0,0,0,0,0,0,0,0,0,0,0,0,0,0,0,0,0,0,0,0,0,0,0,0,0,0,0,0,0,0,0,1.434806766,0,0,0,0,0,0,0,1.55850159,0,1.781353841,0,1.805927546,0,1.122174185,0,2.97843765,0,0,0,1.123078331,0,0,0,0.031342152,0,0,0,0,0,0.949084972,0,0.718023357,0.031342152,0,0,1.694232184,0,0,0,0,1.863940386,0,0,0,0.787600581,0,0.031342152,0,0,0,0,0,0,0,0,0,0,0,0,0,0,0,0,0,0,0,0,0,0,0,0,0,0,0,0,0,0,0,0,0,0,0,0,0,0,0,0,0,0,0,0,0,0,0,0,0,0,0,0,0,0,0,0,0,0,0,0,0,0,0,0,0,0,0,0,0,0
40311128,0,0,0,0,0,0,0,0,0,0,0.158114308,0,0.03062065,0.033560563,0,0,0,0,0,0,0,0,0,0,0,0,0,0,0,0,0,0,0,1.726157991,0,0,0,0,0,0,0,2.230059678,0,2.215313089,0,2.064890315,0,1.894471586,0,2.183209834,0,0,0,2.484142147,0.067301125,2.120444451,0,2.154508965,0,1.551652705,0,0,0,1.443030253,0.071797446,1.496506888,2.950807395,2.372368884,0,2.819922403,0,0,0,0,0.82480685,0,1.852866596,0,2.082737245,2.918701623,0.883335245,1.632814409,0,0,0,0,0,0,0,0,0,0,0,0,0,0,0,0,0,0,0.076118574,0,0,0.114177861,0,0,0,0,0,0,0,0,0,0,0,0,0,0,0,0,0,0,0,0,0,0,0,0,0.134657873,0,0.159792697,0,0,0,0,0,0,0,0,0,0,0,0,0,0,0,0,0,0,0,0
40311129,0,0,0,0,0,0,0,0,0,0,0.15131255,0,0.033660877,0.091380576,0,0,0,0,0,0,0,0,0,0,0,0,0,0,0,0,0,0,0,2.223160971,0,0,0,0,0,0,0,1.823305019,0,1.899923868,0,1.923600191,0,1.716675508,0,1.963558714,0,0,0,2.323455795,0,2.211116106,0,2.068682582,0,1.447749514,0,0.091337029,0,1.246964297,0.191052124,1.517281717,3.216806793,2.5007561,0,2.186775908,0,0,0,0.030445676,0.520569321,0.030445676,2.275803196,0.060891352,1.523631331,2.779520579,0.885741456,1.102804987,0.055116232,0.030445676,0.060891352,0,0.110232463,0,0,0,0,0,0,0,0,0,0,0,0,0,0,0,0,0,0,0,0,0,0,0,0,0,0,0,0,0,0,0,0,0,0,0,0,0,0,0,0,0,0.126359175,0,0,0,0,0,0,0,0,0,0,0,0,0,0,0,0,0,0,0,0,0,0
40311130,0,0,0,0,0,0,0,0,0,0,0.264518903,0,0.040111417,0.037202885,0,0,0,0,0,0,0,0,0,0,0,0,0,0,0,0,0,0,0,2.819624616,0,0,0.124964852,0,0,0.093723639,0.124964852,1.38854525,0,1.943355329,0,1.679133936,0,1.927903289,0,2.323107543,0,0.031241213,0,2.803858168,0,1.568043191,0,1.3790286,0,1.094836467,0,0,0,1.524614092,0.09840963,1.57804239,1.886473445,2.304282705,0,1.965165417,0,0,0,0.062482426,1.012323821,0.124964852,1.592319771,0.124964852,1.537677969,2.708729254,0.932158826,0.911849316,0,0,0.124964852,0,0,0,0,0,0,0,0,0,0,0,0,0,0,0,0,0,0,0,0,0,0,0,0,0,0,0,0,0,0,0,0,0,0,0,0,0,0,0,0,0,0,0,0.140086055,0,0,0,0,0,0,0,0,0,0,0,0,0,0,0,0,0,0,0,0,0,0
40311131,0,0,0,0,0,0,0,0,0,0,0.250145682,0,0.034244589,0.067169421,0,0,0,0,0,0,0,0,0,0,0,0,0,0,0,0,0,0,0,2.22602249,0,0,0,0,0,0,0,1.67830375,0.033947555,1.798867972,0,1.779993039,0,1.94036581,0,3.219482842,0,0,0,2.407616271,0,1.383552043,0,1.001032206,0,0.628854588,0,0,0,1.6514418,0.068209975,1.576080293,1.467970498,1.076972903,0,2.749444536,0,0,0,0,1.477783551,0,0.85794909,0,2.250569045,1.721780995,0.370094591,0.572238091,0,0,0,0,0,0,0,0,0,0,0,0,0,0,0,0,0,0,0.062682798,0,0,0.094024196,0,0,0,0,0,0,0,0,0,0,0,0,0,0,0,0,0,0,0,0,0,0,0,0,0.128915823,0,0,0,0,0,0,0,0,0,0,0,0,0,0,0,0,0,0,0,0,0,0
40311132,0,0,0,0,0,0,0,0,0,0,0,0,0,0,0,0,0,0,0,0,0,0,0,0,0,0,0,0,0,0,0,0,0,2.725257687,0,0,0,0,0,0,0,2.512355518,0,2.730959425,0,2.146008995,0,1.290246468,0,1.984971838,0,0,0,1.812080427,0,0.936277616,0,1.284624012,0,0.58350802,0,0,0,1.197625385,0.066794158,0.974677774,1.52152045,1.074807717,0,2.547336667,0,0,0,0,1.029276387,0,1.039437701,0,1.342240685,1.420332431,0.364124427,0.615602511,0,0,0,0,0,0,0,0,0,0,0,0,0,0,0,0,0,0,0.062641099,0,0,0.093961649,0,0,0,0,0,0,0,0,0,0,0,0,0,0,0,0,0,0,0,0,0,0,0,0,0,0,0,0,0,0,0,0,0,0,0,0,0,0,0,0,0,0,0,0,0,0,0
40311133,0,0,0,0,0,0,0,0,0,0,0,0,0,0.030279614,0,0,0,0,0,0,0,0,0,0,0,0,0,0,0,0,0,0,0,2.909905094,0,0,0,0,0,0,0,3.207244672,0,3.210415681,0,2.351648558,0,2.125723674,0,2.170841215,0,0.088560886,0,2.408428568,0.09696112,1.61378539,0,1.822458899,0,0.800986104,0,0.209001165,0,1.47537258,0.159891783,1.537853346,2.290435508,2.021022975,0.147642047,1.94519759,0,0,0,0.120566724,0.997464541,0.030279614,1.846268867,0.090038953,1.901893682,2.286884383,1.105070611,0.938525291,0.117918898,0.059759339,0.060559228,0.118101466,0,0,0,0,0,0,0,0,0,0,0,0,0,0,0.062786886,0.147702903,0,0.094180328,0.118162322,0,0,0,0,0,0.147702903,0,0,0,0,0,0,0,0,0,0,0,0,0,0,0,0,0,0.246474511,0,0.147127357,0,0.059081161,0,0,0,0,0,0,0,0,0,0,0,0,0.147702903,0,0,0.059081161,0,0
40311134,0,0,0,0,0,0,0,0,0,0,0.39852264,0,0.028268739,0.14765813,0,0,0,0,0,0,0,0,0,0,0,0,0,0,0,0,0,0,0,1.554924063,0,0,0,0,0,0,0,1.642291887,0,1.771290327,0,1.902578974,0,1.771821751,0,2.490554427,0,0,0,1.853711404,0.065288967,2.213630999,0,1.957409195,0,1.179362569,0,0.082885291,0,1.147639973,0.072100424,1.418526283,3.134638601,2.067031297,0,2.319710427,0,0,0,0.02762843,0.769114506,0.02762843,1.513111951,0.055256861,1.912187885,2.762516706,0.832698801,1.143494289,0,0.02762843,0.055256861,0,0,0,0,0,0,0,0,0,0,0,0,0,0,0,0.066257997,0,0,0.099386995,0,0,0,0,0,0,0,0,0,0,0,0,0,0,0,0,0,0,0,0,0,0,0,0,0.128716471,0,0,0,0,0,0,0,0,0,0,0,0,0,0,0,0,0,0,0,0,0,0
40311135,0,0,0,0,0,0,0,0.116048747,0,0,0.140334149,0,0.069103756,0.064221742,0,0,0.056190824,0,0,0,0,0,0,0,0,0,0,0,0,0,0,0,0,2.605529465,0,0,0.112381649,0,0,0.084286236,0.112381649,1.585666359,0,1.919929218,0,2.216021926,0,2.070560084,0,1.542817786,0,0.222039863,0,2.757661837,0,2.460660941,0,2.268785248,0,1.082585131,0,0.35510186,0,1.255795852,0.242621864,1.507399233,2.358988016,2.776064656,0.259534255,1.782713577,0,0,0,0.282507322,0.494569463,0.150841792,2.690804822,0.291955278,1.174774693,2.458328113,0.680750492,0.964534484,0,0.034793045,0.06958609,0.28380377,0.101499471,0,0,0,0,0,0,0,0,0,0,0,0,0,0,0.144237621,0,0,0.115390097,0,0,0.140477061,0,0,0.228523857,0,0.084286236,0,0,0,0,0,0,0,0,0,0,0,0,0,0,0.08703656,0.11542984,0,0,0.028095412,0.141981285,0,0,0,0,0,0,0,0,0,0,0,0,0.284714682,0.029012187,0,0.113885873,0,0
40311136,0,0,0,0,0,0,0,0,0,0,0,0,0,0,0,0,0,0,0,0,0,0,0,0,0,0,0,0,0,0,0,0,0,3.772707497,0,0,0,0,0,0,0,1.088911347,0,0,0,1.638815331,0,0,0,0.031558974,0,0,0,0,0,0,0,0,0,0,0,0,0,0.031558974,0,0.031558974,0,0,0,0.031558974,0,0,0,0,0,0,0,0,0.031558974,0,0,0,0,0,0,0,0,0,0,0,0,0,0,0,0,0,0,0,0,0,0,0,0,0,0,0,0,0,0,0,0,0,0,0,0,0,0,0,0,0,0,0,0,0,0,0,0,0,0,0,0,0,0,0,0,0,0,0,0,0,0,0,0,0,0,0,0,0,0,0,0
40311137,0,0,0,0,0,0,0,0,0,0,0.266544296,0,0,0.035185969,0,0,0,0,0,0,0,0,0,0,0,0,0,0,0,0,0,0,0,1.810305217,0,0,0,0,0,0,0,2.499688782,0,2.366240916,0,2.287901652,0,2.040891514,0,2.062995177,0,0.031725049,0,2.200045694,0.100130076,1.761168176,0,2.136194126,0,1.435129304,0,0.095175148,0,1.566330155,0.056615397,1.53039317,3.286776578,2.346900148,0.063450099,2.417249422,0,0,0,0.031725049,0.785390327,0,1.504717135,0.126900198,2.187976802,2.997592583,1.295781726,1.384065649,0,0,0,0.095175148,0,0,0,0,0,0,0,0,0,0,0,0,0,0,0.069132219,0,0,0.103698329,0,0,0,0,0,0,0,0,0,0,0,0,0,0,0,0,0,0,0,0,0,0,0,0,0.123387958,0,0.158686103,0,0,0,0,0,0,0,0.031725049,0,0,0,0,0,0,0,0,0,0,0,0
40311138,0,0,0,0,0,0,0,0,0,0,0.339394574,0,0.031482122,0.037366891,0,0,0,0,0,0,0,0,0,0,0,0,0,0,0,0,0,0,0,2.298255099,0,0,0,0,0,0,0,1.433821649,0.02990765,2.070513859,0,1.954072006,0,2.078932549,0,2.514489646,0,0,0,1.626089707,0,1.845916413,0,1.885252051,0,0.879925775,0,0,0,0.885638359,0.062902067,0.989332354,2.659590013,1.971866808,0,2.625443745,0,0,0,0,0.679205901,0,1.341721429,0,1.696721942,2.672367601,1.028020881,1.048905388,0,0,0,0,0,0,0,0,0,0,0,0,0,0,0,0,0,0,0.05906936,0,0,0.08860404,0,0,0,0,0,0,0,0,0,0,0,0,0,0,0,0,0,0,0,0,0,0,0,0,0.142191984,0,0,0,0,0,0,0,0,0,0,0,0,0,0,0,0,0,0,0,0,0,0
40311139,0,0,0,0,0,0,0,0,0,0,0.203440722,0,0.050074848,0,0,0,0,0,0,0,0,0,0,0,0,0,0,0,0,0,0,0,0,2.184667061,0,0,0,0,0,0,0,1.534832274,0,2.153397192,0,1.923162897,0,2.320623691,0,2.890141069,0,0,0,2.815974212,0.062047435,2.01995776,0,1.626068665,0,0.910295877,0,0,0,1.474974919,0.169316189,1.539569271,1.803115365,1.879347852,0,2.926671055,0,0,0,0,1.33377361,0,1.700066402,0,1.487639594,2.197592679,0.635654764,1.313383098,0,0,0,0,0,0,0,0,0,0,0,0,0,0,0,0,0,0,0.06370095,0,0,0.095551424,0,0,0,0,0,0,0,0,0,0,0,0,0,0,0,0,0,0,0,0,0,0,0,0,0.137304501,0,0,0,0,0,0,0,0,0,0,0,0,0,0,0,0,0,0,0,0,0,0
40311140,0,0,0,0,0,0,0,0,0,0,0.144336021,0.032730227,0.030579744,0.057320816,0,0,0,0,0,0,0,0,0,0,0,0,0,0,0,0,0,0,0,1.676725808,0,0,0,0,0,0,0,2.300520804,0,1.815970137,0,2.153966009,0,2.138753275,0,1.830818721,0,0.062724331,0,2.837533138,0,2.338259509,0,2.213463717,0,1.666106696,0,0.175473287,0,1.478479901,0.162982576,1.832701783,3.074149161,2.426789348,0.059988207,2.219422213,0,0,0,0.091221323,0.679778639,0.061227219,2.104483553,0.176970399,1.507838088,2.663449752,0.860014464,1.726926916,0.061393334,0.028496992,0.056993984,0.089982311,0.122786668,0,0,0,0,0,0,0,0,0,0,0,0,0,0.071795759,0,0,0.107693639,0,0,0,0,0,0,0,0,0,0,0,0,0,0,0,0,0,0,0,0,0,0,0,0,0.130889764,0,0,0,0,0,0,0,0,0,0.029994104,0,0,0,0,0,0,0,0,0,0,0,0
40311141,0,0,0,0,0,0,0,0,0,0,0,0,0,0,0,0,0,0,0,0,0,0,0,0,0,0,0,0,0,0,0,0,0,3.689260274,0,0,0,0,0,0,0,1.033326977,0,0.113633414,0,2.398296997,0,0.249222294,0,0.234048655,0,0,0,0,0,0,0,0,0,0,0,0,0,0.03122453,0,0.03122453,0,0,0,0.03122453,0,0,0,0,0.084121367,0,0,0,0.03122453,0,0,0,0,0,0,0,0,0,0,0,0,0,0,0,0,0,0,0,0,0,0,0,0,0,0,0,0,0,0,0,0,0,0,0,0,0,0,0,0,0,0,0,0,0,0,0,0,0,0,0,0,0,0,0,0,0,0,0,0,0,0,0,0,0,0,0,0,0,0,0,0
40311142,0,0,0,0,0,0,0,0,0,0,0,0,0,0,0,0,0,0,0,0,0,0,0,0,0,0,0,0,0,0,0,0,0,1.724196839,0,0,0,0,0,0,0,1.309821889,0.029323781,1.583620577,0,1.791735957,0,0.955108971,0,3.091360029,0,0,0,0.626970274,0,0,0,0.031045849,0,0,0,0,0,0.602809642,0,0.38602122,0.031045849,0,0,1.272379116,0,0,0,0.029306042,1.072886105,0,0,0,0.32483522,0,0.031045849,0,0,0,0,0,0,0,0,0,0,0,0,0,0,0,0,0,0,0,0,0,0,0,0,0,0,0,0,0,0,0,0,0,0,0,0,0,0,0,0,0,0,0,0,0,0,0,0,0,0,0,0,0,0,0,0,0,0,0,0,0,0,0,0,0,0,0,0,0,0
40311143,0,0,0,0,0,0,0,0,0,0,0,0,0,0,0,0,0,0,0,0,0,0,0,0,0,0,0,0,0,0,0,0,0,3.545096552,0,0,0,0,0,0,0,1.251206798,0.034725393,0.488781557,0,2.333091561,0,0.363240449,0,1.235612397,0,0,0,0.071771057,0,0,0,0,0,0,0,0,0,0.261770686,0,0.070769135,0,0,0,0.433474075,0,0,0,0,0.322590051,0,0,0,0.19813992,0,0,0,0,0,0,0,0,0,0,0,0,0,0,0,0,0,0,0,0,0,0,0,0,0,0,0,0,0,0,0,0,0,0,0,0,0,0,0,0,0,0,0,0,0,0,0,0,0,0,0,0,0,0,0,0,0,0,0,0,0,0,0,0,0,0,0,0,0,0,0,0
40311145,0,0,0,0,0,0,0,0,0,0,0,0,0,0,0,0,0,0,0,0,0,0,0,0,0,0,0,0,0,0,0,0,0,1.05562577,0,0,0,0,0,0,0,2.011308021,0,0.316360916,0,2.004026453,0,0.329553278,0,0.2394129,0,0,0,0.050483149,0,0,0,0,0,0,0,0,0,0.076981282,0,0.076981282,0,0,0,0.215942633,0,0,0,0.02541871,0.151872007,0,0,0,0.076981282,0,0,0,0,0,0,0,0,0,0,0,0,0,0,0,0,0,0,0,0,0,0,0,0,0,0,0,0,0,0,0,0,0,0,0,0,0,0,0,0,0,0,0,0,0,0,0,0,0,0,0,0,0,0,0,0,0,0,0,0,0,0,0,0,0,0,0,0,0,0,0,0
40311146,0,0,0,0,0,0,0,0,0,0,0.091079941,0,0,0.031904304,0,0,0,0,0,0,0,0,0,0,0,0,0,0,0,0,0,0,0,2.673757449,0,0,0,0,0,0,0,2.106851138,0,2.653436009,0,1.39153833,0,1.676452905,0,1.564422074,0,0,0,2.321375842,0.111935867,1.413735366,0,1.537621874,0,0.913154444,0,0.095712912,0,1.18152514,0.057903555,1.305216804,2.608449438,1.954565751,0,1.940302366,0,0,0,0.031904304,0.65905436,0.031904304,1.473206854,0.063808608,1.925534436,2.491297436,1.227217247,0.973320908,0,0.031904304,0.063808608,0,0,0,0,0,0,0,0,0,0,0,0,0,0,0,0.063047803,0,0,0.094571704,0,0,0,0,0,0,0,0,0,0,0,0,0,0,0,0,0,0,0,0,0,0,0,0,0.137125686,0,0.145179011,0,0,0,0,0,0,0,0,0,0,0,0,0,0,0,0,0,0,0,0
40311148,0,0,0,0,0,0,0,0,0,0,0,0,0,0,0,0,0,0,0,0,0,0,0,0,0,0,0,0,0,0,0,0,0,2.472672286,0,0,0,0,0,0,0,1.231549421,0.039871245,1.549563792,0,1.816692537,0,1.055958415,0,2.778623406,0,0,0,0.781102396,0,0.11650952,0,0.029017836,0,0.058035673,0,0,0,0.725659043,0,0.562973558,0.116071346,0.058035673,0,1.836691955,0,0,0,0,0.97800397,0,0,0,0.681179917,0.058327789,0,0,0,0,0,0,0,0,0,0,0,0,0,0,0,0,0,0,0,0,0,0,0,0,0,0,0,0,0,0,0,0,0,0,0,0,0,0,0,0,0,0,0,0,0,0,0,0,0,0,0,0,0,0,0,0,0,0,0,0,0,0,0,0,0,0,0,0,0,0,0
40311150,0,0,0,0,0,0,0,0,0,0,0,0,0,0,0,0,0,0,0,0,0,0,0,0,0,0,0,0,0,0,0,0,0,3.359787856,0,0,0,0,0,0,0,0.980389068,0.037627267,1.262205419,0,2.471296967,0,1.218683289,0,2.395888772,0,0,0,1.011755963,0,0,0,0,0,0,0,0,0,1.042149796,0,0.710550372,0,0,0,1.308591341,0,0,0,0,1.402736503,0,0,0,0.677587259,0,0,0,0,0,0,0,0,0,0,0,0,0,0,0,0,0,0,0,0,0,0,0,0,0,0,0,0,0,0,0,0,0,0,0,0,0,0,0,0,0,0,0,0,0,0,0,0,0,0,0,0,0,0,0,0,0,0,0,0,0,0,0,0,0,0,0,0,0,0,0,0
40311151,0,0,0,0,0,0,0,0,0,0,0.249340516,0.036767589,0.031235649,0.031344675,0,0,0,0,0,0,0,0,0,0,0,0,0,0,0,0,0,0,0,2.28642424,0,0,0.115602608,0,0,0,0,1.489823102,0.029248267,1.855470026,0,2.392981493,0,2.380716112,0,2.494402278,0,0.065668241,0,2.173675816,0.068968605,2.103997996,0,2.092331427,0,1.423427251,0,0,0,1.406432386,0.162217522,1.270268689,3.054875671,2.469435709,0.086701956,2.612301153,0,0,0,0.094568893,0.798794198,0.123469545,2.096181018,0,1.596394211,2.595515588,0.926971456,1.726781561,0.086701956,0,0,0,0.115602608,0,0,0,0,0,0,0,0,0,0,0,0,0,0.061552144,0,0,0.092328216,0,0,0,0,0,0,0,0,0,0,0,0.086701956,0,0,0,0,0,0,0,0,0,0,0,0,0.136778723,0,0,0,0,0,0,0,0,0,0,0,0,0,0,0,0,0,0,0,0,0,0
40311152,0,0,0,0,0,0,0,0,0,0,0,0.028319497,0,0,0,0,0,0,0,0,0,0,0,0,0,0,0,0,0,0,0,0,0,1.398878631,0,0,0,0,0,0,0,1.005194654,0.02919107,1.35823604,0,1.813547234,0,1.203910911,0,3.070885863,0,0.028319497,0,0.759441484,0,0.028319497,0,0.03858753,0,0.028319497,0,0,0,0.576140073,0,0.493675309,0.123546021,0,0,1.377689132,0,0,0,0.028319497,1.584230475,0.028319497,0,0,0.56745488,0,0.03858753,0.084958492,0,0,0,0,0,0,0,0,0,0,0,0,0,0,0,0,0,0,0,0,0,0,0,0,0,0,0,0,0,0,0,0,0,0,0,0,0,0,0,0,0,0,0,0,0,0,0,0,0,0,0,0,0,0,0,0,0,0,0,0,0,0,0,0,0,0,0,0,0
40311153,0,0,0,0,0,0,0,0,0,0,0.178878124,0,0.038627419,0.030430072,0,0,0,0,0,0,0,0,0,0,0,0,0,0,0,0,0,0,0,2.552385222,0,0,0,0,0,0,0,2.061580735,0,2.455519372,0,1.886523851,0,2.208028175,0,1.860165911,0,0.058200306,0,2.860073242,0,2.169259243,0,2.11330488,0,1.155038697,0,0.207690828,0,1.162068235,0.164456232,1.49950163,2.349579751,2.371309078,0.116400612,2.682497287,0,0,0,0.030430072,0.707697359,0.030430072,2.215941586,0.060860144,1.423121385,2.687948557,0.917792411,1.660842346,0,0.030430072,0.060860144,0.087300459,0,0,0,0,0,0,0,0,0,0,0,0,0,0,0.066466071,0.145500765,0,0.099699107,0.116400612,0,0,0,0,0,0.145500765,0,0,0,0,0,0,0,0,0,0,0,0,0,0,0,0,0,0.13199536,0,0.155156894,0,0.058200306,0,0,0,0,0,0,0,0,0,0,0,0,0.145500765,0,0,0.058200306,0,0
40311154,0,0,0,0,0,0,0,0,0,0,0.164634281,0.030394168,0.037588877,0.031640977,0,0,0,0,0,0,0,0,0,0,0,0,0,0,0,0,0,0,0,2.409451356,0,0,0,0,0,0,0,1.970366181,0,2.359664889,0,2.437066089,0,2.173515994,0,2.375183511,0,0.030394168,0,2.518110505,0.06257947,2.086899944,0,2.050830519,0,1.250306612,0,0,0,1.489519102,0.158630426,1.379343798,3.141418067,2.310645625,0,2.657732552,0,0,0,0.030394168,0.975762824,0.030394168,2.014072771,0,1.580675112,2.660617059,0.899644631,1.429540316,0,0,0,0,0,0,0,0,0,0,0,0,0,0,0,0,0,0,0.063133268,0,0,0.094699901,0,0,0,0,0,0,0,0,0,0,0,0,0,0,0,0,0,0,0,0,0,0,0,0,0.137130795,0,0,0,0,0,0,0,0,0,0,0,0,0,0,0,0,0,0,0,0,0,0
40311155,0,0,0,0,0,0,0,0,0,0,0.058984221,0,0.029442418,0.061917807,0,0,0,0,0,0,0,0,0,0,0,0,0,0,0,0,0,0,0,1.79070282,0,0,0,0,0,0,0,3.174913199,0,2.879075739,0,2.405699073,0,2.73489658,0,1.756572922,0,0.201138107,0,3.088324012,0,1.845897317,0,2.043978248,0,1.135022335,0,0.505953733,0,1.665520926,0,2.058561766,2.150173958,2.069538309,0.335849636,1.75763604,0,0,0,0.167413433,1.031713487,0.032425697,1.589433579,0.389220602,1.303350848,1.770087481,0.882055149,0.92550816,0.296197269,0.065622086,0.231002343,0.24476292,0.127442289,0,0,0,0,0,0,0,0,0,0,0,0.166150949,0,0.07039572,0.15479581,0,0.10559358,0.123836648,0,0,0,0,0,0.15479581,0,0,0,0,0,0,0,0,0,0,0,0,0,0,0,0,0,0.252606881,0,0,0,0.061918324,0,0,0,0,0,0.039563015,0,0,0,0,0,0,0.15479581,0,0,0.061918324,0,0
40311157,0,0,0,0,0,0,0,0,0,0,0.145075143,0,0.029272782,0.030597066,0,0,0,0,0,0,0,0,0,0,0,0,0,0,0,0,0,0,0,2.389404153,0,0,0.125358709,0,0,0.094019032,0.125358709,2.259824904,0,2.216636854,0,2.035575712,0,2.085659179,0,1.758036845,0,0.06008088,0,2.709087869,0.097029228,1.804754872,0,1.921033666,0,1.514273707,0,0.086223609,0,1.570227007,0.169013644,1.74619448,2.828484289,2.76587561,0.057482406,1.922123706,0,0,0,0.091420557,0.704985791,0.125358709,2.113832458,0.240323521,1.882892198,3.087432504,1.390659856,1.410115567,0,0,0.125358709,0.086223609,0,0,0,0,0,0,0,0,0,0,0,0,0,0,0.056647527,0,0,0.08497129,0,0,0,0,0,0,0,0,0,0,0,0,0,0,0,0,0,0,0,0,0,0,0,0,0.133347329,0,0.143890661,0,0,0,0,0,0,0,0.028741203,0,0,0,0,0,0,0,0,0,0,0,0
40311158,0,0,0,0,0,0,0,0,0,0,0.145029418,0,0.029696706,0.029127102,0,0,0,0,0,0,0,0,0,0,0,0,0,0,0,0,0,0,0,1.865486567,0,0,0,0,0,0,0,2.779180319,0,2.676896116,0,1.619867825,0,1.871461566,0,1.838537898,0,0,0,2.838632862,0.098611334,1.416044982,0,1.363821829,0,0.890383111,0,0,0,1.576399366,0,1.580821225,1.811553627,1.651421082,0,2.598782068,0,0,0,0,1.115814786,0,1.248102651,0,2.23736837,2.603304146,1.057566045,1.522212322,0,0,0,0,0,0,0,0,0,0,0,0,0,0,0,0,0,0,0.077446958,0,0,0.116170438,0,0,0,0,0,0,0,0,0,0,0,0,0,0,0,0,0,0,0,0,0,0,0,0,0.135240014,0,0.27313662,0,0,0,0,0,0,0,0,0,0,0,0,0,0,0,0,0,0,0,0
40311159,0,0,0,0,0,0,0,0,0,0,0,0,0,0,0,0,0,0,0,0,0,0,0,0,0,0,0,0,0,0,0,0,0,1.861529563,0,0,0,0,0,0,0,1.249297843,0.036277296,1.693710597,0,2.038230087,0,1.215309454,0,2.952751731,0,0,0,0.529531502,0,0.029726923,0,0.029726923,0,0.059453846,0,0,0,0.484875171,0,0.308338839,0.118907692,0.059453846,0,1.530709511,0,0,0,0.030998325,0.992150806,0,0,0,0.406594894,0,0,0,0,0,0,0,0,0,0,0,0,0,0,0,0,0,0,0,0,0,0,0,0,0,0,0,0,0,0,0,0,0,0,0,0,0,0,0,0,0,0,0,0,0,0,0,0,0,0,0,0,0,0,0,0,0,0,0,0,0,0,0,0,0,0,0,0,0,0,0,0
40311160,0,0,0,0,0,0,0,0,0,0,0,0,0,0.027689002,0,0,0,0,0,0,0,0,0,0,0,0,0,0,0,0,0,0,0,1.220021795,0,0,0,0,0,0,0,0.836705269,0.029186771,1.026952243,0,1.227557181,0,0.760650344,0,3.137367763,0,0,0,0.5398456,0.046390587,0.233364007,0,0.088327377,0,0.027689002,0,0,0,0.55689794,0,0.421580522,0.205096364,0.023195293,0,1.205397031,0,0,0,0,0.934975833,0,0.055378004,0,0.484254657,0.046802956,0.04193679,0.06958588,0,0,0,0,0,0,0,0,0,0,0,0,0,0,0,0,0,0,0,0,0,0,0,0,0,0,0,0,0,0,0,0,0,0,0,0,0,0,0,0,0,0,0,0,0,0,0,0,0,0,0,0,0,0,0,0,0,0,0,0,0,0,0,0,0,0,0,0,0
40311161,0,0,0,0,0,0,0,0,0,0,0,0,0,0,0,0,0,0,0,0,0,0,0,0,0,0,0,0,0,0,0,0,0,1.72071293,0,0,0,0,0,0,0,1.204814299,0,1.743992343,0,1.618296477,0,1.991318708,0,2.468129942,0,0,0,2.041237556,0.061405659,0.338012357,0,0.179218117,0,0.139255859,0,0,0,1.377869993,0,1.336937175,0.343965068,0.112233419,0,1.886023079,0,0,0,0,2.836096998,0,0.028862635,0,1.708590971,0.278365552,0.141617779,0.372305978,0,0,0,0,0,0,0,0,0,0,0,0,0,0,0,0,0,0,0.057725269,0,0,0.086587904,0,0,0,0,0,0,0,0,0,0,0,0,0,0,0,0,0,0,0,0,0,0,0,0,0.108707453,0,0,0,0,0,0,0,0,0,0,0,0,0,0,0,0,0,0,0,0,0,0
40311162,0,0,0,0,0,0,0,0,0,0,0,0.028943924,0,0.028681078,0,0,0,0,0,0,0,0,0,0,0,0,0,0,0,0,0,0,0,1.122819631,0,0,0,0,0,0,0,1.33699261,0,1.361804123,0,1.211485366,0,1.443128276,0,3.146504107,0,0.028943924,0,1.170562358,0.06069818,0.31916755,0,0.258502756,0,0.057625002,0,0,0,0.78946544,0,0.748377278,0.575368133,0.145763014,0,1.302204794,0,0,0,0.028943924,2.091697188,0.028943924,0.201502521,0,0.949136909,0.173374966,0.197804575,0.265582844,0,0,0,0,0,0,0,0,0,0,0,0,0,0,0,0,0,0,0,0,0,0,0,0,0,0,0,0,0,0,0,0,0,0,0,0,0,0,0,0,0,0,0,0,0,0,0,0,0,0,0,0,0,0,0,0,0,0,0,0,0,0,0,0,0,0,0,0,0
40311165,0,0.037888492,0,0,0,0,0,0,0,0,0.055712346,0,0,0.027856173,0,0,0,0,0,0,0,0,0,0,0,0,0,0,0,0,0,0,0,1.258167213,0,0,0,0,0,0,0,0.903554676,0.032609222,1.108180884,0,0.824687407,0,1.069390788,0,1.221473353,0,0,0,2.100781282,0,0.264805836,0,0.093188613,0,0.23462275,0,0,0,1.721025042,0,1.836411332,0.232585845,0.344694175,0,1.264372769,0,0,0,0,1.193908627,0,0.23462275,0,1.692800181,0.508933069,0.188411293,0.192487942,0,0,0,0,0,0,0,0,0,0,0,0,0,0,0,0,0,0,0,0,0,0,0,0,0,0,0.037888492,0,0,0,0,0,0,0,0,0,0,0,0,0,0,0,0,0,0,0,0,0,0.126670293,0,0,0,0,0,0,0,0,0,0,0,0,0,0,0,0,0,0,0,0
40311166,0,0.028662936,0,0,0,0,0,0,0,0,0.052683525,0,0,0.048397427,0,0,0,0,0,0,0,0,0,0,0,0,0,0,0,0,0,0,0,1.154789714,0,0,0,0,0,0,0,0.783454956,0.055505538,0.80428894,0,0.716662767,0,0.892904395,0,0.82467533,0,0.026165561,0,1.612232867,0,0.2662896,0,0.190490053,0,0.238146515,0,0.066166993,0,1.584146383,0,2.043939437,0.247522049,0.362652673,0,0.679275966,0,0,0,0.022055664,0.930015952,0.074386787,0.17817398,0.044111328,0.866656246,0.288847757,0.065872954,0,0.046232046,0.022055664,0.044111328,0,0.092464092,0,0,0,0,0,0,0,0,0,0,0,0,0,0,0,0,0,0,0,0,0,0.028662936,0,0,0,0,0,0,0,0,0,0,0,0,0,0,0,0,0,0,0,0,0,0,0,0,0,0,0,0,0,0,0,0,0,0,0,0,0,0,0,0,0,0
40311167,0,0,0,0,0,0,0,0,0,0,0,0,0,0,0,0,0,0,0,0,0,0,0,0,0,0,0,0,0,0,0,0,0,0,0,0,0,0,0,0,0,0,0,0,0,0,0,0,0,0,0,0,0,0,0,0,0,0,0,0,0,0,0,0,0,0,0,0,0,0,0,0,0,0,0,0,0,0,0,0,0,0,0,0,0,0,0,0,0,0,0,0,0,0,0,0,0,0,0,0,0,0,0,0,0,0,0,0,0,0,0,0,0,0,0,0,0,0,0,0,0,0,0,0,0,0,0,0,0,0,0,0,0,0,0,0,0,0,0,0,0,0,0,0,0,0,0,0,0,0,0
40311169,0,0.077816089,0,0,0,0,0,0,0,0,0.057211526,0,0,0.028605763,0,0,0,0,0,0,0,0,0,0,0,0,0,0,0,0,0,0,0,1.001807297,0,0,0,0,0,0,0,1.019512312,0,1.137221216,0,0.887046146,0,1.229731647,0,1.096507981,0,0,0,2.371179156,0,0.571980773,0,0.273729336,0,0.411515706,0,0,0,1.128574631,0,2.003624235,0.757008295,0.412510054,0,1.297435157,0,0,0,0,1.124204518,0,0.230578694,0,1.961663092,0.827131035,0.409803965,0.584220147,0.050205561,0,0,0,0.100411122,0,0,0,0,0,0,0,0,0,0,0,0,0,0.051997898,0,0,0.077996847,0,0,0,0,0.077816089,0,0,0,0,0,0,0,0,0,0,0,0,0,0,0,0,0,0,0,0.097921744,0,0.132080115,0,0,0,0,0,0,0,0,0,0,0,0,0,0,0,0,0,0,0,0
40311170,0,0,0,0,0,0,0,0,0,0,0.176803098,0.032108872,0,0.12268796,0,0,0,0,0,0,0,0,0,0,0,0,0,0,0,0,0,0,0,1.128131918,0,0,0,0,0,0,0,1.105068171,0,1.235778495,0,1.2495302,0,1.290452828,0,2.802065356,0,0.09024962,0,1.326966956,0.070141018,1.902461465,0,1.159642631,0,0.888233699,0,0.078099305,0,0.714825293,0.067414587,1.013468098,2.626905644,1.183729364,0.029299289,1.539137021,0,0,0,0.086983433,0.642339558,0.058141973,0.955851518,0.080907663,1.039070412,1.331322106,0.562441083,0.859808629,0.054569363,0.054874561,0.110206952,0,0.138438016,0,0,0,0,0,0,0,0,0,0,0,0,0,0,0,0,0,0,0,0,0,0,0,0,0,0,0,0,0,0,0,0,0,0,0,0,0,0,0,0,0,0.347865385,0,0,0,0,0,0,0,0,0,0,0,0,0,0,0,0,0,0,0,0,0,0
40311172,0,0,0.04644479,0,0,0,0,0.102322723,0,0,0.095381841,0,0.023985377,0.047690921,0,0,0,0,0,0,0,0,0,0,0,0,0,0,0,0,0,0,0,1.713498614,0,0,0,0,0,0,0,1.420981847,0,1.598158444,0.04644479,1.544540228,0,1.450017463,0,1.31839305,0,0.048803076,0,1.963781831,0.175873077,1.730581764,0,1.57603586,0,1.255314423,0,0.069667185,0,0.999363717,0.152129086,1.328707899,2.179605788,2.549921109,0.102322723,1.737857539,0,0,0,0,0.698778585,0.102322723,2.306318128,0.076742042,2.058058981,2.380970182,0.952502537,2.479413875,0.0275571,0,0.04644479,0.069667185,0.04644479,0,0,0,0,0,0,0,0,0,0,0,0.04644479,0,0.054591016,0,0,0.081886524,0,0,0,0,0,0,0,0,0,0,0,0,0,0,0,0,0,0,0,0,0,0,0,0.076742042,0.213971107,0,0.144549747,0,0,0,0,0,0,0,0,0,0,0,0,0,0,0,0.025580681,0.092889581,0,0,0
40311173,0,0,0,0,0,0,0,0,0,0,0,0.039779076,0,0,0,0,0,0,0,0,0,0,0,0,0,0,0,0,0,0,0,0,0,1.071928876,0,0,0.064283722,0,0,0,0,1.388817654,0.014568176,1.438072874,0.040575902,1.157272249,0,1.378418768,0,1.173717399,0,0.054415169,0.040575902,2.004899198,0.26863083,1.429936956,0.081151804,1.284813981,0.040575902,1.352737368,0,0.058544372,0.121727705,0.9414357,0,1.538523403,2.013650915,1.616802427,0.051426977,1.795737737,0.121727705,0.081151804,0.040575902,0.039779076,0.735248909,0.149750425,1.21256204,0.051426977,1.223621427,1.700406532,0.752324719,3.395936695,0.027302001,0,0.080699163,0,0.149939259,0,0,0,0.040575902,0.121727705,0.081151804,0.081151804,0,0.121727705,0.121727705,0.121727705,0.040575902,0,0.078546339,0,0,0.117819508,0,0,0,0,0,0,0,0,0,0,0,0,0,0,0,0,0,0,0,0,0,0,0,0.109971349,0.153834109,0,0.130592252,0,0,0,0,0,0,0,0,0.014636093,0,0,0.040575902,0.040575902,0,0,0.051426977,0,0,0,0
40311201,0,0,0,0,0,0,0,0,0,0,0.03256022,0,0,0,0,0,0,0,0,0,0,0,0,0,0,0,0,0,0,0,0,0,0,0,1.702071759,2.056959218,0,0,0,0,0,0,2.563371586,0.067245366,2.122750218,0,2.864170686,0,1.176984037,0,3.076216003,0,0,0,1.74757394,0,2.022562196,0,3.306695708,0,0,0,0,0,2.876933926,0,0,0,0,0,2.60858289,1.95342959,0,0,0,0,0,0,0,0,0,0,0,0,0,0,0,3.007953977,2.382587487,0,2.198745681,2.783519231,0,0,0,0,0,0,3.481282428,0,0,0,0,0,0,0,0,0,0.036563702,0,0,0,0,0,0,0,0,0,0,0,0,0,0,0,0,0,0,0,0,0,0,0,0,0,0,0.162915193,0,0,0,0,0,0,0.196867182,0,0,0,0,0,0,0,0
40311202,0,0,0,0,0,0,0,0,0,0,0.033776491,0,0,0,0,0,0,0,0,0,0,0,0,0,0,0,0,0,0,0,0,0,0,0,1.520097698,2.368704763,0,0,0,0,0,0,2.377252091,0.147998564,1.681852756,0,3.053470665,0,1.098307222,0,3.022491513,0,0,0,2.346485597,0,2.540849251,0,2.413306003,0,0,0,0,0,3.103004262,0,0,0,0,0,2.069685835,1.614526849,0,0,0,0,0,0,0,0,0,0,0,0,0,0,0,3.062794398,2.379660473,0,2.109962781,2.324673913,0,0,0,0,0,0,2.60841245,0,0,0,0,0,0,0,0,0,0.03405544,0,0,0,0,0,0,0,0,0,0,0,0,0,0,0,0,0,0,0,0,0,0,0,0,0,0,0.154920559,0,0,0,0,0,0,0.165399464,0,0,0,0,0,0,0,0
40311204,0,0,0,0,0,0,0,0,0,0,0,0,0,0,0,0,0,0,0,0,0,0,0,0,0,0,0,0,0,0,0,0,0,0,1.84205091,2.747114601,0,0,0,0,0,0,1.97156513,0.065089343,2.026672539,0,3.293221518,0,0.797669202,0,3.225986373,0,0,0,2.023482963,0,2.10286765,0,3.54285281,0,0,0,0,0,2.724177056,0,0,0,0,0,2.333111466,1.541440907,0,0,0,0,0,0,0,0,0,0,0,0,0,0,0,3.198399874,1.790063496,0,1.199251938,3.138443599,0,0,0,0,0,0,3.357317127,0,0,0,0,0,0,0,0,0,0.034661224,0,0,0,0,0,0,0,0,0,0,0,0,0,0,0,0,0.113379826,0,0,0,0,0,0,0,0,0,0,0,0,0,0,0,0,0.260306944,0,0,0,0,0,0,0,0
40311205,0,0,0,0,0,0,0,0,0,0,0,0,0,0,0,0,0,0,0,0,0,0,0,0,0,0,0,0,0,0,0,0,0,0,1.770524187,2.276125563,0,0,0,0,0,0,2.150239185,0.074264281,2.020419885,0,3.141427374,0,1.06603688,0,3.536574932,0,0,0,2.669614384,0,1.947942383,0,3.345598192,0,0,0,0,0,2.965673745,0,0,0,0,0,2.236601836,1.807690643,0,0,0,0,0,0,0,0,0,0,0,0,0,0,0,2.661822643,2.478134019,0,1.430128474,2.790573013,0,0,0,0,0,0,3.415911361,0.029862767,0,0,0,0,0,0,0,0,0.036086784,0,0,0,0,0,0,0,0,0,0,0,0,0,0,0,0,0,0,0,0,0,0,0,0,0,0,0.160285251,0,0,0,0,0,0,0.260599556,0,0,0,0,0,0,0,0
40311206,0,0,0,0,0,0,0,0,0,0,0.034079261,0,0,0,0,0,0,0,0,0,0,0,0,0,0,0,0,0,0,0,0,0,0,0,1.71565811,2.859036127,0,0,0,0,0,0,2.56261606,0.123662745,1.814966518,0,3.2565336,0,0.924427775,0,2.559744791,0,0,0,1.84118557,0,2.128418552,0,3.571898805,0,0,0,0,0,2.964876452,0,0,0,0,0,3.001596728,1.341228584,0,0,0,0,0,0,0,0,0,0,0,0,0,0,0,3.110467348,2.269254855,0,1.886681156,2.7562675,0,0,0,0,0,0,3.058548161,0,0,0,0,0,0,0,0,0,0.034504515,0,0,0,0,0,0,0,0,0,0,0,0,0,0,0,0,0.136073561,0,0,0,0,0,0,0,0,0,0.15290895,0,0,0,0,0,0,0.096228317,0,0,0,0,0,0,0,0
40311207,0,0,0,0,0,0,0,0,0,0,0.029972081,0,0,0,0,0,0,0,0,0,0,0,0,0,0,0,0,0,0,0,0,0,0,0,1.844585287,2.710313745,0,0,0,0,0,0,2.458948509,0.149774759,1.662537186,0,3.132767738,0,0.947469826,0,2.301382107,0,0,0,2.669167715,0,2.257032956,0,2.717490283,0,0,0,0,0,3.529780376,0,0,0,0,0,2.863379545,1.335075229,0,0,0,0,0,0,0,0,0,0,0,0,0,0,0,2.457867678,2.380087724,0,1.451693113,2.589902058,0,0,0,0,0,0,3.023386475,0.088663261,0,0,0,0,0,0,0,0,0,0,0,0,0,0,0,0,0,0,0,0,0,0,0,0,0,0.135881772,0,0,0,0,0,0,0,0,0,0.172456602,0,0,0,0,0,0,0.066036322,0,0,0,0,0,0,0,0
40311208,0,0,0,0,0,0,0,0,0,0,0,0,0,0,0,0,0,0,0,0,0,0,0,0,0,0,0,0,0,0,0,0,0,0,1.642158884,2.898458389,0,0,0,0,0,0,2.914088588,0.129518857,2.164633854,0,3.129718651,0,1.2823335,0,2.497966114,0,0,0,2.24059147,0,2.205015533,0,3.283753325,0,0,0,0,0,3.229118183,0,0,0,0,0,3.060061062,1.802670713,0,0,0,0,0,0,0,0,0,0,0,0,0,0,0,3.015970648,2.545866045,0,2.12396094,2.408872979,0,0,0,0,0,0,2.738085762,0.087764885,0,0,0,0,0,0,0,0,0,0,0,0,0,0,0,0,0,0,0,0,0,0,0,0,0,0.119903696,0,0,0,0,0,0,0,0,0,0.166472315,0,0,0,0,0,0,0.030572114,0,0,0,0,0,0,0,0
40311209,0,0,0,0,0,0,0,0,0,0,0,0,0,0,0,0,0,0,0,0,0,0,0,0,0,0,0,0,0,0,0,0,0,0,1.834448941,2.471735824,0,0,0,0,0,0,2.258093616,0.060841917,2.068487257,0,3.070592966,0,1.103256404,0,3.56629619,0,0,0,2.164731911,0,1.948798447,0,3.637113268,0,0,0,0,0,2.810168278,0,0,0,0,0,2.663814508,1.860385729,0,0,0,0,0,0,0,0,0,0,0,0,0,0,0,2.898144418,2.14624023,0,1.653197708,3.218346372,0,0,0,0,0,0,3.727580855,0,0,0,0,0,0,0,0,0,0.036295397,0,0,0,0,0,0,0,0,0,0,0,0,0,0,0,0,0,0,0,0,0,0,0,0,0,0,0.157756227,0,0,0,0,0,0,0.270865581,0,0,0,0,0,0,0,0
40311210,0,0,0,0,0,0,0,0,0,0,0.049310687,0,0,0,0,0,0,0,0,0,0,0,0,0,0,0,0,0,0,0,0,0,0,0,1.642485079,1.981922263,0,0,0,0,0,0,2.534124322,0.070361809,1.844193859,0,3.270544796,0,0.967270551,0,2.698183579,0,0,0,1.47082629,0,2.032715257,0,2.480237798,0,0,0,0,0,2.865408215,0,0,0,0,0,2.515916202,1.345552442,0,0,0,0,0,0,0,0,0,0,0,0,0,0,0,3.358085675,2.059626453,0,2.321422801,2.585528171,0,0,0,0,0,0,2.887133088,0,0,0,0,0,0,0,0,0,0.038727649,0,0,0,0,0,0,0,0,0,0,0,0,0,0,0,0,0.117084369,0,0,0,0,0,0,0,0,0,0,0,0,0,0,0,0,0.136054723,0,0,0,0,0,0,0,0
40311211,0,0,0,0,0,0,0,0,0,0,0,0,0,0,0,0,0,0,0,0,0,0,0,0,0,0,0,0,0,0,0,0,0,0,1.877320353,2.610811266,0,0,0,0,0,0,1.990728873,0.06010047,2.027549211,0,2.762454972,0,0.886793031,0,3.449518281,0,0,0,2.146148871,0,2.233852164,0,3.54038974,0,0,0,0,0,2.533460162,0,0,0,0,0,2.400334069,1.669353563,0,0,0,0,0,0,0,0,0,0,0,0,0,0,0,3.203339396,1.887541779,0,1.418354248,3.237787016,0,0,0,0,0,0,3.349957487,0,0,0,0,0,0,0,0,0,0.032096595,0,0,0,0,0,0,0,0,0,0,0,0,0,0,0,0,0,0,0,0,0,0,0,0,0,0,0.158402427,0,0,0,0,0,0,0.2784235,0,0,0,0,0,0,0,0
40311212,0,0,0,0,0,0,0,0,0,0,0,0,0.164573374,0,0,0,0,0,0,0,0,0,0,0,0,0,0,0,0,0,0,0,0,0,2.577146317,0.511695865,0,0,0,0,0,0,2.007451638,0.06564688,1.063097246,0,3.187821459,0,0.912036672,0,2.178111439,0,0,0,2.788741522,0,0.692793609,0,0.695447165,0,0,0,0,0,1.750376604,0,0,0,0,0,1.638098677,0.322201176,0,0,0,0,0,0,0,0,0,0,0,0,0,0,0,0.953137966,1.437647025,0,0.365366632,0.723403713,0,0,0,0,0,0,0.876368422,0.79336219,0,0,0,0,0,0,0,0,0,0,0,0,0,0,0,0,0,0,0,0,0,0,0,0,0,0,0,0,0,0,0,0,0,0,0,0,0,0,0,0,0,0,0.09501953,0,0.068078819,0,0,0,0,0,0
40311213,0,0,0,0,0,0,0,0,0,0,0,0,0,0,0,0,0,0,0,0,0,0,0,0,0,0,0,0,0,0,0,0,0,0,1.263645795,0,0,0,0,0,0,0,1.252005255,0,0.035296714,0,3.03317169,0,0.035296714,0,0,0,0,0,0.035296714,0,0,0,0,0,0,0,0,0,0,0,0,0,0,0,0.067180175,0,0,0,0,0,0,0,0,0,0,0,0,0,0,0,0,0,0,0,0,0,0,0,0,0,0,0,0,0,0,0,0,0,0,0,0,0,0,0,0,0,0,0,0,0,0,0,0,0,0,0,0,0,0,0,0,0,0,0,0,0,0,0,0,0,0,0,0,0,0,0,0,0,0,0,0,0,0,0,0
40311214,0,0,0,0,0,0,0,0,0,0,0,0,0,0,0,0,0,0,0,0,0,0,0,0,0,0,0,0,0,0,0,0,0,0,1.782322184,1.921300173,0,0,0,0,0,0,2.441438399,0.072839316,1.921547768,0,3.219437774,0,1.177228574,0,3.57420976,0,0,0,1.859092128,0,1.843092246,0,3.133674199,0,0,0,0,0,2.564326717,0,0,0,0,0,2.268053545,1.634577033,0,0,0,0,0,0,0,0,0,0,0,0,0,0,0,3.160625087,2.118384686,0,1.964894129,2.431747209,0,0,0,0,0,0,3.235036499,0,0,0,0,0,0,0,0,0,0.037777831,0,0,0,0,0,0,0,0,0,0,0,0,0,0,0,0,0,0,0,0,0,0,0,0,0,0,0,0,0,0,0,0,0,0.213767153,0,0,0,0,0,0,0,0
40311215,0,0,0,0,0,0,0,0,0,0,0,0,0,0,0,0,0,0,0,0,0,0,0,0,0,0,0,0,0,0,0,0,0,0,1.746906627,2.850997342,0,0,0,0,0,0,2.689975812,0.127906052,2.020902754,0,2.717893617,0,1.251944695,0,3.429680842,0,0,0,2.47456118,0,2.27411319,0,3.642755431,0,0,0,0,0,3.220064735,0,0,0,0,0,2.494049924,2.136511661,0,0,0,0,0,0,0,0,0,0,0,0,0,0,0,2.782959615,2.360612623,0,2.014530002,2.825087585,0,0,0,0,0,0,3.485443882,0,0,0,0,0,0,0,0,0,0,0,0,0,0,0,0,0,0,0,0,0,0,0,0,0,0,0,0,0,0,0,0,0,0,0,0,0.192860738,0,0,0,0,0,0,0.218814058,0,0,0,0,0,0,0,0
40311216,0,0,0,0,0,0,0,0,0,0,0,0,0,0,0,0,0,0,0,0,0,0,0,0,0,0,0,0,0,0,0,0,0,0,1.71857741,2.777807512,0,0,0,0,0,0,2.231622124,0.070132441,2.195301857,0,3.356559976,0,1.122854671,0,3.318766977,0,0,0,2.365355611,0,2.039775106,0,3.77641881,0,0,0,0,0,2.949112586,0,0,0,0,0,2.683985273,1.837286833,0,0,0,0,0,0,0,0,0,0,0,0,0,0,0,3.102925463,2.127819818,0,1.501611957,3.139435613,0,0,0,0,0,0,3.445709596,0,0,0,0,0,0,0,0,0,0.035411204,0,0,0,0,0,0,0,0,0,0,0,0,0,0,0,0,0,0,0,0,0,0,0,0,0,0,0.152521936,0,0,0,0,0,0,0.230667857,0,0,0,0,0,0,0,0
40311217,0,0,0,0,0,0,0,0,0,0,0,0,0,0,0,0,0,0,0,0,0,0,0,0,0,0,0,0,0,0,0,0,0,0,1.846979297,3.005677082,0,0,0,0,0,0,2.591384737,0.121900538,1.968744824,0,2.649768057,0,0.968704095,0,2.701199544,0,0,0,2.43238046,0,2.158421108,0,3.727840472,0,0,0,0,0,3.225913971,0,0,0,0,0,2.971409914,1.738589249,0,0,0,0,0,0,0,0,0,0,0,0,0,0,0,2.687810099,2.462088768,0,1.612670986,2.879587906,0,0,0,0,0,0,3.349348463,0,0,0,0,0,0,0,0,0,0,0,0,0,0,0,0,0,0,0,0,0,0,0,0,0,0,0.117187566,0,0,0,0,0,0,0,0,0,0.192067513,0,0,0,0,0,0,0.15306525,0,0,0,0,0,0,0,0
40311218,0,0,0,0,0,0,0,0,0,0,0,0,0,0,0,0,0,0,0,0,0,0,0,0,0,0,0,0,0,0,0,0,0,0,1.847759588,2.873272807,0,0,0,0,0,0,2.167125481,0.066648465,1.928890364,0,3.143917549,0,0.903926993,0,3.39867768,0,0,0,2.236841374,0,2.199367755,0,3.668391772,0,0,0,0,0,2.748134155,0,0,0,0,0,2.508005234,1.578590659,0,0,0,0,0,0,0,0,0,0,0,0,0,0,0,3.079780205,1.957180461,0,1.303141374,3.357727997,0,0,0,0,0,0,3.404933284,0,0,0,0,0,0,0,0,0,0.034152853,0,0,0,0,0,0,0,0,0,0,0,0,0,0,0,0,0.109314387,0,0,0,0,0,0,0,0,0,0.15209215,0,0,0,0,0,0,0.263293533,0,0,0,0,0,0,0,0
40311219,0,0,0,0,0,0,0,0,0,0,0,0,0.064875437,0,0,0,0,0,0,0,0,0,0,0,0,0,0,0,0,0,0,0,0,0,2.120858442,0.267302152,0,0,0,0,0,0,1.928781975,0,1.349944319,0,1.159390729,0,1.647076491,0,3.044909448,0,0,0,1.944569603,0,0.296016065,0,0.296496984,0,0,0,0,0,2.086727057,0,0,0,0,0,2.770579428,0.27987906,0,0,0,0,0,0,0,0,0,0,0,0,0,0,0,0.303173753,2.456614271,0,0.284517544,0.524663149,0,0,0,0,0,0,0.489310183,1.509490006,0,0,0,0,0,0,0,0,0,0,0,0,0,0,0,0,0,0,0.039668365,0,0,0,0,0,0,0,0,0,0,0,0,0,0,0,0,0.150522823,0,0,0,0,0,0,0,0,0,0,0,0,0,0,0
40311221,0,0,0,0,0,0,0,0,0,0,0.040178136,0,0,0,0,0,0,0,0,0,0,0,0,0,0,0,0,0,0,0,0,0,0,0,1.904059333,2.102100116,0,0,0,0,0,0,2.490233327,0.122622488,1.909354274,0,2.326148325,0,0.930892915,0,2.310514877,0,0,0,2.08475097,0,2.381716173,0,2.432837426,0,0,0,0,0,3.025707879,0,0,0,0,0,2.827113666,1.382137275,0,0,0,0,0,0,0,0,0,0,0,0,0,0,0,2.998366455,2.35309638,0,1.956191726,2.505471417,0,0,0,0,0,0,2.98356677,0,0,0,0,0,0,0,0,0,0.033215918,0,0,0,0,0,0,0,0,0,0,0,0,0,0,0,0,0,0,0,0,0,0,0,0,0,0,0.164480295,0,0,0,0,0,0,0.128100358,0,0,0,0,0,0,0,0
40311223,0,0,0,0,0,0,0,0,0,0,0,0,0,0,0,0,0,0,0,0,0,0,0,0,0,0,0,0,0,0,0,0,0,0,2.402188113,1.195498958,0,0,0,0,0,0,1.5216122,0.068614122,1.932113783,0,2.390606972,0,1.201115707,0,2.149096597,0,0,0,2.245138455,0,1.714570786,0,1.412461227,0,0,0,0,0,2.03819683,0,0,0,0,0,1.280555209,1.067040213,0,0,0,0,0,0,0,0,0,0,0,0,0,0,0,2.175710131,2.512881295,0,0.93548653,1.199478981,0,0,0,0,0,0,1.540006414,0.293752484,0,0,0,0,0,0,0,0,0,0,0,0,0,0,0,0,0,0,0,0,0,0,0,0,0,0,0,0,0,0,0,0,0,0,0,0,0,0,0,0,0,0,0.183926103,0,0,0,0,0,0,0,0
40311224,0,0,0,0,0,0,0,0,0,0,0,0,0.032329984,0,0,0,0,0,0,0,0,0,0,0,0,0,0,0,0,0,0,0,0,0,2.282099083,0.115034312,0,0,0,0,0,0,2.094129611,0,2.097712954,0,1.603992682,0,2.011879886,0,2.933207545,0,0,0,1.225969941,0,0.089726897,0,0.202994268,0,0,0,0,0,1.167401753,0,0,0,0,0,2.212979853,0.287101147,0,0,0,0,0,0,0,0,0,0,0,0,0,0,0,0.406428733,1.905561166,0,0.374827166,0.317626666,0,0,0,0,0,0,0.465096277,1.193233998,0,0,0,0,0,0,0,0,0,0,0,0,0,0,0,0,0,0,0.032300035,0,0,0,0,0,0,0,0,0,0,0,0,0,0,0,0,0,0,0,0,0,0,0,0.029600689,0,0,0,0,0,0,0,0
40311226,0,0,0,0,0,0,0,0,0,0,0,0,0,0,0,0,0,0,0,0,0,0,0,0,0,0,0,0,0,0,0,0,0,0,2.020734106,2.775397129,0,0,0,0,0,0,2.467237716,0.067415262,1.916229132,0,2.590327941,0,1.033565063,0,3.272030697,0,0,0,2.10718076,0,2.19733538,0,3.676932002,0,0,0,0,0,2.921466874,0,0,0,0,0,2.721410513,1.822782308,0,0,0,0,0,0,0,0,0,0,0,0,0,0,0,3.041970275,2.254857878,0,1.811074161,3.012426176,0,0,0,0,0,0,3.502029047,0,0,0,0,0,0,0,0,0,0.030763171,0,0,0,0,0,0,0,0,0,0,0,0,0,0,0,0,0,0,0,0,0,0,0,0,0,0,0.183768789,0,0,0,0,0,0,0.196967031,0,0,0,0,0,0,0,0
40311227,0,0,0,0,0,0,0,0,0,0,0.031046198,0,0,0,0,0,0,0,0,0,0,0,0,0,0,0,0,0,0,0,0,0,0,0,1.566436788,2.776403541,0,0,0,0,0,0,2.572667642,0.147049017,1.797572108,0,3.338122138,0,1.086573342,0,3.353510857,0,0,0,2.310298697,0,2.287115836,0,3.275147765,0,0,0,0,0,2.874613239,0,0,0,0,0,2.294382474,1.548107028,0,0,0,0,0,0,0,0,0,0,0,0,0,0,0,3.066859845,2.569427605,0,2.004148028,2.701316538,0,0,0,0,0,0,2.994888412,0,0,0,0,0,0,0,0,0,0.036574615,0,0,0,0,0,0,0,0,0,0,0,0,0,0,0,0,0,0,0,0,0,0,0,0,0,0,0.16613064,0,0,0,0,0,0,0.172012628,0,0,0,0,0,0,0,0
40311229,0,0,0,0,0,0,0,0,0,0,0,0,0,0,0,0,0,0,0,0,0,0,0,0,0,0,0,0,0,0,0,0,0,0,1.730242899,2.909395703,0,0,0,0,0,0,2.471661191,0.066673394,2.161738918,0,3.176144709,0,1.063775152,0,3.451494701,0,0,0,1.940809243,0,2.148367413,0,3.640669507,0,0,0,0,0,2.736949395,0,0,0,0,0,2.67105082,1.795992257,0,0,0,0,0,0,0,0,0,0,0,0,0,0,0,3.479332993,1.781397804,0,1.862833246,3.080815722,0,0,0,0,0,0,2.962749086,0,0,0,0,0,0,0,0,0,0.034815594,0,0,0,0,0,0,0,0,0,0,0,0,0,0,0,0,0.123202629,0,0,0,0,0,0,0,0,0,0.150079675,0,0,0,0,0,0,0.197532125,0,0,0,0,0,0,0,0
40311230,0,0,0,0,0,0,0,0,0,0,0.032547267,0,0,0,0,0,0,0,0,0,0,0,0,0,0,0,0,0,0,0,0,0,0,0,1.92726895,2.385639686,0,0,0,0,0,0,2.347038107,0.066430229,2.011458409,0,2.731221602,0,1.001175734,0,3.468363143,0,0,0,1.902146026,0,2.271152936,0,2.885323775,0,0,0,0,0,2.836243582,0,0,0,0,0,2.363197745,1.755471559,0,0,0,0,0,0,0,0,0,0,0,0,0,0,0,3.46931834,1.94279788,0,2.167850296,2.972912729,0,0,0,0,0,0,3.148301132,0,0,0,0,0,0,0,0,0,0.032796512,0,0,0,0,0,0,0,0,0,0,0,0,0,0,0,0,0,0,0,0,0,0,0,0,0,0,0.149086952,0,0,0,0,0,0,0.182880722,0,0,0,0,0,0,0,0
40311231,0,0,0,0,0,0,0,0,0,0,0,0,0,0,0,0,0,0,0,0,0,0,0,0,0,0,0,0,0,0,0,0,0,0,1.752788491,2.910448061,0,0,0,0,0,0,2.519741598,0.069588381,2.277657737,0,2.982926513,0,1.169142576,0,3.409059098,0,0,0,2.119892069,0,2.097885748,0,3.882931379,0,0,0,0,0,2.943842234,0,0,0,0,0,2.506290186,1.91989584,0,0,0,0,0,0,0,0,0,0,0,0,0,0,0,3.445234106,2.199168425,0,2.036099387,2.827254187,0,0,0,0,0,0,3.195332069,0,0,0,0,0,0,0,0,0,0.033103136,0,0,0,0,0,0,0,0,0,0,0,0,0,0,0,0,0,0,0,0,0,0,0,0,0,0,0.159312491,0,0,0,0,0,0,0.159336569,0,0,0,0,0,0,0,0
40311232,0,0,0,0,0,0,0,0,0,0,0.030737263,0,0,0,0,0,0,0,0,0,0,0,0,0,0,0,0,0,0,0,0,0,0,0,1.668746704,2.176157457,0,0,0,0,0,0,2.784002453,0.065751035,2.188502759,0,2.433518181,0,1.130098092,0,2.820654936,0,0,0,1.694480608,0,1.755329599,0,3.589340505,0,0,0,0,0,3.029325237,0,0,0,0,0,2.646431837,1.8212705,0,0,0,0,0,0,0,0,0,0,0,0,0,0,0,2.925376547,2.530885829,0,2.298194991,2.517314534,0,0,0,0,0,0,3.120991166,0,0,0,0,0,0,0,0,0,0.033899349,0,0,0,0,0,0,0,0,0,0,0,0,0,0,0,0,0,0,0,0,0,0,0,0,0,0,0.16647723,0,0,0,0,0,0,0.096461216,0,0,0,0,0,0,0,0
40311233,0,0,0,0,0,0,0,0,0,0,0.030362825,0,0,0,0,0,0,0,0,0,0,0,0,0,0,0,0,0,0,0,0,0,0,0,2.22572922,1.52771201,0,0,0,0,0,0,2.742253984,0.061825882,1.991092449,0,1.991106845,0,1.013102049,0,3.23263742,0,0,0,2.247043716,0,1.34439119,0,2.145986145,0,0,0,0,0,2.767879353,0,0,0,0,0,2.831128631,1.484869294,0,0,0,0,0,0,0,0,0,0,0,0,0,0,0,1.927355727,2.615694546,0,1.732222918,2.3805361,0,0,0,0,0,0,2.796759971,0.219184334,0,0,0,0,0,0,0,0,0.03060284,0,0,0,0,0,0,0,0,0,0,0,0,0,0,0,0,0,0,0,0,0,0,0,0,0,0,0.188456777,0,0,0,0,0,0,0.130277392,0,0,0,0,0,0,0,0
40311235,0,0,0,0,0,0,0,0,0,0,0.034096207,0,0,0,0,0,0,0,0,0,0,0,0,0,0,0,0,0,0,0,0,0,0,0,1.571911315,2.086038451,0,0,0,0,0,0,2.180085289,0.072978221,1.898098281,0,3.198782483,0,1.067142785,0,3.434032833,0,0,0,1.761165074,0,2.118526797,0,3.202948641,0,0,0,0,0,2.453172557,0,0,0,0,0,2.300690058,1.426697284,0,0,0,0,0,0,0,0,0,0,0,0,0,0,0,3.504501492,2.053336042,0,2.008492913,2.829135187,0,0,0,0,0,0,3.143512087,0,0,0,0,0,0,0,0,0,0.043413619,0,0,0,0,0,0,0,0,0,0,0,0,0,0,0,0,0,0,0,0,0,0,0,0,0,0,0,0,0,0,0,0,0,0.271466979,0,0,0,0,0,0,0,0
40311236,0,0,0,0,0,0,0,0,0,0,0,0,0,0,0,0,0,0,0,0,0,0,0,0,0,0,0,0,0,0,0,0,0,0,1.753568357,2.614459985,0,0,0,0,0,0,2.645987724,0.066605626,2.280192722,0,2.870347392,0,1.218284877,0,3.413777387,0,0,0,1.865275422,0,1.861475677,0,3.826199447,0,0,0,0,0,2.832579939,0,0,0,0,0,2.75416517,1.929293287,0,0,0,0,0,0,0,0,0,0,0,0,0,0,0,3.141022314,2.279715712,0,2.089322537,2.903495887,0,0,0,0,0,0,3.386633987,0,0,0,0,0,0,0,0,0,0.033726262,0,0,0,0,0,0,0,0,0,0,0,0,0,0,0,0,0,0,0,0,0,0,0,0,0,0,0.15736023,0,0,0,0,0,0,0.1316104,0,0,0,0,0,0,0,0
40311237,0,0,0,0,0,0,0,0,0,0,0,0,0,0,0,0,0,0,0,0,0,0,0,0,0,0,0,0,0,0,0,0,0,0,1.928364099,1.599211258,0,0,0,0,0,0,2.382126726,0.064940714,1.797234047,0,2.32635893,0,1.251660655,0,3.662038376,0,0,0,1.724299634,0,1.757275086,0,2.341874151,0,0,0,0,0,2.275898868,0,0,0,0,0,2.547647636,1.361598745,0,0,0,0,0,0,0,0,0,0,0,0,0,0,0,2.813882932,2.189420664,0,1.474181041,2.628525481,0,0,0,0,0,0,2.95323505,0.085715027,0,0,0,0,0,0,0,0,0.036259623,0,0,0,0,0,0,0,0,0,0,0,0,0,0,0,0,0,0,0,0,0,0,0,0,0,0,0.156070152,0,0,0,0,0,0,0.205609992,0,0,0,0,0,0,0,0
40311238,0,0,0,0,0,0,0,0,0,0,0.031727445,0,0,0,0,0,0,0,0,0,0,0,0,0,0,0,0,0,0,0,0,0,0,0,1.943353052,2.694458595,0,0,0,0,0,0,2.133782866,0.125244086,1.667332625,0,3.369842822,0,1.003968822,0,2.377912397,0,0,0,2.495522861,0,2.124673933,0,2.423259319,0,0,0,0,0,3.090051526,0,0,0,0,0,2.782455735,1.063142274,0,0,0,0,0,0,0,0,0,0,0,0,0,0,0,2.987907214,1.444959283,0,1.289170126,2.66665887,0,0,0,0,0,0,2.413427642,0.119890879,0,0,0,0,0,0,0,0,0,0,0,0,0,0,0,0,0,0,0,0,0,0,0,0,0,0.1587286,0,0,0,0,0,0,0,0,0,0,0,0,0,0,0,0,0.091908319,0,0,0,0,0,0,0,0
40311240,0,0,0,0,0,0,0,0,0,0,0,0,0,0,0,0,0,0,0,0,0,0,0,0,0,0,0,0,0,0,0,0,0,0,2.984970263,0,0,0,0,0,0,0,2.651851562,0,0.126000601,0,2.492749498,0,0.127894705,0,0.126000601,0,0,0,0.214085918,0,0,0,0,0,0,0,0,0,0.125581847,0,0,0,0,0,0.335825089,0,0,0,0,0,0,0,0,0,0,0,0,0,0,0,0,0,0.088504071,0,0,0,0,0,0,0,0,0,0,0,0,0,0,0,0,0,0,0,0,0,0,0,0,0,0,0,0,0,0,0,0,0,0,0,0,0,0,0,0,0,0,0,0,0,0,0,0,0,0,0,0,0,0,0,0,0,0,0,0,0,0
40311241,0,0,0,0,0,0,0,0,0,0,0.02937948,0,0,0,0,0,0,0,0,0,0,0,0,0,0,0,0,0,0,0,0,0,0,0,1.718163865,2.142019355,0,0,0,0,0,0,2.16585774,0.062316208,1.879817152,0,2.928323413,0,1.121587122,0,3.079110571,0,0,0,1.709433021,0,2.384030643,0,2.656948322,0,0,0,0,0,2.436156532,0,0,0,0,0,2.277614058,1.485698687,0,0,0,0,0,0,0,0,0,0,0,0,0,0,0,3.791226395,1.805714712,0,1.951144869,2.610750801,0,0,0,0,0,0,2.778718904,0,0,0,0,0,0,0,0,0,0.036747592,0,0,0,0,0,0,0,0,0,0,0,0,0,0,0,0,0,0,0,0,0,0,0,0,0,0,0,0,0,0,0,0,0,0.187721023,0,0,0,0,0,0,0,0
40311242,0,0,0,0,0,0,0,0,0,0,0,0,0,0,0,0,0,0,0,0,0,0,0,0,0,0,0,0,0,0,0,0,0,0,1.258118307,0,0,0,0,0,0,0,3.091514354,0,0.077597634,0,2.33483224,0,0.130076633,0,0.154811183,0,0,0,0.077597634,0,0,0,0,0,0,0,0,0,0,0,0,0,0,0,0.109626788,0,0,0,0,0,0,0,0,0,0,0,0,0,0,0,0,0,0.129073334,0,0,0,0,0,0,0,0,0,0,0.02573785,0,0,0,0,0,0,0,0,0,0,0,0,0,0,0,0,0,0,0,0.026869178,0,0,0,0,0,0,0,0,0,0,0,0,0,0,0,0,0,0,0,0,0,0,0,0,0,0,0,0,0,0,0
40311243,0,0,0,0,0,0,0,0,0,0,0,0,0,0,0,0,0,0,0,0,0,0,0,0,0,0,0,0,0,0,0,0,0,0,1.885816576,2.970270303,0,0,0,0,0,0,2.254656637,0.065444125,2.11559088,0,3.05235759,0,0.971103652,0,3.345512476,0,0,0,2.137507204,0,2.189100176,0,3.945255032,0,0,0,0,0,2.896067794,0,0,0,0,0,2.534670906,1.84705871,0,0,0,0,0,0,0,0,0,0,0,0,0,0,0,3.102837155,2.252785263,0,1.587375473,3.030502199,0,0,0,0,0,0,3.415996982,0,0,0,0,0,0,0,0,0,0.032160092,0,0,0,0,0,0,0,0,0,0,0,0,0,0,0,0,0,0,0,0,0,0,0,0,0,0,0.163105171,0,0,0,0,0,0,0.250430656,0,0,0,0,0,0,0,0
40311244,0,0,0,0,0,0,0,0,0,0,0,0,0.029483986,0,0,0,0,0,0,0,0,0,0,0,0,0,0,0,0,0,0,0,0,0,1.600909285,1.320095935,0,0,0,0,0,0,2.70391318,0.075558978,1.416571698,0,2.213034426,0,1.062049295,0,3.463021157,0,0,0,2.693112699,0,1.429102236,0,1.802594912,0,0,0,0,0,2.560963058,0,0,0,0,0,2.010225767,0.999459181,0,0,0,0,0,0,0,0,0,0,0,0,0,0,0,2.302336852,2.641489927,0,1.584041089,2.045714373,0,0,0,0,0,0,2.103977466,0.129444071,0,0,0,0,0,0,0,0,0.033573026,0,0,0,0,0,0,0,0,0,0,0,0,0,0,0,0,0,0,0,0,0,0,0,0,0,0,0.151135128,0,0,0,0,0,0,0.096616273,0,0,0,0,0,0,0,0
40311245,0,0,0,0,0,0,0,0,0,0,0.029646615,0,0,0,0,0,0,0,0,0,0,0,0,0,0,0,0,0,0,0,0,0,0,0,1.753266042,2.432108516,0,0,0,0,0,0,1.974238653,0.063417995,2.159980696,0,2.9869063,0,0.954886482,0,3.25291524,0,0,0,2.089532707,0,2.179459225,0,2.890037965,0,0,0,0,0,2.618062302,0,0,0,0,0,2.252141662,1.4053531,0,0,0,0,0,0,0,0,0,0,0,0,0,0,0,3.518684651,1.733322081,0,1.421016073,3.241026347,0,0,0,0,0,0,3.082245605,0,0,0,0,0,0,0,0,0,0.032201099,0,0,0,0,0,0,0,0,0,0,0,0,0,0,0,0,0,0,0,0,0,0,0,0,0,0,0,0,0,0,0,0,0,0.143550282,0,0,0,0,0,0,0,0
40311246,0,0,0,0,0,0,0,0,0,0,0,0,0,0,0,0,0,0,0,0,0,0,0,0,0,0,0,0,0,0,0,0,0,0,1.123171631,0,0,0,0,0,0,0,1.24607207,0,0.061030216,0,2.983824316,0,0.061030216,0,0.105789332,0,0,0,0.140451593,0,0.026458673,0,0,0,0,0,0,0,0.026458673,0,0,0,0,0,0.186814867,0,0,0,0,0,0,0,0,0,0,0,0,0,0,0,0,0.026458673,0,0,0,0,0,0,0,0,0,0,0,0,0,0,0,0,0,0,0,0,0,0,0,0,0,0,0,0,0,0,0,0,0,0,0,0,0,0,0,0,0,0,0,0,0,0,0,0,0,0,0,0,0,0,0,0,0,0,0,0,0,0,0
40311247,0,0,0,0,0,0,0,0,0,0,0.030145774,0,0,0,0,0,0,0,0,0,0,0,0,0,0,0,0,0,0,0,0,0,0,0,1.938864999,2.920737601,0,0,0,0,0,0,2.556898706,0.066038022,1.706432396,0,3.246513803,0,0.835628428,0,2.351336208,0,0,0,1.781334032,0,2.033698531,0,3.081892339,0,0,0,0,0,2.8875835,0,0,0,0,0,2.876226491,1.264045137,0,0,0,0,0,0,0,0,0,0,0,0,0,0,0,2.925941687,1.813677557,0,1.363585269,2.716599203,0,0,0,0,0,0,2.556032048,0,0,0,0,0,0,0,0,0,0,0,0,0,0,0,0,0,0,0,0,0,0,0,0,0,0,0.203136772,0,0,0,0,0,0,0,0,0,0.151427132,0,0,0,0,0,0,0.030225814,0,0,0,0,0,0,0,0
40311248,0,0,0,0,0,0,0,0,0,0,0.033434338,0,0,0,0,0,0,0,0,0,0,0,0,0,0,0,0,0,0,0,0,0,0,0,1.754201681,1.828218929,0,0,0,0,0,0,2.562000284,0.061412558,2.26931964,0,3.09293841,0,1.531644196,0,3.313345101,0,0,0,1.970736726,0,1.675768505,0,2.575714548,0,0,0,0,0,2.930950259,0,0,0,0,0,2.696047746,1.719308049,0,0,0,0,0,0,0,0,0,0,0,0,0,0,0,2.951087807,1.995208837,0,2.138536042,2.566910485,0,0,0,0,0,0,2.769691989,0.211965744,0,0,0,0,0,0,0,0,0.033297082,0,0,0,0,0,0,0,0,0,0,0,0,0,0,0,0,0,0,0,0,0,0,0,0,0,0,0,0,0,0,0,0,0,0.133790499,0,0,0,0,0,0,0,0
40311249,0,0,0,0,0,0,0,0,0,0,0.030797451,0,0,0,0,0,0,0,0,0,0,0,0,0,0,0,0,0,0,0,0,0,0,0,1.760289598,2.270834487,0,0,0,0,0,0,1.868698052,0.074033682,1.944981738,0,3.142432926,0,0.817518867,0,3.157496871,0,0,0,2.205472485,0,1.984381098,0,3.16117015,0,0,0,0,0,2.762415388,0,0,0,0,0,2.063713496,1.358108307,0,0,0,0,0,0,0,0,0,0,0,0,0,0,0,3.239707209,2.115076634,0,1.280878085,3.021035365,0,0,0,0,0,0,3.280595091,0,0,0,0,0,0,0,0,0,0.037028108,0,0,0,0,0,0,0,0,0,0,0,0,0,0,0,0,0,0,0,0,0,0,0,0,0,0,0,0,0,0,0,0,0,0.26438799,0,0,0,0,0,0,0,0
40311250,0,0,0,0,0,0,0,0,0,0,0,0,0,0,0,0,0,0,0,0,0,0,0,0,0,0,0,0,0,0,0,0,0,0,1.886579246,2.781630294,0,0,0,0,0,0,2.694836664,0.137333139,1.849695906,0,2.394293121,0,1.087205839,0,3.075280958,0,0,0,2.316366705,0,2.315219671,0,3.620695673,0,0,0,0,0,2.981011189,0,0,0,0,0,2.772118255,1.931309725,0,0,0,0,0,0,0,0,0,0,0,0,0,0,0,2.69204213,2.500485742,0,2.016656558,2.826250427,0,0,0,0,0,0,3.489520757,0,0,0,0,0,0,0,0,0,0,0,0,0,0,0,0,0,0,0,0,0,0,0,0,0,0,0,0,0,0,0,0,0,0,0,0,0.227455871,0,0,0,0,0,0,0.214467523,0,0,0,0,0,0,0,0
40311253,0,0,0,0,0,0,0,0,0,0,0.029742171,0,0,0,0,0,0,0,0,0,0,0,0,0,0,0,0,0,0,0,0,0,0,0,1.811799069,2.370568417,0,0,0,0,0,0,2.287086684,0.059480619,2.264077093,0,3.317049448,0,1.108625861,0,2.748632172,0,0,0,1.990985569,0,1.952487642,0,3.521579016,0,0,0,0,0,3.033585883,0,0,0,0,0,2.73770139,1.736912276,0,0,0,0,0,0,0,0,0,0,0,0,0,0,0,3.101974487,2.356774208,0,1.710151888,2.764290676,0,0,0,0,0,0,3.294971661,0,0,0,0,0,0,0,0,0,0.030986322,0,0,0,0,0,0,0,0,0,0,0,0,0,0,0,0,0,0,0,0,0,0,0,0,0,0,0.148789978,0,0,0,0,0,0,0.158046945,0,0,0,0,0,0,0,0
40311254,0,0,0,0,0,0,0,0,0,0,0,0,0.034142027,0,0,0,0,0,0,0,0,0,0,0,0,0,0,0,0,0,0,0,0,0,2.50164137,0.117278274,0,0,0,0,0,0,1.87181848,0,1.731418681,0,1.514627316,0,1.921438771,0,2.313594791,0,0,0,1.205002221,0,0.092729077,0,0.146597842,0,0,0,0,0,0.999931975,0,0,0,0,0,2.302417767,0.117278274,0,0,0,0,0,0,0,0,0,0,0,0,0,0,0,0.210007351,2.248265623,0,0.148187966,0.210007351,0,0,0,0,0,0,0.270236611,1.37138826,0,0,0,0,0,0,0,0,0,0,0,0,0,0,0,0,0,0,0.034970325,0,0,0,0,0,0,0,0,0,0,0,0,0,0,0,0,0,0,0,0,0,0,0,0,0,0,0,0,0,0,0,0
40311255,0,0,0,0,0,0,0,0,0,0,0,0,0,0,0,0,0,0,0,0,0,0,0,0,0,0,0,0,0,0,0,0,0,0,3.168656708,0,0,0,0,0,0,0,2.591775861,0,0.682296034,0,2.461997284,0,0.623508708,0,0.788312061,0,0,0,0.336103721,0,0,0,0,0,0,0,0,0,0.266258723,0,0,0,0,0,0.929798255,0,0,0,0,0,0,0,0,0,0,0,0,0,0,0,0,0,0.607618667,0,0,0,0,0,0,0,0,0,0,0.201601234,0,0,0,0,0,0,0,0,0,0,0,0,0,0,0,0,0,0,0,0,0,0,0,0,0,0,0,0,0,0,0,0,0,0,0,0,0,0,0,0,0,0,0,0,0,0,0,0,0,0,0
40311256,0,0,0,0,0,0,0,0,0,0,0,0,0,0,0,0,0,0,0,0,0,0,0,0,0,0,0,0,0,0,0,0,0,0,1.860492376,2.929587453,0,0,0,0,0,0,2.224018229,0.05887654,2.287693147,0,3.169417176,0,1.166970826,0,3.268937961,0,0,0,2.335682836,0,2.09933298,0,3.700352711,0,0,0,0,0,3.019598843,0,0,0,0,0,2.631574405,1.95599328,0,0,0,0,0,0,0,0,0,0,0,0,0,0,0,3.120299065,1.945728135,0,1.448217679,3.149264819,0,0,0,0,0,0,3.430200603,0,0,0,0,0,0,0,0,0,0,0,0,0,0,0,0,0,0,0,0,0,0,0,0,0,0,0,0,0,0,0,0,0,0,0,0,0.151999358,0,0,0,0,0,0,0.222119275,0,0,0,0,0,0,0,0
40311257,0,0,0,0,0,0,0,0,0,0,0.02845017,0,0,0,0,0,0,0,0,0,0,0,0,0,0,0,0,0,0,0,0,0,0,0,1.703756136,2.890108731,0,0,0,0,0,0,2.770411865,0.135041443,1.733451168,0,2.653347262,0,1.001277042,0,2.875055562,0,0,0,1.821630699,0,2.257777216,0,3.420784848,0,0,0,0,0,3.084315196,0,0,0,0,0,2.636848597,1.725211602,0,0,0,0,0,0,0,0,0,0,0,0,0,0,0,3.007029536,2.577163535,0,2.413418714,2.451655276,0,0,0,0,0,0,2.959754339,0,0,0,0,0,0,0,0,0,0.032162116,0,0,0,0,0,0,0,0,0,0,0,0,0,0,0,0,0.124031194,0,0,0,0,0,0,0,0,0,0.189996801,0,0,0,0,0,0,0.096943327,0,0,0,0,0,0,0,0
40311258,0,0,0,0,0,0,0,0,0,0,0,0,0,0,0,0,0,0,0,0,0,0,0,0,0,0,0,0,0,0,0,0,0,0,1.844974866,2.695368671,0,0,0,0,0,0,2.150052369,0.056696934,2.355628682,0,2.980404396,0,1.072804992,0,3.562544065,0,0,0,2.26813157,0,1.925977006,0,3.785085292,0,0,0,0,0,2.868178499,0,0,0,0,0,2.480051293,2.015931332,0,0,0,0,0,0,0,0,0,0,0,0,0,0,0,3.090998381,2.017487161,0,1.600812699,3.188051391,0,0,0,0,0,0,3.517448859,0,0,0,0,0,0,0,0,0,0.029269642,0,0,0,0,0,0,0,0,0,0,0,0,0,0,0,0,0,0,0,0,0,0,0,0,0,0,0.14640295,0,0,0,0,0,0,0.25857853,0,0,0,0,0,0,0,0
40311259,0,0,0,0,0,0,0,0,0,0,0,0,0,0,0,0,0,0,0,0,0,0,0,0,0,0,0,0,0,0,0,0,0,0,1.951208683,2.312535437,0,0,0,0,0,0,2.018051962,0.062770454,2.065931206,0,3.583525607,0,1.036494005,0,3.247061287,0,0,0,2.350310093,0,1.773741581,0,3.308471789,0,0,0,0,0,2.795800689,0,0,0,0,0,2.692456575,1.440450107,0,0,0,0,0,0,0,0,0,0,0,0,0,0,0,3.021325584,1.716892151,0,1.186753978,2.901547452,0,0,0,0,0,0,3.184018465,0.091974475,0,0,0,0,0,0,0,0,0.034051167,0,0,0,0,0,0,0,0,0,0,0,0,0,0,0,0,0,0,0,0,0,0,0,0,0,0,0,0,0,0,0,0,0,0.226461556,0,0,0,0,0,0,0,0
40311260,0,0,0,0,0,0,0,0,0,0,0.028438583,0,0.030139146,0,0,0,0,0,0,0,0,0,0,0,0,0,0,0,0,0,0,0,0,0,1.443755257,2.839575314,0,0,0,0,0,0,2.57805639,0.173869839,1.544008747,0,2.570639087,0,1.034025715,0,2.006330621,0,0,0,2.497413217,0,2.162218177,0,2.64540491,0,0,0,0,0,3.210911491,0,0,0,0,0,3.013014865,1.481257925,0,0,0,0,0,0,0,0,0,0,0,0,0,0,0,2.156783641,2.616285219,0,1.854101757,2.162201253,0,0,0,0,0,0,2.712594875,0.086891608,0,0,0,0,0,0,0,0,0,0,0,0,0,0,0,0,0,0,0,0,0,0,0,0,0,0.116036539,0,0,0,0,0,0,0,0,0,0.191890902,0,0,0,0,0,0,0.059265902,0,0,0,0,0,0,0,0
40311261,0,0,0,0,0,0,0,0,0,0,0,0,0.030432395,0,0,0,0,0,0,0,0,0,0,0,0,0,0,0,0,0,0,0,0,0,1.620317991,2.72908546,0,0,0,0,0,0,2.117819374,0.065494116,2.323885733,0,3.423122377,0,1.072737288,0,3.296494329,0,0,0,2.209474493,0,1.854741152,0,3.722852536,0,0,0,0,0,2.696031017,0,0,0,0,0,2.683643418,1.704423603,0,0,0,0,0,0,0,0,0,0,0,0,0,0,0,3.227613143,1.944278874,0,1.372612642,3.084415628,0,0,0,0,0,0,3.083616551,0.060864791,0,0,0,0,0,0,0,0,0.035768091,0,0,0,0,0,0,0,0,0,0,0,0,0,0,0,0,0.112320462,0,0,0,0,0,0,0,0,0,0,0,0,0,0,0,0,0.216811037,0,0,0,0,0,0,0,0
40311262,0,0,0,0,0,0,0,0,0,0,0,0,0,0,0,0,0,0,0,0,0,0,0,0,0,0,0,0,0,0,0,0,0,0,1.56968686,2.659803694,0,0,0,0,0,0,2.178671887,0.047049248,1.911671937,0,2.603203545,0,0.883700712,0,2.820874028,0,0,0,1.809074827,0,1.838485817,0,4.23786412,0,0,0,0,0,2.900086723,0,0,0,0,0,2.355195121,1.580789306,0,0,0,0,0,0,0,0,0,0,0,0,0,0,0,2.853621221,2.035911524,0,1.45299377,2.604250275,0,0,0,0,0,0,2.955748862,0,0,0,0,0,0,0,0,0,0.027507018,0,0,0,0,0,0,0,0,0,0,0,0,0,0,0,0,0.094976572,0,0,0,0,0,0,0,0,0,0.137586531,0,0,0,0,0,0,0.170219337,0,0,0,0,0,0,0,0
40311263,0,0,0,0.073287588,0,0.314977232,0,0,0,0.073287588,0.0345481,0,0,0,0,0,0,0,0,0,0,0,0,0,0,0,0,0,0,0,0,0,0,0,1.468549364,1.856141418,0,0,0,0,0,0,1.635821849,0.049463501,1.225208884,0,2.238281738,0,0.698052254,0,2.259810783,0,0,0,1.509058869,0,2.138237792,0,2.029248037,0,0,0,0,0,2.06763235,0,0,0,0,0,1.712633813,0.896023096,0,0,0,0,0,0,0,0,0,0,0,0,0,0,0,3.676073093,1.435183992,0,1.217290229,2.379589922,0,0,0,0,0,0,1.995301254,0,0,0,0,0,0,0,0,0,0.03561259,0,0,0,0,0,0,0,0,0,0,0,0,0,0,0,0,0.099850136,0,0,0,0,0,0,0,0,0,0,0,0,0,0,0,0,0.156370637,0,0,0,0,0,0,0,0
40311264,0,0,0,0.468982318,0,1.378590803,0,0,0,0.468982318,0.024406799,0,0,0,0,0,0,0,0,0,0,0,0,0,0,0,0,0,0,0,0,0,0,0,1.062467642,1.11809026,0,0,0,0,0,0,1.077394599,0,0.934838382,0,1.474312778,0,0.526816418,0,1.536088029,0,0,0,1.049386111,0,1.353755566,0,1.384325146,0,0,0,0,0,1.426524456,0,0,0,0,0,1.151279536,0.633194019,0,0,0,0,0,0,0,0,0,0,0,0,0,0,0,3.163053266,1.028995049,0,0.975873458,1.387622085,0,0,0,0,0,0,1.424608267,0,0,0,0,0,0,0,0,0,0.025558164,0,0,0,0,0,0,0,0,0,0,0,0,0,0,0,0,0,0,0,0,0,0,0,0,0,0,0,0,0,0,0,0,0,0.129352717,0,0,0,0,0,0,0,0
40311265,0,0,0,1.478693351,0,4,0,0,0,1.478693351,0,0,0,0,0,0,0,0,0,0,0,0,0,0,0,0,0,0,0,0,0,0,0,0,0,0,0,0,0,0,0,0,0,0,0,0,0,0,0,0,0,0,0,0,0,0,0,0,0,0,0,0,0,0,0,0,0,0,0,0,0,0,0,0,0,0,0,0,0,0,0,0,0,0,0,0,0,1.802873167,0,0,0,0,0,0,0,0,0,0,0,0,0,0,0,0,0,0,0,0,0,0,0,0,0,0,0,0,0,0,0,0,0,0,0,0,0,0,0,0,0,0,0,0,0,0,0,0,0,0,0,0,0,0,0,0,0,0,0,0,0,0,0
40311266,0,0,0,0.359638715,0,1.191372634,0,0,0,0.359638715,0.026149906,0,0,0,0,0,0,0,0,0,0,0,0,0,0,0,0,0,0,0,0,0,0,0,1.138347916,1.197943039,0,0,0,0,0,0,1.154340939,0,1.001603513,0,1.579606579,0,0.564441069,0,1.645793751,0,0,0,1.124332116,0,1.450439303,0,1.483192129,0,0,0,0,0,1.528405268,0,0,0,0,0,1.233502657,0.678416041,0,0,0,0,0,0,0,0,0,0,0,0,0,0,0,3.290337587,1.102484746,0,1.045569269,1.486724532,0,0,0,0,0,0,1.526352227,0,0,0,0,0,0,0,0,0,0.0273835,0,0,0,0,0,0,0,0,0,0,0,0,0,0,0,0,0,0,0,0,0,0,0,0,0,0,0,0,0,0,0,0,0,0.138590946,0,0,0,0,0,0,0,0
40312142,0,0,0,0,0,0,0,0,0,0,0.05249253,0.035550842,0,0.092318781,0,0,0,0,0,0,0,0,0,0,0,0,0,0,0,0,0,0,0,1.063528706,0,0,0,0,0,0,0,1.977923696,0,1.699637133,0,1.377304489,0,1.722125864,0,1.423858602,0,0.203917877,0,2.68755529,0.142934942,1.962674351,0,1.565235451,0,1.726239111,0,0.309843191,0,1.025880969,0,2.043118492,2.970226339,1.599044052,0.136485259,1.473074088,0,0,0,0.093443257,0.652483834,0.066050412,1.097470965,0.366011087,1.16628067,1.569910129,0.886989437,2.081621459,0.255498824,0.030499569,0.312508833,0.197522282,0.261090701,0,0,0,0,0,0,0,0,0,0,0,0.136165947,0,0.079796509,0,0,0.119694764,0,0,0,0,0,0,0,0,0,0,0,0,0,0,0,0,0,0,0,0,0,0,0,0.08650781,0.156666257,0,0.143491471,0,0,0,0,0,0,0,0.027392845,0.028835937,0,0,0,0,0,0,0.08650781,0,0,0,0
40320310,0,0,0,0,0,0,0,0,0,0,0.07525979,0.02910695,0.030681007,0.129901825,0,0,0,0,0,0,0,0,0,0,0,0,0,0,0,0,0,0,0,1.345187348,0,0,0,0,0,0,0,1.540356405,0,1.682794715,0,1.484041471,0,1.596521521,0,2.583214345,0,0.056518274,0,2.079375074,0.068474427,2.209399306,0,1.501000425,0,1.231999732,0,0.10165816,0,0.952782584,0.073125308,1.55008274,3.068717973,1.593529258,0.027411324,1.636095078,0,0,0,0.062993003,0.877281364,0.062993003,1.602263563,0.067772107,1.428634234,1.711959869,0.665948339,1.241104597,0.069920502,0.033886053,0.095183431,0,0.167252328,0,0,0,0,0,0,0,0,0,0,0,0,0,0.060921953,0,0,0.09138293,0,0,0,0,0,0,0,0,0,0,0,0,0,0,0,0,0,0,0,0,0,0,0,0,0.241690047,0,0,0,0,0,0,0,0,0,0,0,0,0,0,0,0,0,0,0,0,0,0
40320324,0,0,0,0,0,0,0,0,0,0,0.346984396,0,0,0.131940332,0,0,0,0,0,0,0,0,0,0,0,0,0,0,0,0,0,0,0,1.893450544,0,0,0,0,0.087323921,0,0,1.894496584,0,1.777447325,0,1.86272666,0,1.476840436,0,1.817936805,0,0.108654321,0,2.200728558,0.101410823,1.815965791,0,1.951280887,0,1.346076624,0,0.184079474,0,1.250589851,0.065106284,1.415317027,3.198460031,2.3963435,0.087323921,2.014312504,0,0,0,0.133796039,0.699516583,0.112465639,1.431851093,0.18804573,2.290299738,3.413508626,1.183349908,1.218313368,0,0.025141718,0.050283435,0.135817901,0.081490741,0,0,0,0,0,0,0,0,0,0,0,0,0,0.062379778,0,0,0.093569668,0,0,0,0,0,0,0,0,0,0,0,0,0,0,0,0,0,0,0,0,0,0,0,0,0.246753241,0,0.132342748,0,0,0,0,0,0,0,0,0,0,0,0,0,0,0,0,0,0,0,0
40320326,0,0,0,0,0,0,0,0,0,0,0.346473211,0.02960158,0,0.099057784,0,0,0,0,0,0,0,0,0,0,0,0,0,0,0,0,0,0,0,1.561269122,0,0,0,0,0,0,0,1.434443709,0,1.556592703,0,2.100393006,0,1.720878168,0,2.379139583,0,0.02960158,0,1.774967394,0.055846099,1.940842539,0,1.733804706,0,1.424486344,0,0,0,1.267492498,0.07580462,1.211561081,3.276755315,2.019931423,0,2.39522684,0,0,0,0.02960158,0.834718427,0.02960158,1.305487136,0,1.955610987,2.56023809,0.790592715,1.256274673,0,0,0,0,0,0,0,0,0,0,0,0,0,0,0,0,0,0,0.062860555,0,0,0.094290832,0,0,0,0,0,0,0,0,0,0,0,0,0,0,0,0,0,0,0,0,0,0,0,0,0.137891036,0,0,0,0,0,0,0,0,0,0,0,0,0,0,0,0,0,0,0,0,0,0
40327247,0,0,0,0,0,0,0,0,0,0,0.086360208,0,0.027361169,0,0,0,0,0,0,0,0,0,0,0,0,0,0,0,0,0,0,0,0,1.110413261,0,0,0,0,0,0,0,0.889373521,0.030431627,1.199851203,0,1.206832465,0,1.038808285,0,3.095559574,0,0,0,0.665080764,0.058884256,0.333282857,0,0.25761579,0,0.114494364,0,0,0,0.416455104,0,0.347264533,0.205044853,0.305546452,0,1.845238708,0,0,0,0,0.877560269,0,0.054722339,0,0.538286557,0.329654359,0.111845265,0.22087047,0,0,0,0,0,0,0,0,0,0,0,0,0,0,0,0,0,0,0,0,0,0,0,0,0,0,0,0,0,0,0,0,0,0,0,0,0,0,0,0,0,0,0,0,0,0,0,0,0,0,0,0,0,0,0,0,0,0,0,0,0,0,0,0,0,0,0,0,0
40333126,0,0,0,0,0,0,0,0,0,0,0.091896624,0,0.02772881,0,0,0,0,0,0,0,0,0,0,0,0,0,0,0,0,0,0,0,0,1.693571301,0,0,0,0,0,0,0,1.554918073,0,2.125272633,0,1.502902365,0,2.122471159,0,1.899924067,0,0,0,2.923709464,0,0.778096724,0,0.616268156,0,0.269586904,0,0,0,1.712039892,0,1.652866968,0.756305493,0.708910195,0,2.590926186,0,0,0,0,1.816942629,0,0.412881245,0,1.952339857,1.049296152,0.387594007,0.590922144,0,0,0,0,0,0,0,0,0,0,0,0,0,0,0,0,0,0,0.058903708,0,0,0.088355562,0,0,0,0,0,0,0,0,0,0,0,0,0,0,0,0,0,0,0,0,0,0,0,0,0.116208896,0,0.163223562,0,0,0,0,0,0,0,0,0,0,0,0,0,0,0,0,0,0,0,0
40411101,0,0,0,0,0,0,0,0,0,0,0,0,0.15945136,0,0,0,0,0,0,0,0,0,0,0,0,0,0,0,0,0,0,0,0,2.271719024,0.487761762,0,0,0,0,0,0,0.776552364,0.399817438,0.692463289,0.254393346,0.921790202,0.398921214,0.937577733,0.352196085,0.648092062,0.615878112,0,0,0.330491037,0.673100371,0,0,0,0,0,0,0,0,0.308839028,1.127216551,0.289485348,0,0,0,0.728799112,1.796653387,0,0,0,1.991925481,0,0,0,0.348545213,0,0,0,0,0,0,0,0,0,0.312854005,0,0,0,0,0,0,0,0,0,0,2.011542632,0,0,0,0,0,0,0,0,0,0,0,0,0,0,0,0,0,0,0.027223919,0,0,0,0,0,0,0,0,0,0,0,0,0,0,0,0,0,0,0,0,0,0,0,0,0,0,0,0,0,0,0,0
40411102,0,0,0,0,0,0,0,0,0,0,0,0,0,0,0,0,0,0,0,0,0,0,0,0,0,0,0,0,0,0,0,0,0,2.76025931,0,0,0,0,0,0,0,1.514488884,0.033616342,1.700351336,0,2.480870421,0,1.890749796,0,2.512123087,0,0,0,1.002875025,0,0,0,0,0,0,0,0,0,0.99848595,0,0.827638555,0,0,0,1.360172978,0,0,0,0.033596007,2.382873722,0,0,0,0.924012387,0,0,0,0,0,0,0,0,0,0,0,0,0,0,0,0,0,0,0,0,0,0,0,0,0,0,0,0,0,0,0,0,0,0,0,0,0,0,0,0,0,0,0,0,0,0,0,0,0,0,0,0,0,0,0,0,0,0,0,0,0,0,0,0,0,0,0,0,0,0,0,0
40411104,0,0,0,0,0,0,0,0,0,0,0,0,0,0,0,0,0,0,0,0,0,0,0,0,0,0,0,0,0,0,0,0,0,2.783978253,0,0,0,0,0,0,0,1.425243918,0,1.62111197,0,1.731504445,0,1.948305741,0,1.735450889,0,0,0,1.671491072,0,0,0,0,0,0,0,0,0,1.318272805,0,1.269837098,0,0,0,1.665591686,0,0,0,0,2.781824391,0,0,0,1.234103147,0,0,0,0,0,0,0,0,0,0,0,0,0,0,0,0,0,0,0,0,0,0,0,0,0,0,0,0,0,0,0,0,0,0,0,0,0,0,0,0,0,0,0,0,0,0,0,0,0,0,0,0,0,0,0,0,0,0,0,0,0,0,0,0,0,0,0,0,0,0,0,0
40411105,0,0,0,0,0,0,0,0,0,0,0,0,0,0,0,0,0,0,0,0,0,0,0,0,0,0,0,0,0,0,0,0,0,3.471367194,0,0,0,0,0,0,0,0.879262871,0.033938676,1.206157085,0,1.210489078,0,1.012277562,0,1.961690311,0,0,0,1.433550276,0,0.091914325,0,0,0,0.032299404,0,0,0,1.387112967,0,0.990751105,0,0.096898212,0,1.244650875,0,0,0,0,1.163728139,0,0,0,0.808958798,0.158174429,0,0,0,0,0,0,0,0,0,0,0,0,0,0,0,0,0,0,0,0,0,0,0,0,0,0,0,0,0,0,0,0,0,0,0,0,0,0,0,0,0,0,0,0,0,0,0,0,0,0,0,0,0,0,0,0,0,0,0,0,0,0,0,0,0,0,0,0,0,0,0
40411106,0,0,0,0,0,0,0,0,0,0,0,0,0,0,0,0,0,0,0,0,0,0,0,0,0,0,0,0,0,0,0,0,0,2.791869967,0,0,0,0,0,0,0,0.941728379,0.029072703,1.755812862,0,1.635346044,0,1.755336787,0,2.464300932,0,0,0,2.159829087,0,0.215073899,0,0,0,0.086713361,0,0,0,1.636912351,0,1.504999878,0.144522268,0.086713361,0,1.996796025,0,0,0,0,2.164357222,0,0,0,1.649723153,0.181921871,0.086713361,0.144522268,0,0,0,0,0,0,0,0,0,0,0,0,0,0,0,0,0,0,0,0,0,0,0,0,0,0,0,0,0,0,0,0,0,0,0,0,0,0,0,0,0,0,0,0,0,0,0.115617814,0,0,0,0,0,0,0,0,0,0,0,0,0,0,0,0,0,0,0,0,0,0
40411108,0,0,0,0,0,0,0,0,0,0,0,0,0,0,0,0,0,0,0,0,0,0,0,0,0,0,0,0,0,0,0,0,0,1.995066027,0,0,0,0,0,0,0,1.931137489,0,1.829086167,0,1.991997703,0,0.763834997,0,2.384110576,0,0,0,0.692242865,0,0.121286831,0,0.154139777,0,0.032852947,0,0,0,0.752912932,0,0.404631197,0.065705893,0.032852947,0,1.667846924,0,0,0,0.033785795,0.813198416,0,0.121286831,0,0.401028654,0.117911845,0,0,0,0,0,0,0,0,0,0,0,0,0,0,0,0,0,0,0,0,0,0,0,0,0,0,0,0,0,0,0,0,0,0,0,0,0,0,0,0,0,0,0,0,0,0,0,0,0,0,0,0,0,0,0,0,0,0,0,0,0,0,0,0,0,0,0,0,0,0,0
40411109,0,0,0,0,0,0,0,0,0,0,0,0,0.044764568,0,0,0,0,0,0,0,0,0,0,0,0,0,0,0,0,0,0,0,0,3.865046303,0,0,0,0,0,0,0,1.074139416,0.030860976,0.248885266,0,0.704424796,0,0.389506992,0,0.456770133,0,0,0,0.035042469,0.154899895,0,0,0,0,0,0,0,0,0.127656081,0.173018678,0.128352193,0,0,0,0.402499627,0.681293934,0,0,0,0.884111873,0,0,0,0.131806889,0,0,0,0,0,0,0,0,0,0,0,0,0,0,0,0,0,0,0,0,0.457355203,0,0,0,0,0,0,0,0,0,0,0,0,0,0,0,0,0,0,0,0,0,0,0,0,0,0,0,0,0,0,0,0,0,0,0,0,0,0,0,0,0,0,0,0,0,0,0,0,0,0,0
40411110,0,0,0,0,0,0,0,0,0,0,0,0,0,0,0,0,0,0,0,0,0,0,0,0,0.061379573,0,0,0,0,0,0,0,0,3.86250583,0,0,0,0,0,0,0,1.084512548,0.036732046,0.947951681,0,1.237956971,0,1.164982439,0,1.744312822,0,0.030689786,0,0.966744137,0,0,0,0,0,0,0,0,0,0.973200916,0,0.79071948,0,0,0,0.954442817,0,0,0,0.030689786,1.731926034,0,0,0,0.804450813,0,0,0,0,0,0,0,0,0,0,0,0,0,0,0,0,0,0,0,0,0,0,0,0,0,0,0,0,0,0,0,0,0,0,0,0,0,0,0,0,0,0,0,0,0,0,0,0,0,0,0,0,0,0,0,0,0,0,0,0,0,0,0,0,0,0,0,0,0,0,0,0
40411111,0,0,0,0,0,0,0,0,0,0,0,0,0,0,0,0,0,0,0,0,0,0,0,0,0,0,0,0,0,0,0,0,0,3.82662292,0,0,0,0,0,0,0,1.588963779,0,0,0,1.751748352,0,0,0,0.037467121,0,0,0,0,0,0,0,0,0,0,0,0,0,0.037467121,0,0.037467121,0,0,0,0.037467121,0,0,0,0,0,0,0,0,0.037467121,0,0,0,0,0,0,0,0,0,0,0,0,0,0,0,0,0,0,0,0,0,0,0,0,0,0,0,0,0,0,0,0,0,0,0,0,0,0,0,0,0,0,0,0,0,0,0,0,0,0,0,0,0,0,0,0,0,0,0,0,0,0,0,0,0,0,0,0,0,0,0,0
40411113,0,0,0,0,0,0,0,0,0,0,0,0,0,0,0,0,0,0,0,0,0,0,0,0,0,0,0,0,0,0,0,0,0,2.484688286,0,0,0,0,0,0,0,1.587964382,0,1.844294475,0,1.72237656,0,1.808798913,0,2.428814074,0,0,0,1.771549418,0,0,0,0,0,0,0,0,0,1.509544734,0,1.212187915,0,0,0,1.770553041,0,0,0,0.029719915,2.195433695,0,0,0,1.176396724,0,0,0,0,0,0,0,0,0,0,0,0,0,0,0,0,0,0,0,0,0,0,0,0,0,0,0,0,0,0,0,0,0,0,0,0,0,0,0,0,0,0,0,0,0,0,0,0,0,0,0,0,0,0,0,0,0,0,0,0,0,0,0,0,0,0,0,0,0,0,0,0
40411114,0,0,0,0,0,0,0,0,0,0,0,0,0.029730142,0,0,0,0,0,0,0,0,0,0,0,0.058654203,0,0,0,0,0,0,0,0,3.43147413,0,0,0,0,0,0,0,1.017687066,0.030191102,1.783428315,0,1.459281094,0,1.765111646,0,2.126447861,0,0.029327102,0,1.930211262,0,0.205166595,0,0.058835643,0,0.145661611,0,0,0,1.218898551,0,1.22041639,0.262173019,0.234852036,0,1.515456866,0,0,0,0.029327102,2.188547449,0,0.059460283,0,1.085370872,0.176061093,0.087450607,0.145751012,0,0,0,0,0,0,0,0,0,0,0,0,0,0,0,0,0,0,0,0,0,0,0,0,0,0,0,0,0,0,0,0,0,0,0,0,0,0,0,0,0,0,0,0,0,0,0.11660081,0,0,0,0,0,0,0,0,0,0,0,0,0,0,0,0,0,0,0,0,0,0
40411115,0,0,0,0,0,0,0,0,0,0,0,0,0,0,0,0,0,0,0,0,0,0,0,0,0,0,0,0,0,0,0,0,0,3.610693157,0,0,0,0,0,0,0,1.124080448,0,1.400939624,0,0.970666821,0,0.977646157,0,0.779442325,0,0,0,1.480721949,0,0.153717598,0,0.153717598,0,0,0,0,0,0.924117466,0,0.927819431,0.095014977,0.153717598,0,1.253236592,0,0,0,0,1.037417897,0,0.184229083,0,0.618660641,0.185389257,0.031671659,0.122045939,0,0,0,0,0,0,0,0,0,0,0,0,0,0,0,0,0,0,0,0,0,0,0,0,0,0,0,0,0,0,0,0,0,0,0,0,0,0,0,0,0,0,0,0,0,0,0,0,0,0,0,0,0,0,0,0,0,0,0,0,0,0,0,0,0,0,0,0,0
40411117,0,0,0,0,0,0,0,0,0,0,0,0,0,0,0,0,0,0,0,0,0,0,0,0,0,0,0,0,0,0,0,0,0,1.003887251,0,0,0,0,0,0,0,2.952433054,0,1.644486838,0,1.193834186,0,0.66744809,0,2.062966577,0,0,0,1.204988215,0,0.413437049,0,0.412243437,0,0.256765419,0,0,0,0.924540729,0,0.596858111,0.488889912,0.260488452,0,1.764775639,0,0,0,0,0.825748236,0,0.28950456,0,0.688330664,0.617240607,0.182359732,0.330868991,0,0,0,0,0,0,0,0,0,0,0,0,0,0,0,0,0,0,0,0,0,0,0,0,0,0,0,0,0,0,0,0,0,0,0,0,0,0,0,0,0,0,0,0,0,0,0,0,0.140111636,0,0,0,0,0,0,0,0,0,0,0,0,0,0,0,0,0,0,0,0
40411118,0,0,0,0,0,0,0,0,0,0,0,0,0,0,0,0,0,0,0,0,0,0,0,0,0,0,0,0,0,0,0,0,0,1.419947034,0,0,0,0,0,0,0,1.225407108,0,2.068520542,0,2.134472952,0,0.918574679,0,2.707886051,0,0,0,0.811437338,0,0.251163067,0,0.279862947,0,0.084039566,0,0,0,0.629851261,0,0.495558476,0.301846861,0.217807295,0,1.88552444,0,0,0,0,1.057663471,0,0.196739679,0,0.346447464,0.224053065,0,0,0,0,0,0,0,0,0,0,0,0,0,0,0,0,0,0,0,0,0,0,0,0,0,0,0,0,0,0,0,0,0,0,0,0,0,0,0,0,0,0,0,0,0,0,0,0,0,0,0,0,0,0,0,0,0,0,0,0,0,0,0,0,0,0,0,0,0,0,0
40411119,0,0,0,0,0,0,0,0,0,0,0,0,0,0,0,0,0,0,0,0,0,0,0,0,0,0,0,0,0,0,0,0,0,3.722554666,0,0,0,0,0,0,0,1.027110282,0,0.065192617,0,1.053031336,0,0.065192617,0,0,0,0,0,0,0,0,0,0,0,0,0,0,0,0.029367696,0,0.029367696,0,0,0,0.029367696,0,0,0,0,0.035824921,0,0,0,0,0,0,0,0,0,0,0,0,0,0,0,0,0,0,0,0,0,0,0,0,0,0,0,0,0,0,0,0,0,0,0,0,0,0,0,0,0,0,0,0,0,0,0,0,0,0,0,0,0,0,0,0,0,0,0,0,0,0,0,0,0,0,0,0,0,0,0,0,0,0,0,0
40411120,0,0,0,0,0,0,0,0,0,0,0,0,0,0,0,0,0,0,0,0,0,0,0,0,0,0,0,0,0,0,0,0,0,2.530424913,0,0,0,0,0,0,0,1.278215122,0.031927153,1.778666854,0,1.929223518,0,2.124176344,0,2.441367321,0,0,0,2.048958364,0,0.310069412,0,0.091434094,0,0.154536205,0,0,0,1.332722796,0,1.415494272,0.277879029,0.093580142,0,1.96365689,0,0,0,0,2.607064742,0,0.030478031,0,1.829170147,0.309260178,0.124058173,0.30835706,0,0,0,0,0,0,0,0,0,0,0,0,0,0,0,0,0,0,0.060956063,0,0,0.091434094,0,0,0,0,0,0,0,0,0,0,0,0,0,0,0,0,0,0,0,0,0,0,0,0,0.124773522,0,0,0,0,0,0,0,0,0,0,0,0,0,0,0,0,0,0,0,0,0,0
40411121,0,0,0,0,0,0,0,0,0,0,0,0,0,0,0,0,0,0,0,0,0,0,0,0,0,0,0,0,0,0,0,0,0,2.877922702,0,0,0,0,0,0,0,1.937536476,0,0,0,1.673553365,0,0,0,0.034702654,0,0,0,0,0,0,0,0,0,0,0,0,0,0.034702654,0,0.034702654,0,0,0,0.034702654,0,0,0,0,0,0,0,0,0.034702654,0,0,0,0,0,0,0,0,0,0,0,0,0,0,0,0,0,0,0,0,0,0,0,0,0,0,0,0,0,0,0,0,0,0,0,0,0,0,0,0,0,0,0,0,0,0,0,0,0,0,0,0,0,0,0,0,0,0,0,0,0,0,0,0,0,0,0,0,0,0,0,0
40411122,0,0,0,0,0,0,0,0,0,0,0,0,0,0,0,0,0,0,0,0,0,0,0,0,0,0,0,0,0,0,0,0,0,1.601814215,0,0,0,0,0,0,0,1.988426323,0,1.919704646,0,2.125207493,0,1.70905184,0,2.342338462,0,0,0,0.964309796,0,0.08666332,0,0.11791507,0,0.057775547,0,0,0,0.727004355,0,0.726048249,0.146802844,0,0,1.489728761,0,0,0,0.029254568,2.582978899,0,0.028887773,0,0.759693063,0.115551093,0.060139523,0.144438867,0,0,0,0,0,0,0,0,0,0,0,0,0,0,0,0,0,0,0.057775547,0,0,0.08666332,0,0,0,0,0,0,0,0,0,0,0,0,0,0,0,0,0,0,0,0,0,0,0,0,0,0,0,0,0,0,0,0,0,0,0,0,0,0,0,0,0,0,0,0,0,0,0
40411124,0,0,0,0,0,0,0,0,0,0,0,0,0,0,0,0,0,0,0,0,0,0,0,0,0,0,0,0,0,0,0,0,0,3.976459991,0,0,0,0,0,0,0,0.952084826,0,0.892944765,0,1.226137339,0,0.635605003,0,0.632410636,0,0,0,0.666405146,0,0,0,0,0,0,0,0,0,0.617818767,0,0.630390073,0,0,0,0.82549175,0,0,0,0,1.345873815,0,0,0,0.327776916,0,0,0,0,0,0,0,0,0,0,0,0,0,0,0,0,0,0,0,0,0,0,0,0,0,0,0,0,0,0,0,0,0,0,0,0,0,0,0,0,0,0,0,0,0,0,0,0,0,0,0,0,0,0,0,0,0,0,0,0,0,0,0,0,0,0,0,0,0,0,0,0
40411125,0,0,0,0,0,0,0,0,0,0,0,0,0.032781717,0,0,0,0,0,0,0,0,0,0,0,0,0,0,0,0,0,0,0,0,3.813250779,0,0,0,0,0,0,0,1.003028722,0,0.794726798,0,1.352616621,0,1.018513521,0,0.626520517,0,0,0,0.395647146,0,0,0,0,0,0,0,0,0,0.375906781,0.098345151,0.37848615,0,0,0,0.693143848,0.131126868,0,0,0,1.760944243,0,0,0,0.385741968,0,0,0,0,0,0,0,0,0,0,0,0,0,0,0,0,0,0,0,0,0.131126868,0,0,0,0,0,0,0,0,0,0,0,0,0,0,0,0,0,0,0,0,0,0,0,0,0,0,0,0,0,0,0,0,0,0,0,0,0,0,0,0,0,0,0,0,0,0,0,0,0,0,0
40411126,0,0.034691387,0,0,0,0,0,0,0,0,0.056679144,0,0,0.028339572,0,0,0,0,0,0,0,0,0,0,0,0,0,0,0,0,0,0,0,1.484881279,0,0,0,0,0,0,0,1.687003418,0,1.942232742,0,1.533875408,0,1.664432234,0,1.488247037,0,0,0,2.741442871,0,0.716858365,0,0.42826996,0,0.507165604,0,0,0,1.519784473,0,2.149675044,0.7305702,0.679516906,0,1.683303794,0,0,0,0,1.565665389,0,0.473234191,0,2.134884303,0.940440872,0.47513931,0.622921916,0,0,0,0,0,0,0,0,0,0,0,0,0,0,0,0,0,0,0.065465747,0,0,0.098198621,0,0,0,0,0.034691387,0,0,0,0,0,0,0,0,0,0,0,0,0,0,0,0,0,0,0,0.119242112,0,0.148694366,0,0,0,0,0,0,0,0,0,0,0,0,0,0,0,0,0,0,0,0
40411127,0,0,0,0,0,0,0,0,0,0,0,0,0,0,0,0,0,0,0,0,0,0,0,0,0,0,0,0,0,0,0,0,0,3.644832012,0,0,0,0,0,0,0,0.814396814,0.046055141,1.068169784,0,1.774228287,0,1.301923827,0,2.042567,0,0,0,0.9827387,0,0.094623549,0,0,0,0,0,0,0,1.003338622,0,0.763173663,0,0,0,1.276192524,0,0,0,0,1.052124414,0,0,0,0.971474261,0.063082366,0,0,0,0,0,0,0,0,0,0,0,0,0,0,0,0,0,0,0,0,0,0,0,0,0,0,0,0,0,0,0,0,0,0,0,0,0,0,0,0,0,0,0,0,0,0,0,0,0,0,0,0,0,0,0,0,0,0,0,0,0,0,0,0,0,0,0,0,0,0,0
40411128,0,0,0,0,0,0,0,0,0,0,0,0,0,0,0,0,0,0,0,0,0,0,0,0,0,0,0,0,0,0,0,0,0,2.52362451,0,0,0,0,0,0,0,1.0275094,0.031697525,1.402861923,0,1.478801469,0,1.823014092,0,2.472402144,0,0,0,1.986203071,0,0.097748306,0,0.03065485,0,0,0,0,0,1.660183441,0,1.344431587,0.03065485,0,0,1.815173479,0,0,0,0,2.542405215,0,0,0,1.503408972,0.065165537,0.03065485,0,0,0,0,0,0,0,0,0,0,0,0,0,0,0,0,0,0,0,0,0,0,0,0,0,0,0,0,0,0,0,0,0,0,0,0,0,0,0,0,0,0,0,0,0,0,0,0,0,0,0,0,0,0,0,0,0,0,0,0,0,0,0,0,0,0,0,0,0,0
40411129,0,0,0,0,0,0,0,0,0,0,0,0,0.031902044,0,0,0,0,0,0,0,0,0,0,0,0,0,0,0,0,0,0,0,0,2.991892472,0,0,0,0,0,0,0,1.641832679,0,1.24963187,0,1.318881224,0,1.477013633,0,1.207597758,0,0,0,0.848264246,0,0,0,0,0,0,0,0,0,0.804829551,0.095706131,0.616157514,0,0,0,0.996387766,0.127608175,0,0,0,2.6559764,0,0,0,0.606946205,0,0,0,0,0,0,0,0,0,0,0,0,0,0,0,0,0,0,0,0,0.127608175,0,0,0,0,0,0,0,0,0,0,0,0,0,0,0,0,0,0,0,0,0,0,0,0,0,0,0,0,0,0,0,0,0,0,0,0,0,0,0,0,0,0,0,0,0,0,0,0,0,0,0
40411130,0,0,0,0,0,0,0,0,0,0,0,0,0.266066313,0,0,0,0,0,0,0,0,0,0,0,0,0,0,0,0,0,0,0,0,1.078662964,0.711172768,0,0,0,0,0,0,1.029611217,0.407011134,1.050838295,0.212307849,0.98767599,0.402061761,0.790270513,0.390451557,0.833177355,0.43478738,0,0,0.295222095,1.315137146,0.055180506,0,0.055180506,0,0,0,0,0,0.323194162,0.94206139,0.385209941,0.055180506,0.027590253,0,0.766456274,0.916499265,0,0,0,2.194202562,0,0,0,0.384207978,0,0,0.082770759,0,0,0,0,0,0,0.275617102,0,0,0,0,0,0,0,0,0,0,1.635826124,0,0,0,0,0,0,0,0,0,0,0,0,0,0,0,0,0,0,0,0,0,0,0,0,0,0,0,0,0,0,0,0,0,0,0,0,0,0,0,0,0,0,0,0,0.054385323,0,0,0,0,0,0
40411131,0,0,0,0,0,0,0,0,0,0,0,0,0,0,0,0,0,0,0,0,0,0,0,0,0,0,0,0,0,0,0,0,0,3.120969667,0,0,0,0,0,0,0,1.027875363,0,1.128126745,0,2.486362418,0,0.489038028,0,0.857835319,0,0,0,0.360689007,0,0.036357467,0,0.072714934,0,0.036357467,0,0,0,0.323643724,0,0.251464425,0.072714934,0.036357467,0,1.05715801,0,0,0,0,0.104738861,0,0.036357467,0,0.194112436,0,0,0,0,0,0,0,0,0,0,0,0,0,0,0,0,0,0,0,0,0,0,0,0,0,0,0,0,0,0,0,0,0,0,0,0,0,0,0,0,0,0,0,0,0,0,0,0,0,0,0,0,0,0,0,0,0,0,0,0,0,0,0,0,0,0,0,0,0,0,0,0
40411132,0,0,0,0,0,0,0,0,0,0,0,0,0,0,0,0,0,0,0,0,0,0,0,0,0,0,0,0,0,0,0,0,0,3.764346447,0,0,0,0,0,0,0,1.606789016,0,0,0,1.610537673,0,0,0,0.033205037,0,0,0,0,0,0,0,0,0,0,0,0,0,0.033205037,0,0.033205037,0,0,0,0.033205037,0,0,0,0,0,0,0,0,0.033205037,0,0,0,0,0,0,0,0,0,0,0,0,0,0,0,0,0,0,0,0,0,0,0,0,0,0,0,0,0,0,0,0,0,0,0,0,0,0,0,0,0,0,0,0,0,0,0,0,0,0,0,0,0,0,0,0,0,0,0,0,0,0,0,0,0,0,0,0,0,0,0,0
40411133,0,0,0,0,0,0,0,0,0,0,0,0.029089431,0,0.031803576,0,0,0,0,0,0,0,0,0,0,0,0,0,0,0,0,0,0,0,1.613922977,0,0,0,0,0,0,0,2.144427082,0,2.033731242,0,2.235579879,0,2.363809206,0,2.010099526,0,0.060893006,0,1.835994137,0,0.314471024,0,0.317185169,0,0.192609431,0,0,0,1.245431685,0,1.349179782,0.22167543,0.096316431,0,1.617728318,0,0,0,0.0620867,2.561959365,0.029089431,0.121861593,0,1.396180293,0.252086883,0.033601785,0.255277215,0,0,0,0,0,0,0,0,0,0,0,0,0,0,0,0,0,0,0.067203569,0,0,0.100805354,0,0,0,0,0,0,0,0,0,0,0,0,0,0,0,0,0,0,0,0,0,0,0,0,0,0,0,0,0,0,0,0,0,0,0,0,0,0,0,0,0,0,0,0,0,0,0
40411134,0,0,0,0,0,0,0,0,0,0,0,0,0,0,0,0,0,0,0,0,0,0,0,0,0,0,0,0,0,0,0,0,0,0.856503305,0,0,0,0,0,0,0,1.527852688,0,1.092481106,0,1.574166812,0,0.474261907,0,2.466583033,0,0,0,0.201478049,0,0,0,0.032874632,0,0,0,0,0,0.282842689,0,0.090956896,0.032874632,0,0,0.975327299,0,0,0,0,0.806873113,0,0,0,0.185849081,0,0.032874632,0,0,0,0,0,0,0,0,0,0,0,0,0,0,0,0,0,0,0,0,0,0,0,0,0,0,0,0,0,0,0,0,0,0,0,0,0,0,0,0,0,0,0,0,0,0,0,0,0,0,0,0,0,0,0,0,0,0,0,0,0,0,0,0,0,0,0,0,0,0
40411137,0,0,0,0,0,0,0,0,0,0,0,0,0,0,0,0,0,0,0,0,0,0,0,0,0,0,0,0,0,0,0,0,0,3.722554666,0,0,0,0,0,0,0,1.027110282,0,0.065192617,0,1.053031336,0,0.065192617,0,0,0,0,0,0,0,0,0,0,0,0,0,0,0,0.029367696,0,0.029367696,0,0,0,0.029367696,0,0,0,0,0.035824921,0,0,0,0,0,0,0,0,0,0,0,0,0,0,0,0,0,0,0,0,0,0,0,0,0,0,0,0,0,0,0,0,0,0,0,0,0,0,0,0,0,0,0,0,0,0,0,0,0,0,0,0,0,0,0,0,0,0,0,0,0,0,0,0,0,0,0,0,0,0,0,0,0,0,0,0
40411138,0,0,0,0,0,0,0,0,0,0,0,0,0,0,0,0,0,0,0,0,0,0,0,0,0,0,0,0,0,0,0,0,0,3.69951951,0,0,0,0,0,0,0,1.194366268,0,0.388347156,0,0.71626019,0,0.28417252,0,0.032963306,0,0,0,0.279334219,0,0,0,0,0,0,0,0,0,0.242953001,0,0.347127638,0,0,0,0.353049521,0,0,0,0,0.193269197,0,0,0,0.20101989,0,0,0,0,0,0,0,0,0,0,0,0,0,0,0,0,0,0,0,0,0,0,0,0,0,0,0,0,0,0,0,0,0,0,0,0,0,0,0,0,0,0,0,0,0,0,0,0,0,0,0,0,0,0,0,0,0,0,0,0,0,0,0,0,0,0,0,0,0,0,0,0
40411140,0,0,0,0,0,0,0,0,0,0,0,0,0,0,0,0,0,0,0,0,0,0,0,0,0,0,0,0,0,0,0,0,0,1.253808476,0,0,0,0,0,0,0,1.519449321,0,1.680793542,0,1.89984,0,1.638661249,0,2.866955307,0,0,0,1.334552545,0,0.089105629,0,0.12141369,0,0.059403753,0,0,0,0.958800218,0,1.053816748,0.151115566,0,0,1.921767531,0,0,0,0,2.452646773,0,0.029701876,0,1.188728687,0.118807505,0.062009937,0.148509381,0,0,0,0,0,0,0,0,0,0,0,0,0,0,0,0,0,0,0.059403753,0,0,0.089105629,0,0,0,0,0,0,0,0,0,0,0,0,0,0,0,0,0,0,0,0,0,0,0,0,0,0,0,0,0,0,0,0,0,0,0,0,0,0,0,0,0,0,0,0,0,0,0
40411141,0,0,0,0,0,0,0,0,0,0,0,0,0,0,0,0,0,0,0,0,0,0,0,0,0,0,0,0,0,0,0,0,0,3.665375755,0,0,0,0,0,0,0,0.845958984,0.032278879,1.209241166,0,1.150284933,0,1.384243322,0,1.416395665,0,0,0,1.533302215,0,0,0,0,0,0,0,0,0,1.328431891,0,1.080454095,0,0,0,1.402012862,0,0,0,0,1.779321807,0,0,0,1.120017431,0,0,0,0,0,0,0,0,0,0,0,0,0,0,0,0,0,0,0,0,0,0,0,0,0,0,0,0,0,0,0,0,0,0,0,0,0,0,0,0,0,0,0,0,0,0,0,0,0,0,0,0,0,0,0,0,0,0,0,0,0,0,0,0,0,0,0,0,0,0,0,0
40411143,0,0,0,0,0,0,0,0,0,0,0,0,0,0,0,0,0,0,0,0,0,0,0,0,0,0,0,0,0,0,0,0,0,1.216192444,0,0,0,0,0,0,0,2.324191013,0,1.298714622,0,1.84052048,0,1.366571372,0,1.24047774,0,0,0,0.86172084,0,0.095181525,0,0.095181525,0,0.06345435,0,0,0,0.551590024,0,0.686119157,0.126908699,0,0,0.966230182,0,0,0,0,2.281291223,0,0.031727175,0,0.742147,0.126908699,0.031727175,0.158635874,0,0,0,0,0,0,0,0,0,0,0,0,0,0,0,0,0,0,0.06345435,0,0,0.095181525,0,0,0,0,0,0,0,0,0,0,0,0,0,0,0,0,0,0,0,0,0,0,0,0,0,0,0,0,0,0,0,0,0,0,0,0,0,0,0,0,0,0,0,0,0,0,0
40411145,0,0,0,0,0,0,0,0,0,0,0,0,0,0,0,0,0,0,0,0,0,0,0,0,0,0,0,0,0,0,0,0,0,3.563417577,0,0,0,0,0,0,0,0.556860042,0,0.674476138,0,1.171732732,0,0.4221368,0,0.25981553,0,0,0,0.428120909,0,0,0,0,0,0,0,0,0,0.277029211,0,0.355253914,0,0,0,0.600151544,0,0,0,0,0.29598174,0,0,0,0.203394434,0,0,0,0,0,0,0,0,0,0,0,0,0,0,0,0,0,0,0,0,0,0,0,0,0,0,0,0,0,0,0,0,0,0,0,0,0,0,0,0,0,0,0,0,0,0,0,0,0,0,0,0,0,0,0,0,0,0,0,0,0,0,0,0,0,0,0,0,0,0,0,0
40411146,0,0,0,0,0,0,0,0,0,0,0,0,0,0,0,0,0,0,0,0,0,0,0,0,0,0,0,0,0,0,0,0,0,3.468311286,0,0,0,0,0,0,0,0.945056694,0.031115377,1.61760944,0,2.360304386,0,1.320575705,0,1.904067739,0,0,0,1.036451949,0,0,0,0,0,0,0,0,0,0.860145364,0,0.741141989,0,0,0,1.414897436,0,0,0,0,1.668786921,0,0,0,0.665170238,0,0,0,0,0,0,0,0,0,0,0,0,0,0,0,0,0,0,0,0,0,0,0,0,0,0,0,0,0,0,0,0,0,0,0,0,0,0,0,0,0,0,0,0,0,0,0,0,0,0,0,0,0,0,0,0,0,0,0,0,0,0,0,0,0,0,0,0,0,0,0,0
40411147,0,0,0,0,0,0,0,0,0,0,0,0,0,0,0,0,0,0,0,0,0,0,0,0,0,0,0,0,0,0,0,0,0,1.847519244,0,0,0,0,0,0,0,1.246438119,0,1.969395525,0,2.181911368,0,2.055596115,0,2.664218964,0,0,0,1.958615518,0,0.226565913,0,0.127274255,0,0.161816317,0,0,0,1.130208992,0,1.415234357,0.321292346,0.096951371,0,1.649000201,0,0,0,0,2.752746777,0,0.032432473,0,1.624892222,0.258998387,0.159360679,0.323747983,0,0,0,0,0,0,0,0,0,0,0,0,0,0,0,0,0,0,0.064864946,0,0,0.097297419,0,0,0,0,0,0,0,0,0,0,0,0,0,0,0,0,0,0,0,0,0,0,0,0,0.129268494,0,0,0,0,0,0,0,0,0,0,0,0,0,0,0,0,0,0,0,0,0,0
40411148,0,0,0,0,0,0,0,0,0,0,0,0,0,0,0,0,0,0,0,0,0,0,0,0,0,0,0,0,0,0,0,0,0,1.02576026,0,0,0,0,0,0,0,1.888315407,0,1.656435246,0,1.790823724,0,0.681116159,0,2.122795746,0,0,0,0.35374526,0,0.13331421,0,0.165108978,0,0.031794768,0,0,0,0.369972352,0,0.257419036,0.063589536,0.031794768,0,1.580842097,0,0,0,0.031570067,0.607696599,0,0.13331421,0,0.160955462,0.135359256,0,0,0,0,0,0,0,0,0,0,0,0,0,0,0,0,0,0,0,0,0,0,0,0,0,0,0,0,0,0,0,0,0,0,0,0,0,0,0,0,0,0,0,0,0,0,0,0,0,0,0,0,0,0,0,0,0,0,0,0,0,0,0,0,0,0,0,0,0,0,0
40411149,0,0,0,0,0,0,0,0,0,0,0,0,0,0,0,0,0,0,0,0,0,0,0,0,0,0,0,0,0,0,0,0,0,1.040983446,0,0,0,0,0,0,0,2.669148369,0,1.345605205,0,1.352583563,0,0.746813906,0,1.668718512,0,0,0,0.407407886,0,0,0,0.030723654,0,0,0,0,0,0.492191081,0,0.249298008,0.030723654,0,0,0.860607754,0,0,0,0.029529211,1.377702026,0,0,0,0.318842495,0,0.030723654,0,0,0,0,0,0,0,0,0,0,0,0,0,0,0,0,0,0,0,0,0,0,0,0,0,0,0,0,0,0,0,0,0,0,0,0,0,0,0,0,0,0,0,0,0,0,0,0,0,0,0,0,0,0,0,0,0,0,0,0,0,0,0,0,0,0,0,0,0,0
40411150,0,0,0,0,0,0,0,0,0,0,0,0,0,0,0,0,0,0,0,0,0,0,0,0,0,0,0,0,0,0,0,0,0,3.675793964,0,0,0,0,0,0,0,0.840609491,0,0.229908261,0,0.753179394,0,0.225874494,0,0.0903331,0,0,0,0.092425624,0,0,0,0,0,0,0,0,0,0.124645478,0,0.188901312,0,0,0,0.221796943,0,0,0,0,0.443670438,0,0,0,0.120142266,0,0,0,0,0,0,0,0,0,0,0,0,0,0,0,0,0,0,0,0,0,0,0,0,0,0,0,0,0,0,0,0,0,0,0,0,0,0,0,0,0,0,0,0,0,0,0,0,0,0,0,0,0,0,0,0,0,0,0,0,0,0,0,0,0,0,0,0,0,0,0,0
40411151,0,0,0,0,0,0,0,0,0,0,0,0,0,0.034426235,0,0,0,0,0,0,0,0,0,0,0,0,0,0,0,0,0,0,0,3.464060241,0,0,0,0,0,0,0,1.616473484,0,0.626246764,0,2.701988278,0,1.026760733,0,0.495546995,0,0.034426235,0,0.131871923,0,0,0,0.034426235,0,0,0,0,0,0.233068085,0,0.096994867,0,0,0,0.293385277,0,0,0,0.033324111,0.787437805,0,0,0,0.135622397,0,0,0,0,0,0,0,0,0,0,0,0,0,0,0,0,0,0,0,0,0,0,0,0,0,0,0,0,0,0,0,0,0,0,0,0,0,0,0,0,0,0,0,0,0,0,0,0,0,0,0,0,0,0,0,0,0,0,0,0,0,0,0,0,0,0,0,0,0,0,0,0
40411152,0,0,0,0,0,0,0,0,0,0,0,0,0,0,0,0,0,0,0,0,0,0,0,0,0,0,0,0,0,0,0,0,0,2.580107857,0,0,0,0,0,0,0,2.303565542,0,2.167499995,0,1.380963356,0,1.399894597,0,2.104605317,0,0,0,2.01978775,0,0.180479075,0,0.272918409,0,0.15460462,0,0,0,1.582823091,0,1.112289835,0.394269394,0.242079358,0,1.787835538,0,0,0,0,2.046355447,0,0.23890194,0,1.402675457,0.428484921,0.273005138,0.18349963,0,0,0,0,0,0,0,0,0,0,0,0,0,0,0,0,0,0,0,0,0,0,0,0,0,0,0,0,0,0,0,0,0,0,0,0,0,0,0,0,0,0,0,0,0,0,0,0,0.155413216,0,0,0,0,0,0,0,0,0,0,0,0,0,0,0,0,0,0,0,0
40411153,0,0,0,0,0,0,0,0,0,0,0,0,0,0,0,0,0,0,0,0,0,0,0,0,0,0,0,0,0,0,0,0,0,3.525176092,0,0,0,0,0,0,0,2.226961564,0,0,0,0.928008678,0,0,0,0.030220198,0,0,0,0,0,0,0,0,0,0,0,0,0,0.030220198,0,0.030220198,0,0,0,0.030220198,0,0,0,0,0,0,0,0,0.030220198,0,0,0,0,0,0,0,0,0,0,0,0,0,0,0,0,0,0,0,0,0,0,0,0,0,0,0,0,0,0,0,0,0,0,0,0,0,0,0,0,0,0,0,0,0,0,0,0,0,0,0,0,0,0,0,0,0,0,0,0,0,0,0,0,0,0,0,0,0,0,0,0
40411155,0,0,0,0,0,0,0,0,0,0,0,0,0.027573693,0,0,0,0,0,0,0,0,0,0,0,0,0,0,0,0,0,0,0,0,1.513939177,0,0,0,0,0,0,0,1.354864873,0,1.973369755,0,2.221976033,0,1.331852459,0,2.665414996,0,0,0,0.938898044,0.082721079,0,0,0.032296813,0,0,0,0,0,0.740024281,0.055147386,0.718608561,0.032296813,0,0,1.498996777,0,0,0,0,2.259258161,0,0,0,0.740387546,0,0.032296813,0,0,0,0,0,0,0,0,0,0,0,0,0,0,0,0,0,0,0.082721079,0,0,0,0,0,0,0,0,0,0,0,0,0,0,0,0,0,0,0,0,0,0,0,0,0,0,0,0,0,0,0,0,0,0,0,0,0,0,0,0,0,0,0,0,0,0,0,0,0,0,0
40411156,0,0,0,0,0,0,0,0,0,0,0,0,0,0,0,0,0,0,0,0,0,0,0,0,0,0,0,0,0,0,0,0,0,2.755465873,0,0,0,0,0,0,0,2.403666088,0,1.475165535,0,2.05585644,0,0.96352676,0,1.73750854,0,0,0,0.432676784,0,0,0,0,0,0,0,0,0,0.553052261,0,0.20187938,0,0,0,0.918869111,0,0,0,0.035666574,1.482460675,0,0,0,0.273981242,0,0,0,0,0,0,0,0,0,0,0,0,0,0,0,0,0,0,0,0,0,0,0,0,0,0,0,0,0,0,0,0,0,0,0,0,0,0,0,0,0,0,0,0,0,0,0,0,0,0,0,0,0,0,0,0,0,0,0,0,0,0,0,0,0,0,0,0,0,0,0,0
40411157,0,0,0,0,0,0,0,0,0,0,0,0.030626436,0,0.03841574,0,0,0,0,0,0,0,0,0,0,0,0,0,0,0,0,0,0,0,2.758280632,0,0,0,0,0,0,0,0.847248551,0.033037334,1.089019272,0,2.823633571,0,1.3680558,0,1.239985022,0,0.069042176,0,0.326045775,0,0.030626436,0,0.03841574,0,0.030626436,0,0,0,0.30057809,0,0.122777799,0.091879308,0,0,0.487033223,0,0,0,0.06966028,0.666602293,0.030626436,0,0,0.26255257,0,0,0.091879308,0,0,0,0,0,0,0,0,0,0,0,0,0,0,0,0,0,0,0,0,0,0,0,0,0,0,0,0,0,0,0,0,0,0,0,0,0,0,0,0,0,0,0,0,0,0,0,0,0,0,0,0,0,0,0,0,0,0,0,0,0,0,0,0,0,0,0,0,0
40411158,0,0,0,0,0,0,0,0,0,0,0,0,0,0,0,0,0,0,0,0,0,0,0,0,0.063244176,0,0,0,0,0,0,0,0,2.230811281,0,0,0,0,0,0,0,2.48086358,0.033243072,1.373810603,0,1.304619058,0,0.864937362,0,2.367053531,0,0.031622088,0,0.387874856,0,0,0,0.096681858,0,0.096681858,0,0,0,0.522899161,0,0.223985265,0.128909144,0.032227286,0,1.292901133,0,0,0,0.064202026,0.61028944,0,0,0,0.332173362,0.128909144,0,0,0,0,0,0,0,0,0,0,0,0,0,0,0,0,0,0,0,0,0,0,0,0,0,0,0,0,0,0,0,0,0,0,0,0,0,0,0,0,0,0,0,0,0,0,0,0,0,0,0,0,0,0,0,0,0,0,0,0,0,0,0,0,0,0,0,0,0,0,0
40411159,0,0,0,0,0,0,0,0,0,0,0,0,0,0,0,0,0,0,0,0,0,0,0,0,0,0,0,0,0,0,0,0,0,3.07835572,0,0,0,0,0,0,0,1.513755094,0.029989978,2.05587503,0,1.88338771,0,1.894751872,0,1.638747279,0,0,0,1.854253798,0,0.334574578,0,0.161676112,0,0.120335566,0,0,0,1.333387184,0,1.282726385,0.367667287,0.248275041,0,1.60969416,0,0,0,0.031636939,1.468825395,0,0.226149203,0,1.547876607,0.334381065,0.215138441,0.14533161,0,0,0,0,0,0,0,0,0,0,0,0,0,0,0,0,0,0,0,0,0,0,0,0,0,0,0,0,0,0,0,0,0,0,0,0,0,0,0,0,0,0,0,0,0,0,0.116265288,0,0,0,0,0,0,0,0,0,0,0,0,0,0,0,0,0,0,0,0,0,0
40411160,0,0,0,0,0,0,0,0,0,0,0,0,0.225585696,0,0,0,0,0,0,0,0,0,0,0,0,0,0,0,0,0,0,0,0,2.005614271,0.447180599,0,0,0,0,0,0,1.473611432,0.556238232,0,0.423659175,0.27427541,0.45693778,0.071912441,0.238971347,0.07869027,0.397028807,0,0,0,1.458964571,0,0,0,0,0,0,0,0,0,0.726744259,0,0,0,0,0.159708466,2.018020241,0,0,0,0.241526799,0,0,0,0,0,0,0,0,0,0,0,0,0,0.480228165,0,0,0,0,0,0,0,0,0,0,1.381176745,0,0,0,0,0,0,0,0,0,0,0,0,0,0,0,0,0,0,0,0,0,0,0,0,0,0,0,0,0,0,0,0,0,0,0,0,0,0,0,0,0,0,0,0,0,0,0,0,0,0,0
40411161,0,0,0,0,0,0,0,0,0,0,0.09706873,0,0.03028794,0,0,0,0,0,0,0,0,0,0,0,0,0,0,0,0,0,0,0,0,1.634821477,0,0,0,0,0,0,0,1.137914202,0,1.539690289,0,1.587307906,0,2.13011716,0,2.595249459,0,0,0,2.324557836,0.059166098,0.487693302,0,0.271128756,0,0.207320473,0,0,0,1.509830876,0,1.571980699,0.344519062,0.268376562,0,2.141207158,0,0,0,0,2.474931143,0,0.090271271,0,1.965731039,0.488536284,0.140788654,0.375921443,0,0,0,0,0,0,0,0,0,0,0,0,0,0,0,0,0,0,0.059390782,0,0,0.089086172,0,0,0,0,0,0,0,0,0,0,0,0,0,0,0,0,0,0,0,0,0,0,0,0,0.110956273,0,0,0,0,0,0,0,0,0,0,0,0,0,0,0,0,0,0,0,0,0,0
40411163,0,0.022402692,0,0,0,0,0,0,0,0,0.049412361,0,0,0.02470618,0,0,0,0,0,0,0,0,0,0,0,0,0,0,0,0,0,0,0,1.334072318,0,0,0,0,0,0,0,0.825752796,0.057843503,0.781580608,0,0.901790794,0,1.180832746,0,0.918285946,0,0.022785672,0,1.642889471,0,0.28024276,0,0.323032768,0,0.441295473,0,0.068357016,0,1.989862321,0,1.96093156,0.363201139,0.564552041,0.045571344,0.880560401,0,0,0,0.022785672,0.902422083,0,0.317629795,0.091142688,0.838620754,0.353878547,0.140437005,0.221523143,0,0,0,0.068357016,0,0,0,0,0,0,0,0,0,0,0,0,0,0,0,0,0,0,0,0,0,0,0.022402692,0,0,0,0,0,0,0,0,0,0,0,0,0,0,0,0,0,0,0,0,0,0,0,0,0,0,0,0,0,0.022785672,0,0,0,0,0,0,0,0,0,0,0,0
40411164,0,0.033664632,0,0,0,0,0,0,0,0,0,0,0.027797655,0,0,0,0,0,0,0,0,0,0,0,0,0,0,0,0,0,0,0,0,1.398256643,0,0,0,0,0,0,0,1.164849658,0.028973902,0.926761577,0,0.831780016,0,1.137367268,0,1.049047098,0,0,0,2.595125722,0,0.588815037,0,0.356738403,0,0.477402985,0,0,0,1.726453512,0.086496244,1.881283954,0.643373662,0.617792448,0,1.088434383,0,0,0,0,0.892468612,0,0.529478987,0,0.859787661,0.53291634,0.20378405,0.336720758,0.05429956,0,0,0,0.10859912,0,0,0,0,0,0,0,0,0,0,0,0,0,0,0,0,0,0,0,0,0,0.033664632,0,0,0,0,0,0,0,0,0,0,0,0,0,0,0,0,0,0,0,0,0,0,0,0,0,0,0,0,0,0,0,0,0,0,0,0,0,0,0,0,0,0
40411165,0,0.041657503,0,0,0,0,0,0,0,0,0,0,0.028664626,0.02671231,0,0,0,0,0,0,0,0,0,0,0,0,0,0,0,0,0,0,0,1.363701963,0,0,0,0,0,0,0,1.104097938,0.026889803,1.102181688,0,0.960114987,0,1.21436577,0,1.22106153,0,0,0,2.625213434,0,0.672235181,0,0.442300828,0,0.404407523,0,0.080136931,0,1.340264429,0.086449513,2.199153737,0.697940411,0.556284273,0,1.066074837,0,0,0,0.02671231,1.082567526,0.02671231,0.47432609,0.053424621,1.074969766,0.535555694,0.227110439,0.343650434,0.067191706,0.02671231,0.053424621,0,0.134383413,0,0,0,0,0,0,0,0,0,0,0,0,0,0.046393632,0,0,0.069590448,0,0,0,0,0.041657503,0,0,0,0,0,0,0,0,0,0,0,0,0,0,0,0,0,0,0,0,0,0,0,0,0,0,0,0,0,0,0,0,0,0,0,0,0,0,0,0,0,0
40411166,0,0.046488673,0,0,0,0,0,0,0,0,0.201809713,0,0,0.065566425,0,0,0,0,0,0,0,0,0,0,0,0,0,0,0,0,0,0,0,1.047766358,0,0,0,0,0,0,0,0.872530454,0,1.142247925,0,1.070187221,0,1.187587862,0,1.421286076,0,0,0,1.630930919,0,0.595801073,0,0.466937373,0,0.250049397,0,0,0,0.998030052,0.048032904,1.782868076,0.580415577,0.676604511,0,1.344144978,0,0,0,0,1.147464219,0,0.50641509,0,2.510722963,1.010012147,0.332584127,0.426109423,0,0,0,0,0,0,0,0,0,0,0,0,0,0,0,0,0,0,0.047459562,0,0,0.071189343,0,0,0,0,0.046488673,0,0,0,0,0,0,0,0,0,0,0,0,0,0,0,0,0,0,0,0,0,0.119555967,0,0,0,0,0,0,0,0,0,0,0,0,0,0,0,0,0,0,0,0
40411167,0,0,0,0,0,0,0,0,0,0,0,0,0,0,0,0,0,0,0,0,0,0,0,0,0,0,0,0,0,0,0,0,0,1.364431186,0.063879985,0,0,0,0,0,0,1.023346315,0.073812076,0.934958366,0.021293328,1.099836591,0,1.374439572,0.021293328,1.329922889,0,0.020688148,0.021293328,1.697847925,0.042586657,0.368337946,0.021293328,0.441870453,0.021293328,0.372627019,0,0.062064444,0.021293328,2.416492743,0,1.453911962,0.653482678,0.602037635,0.041376296,1.240955513,0.085173314,0.042586657,0,0.020688148,1.078447679,0,0.442093951,0.082752592,0.85200455,0.489039653,0.205082242,0.257909682,0,0,0,0.062064444,0,0,0,0,0,0.063879985,0.042586657,0,0.042586657,0.021293328,0.021293328,0,0,0,0,0,0,0,0,0,0,0,0,0,0,0,0,0,0,0,0,0,0,0,0,0,0,0,0,0,0,0,0,0,0,0,0,0,0,0,0,0,0.020688148,0,0,0,0.021293328,0,0,0,0,0,0,0,0.063879985
40411168,0,0,0,0,0,0,0,0,0,0,0,0,0,0,0,0,0,0,0,0,0,0,0,0,0,0,0,0,0,0,0,0,0,0.20825501,0.648222488,0,0,0,0,0,0,0.048973651,2.001758301,0.076391268,0,0.049326505,1.041971147,0.097594447,0,0.205500645,0,0,0,0.355067847,0,0,0,0,0,0,0,0,0,0.704301334,0,0.703724265,0,0,0,0.048620796,0,0,0,0,0.097241592,0,0,0,0.160619178,0,0,0,0,0,0,0,0,0,0,0,0,0,0,0,0,0,0,0,0,0,0,0,0,0,0,0,0,0,0,0,0,0,0,0,0,0,0,0,0,0,0,0,0,0,0,0,0,0,0,0,0,0,0,0,0,0,0,0,0,0,0,0,0,0,0,0,0,0,0,0,0
40411169,0,0.028662936,0,0,0,0,0,0,0,0,0.052683525,0,0,0.048397427,0,0,0,0,0,0,0,0,0,0,0,0,0,0,0,0,0,0,0,1.154789714,0,0,0,0,0,0,0,0.783454956,0.055505538,0.80428894,0,0.716662767,0,0.892904395,0,0.82467533,0,0.026165561,0,1.612232867,0,0.2662896,0,0.190490053,0,0.238146515,0,0.066166993,0,1.584146383,0,2.043939437,0.247522049,0.362652673,0,0.679275966,0,0,0,0.022055664,0.930015952,0.074386787,0.17817398,0.044111328,0.866656246,0.288847757,0.065872954,0,0.046232046,0.022055664,0.044111328,0,0.092464092,0,0,0,0,0,0,0,0,0,0,0,0,0,0,0,0,0,0,0,0,0,0.028662936,0,0,0,0,0,0,0,0,0,0,0,0,0,0,0,0,0,0,0,0,0,0,0,0,0,0,0,0,0,0,0,0,0,0,0,0,0,0,0,0,0,0
40411201,0,0,0,0,0,0,0,0,0,0,0,0,0.259579773,0,0,0,0,0,0,0,0,0,0,0,0,0,0,0,0,0,0,0,0,0.112004444,1.609598953,0,0,0,0,0,0,0,1.55136383,0,1.384571711,0.028001111,1.523282103,0.028001111,1.360844624,0,2.137888607,0,0,0,1.672980515,0,0,0,0,0,0,0,0,0,2.536851828,0,0,0,0,0.056002222,3.065015272,0.106585391,0,0,0.140005554,0,0,0,0,0,0,0,0,0,0,0,0,0.106585391,1.116408743,0,0.133231739,0.106585391,0,0,0,0,0,0,0.106585391,3.125041001,0,0,0,0,0,0,0,0,0,0,0,0,0,0,0,0,0,0,0.035885641,0,0,0,0,0,0,0,0,0,0,0,0,0,0,0,0,0,0,0,0,0,0,0,0,0,0,0,0,0,0,0,0
40411202,0,0,0,0,0,0,0,0,0,0,0,0,0.170311058,0,0,0,0,0,0,0,0,0,0,0,0,0,0,0,0,0,0,0,0,0,2.610809847,0,0,0,0,0,0,0,1.798486853,0,1.44123378,0,1.973927014,0,1.624828121,0,2.272725917,0,0,0,2.246432133,0,0.031584313,0,0.122307761,0,0,0,0,0,2.175091912,0,0,0,0,0,2.962928915,0,0,0,0,0,0,0,0,0,0,0,0,0,0,0,0,0.153892074,1.276499796,0,0,0.122307761,0,0,0,0,0,0,0.122307761,2.500826302,0,0,0,0,0,0,0,0,0,0,0,0,0,0,0,0,0,0,0.034735508,0,0,0,0,0,0,0,0,0,0,0,0,0,0,0,0,0,0,0,0,0,0,0,0,0,0.063863626,0,0,0,0,0,0
40411205,0,0,0,0,0,0,0,0,0,0,0,0,0.246520544,0,0,0,0,0,0,0,0,0,0,0,0,0,0,0,0,0,0,0,0,0,1.761723787,0.115876269,0,0,0,0,0,0,1.763570626,0,1.847802096,0,1.633100783,0,1.448017121,0,2.352973627,0,0,0,2.324952819,0,0.029420675,0,0.144845336,0,0,0,0,0,1.419349804,0,0,0,0,0,3.274508077,0,0,0,0,0,0,0,0,0,0,0,0,0,0,0,0,0.116327877,2.003274877,0,0,0.115876269,0,0,0,0,0,0,0,2.100365854,0,0,0,0,0,0,0,0,0,0,0,0,0,0,0,0,0,0,0.03108714,0,0,0,0,0,0,0,0,0,0,0,0,0,0,0,0,0,0,0,0,0,0,0,0,0,0,0,0,0,0,0,0
40411207,0,0,0,0,0,0,0,0,0,0,0,0,0.06078821,0,0,0,0,0,0,0,0,0,0,0,0,0,0,0,0,0,0,0,0,0,1.148779828,0.097682454,0,0,0,0,0,0,2.742730133,0.065121636,1.018417602,0,2.33263715,0,1.176804244,0,1.914381181,0,0,0,0.805671658,0,0.097682454,0,0.157930091,0,0,0,0,0,0.699189365,0,0,0,0,0,0.859521733,0.092808455,0,0,0,0,0,0,0,0,0,0,0,0,0,0,0,0.284832338,1.530346541,0,0.18805391,0.194460882,0,0,0,0,0,0,0.155493092,0.995427854,0,0,0,0,0,0,0,0,0,0,0,0,0,0,0,0,0,0,0,0.03163001,0,0,0,0,0,0,0,0,0,0,0,0,0,0,0,0,0,0,0,0,0,0,0.030123819,0,0.064230818,0,0,0,0,0,0
40411208,0,0,0,0,0,0,0,0,0,0,0,0,0.105659438,0,0,0,0,0,0,0,0,0,0,0,0,0,0,0,0,0,0,0,0,0,1.587446218,0.229840468,0,0,0,0,0,0,2.275996303,0,1.88723461,0,1.766991513,0,1.196452447,0,1.568768742,0,0,0,2.3640997,0,0.201041938,0,0.115194117,0,0,0,0,0,1.946863473,0,0,0,0,0,3.234836074,0.115194117,0,0,0,0,0,0,0,0,0,0,0,0,0,0,0,0.115194117,1.946263845,0,0.086395588,0.085984763,0,0,0,0,0,0,0.143307938,2.343650652,0,0,0,0,0,0,0,0,0,0,0,0,0,0,0,0,0,0,0.028039299,0,0,0,0,0,0,0,0,0,0,0,0,0,0,0,0,0,0,0,0,0,0,0,0,0,0,0,0,0,0,0,0
40411209,0,0,0,0,0,0,0,0,0,0,0,0,0.067491834,0,0,0,0,0,0,0,0,0,0,0,0,0,0,0,0,0,0,0,0,0,2.413327894,0,0,0,0,0,0,0,1.750548008,0,1.575114421,0,1.492915885,0,1.438890319,0,1.696671107,0,0,0,2.288587773,0,0,0,0,0,0,0,0,0,2.351218705,0,0,0,0,0,2.306191138,0,0,0,0,0,0,0,0,0,0,0,0,0,0,0,0,0,1.785586943,0,0,0,0,0,0,0,0,0,0,3.036030824,0,0,0,0,0,0,0,0,0,0,0,0,0,0,0,0,0,0,0.030272599,0,0,0,0,0,0,0,0,0,0,0,0,0,0,0,0,0,0,0,0,0,0,0,0,0,0.064884221,0,0,0,0,0,0
40411210,0,0,0,0,0,0,0,0,0,0,0,0,0.216866336,0,0,0,0,0,0,0,0,0,0,0,0,0,0,0,0,0,0,0,0,0.088335271,1.537302435,0,0,0,0,0,0,0.088335271,1.983614592,0,1.59769604,0.02944509,1.599254379,0,1.01895583,0,1.484349177,0,0,0,2.406526332,0,0,0,0,0,0,0,0,0,1.487499778,0,0,0,0,0.02944509,3.224308007,0,0,0,0,0,0,0,0,0,0,0,0,0,0,0,0,0,1.251421072,0,0,0,0,0,0,0,0,0,0,2.642667121,0,0,0,0,0,0,0,0,0,0,0,0,0,0,0,0,0,0,0,0,0,0,0,0,0,0,0,0,0,0,0,0,0,0,0,0,0,0,0,0,0,0,0,0,0.057901342,0,0,0,0,0,0
40411211,0,0,0,0,0,0,0,0,0,0,0,0,0.032545375,0,0,0,0,0,0,0,0,0,0,0,0,0,0,0,0,0,0,0,0,0,2.540699207,0.087773242,0,0,0,0,0,0,2.057971473,0.058515494,1.928347904,0,1.428981149,0,1.157772734,0,2.381332859,0,0,0,2.561833786,0,0.212157857,0,0.213525635,0,0,0,0,0,1.715553547,0,0,0,0,0,1.63428073,0.119634802,0,0,0,0,0,0,0,0,0,0,0,0,0,0,0,0.372651725,2.703217054,0,0.208275982,0.401520362,0,0,0,0,0,0,0.304770628,1.284778437,0,0,0,0,0,0,0,0,0,0,0,0,0,0,0,0,0,0,0,0,0,0,0,0,0,0,0,0,0,0,0,0,0,0,0,0,0,0,0,0,0,0,0,0,0,0,0,0,0,0,0
40411212,0,0,0,0,0,0,0,0,0,0,0,0,0.204976295,0,0,0,0,0,0,0,0,0,0,0,0,0,0,0,0,0,0,0,0,0.097881279,1.764902091,0.261041796,0,0,0,0,0,0.097881279,1.492545196,0.057318477,1.500913417,0.032627093,1.481256626,0,1.382606569,0,1.337601999,0,0.027820042,0,3.119582314,0,0.260625801,0,0.117745603,0,0,0,0.027820042,0.027820042,1.512673837,0,0,0,0,0.032627093,3.05730054,0.173385687,0.027820042,0,0,0,0,0,0,0,0,0,0,0,0,0,0,0.147605205,1.60215958,0,0.174286918,0,0,0.055640084,0.083460125,0.027820042,0.027820042,0,0.114636954,1.521397139,0,0,0,0,0,0,0,0,0,0,0,0,0,0,0,0,0,0,0,0,0,0,0,0,0,0,0,0,0,0,0,0,0,0,0,0,0,0,0,0,0,0,0.027820042,0,0,0,0,0,0,0,0
40411213,0,0,0,0,0,0,0,0,0,0,0,0,0.106167468,0,0,0,0,0,0,0,0,0,0,0,0,0,0,0,0,0,0,0,0,0,1.864025946,0,0,0,0,0,0,0,2.21977261,0,2.195082755,0,1.762248867,0,1.715396395,0,2.597902121,0,0,0,1.579489778,0,0,0,0,0,0,0,0,0,1.607591378,0,0,0,0,0,2.92111501,0.10941296,0,0,0,0,0,0,0,0,0,0,0,0,0,0,0,0.10941296,1.777689679,0,0.136766201,0.10941296,0,0,0,0,0,0,0.10941296,2.747955967,0,0,0,0,0,0,0,0,0,0,0,0,0,0,0,0,0,0,0.03339946,0,0,0,0,0,0,0,0,0,0,0,0,0,0,0,0,0,0,0,0,0,0,0,0,0,0,0,0,0,0,0,0
40411214,0,0,0,0,0,0,0,0,0,0,0,0,0,0,0,0,0,0,0,0,0,0,0,0,0,0,0,0,0,0,0,0,0,0,4.152572839,0,0,0,0,0,0,0,0.694977513,0,0.531042952,0,1.215611664,0,0.33242672,0,0.387849317,0,0,0,0.415735888,0,0.088021212,0,0,0,0,0,0,0,0.087479196,0,0,0,0,0,0.249977361,0.029340404,0,0,0,0,0,0,0,0,0,0,0,0,0,0,0,0.088021212,1.050912636,0,0,0,0,0,0,0,0,0,0,0.221004108,0,0,0,0,0,0,0,0,0,0,0,0,0,0,0,0,0,0,0,0,0,0,0,0,0,0,0,0,0,0,0,0,0,0,0,0,0,0,0,0,0,0,0,0,0,0,0,0,0,0,0
40411215,0,0,0,0,0,0,0,0,0,0,0,0,0,0,0,0,0,0,0,0,0,0,0,0,0,0,0,0,0,0,0,0,0,0,3.147218506,0.091140917,0,0,0,0,0,0,2.029729895,0.060760611,1.464260444,0,1.360670413,0,1.319832032,0,2.319255567,0,0,0,2.648391919,0,0.123889019,0,0.091140917,0,0,0,0,0,1.807405491,0,0,0,0,0,1.758995904,0.119906218,0,0,0,0,0,0,0,0,0,0,0,0,0,0,0,0.220088546,2.095866936,0,0.210508801,0.276866357,0,0,0,0,0,0,0.180128495,1.413712152,0,0,0,0,0,0,0,0,0,0,0,0,0,0,0,0,0,0,0.030081052,0,0,0,0,0,0,0,0,0,0,0,0,0,0,0,0,0,0,0,0,0,0,0,0,0,0.062306182,0,0,0,0,0,0
40411216,0,0,0,0,0,0,0,0,0,0,0,0,0,0,0,0,0,0,0,0,0,0,0,0,0,0,0,0,0,0,0,0,0,0,3.75130215,0,0,0,0,0,0,0,0.881978139,0,1.103104905,0,0.811754277,0,1.308515338,0,1.299780092,0,0,0,0.648594794,0,0,0,0,0,0,0,0,0,0.503445615,0,0,0,0,0,0.758602411,0,0,0,0,0,0,0,0,0,0,0,0,0,0,0,0,0,1.412483905,0,0,0,0,0,0,0,0,0,0,0.709400701,0,0,0,0,0,0,0,0,0,0,0,0,0,0,0,0,0,0,0.031401458,0,0,0,0,0,0,0,0,0,0,0,0,0,0,0,0,0,0,0,0,0,0,0,0,0,0,0,0,0,0,0,0
40411217,0,0,0,0,0,0,0,0,0,0,0,0,0.06654485,0,0,0,0,0,0,0,0,0,0,0,0,0,0,0,0,0,0,0,0,0,2.551687278,0,0,0,0,0,0,0,1.591283753,0,1.82752242,0,1.598645474,0,2.147671396,0,2.284331489,0,0,0,1.517349719,0,0,0,0,0,0,0,0,0,1.529111266,0,0,0,0,0,1.67467016,0,0,0,0,0,0,0,0,0,0,0,0,0,0,0,0,0,1.906709286,0,0,0,0,0,0,0,0,0,0,2.472087816,0,0,0,0,0,0,0,0,0,0,0,0,0,0,0,0,0,0,0.036794158,0,0,0,0,0,0,0,0,0,0,0,0,0,0,0,0,0,0,0,0,0,0,0,0,0,0.062368532,0,0,0,0,0,0
40411218,0,0,0,0,0,0,0,0,0,0,0,0,0.132782917,0,0,0,0,0,0,0,0,0,0,0,0,0,0,0,0,0,0,0,0,0,3.681600638,0,0,0,0,0,0,0,1.201055789,0,0.967919635,0,0.961844842,0,1.045038395,0,1.476448088,0,0,0,2.074040347,0,0.031985479,0,0,0,0,0,0,0,0.851353075,0,0,0,0,0,0.973255763,0,0,0,0,0,0,0,0,0,0,0,0,0,0,0,0,0.031985479,0.897579056,0,0,0,0,0,0,0,0,0,0,1.257565608,0,0,0,0,0,0,0,0,0,0,0,0,0,0,0,0,0,0,0,0,0,0,0,0,0,0,0,0,0,0,0,0,0,0,0,0,0,0,0,0,0,0,0,0,0.077823242,0,0,0,0,0,0
40411219,0,0,0,0,0,0,0,0,0,0,0,0,0.132915905,0,0,0,0,0,0,0,0,0,0,0,0,0,0,0,0,0,0,0,0,0,2.941649446,0,0,0,0,0,0,0,1.410228418,0,1.400084387,0,1.112379197,0,1.721155081,0,2.226013129,0,0,0,2.200818883,0,0,0,0,0,0,0,0,0,1.826066911,0,0,0,0,0,2.120757976,0,0,0,0,0,0,0,0,0,0,0,0,0,0,0,0,0,1.292539596,0,0,0,0,0,0,0,0,0,0,2.39832022,0,0,0,0,0,0,0,0,0,0,0,0,0,0,0,0,0,0,0.036439834,0,0,0,0,0,0,0,0,0,0,0,0,0,0,0,0,0,0,0,0,0,0,0,0,0,0.067099955,0,0,0,0,0,0
40411220,0,0,0,0,0,0,0,0,0,0,0,0,0.031951793,0,0,0,0,0,0,0,0,0,0,0,0,0,0,0,0,0,0,0,0,0,2.535819446,0,0,0,0,0,0,0,2.492256071,0,1.634638307,0,2.168914312,0,1.124802363,0,1.779440921,0,0,0,1.428931938,0,0.031614455,0,0,0,0,0,0,0,0.673008636,0,0,0,0,0,1.597261993,0,0,0,0,0,0,0,0,0,0,0,0,0,0,0,0,0.031614455,1.59246567,0,0,0,0,0,0,0,0,0,0,0.906659321,0,0,0,0,0,0,0,0,0,0,0,0,0,0,0,0,0,0,0,0,0,0,0,0,0,0,0,0,0,0,0,0,0,0,0,0,0,0,0,0,0,0,0,0,0,0,0,0,0,0,0
40411221,0,0,0,0,0,0,0,0,0,0,0,0,0.196593924,0,0,0,0,0,0,0,0,0,0,0,0,0,0,0,0,0,0,0,0,0,2.454831147,0,0,0,0,0,0,0,1.923723502,0,1.825344858,0,1.533800801,0,1.494373188,0,1.874057028,0,0,0,2.545662376,0,0,0,0,0,0,0,0,0,1.8903298,0,0,0,0,0,2.888329913,0,0,0,0,0,0,0,0,0,0,0,0,0,0,0,0,0,1.735022888,0,0,0,0,0,0,0,0,0,0,3.050156308,0,0,0,0,0,0,0,0,0,0,0,0,0,0,0,0,0,0,0.033734157,0,0,0,0,0,0,0,0,0,0,0,0,0,0,0,0,0,0,0,0,0,0,0,0,0,0.061832669,0,0,0,0,0,0
40411222,0,0,0,0,0,0,0,0,0,0,0,0,0.172467115,0,0,0,0,0,0,0,0,0,0,0,0,0,0,0,0,0,0,0,0,0,3.085916553,0,0,0,0,0,0,0,1.024642866,0,0.812016123,0,1.230437311,0,1.199098203,0,1.323833524,0,0,0,1.427090465,0,0,0,0,0,0,0,0,0,1.908223337,0,0,0,0,0,2.366661358,0,0,0,0,0,0,0,0,0,0,0,0,0,0,0,0,0,0.996196957,0,0,0,0,0,0,0,0,0,0,2.43367741,0,0,0,0,0,0,0,0,0,0,0,0,0,0,0,0,0,0,0.041769489,0,0,0,0,0,0,0,0,0,0,0,0,0,0,0,0,0,0,0,0,0,0,0,0,0,0,0,0,0,0,0,0
40411224,0,0,0,0,0,0,0,0,0,0,0,0,0.273245454,0,0,0,0,0,0,0,0,0,0,0,0,0,0,0,0,0,0,0,0,0.092172807,1.62892804,0,0,0,0,0,0,0.092172807,1.223981348,0,0.981647886,0.030724269,1.35693313,0,1.231130103,0,1.711119274,0,0,0,2.15081895,0,0,0,0,0,0,0,0,0,2.108142344,0,0,0,0,0.030724269,3.109962174,0,0,0,0,0,0,0,0,0,0,0,0,0,0,0,0,0,1.01010889,0,0,0,0,0,0,0,0,0,0,2.938534227,0,0,0,0,0,0,0,0,0,0,0,0,0,0,0,0,0,0,0.030951321,0,0,0,0,0,0,0,0,0,0,0,0,0,0,0,0,0,0,0,0,0,0,0,0,0,0.061759335,0,0,0,0,0,0
40411225,0,0,0,0,0,0,0,0,0,0,0,0,0,0,0,0,0,0,0,0,0,0,0,0,0,0,0,0,0,0,0,0,0,0,3.382222589,0,0,0,0,0,0,0,2.056263311,0,0.67502364,0,2.137114709,0,0.62097424,0,0.667691295,0,0,0,0.242829282,0,0,0,0,0,0,0,0,0,0.195472137,0,0,0,0,0,0.174833396,0,0,0,0,0,0,0,0,0,0,0,0,0,0,0,0,0,0.329830462,0,0,0,0,0,0,0,0,0,0,0.22663821,0,0,0,0,0,0,0,0,0,0,0,0,0,0,0,0,0,0,0,0,0,0,0,0,0,0,0,0,0,0,0,0,0,0,0,0,0,0,0,0,0,0,0,0,0,0,0,0,0,0,0
40411226,0,0,0,0,0,0,0,0,0,0,0,0,0.146395752,0,0,0,0,0,0,0,0,0,0,0,0,0,0,0,0,0,0,0,0,0,3.326341418,0,0,0,0,0,0,0,1.218611302,0,1.587491512,0,1.154025,0,1.6482175,0,1.820954517,0,0,0,2.294228374,0,0.089706051,0,0,0,0,0,0,0,1.282532374,0,0,0,0,0,1.681256277,0.029902017,0,0,0,0,0,0,0,0,0,0,0,0,0,0,0,0.089706051,2.161302714,0,0,0,0,0,0,0,0,0,0,2.018213268,0,0,0,0,0,0,0,0,0,0,0,0,0,0,0,0,0,0,0.030293911,0,0,0,0,0,0,0,0,0,0,0,0,0,0,0,0,0,0,0,0,0,0,0,0,0,0.069382458,0,0,0,0,0,0
40411227,0,0,0,0,0,0,0,0,0,0,0,0,0.029946862,0,0,0,0,0,0,0,0,0,0,0,0,0,0,0,0,0,0,0,0,0,2.807663424,0,0,0,0,0,0,0,1.914884188,0,1.803789127,0,1.141147157,0,1.312382833,0,2.34341912,0,0,0,1.267103693,0,0.087219276,0,0,0,0,0,0,0,1.035884898,0,0,0,0,0,2.062055614,0.093646631,0,0,0,0,0,0,0,0,0,0,0,0,0,0,0,0.087219276,2.232693942,0,0.153935266,0.180865907,0,0,0,0,0,0,0.241154543,1.054496773,0,0,0,0,0,0,0,0,0,0,0,0,0,0,0,0,0,0,0.036794943,0,0,0,0,0,0,0,0,0,0,0,0,0,0,0,0,0,0,0,0,0,0,0,0,0,0,0,0,0,0,0,0
40411228,0,0,0,0,0,0,0,0,0,0,0,0,0.06999957,0,0,0,0,0,0,0,0,0,0,0,0,0,0,0,0,0,0,0,0,0,1.575543835,0.652431042,0,0,0,0,0,0,2.336984788,0.058986201,1.534462781,0,1.2167342,0,0.811302551,0,1.357688244,0,0,0,2.973668212,0,0.562827702,0,0.416258706,0,0,0,0,0,2.329507324,0,0,0,0,0,2.960031371,0.388646357,0,0,0,0,0,0,0,0,0,0,0,0,0,0,0,0.297752765,2.349817125,0,0.506350909,0.595872751,0,0,0,0,0,0,0.686765268,1.137137565,0,0,0,0,0,0,0,0,0,0,0,0,0,0,0,0,0,0,0,0,0,0,0,0,0,0,0,0,0,0,0,0,0,0,0,0.14312958,0,0,0,0,0,0,0,0,0,0,0,0,0,0,0
40411229,0,0,0,0,0,0,0,0,0,0,0,0,0,0,0,0,0,0,0,0,0,0,0,0,0,0,0,0,0,0,0,0,0,0,4.11501678,0,0,0,0,0,0,0,1.874384022,0,0.061511604,0,1.309823238,0,0.064313615,0,0.103038394,0,0,0,0.030139094,0,0,0,0,0,0,0,0,0,0,0,0,0,0,0,0,0,0,0,0,0,0,0,0,0,0,0,0,0,0,0,0,0,0.132842308,0,0,0,0,0,0,0,0,0,0,0,0,0,0,0,0,0,0,0,0,0,0,0,0,0,0,0,0,0,0,0,0,0,0,0,0,0,0,0,0,0,0,0,0,0,0,0,0,0,0,0,0,0,0,0,0,0,0,0,0,0,0
40411230,0,0,0,0,0,0,0,0,0,0,0,0,0.290025563,0,0,0,0,0,0,0,0,0,0,0,0,0,0,0,0,0,0,0,0,0,2.528734985,0,0,0,0,0,0,0,1.270021667,0,0.926791213,0,1.331119738,0,1.347256761,0,1.752200033,0,0,0,2.595874285,0,0.032153104,0,0,0,0,0,0,0,1.903013494,0,0,0,0,0,2.782488419,0,0,0,0,0,0,0,0,0,0,0,0,0,0,0,0,0.032153104,1.143901735,0,0,0,0,0,0,0,0,0,0,2.558853294,0,0,0,0,0,0,0,0,0,0,0,0,0,0,0,0,0,0,0.032816124,0,0,0,0,0,0,0,0,0,0,0,0,0,0,0,0,0,0,0,0,0,0,0,0,0,0.065056553,0,0,0,0,0,0
40411231,0,0,0,0,0,0,0,0,0,0,0,0,0,0,0,0,0,0,0,0,0,0,0,0,0,0,0,0,0,0,0,0,0,0,4.301840333,0,0,0,0,0,0,0,1.409505588,0,0,0,2.027032726,0,0,0,0.033605873,0,0,0,0,0,0,0,0,0,0,0,0,0,0,0,0,0,0,0,0,0,0,0,0,0,0,0,0,0,0,0,0,0,0,0,0,0,0.033605873,0,0,0,0,0,0,0,0,0,0,0,0,0,0,0,0,0,0,0,0,0,0,0,0,0,0,0,0,0,0,0,0,0,0,0,0,0,0,0,0,0,0,0,0,0,0,0,0,0,0,0,0,0,0,0,0,0,0,0,0,0,0
40411233,0,0,0,0,0,0,0,0,0,0,0,0,0.232905542,0,0,0,0,0,0,0,0,0,0,0,0,0,0,0,0,0,0,0,0,0,1.75169154,0,0,0,0,0,0,0,1.688606541,0,1.581751272,0,1.734247941,0,1.711230051,0,2.316774655,0,0,0,1.579620002,0,0,0,0,0,0,0,0,0,2.177989823,0,0,0,0,0,2.962203835,0.111103279,0,0,0,0,0,0,0,0,0,0,0,0,0,0,0,0.111103279,1.218733383,0,0.138879098,0.111103279,0,0,0,0,0,0,0.111103279,3.251329203,0,0,0,0,0,0,0,0,0,0,0,0,0,0,0,0,0,0,0.034289515,0,0,0,0,0,0,0,0,0,0,0,0,0,0,0,0,0,0,0,0,0,0,0,0,0,0.057013375,0,0,0,0,0,0
40411234,0,0,0,0,0,0,0,0,0,0,0,0,0,0,0,0,0,0,0,0,0,0,0,0,0,0,0,0,0,0,0,0,0,0,1.23786068,0,0,0,0,0,0,0,2.856525092,0,0.185930879,0,2.706485455,0,0.36285129,0,0.308735127,0,0,0,0.126412243,0,0,0,0,0,0,0,0,0,0,0,0,0,0,0,0.268202017,0,0,0,0,0,0,0,0,0,0,0,0,0,0,0,0,0,0.273540664,0,0,0,0,0,0,0,0,0,0,0.033529596,0,0,0,0,0,0,0,0,0,0,0,0,0,0,0,0,0,0,0,0.05333854,0,0,0,0,0,0,0,0,0,0,0,0,0,0,0,0,0,0,0,0,0,0,0,0,0,0,0,0,0,0,0
40411235,0,0,0,0,0,0,0,0,0,0,0,0,0.200658408,0,0,0,0,0,0,0,0,0,0,0,0,0,0,0,0,0,0,0,0,0,2.813059233,0,0,0,0,0,0,0,1.566522494,0,1.355555304,0,1.085617135,0,1.281479952,0,1.85469408,0,0,0,2.728708306,0,0,0,0,0,0,0,0,0,1.864581949,0,0,0,0,0,2.983889416,0.091679125,0,0,0,0,0,0,0,0,0,0,0,0,0,0,0,0,2.024926672,0,0.122238833,0.091679125,0,0,0,0,0,0,0.122238833,1.859422162,0,0,0,0,0,0,0,0,0,0,0,0,0,0,0,0,0,0,0.036876159,0,0,0,0,0,0,0,0,0,0,0,0,0,0,0,0,0,0,0,0,0,0,0,0,0,0,0,0,0,0,0,0
40411236,0,0,0,0,0,0,0,0,0,0,0,0,0.168638587,0,0,0,0,0,0,0,0,0,0,0,0,0,0,0,0,0,0,0,0,0,2.562293701,0.231467674,0,0,0,0,0,0,1.966696035,0,1.146834325,0,1.99464017,0,0.909226953,0,1.239861578,0,0,0,2.56711401,0,0.264830502,0,0.128638979,0,0,0,0,0,2.078533198,0,0,0,0,0,2.645203115,0,0,0,0,0,0,0,0,0,0,0,0,0,0,0,0,0.296617218,1.112044925,0,0,0.327480124,0,0,0,0,0,0,0.291771623,1.241715593,0,0,0,0,0,0,0,0,0,0,0,0,0,0,0,0,0,0,0,0,0,0,0,0,0,0,0,0,0,0,0,0,0,0,0,0,0,0,0,0,0,0,0,0,0,0,0,0,0,0,0
40411237,0,0,0,0,0,0,0,0,0,0,0,0,0.346731204,0,0,0,0,0,0,0,0,0,0,0,0,0,0,0,0,0,0,0,0,0.093212519,1.394255011,0.462452307,0,0,0,0,0,0.093212519,1.560495598,0.05704325,1.30356453,0.090646635,1.609421787,0,1.251004171,0,1.229835639,0,0,0,2.68903371,0,0.404679547,0,0.11700454,0,0,0,0,0,1.916671284,0,0,0,0,0.03107084,3.523190432,0.227879543,0,0,0,0,0,0,0,0,0,0,0,0,0,0,0,0.343432651,1.437449657,0,0.311912034,0.284670943,0,0,0,0,0,0,0.370180018,1.379382532,0,0,0,0,0,0,0,0,0,0,0,0,0,0,0,0,0,0,0,0,0,0,0,0,0,0,0,0,0,0,0,0,0,0,0,0,0,0,0,0,0,0,0,0,0,0,0,0,0,0,0
40411238,0,0,0,0,0,0,0,0,0,0,0,0,0.1898011,0,0,0,0,0,0,0,0,0,0,0,0,0,0,0,0,0,0,0,0,0,2.760876527,0,0,0,0,0,0,0,1.693807832,0,1.63095631,0,1.480697942,0,1.547143877,0,1.969282448,0,0,0,2.493888047,0,0.029541424,0,0,0,0,0,0,0,1.575360539,0,0,0,0,0,2.671023857,0,0,0,0,0,0,0,0,0,0,0,0,0,0,0,0,0.029541424,2.117466478,0,0,0,0,0,0,0,0,0,0,1.467601914,0,0,0,0,0,0,0,0,0,0,0,0,0,0,0,0,0,0,0.033034559,0,0,0,0,0,0,0,0,0,0,0,0,0,0,0,0,0,0,0,0,0,0,0,0,0,0,0,0,0,0,0,0
40411240,0,0,0,0,0,0,0,0,0,0,0,0,0.26552933,0,0,0,0,0,0,0,0,0,0,0,0,0,0,0,0,0,0,0,0,0.103944786,1.691722482,0,0,0,0,0,0,0,1.556228513,0,1.34697693,0.025986197,1.46392786,0.025986197,1.601797683,0,2.146988523,0,0,0,1.556408602,0,0,0,0,0,0,0,0,0,1.958250655,0,0,0,0,0.051972393,2.952875317,0,0,0,0.129930983,0,0,0,0,0,0,0,0,0,0,0,0,0,1.488722519,0,0,0,0,0,0,0,0,0,0,3.467271724,0,0,0,0,0,0,0,0,0,0,0,0,0,0,0,0,0,0,0.036171159,0,0,0,0,0,0,0,0,0,0,0,0,0,0,0,0,0,0,0,0,0,0,0,0,0,0.055314545,0,0,0,0,0,0
40411241,0,0,0,0,0,0,0,0,0,0,0,0,0.181058166,0,0,0,0,0,0,0,0,0,0,0,0,0,0,0,0,0,0,0,0,0,2.917958732,0,0,0,0,0,0,0,1.347766562,0,1.364309362,0,1.19175405,0,1.815837515,0,1.748943685,0,0,0,2.282184406,0,0,0,0,0,0,0,0,0,1.572655399,0,0,0,0,0,1.927983574,0,0,0,0,0,0,0,0,0,0,0,0,0,0,0,0,0,1.633456579,0,0,0,0,0,0,0,0,0,0,2.951147562,0,0,0,0,0,0,0,0,0,0,0,0,0,0,0,0,0,0,0.030649383,0,0,0,0,0,0,0,0,0,0,0,0,0,0,0,0,0,0,0,0,0,0,0,0,0,0.086241535,0,0,0,0,0,0
40411242,0,0,0,0,0,0,0,0,0,0,0,0,0.238291982,0,0,0,0,0,0,0,0,0,0,0,0,0,0,0,0,0,0,0,0,0,1.717345073,0,0,0,0,0,0,0,1.737760743,0,1.65612748,0,1.732216358,0,1.762503411,0,2.498641255,0,0,0,1.658237271,0,0,0,0,0,0,0,0,0,2.201215715,0,0,0,0,0,2.535385615,0.098893704,0,0,0,0,0,0,0,0,0,0,0,0,0,0,0,0.098893704,1.376212193,0,0.12361713,0.098893704,0,0,0,0,0,0,0.098893704,3.434374388,0,0,0,0,0,0,0,0,0,0,0,0,0,0,0,0,0,0,0.031732068,0,0,0,0,0,0,0,0,0,0,0,0,0,0,0,0,0,0,0,0,0,0,0,0,0,0.069379193,0,0,0,0,0,0
40411243,0,0,0,0,0,0,0,0,0,0,0,0,0.213336132,0,0,0,0,0,0,0,0,0,0,0,0,0,0,0,0,0,0,0,0,0,1.7515123,0.251397099,0,0,0,0,0,0,1.447059979,0,1.515531915,0,1.99571844,0,2.259737048,0,3.005465146,0,0,0,1.91125527,0,0.244787854,0,0.278287334,0,0,0,0,0,2.314398046,0,0,0,0,0,2.663254885,0.293838344,0,0,0,0,0,0,0,0,0,0,0,0,0,0,0,0.53024055,1.31452594,0,0.319701946,0.35040265,0,0,0,0,0,0,0.382877627,2.093945533,0,0,0,0,0,0,0,0,0,0,0,0,0,0,0,0,0,0,0.033091539,0,0,0,0,0,0,0,0,0,0,0,0,0,0,0,0,0,0,0,0,0,0,0,0,0,0.056776401,0,0,0,0,0,0
40411244,0,0,0,0,0,0,0,0,0,0,0,0,0,0,0,0,0,0,0,0,0,0,0,0,0,0,0,0,0,0,0,0,0,0,3.587454998,0,0,0,0,0,0,0,1.057530912,0,1.30537438,0,1.367186287,0,1.594270616,0,1.333715534,0,0,0,1.733006065,0,0.10388985,0,0,0,0,0,0,0,0.741667102,0,0,0,0,0,0.810361863,0.03462995,0,0,0,0,0,0,0,0,0,0,0,0,0,0,0,0.10388985,1.929405197,0,0,0,0,0,0,0,0,0,0,1.309032628,0,0,0,0,0,0,0,0,0,0,0,0,0,0,0,0,0,0,0,0,0,0,0,0,0,0,0,0,0,0,0,0,0,0,0,0,0,0,0,0,0,0,0,0,0.059351507,0,0,0,0,0,0
40411246,0,0,0,0,0,0,0,0,0,0,0,0,0.030784593,0,0,0,0,0,0,0,0,0,0,0,0,0,0,0,0,0,0,0,0,0,2.672843052,0,0,0,0,0,0,0,1.353115471,0,1.890818904,0,1.302848327,0,2.066419823,0,2.31639428,0,0,0,1.239980265,0,0.172111025,0,0,0,0,0,0,0,0.975214255,0,0,0,0,0,1.756420464,0.028971948,0,0,0,0,0,0,0,0,0,0,0,0,0,0,0,0.172111025,2.389166942,0,0.028398394,0.085195181,0,0,0,0,0,0,0.113593575,1.416554157,0,0,0,0,0,0,0,0,0,0,0,0,0,0,0,0,0,0,0.032952938,0,0,0,0,0,0,0,0,0,0,0,0,0,0,0,0,0,0,0,0,0,0,0,0,0,0,0,0,0,0,0,0
40411247,0,0,0,0,0,0,0,0,0,0,0,0,0,0,0,0,0,0,0,0,0,0,0,0,0,0,0,0,0,0,0,0,0,0,2.969476523,0,0,0,0,0,0,0,2.712176173,0,1.491818106,0,2.267840742,0,1.044024454,0,1.572910411,0,0,0,1.562300103,0,0.031702019,0,0,0,0,0,0,0,1.050202953,0,0,0,0,0,1.11668248,0,0,0,0,0,0,0,0,0,0,0,0,0,0,0,0,0.031702019,0.975453719,0,0,0,0,0,0,0,0,0,0,1.196052882,0,0,0,0,0,0,0,0,0,0,0,0,0,0,0,0,0,0,0,0,0,0,0,0,0,0,0,0,0,0,0,0,0,0,0,0,0,0,0,0,0,0,0,0,0.066616751,0,0,0,0,0,0
40411248,0,0,0,0,0,0,0,0,0,0,0,0,0.150199026,0,0,0,0,0,0,0,0,0,0,0,0,0,0,0,0,0,0,0,0,0,2.574871244,0,0,0,0,0,0,0,2.299131741,0,1.926869921,0,1.428253913,0,1.088603073,0,2.173098268,0,0,0,2.674794045,0,0.028372214,0,0,0,0,0,0,0,1.511450582,0,0,0,0,0,2.824299987,0.093035418,0,0,0,0,0,0,0,0,0,0,0,0,0,0,0,0.028372214,1.591778336,0,0.124047224,0.093035418,0,0,0,0,0,0,0.124047224,1.794809454,0,0,0,0,0,0,0,0,0,0,0,0,0,0,0,0,0,0,0.028511773,0,0,0,0,0,0,0,0,0,0,0,0,0,0,0,0,0,0,0,0,0,0,0,0,0,0,0,0,0,0,0,0
40411250,0,0,0,0,0,0,0,0,0,0,0,0,0.167269067,0,0,0,0,0,0,0,0,0,0,0,0,0,0,0,0,0,0,0,0,0,2.227997743,0,0,0,0,0,0,0,1.697606416,0,1.192969091,0,1.336550891,0,1.090280908,0,1.487357901,0,0,0,2.307980931,0,0,0,0,0,0,0,0,0,2.075695969,0,0,0,0,0,2.927447719,0,0,0,0,0,0,0,0,0,0,0,0,0,0,0,0,0,1.117998379,0,0,0,0,0,0,0,0,0,0,2.793643482,0,0,0,0,0,0,0,0,0,0,0,0,0,0,0,0,0,0,0.033115369,0,0,0,0,0,0,0,0,0,0,0,0,0,0,0,0,0,0,0,0,0,0,0,0,0,0.063437515,0,0,0,0,0,0
40411251,0,0,0,0,0,0,0,0,0,0,0,0,0.228408586,0,0,0,0,0,0,0,0,0,0,0,0,0,0,0,0,0,0,0,0,0,2.366171955,0,0,0,0,0,0,0,1.471029416,0,1.583758614,0,1.389249358,0,1.753180102,0,1.656813253,0,0,0,2.25049529,0,0,0,0,0,0,0,0,0,1.568552964,0,0,0,0,0,2.953897903,0,0,0,0,0,0,0,0,0,0,0,0,0,0,0,0,0,1.695006241,0,0,0,0,0,0,0,0,0,0,3.067206347,0,0,0,0,0,0,0,0,0,0,0,0,0,0,0,0,0,0,0.035362523,0,0,0,0,0,0,0,0,0,0,0,0,0,0,0,0,0,0,0,0,0,0,0,0,0,0.062189634,0,0,0,0,0,0
40411252,0,0,0,0,0,0,0,0,0,0,0,0,0.182423367,0,0,0,0,0,0,0,0,0,0,0,0,0,0,0,0,0,0,0,0,0,2.895105312,0.207133896,0,0,0,0,0,0,1.168816613,0,0.85152126,0,1.626450917,0,1.361567546,0,1.500107567,0,0,0,2.517817214,0,0.235806609,0,0.114287325,0,0,0,0,0,2.327738468,0,0,0,0,0,2.638285174,0,0,0,0,0,0,0,0,0,0,0,0,0,0,0,0,0.264543694,1.146824672,0,0,0.292434683,0,0,0,0,0,0,0.259220018,1.930336452,0,0,0,0,0,0,0,0,0,0,0,0,0,0,0,0,0,0,0.03460782,0,0,0,0,0,0,0,0,0,0,0,0,0,0,0,0,0,0,0,0,0,0,0,0,0,0,0,0,0,0,0,0
40411253,0,0,0,0,0,0,0,0,0,0,0,0,0,0,0,0,0,0,0,0,0,0,0,0,0,0,0,0,0,0,0,0,0,0,3.736283887,0,0,0,0,0,0,0,0.923719005,0,1.193873486,0,0.812990444,0,0.846946067,0,1.025655945,0,0,0,0.845021108,0,0.101072208,0,0,0,0,0,0,0,0.705631795,0,0,0,0,0,0.617646152,0.033690736,0,0,0,0,0,0,0,0,0,0,0,0,0,0,0,0.101072208,1.870652535,0,0,0,0,0,0,0,0,0,0,0.596134093,0,0,0,0,0,0,0,0,0,0,0,0,0,0,0,0,0,0,0.029044915,0,0,0,0,0,0,0,0,0,0,0,0,0,0,0,0,0,0,0,0,0,0,0,0,0,0,0,0,0,0,0,0
40411254,0,0,0,0,0,0,0,0,0,0,0,0,0.162280237,0,0,0,0,0,0,0,0,0,0,0,0,0,0,0,0,0,0,0,0,0,2.797551625,0,0,0,0,0,0,0,1.760950832,0,1.493504425,0,1.661086553,0,1.673400764,0,2.083494647,0,0,0,2.37162499,0,0.033196748,0,0,0,0,0,0,0,1.410226912,0,0,0,0,0,1.556849152,0,0,0,0,0,0,0,0,0,0,0,0,0,0,0,0,0.033196748,1.199178234,0,0,0,0,0,0,0,0,0,0,2.420907371,0,0,0,0,0,0,0,0,0,0,0,0,0,0,0,0,0,0,0,0,0,0,0,0,0,0,0,0,0,0,0,0,0,0,0,0,0,0,0,0,0,0,0,0,0.096328582,0,0,0,0,0,0
40411255,0,0,0,0,0,0,0,0,0,0,0,0,0,0,0,0,0,0,0,0,0,0,0,0,0,0,0,0,0,0,0,0,0,0,1.851684615,0.791963699,0,0,0,0,0,0,2.749618144,0,2.470684933,0,1.379012395,0,0.970953529,0,2.160023573,0,0,0,1.838516113,0,0.813280901,0,1.301489582,0,0,0,0,0,2.729227574,0,0,0,0,0,2.092540848,0.70198925,0,0,0,0,0,0,0,0,0,0,0,0,0,0,0,1.02151573,3.072671992,0,0.901837541,0.868707703,0,0,0,0,0,0,1.048543538,1.011347053,0,0,0,0,0,0,0,0,0,0,0,0,0,0,0,0,0,0,0.029125288,0,0,0,0,0,0,0,0,0,0,0,0,0,0,0,0,0,0,0,0,0,0,0,0,0,0,0,0,0,0,0,0
40411256,0,0,0,0,0,0,0,0,0,0,0,0,0.065482505,0,0,0,0,0,0,0,0,0,0,0,0,0,0,0,0,0,0,0,0,0,2.39391332,0,0,0,0,0,0,0,1.945563652,0,1.930466459,0,1.584133065,0,1.609639975,0,2.461125497,0,0,0,1.577836005,0,0,0,0,0,0,0,0,0,1.787736569,0,0,0,0,0,2.877785427,0,0,0,0,0,0,0,0,0,0,0,0,0,0,0,0,0,2.008282616,0,0,0,0,0,0,0,0,0,0,2.555202684,0,0,0,0,0,0,0,0,0,0,0,0,0,0,0,0,0,0,0.038542737,0,0,0,0,0,0,0,0,0,0,0,0,0,0,0,0,0,0,0,0,0,0,0,0,0,0,0,0,0,0,0,0
40411257,0,0,0,0,0,0,0,0,0,0,0,0,0,0,0,0,0,0,0,0,0,0,0,0,0,0,0,0,0,0,0,0,0,0,4.015128969,0,0,0,0,0,0,0,0.716433014,0,0.191660318,0,2.054818813,0,0.352909727,0,0.128714462,0,0,0,0.095578229,0,0,0,0,0,0,0,0,0,0,0,0,0,0,0,0,0,0,0,0,0,0,0,0,0,0,0,0,0,0,0,0,0,0.15839942,0,0,0,0,0,0,0,0,0,0,0.03185941,0,0,0,0,0,0,0,0,0,0,0,0,0,0,0,0,0,0,0,0,0,0,0,0,0,0,0,0,0,0,0,0,0,0,0,0,0,0,0,0,0,0,0,0,0,0,0,0,0,0,0
40411258,0,0,0,0,0,0,0,0,0,0,0,0,0.185681521,0,0,0,0,0,0,0,0,0,0,0,0,0,0,0,0,0,0,0,0,0,2.5716004,0,0,0,0,0,0,0,1.434279484,0,1.425603255,0,1.231496134,0,1.758057153,0,2.45352699,0,0,0,1.616444127,0,0,0,0,0,0,0,0,0,1.986531199,0,0,0,0,0,2.962486159,0.084477237,0,0,0,0,0,0,0,0,0,0,0,0,0,0,0,0,1.943953354,0,0.112636316,0.084477237,0,0,0,0,0,0,0.112636316,2.517753836,0,0,0,0,0,0,0,0,0,0,0,0,0,0,0,0,0,0,0.044304126,0,0,0,0,0,0,0,0,0,0,0,0,0,0,0,0,0,0,0,0,0,0,0,0,0,0,0,0,0,0,0,0
40411259,0,0,0,0,0,0,0,0,0,0,0,0,0,0,0,0,0,0,0,0,0,0,0,0,0,0,0,0,0,0,0,0,0,0,1.503936358,0,0,0,0,0,0,0,3.255810414,0,0.072980108,0,1.924709023,0,0.09948662,0,0.14922993,0,0,0,0.072980108,0,0,0,0,0,0,0,0,0.02723432,0,0.02723432,0,0,0,0,0.075887726,0,0,0,0,0,0,0,0,0,0,0,0,0,0,0,0,0,0.123813323,0,0,0,0,0,0,0,0,0,0,0.025416607,0,0,0,0,0,0,0,0,0,0,0,0,0,0,0,0,0,0,0,0,0,0,0,0,0,0,0,0,0,0,0,0,0,0,0,0,0,0,0,0,0,0,0,0,0,0,0,0,0,0,0
40411260,0,0,0,0,0,0,0,0,0,0,0.029002139,0,0.032992628,0,0,0,0,0,0,0,0,0,0,0,0,0,0,0,0,0,0,0,0,0,1.484557751,0.570265566,0,0,0,0,0,0,1.31998573,0,0.969215306,0,1.371302013,0,1.160522405,0,1.560437601,0,0,0,1.634711809,0,0.549084512,0,0.40767321,0,0,0,0,0,3.205089377,0,0,0,0,0,2.002886001,0.249928423,0,0,0,0,0,0,0,0,0,0,0,0,0,0,0,0.549463187,1.24502603,0,0.433489618,0.542239723,0,0,0,0,0,0,0.480928604,1.544588884,0,0,0,0,0,0,0,0,0,0,0,0,0,0,0,0,0,0,0.027206418,0,0,0,0,0,0,0,0,0,0,0,0,0,0,0,0,0,0,0,0,0,0,0,0,0,0,0,0,0,0,0,0
40411261,0,0,0,0,0,0,0,0,0,0,0,0,0.685279028,0,0,0,0,0,0,0,0,0,0,0,0,0,0,0,0,0,0,0,0,0.399176113,0.737188085,0,0,0,0,0,0,0.13397619,0.530565308,0,0.524381203,0.571626747,0.686955597,0.066299981,0.541404731,0.067120745,0.584736484,0,0.052928553,0,1.292381029,0,0.052928553,0,0.026290833,0,0,0,0.052928553,0.079219386,0.801207119,0,0,0,0,0.132511528,2.812564181,0.105857106,0.02663772,0,0.230818785,0,0,0,0,0,0,0,0,0,0,0,0,0,0.595621282,0,0,0.0788725,0.052581666,0.05327544,0.132494826,0.052928553,0.052928553,0,0,1.542957075,0,0,0,0,0,0,0,0,0,0,0,0,0,0,0,0,0,0,0.02593792,0,0,0,0,0,0,0,0,0,0,0,0,0,0,0,0,0,0,0,0,0,0,0,0.052928553,0,0,0,0,0,0,0,0.0788725
40411263,0,0,0,0,0,0,0,0,0,0,0,0,0.200915938,0,0,0,0,0,0,0,0,0,0,0,0,0,0,0,0,0,0,0,0,0.108314319,1.524838967,0.362836338,0,0,0,0,0,0.108314319,1.30205767,0.058666119,0.858265505,0.036104773,1.376225889,0,0.881916534,0,1.151655152,0,0,0,2.687669558,0,0.391423538,0,0.109583316,0,0,0,0,0,2.334751247,0,0,0,0,0.036104773,3.226435275,0,0,0,0,0,0,0,0,0,0,0,0,0,0,0,0,0.324107282,1.094322476,0,0.174879568,0.382525156,0,0,0,0,0,0,0.435383761,1.549846521,0,0,0,0,0,0,0,0,0,0,0,0,0,0,0,0,0,0,0,0,0,0,0,0,0,0,0,0,0,0,0,0,0,0,0,0,0,0,0,0,0,0,0,0,0,0,0,0,0,0,0
40411264,0,0,0,0,0,0,0,0,0,0,0,0,0.318338085,0,0,0,0,0,0,0,0,0,0,0,0,0,0,0,0,0,0,0,0,0.110216956,1.46590663,0.343808206,0,0,0,0,0,0.110216956,1.340490204,0.05635697,0.864056926,0.093636064,1.277551305,0,0.701175023,0,1.03763401,0,0,0,2.48601188,0,0.37173386,0,0,0,0,0,0,0,2.077730128,0,0,0,0,0.036738985,3.425945231,0,0,0,0,0,0,0,0,0,0,0,0,0,0,0,0,0.20677562,1.161452354,0,0.168691661,0.259334184,0,0,0,0,0,0,0.307507105,1.678346208,0,0,0,0,0,0,0,0,0,0,0,0,0,0,0,0,0,0,0.027100873,0,0,0,0,0,0,0,0,0,0,0,0,0,0,0,0,0,0,0,0,0,0,0,0,0,0,0,0,0,0,0,0
40411265,0,0,0,0,0,0,0,0,0,0,0,0,0.393220202,0,0,0,0,0,0,0,0,0,0,0,0,0,0,0,0,0,0,0,0,0.422543488,1.120110552,0,0,0,0,0,0,0.13876916,1.15302467,0,1.050452491,0.132136287,1.017285186,0.070943582,0.783554308,0.078018365,1.165871749,0,0.023817368,0,1.624778747,0,0.023817368,0,0,0,0,0,0.023817368,0.023817368,1.395679665,0,0,0,0,0.136131308,3.474998384,0.047634736,0.023817368,0,0.237690364,0,0,0,0,0,0,0,0,0,0,0,0,0,0.938323929,0,0,0,0,0.047634736,0.071452104,0.023817368,0.023817368,0,0,2.696105,0,0,0,0,0,0,0,0,0,0,0,0,0,0,0,0,0,0,0.031888535,0,0,0,0,0,0,0,0,0,0,0,0,0,0,0,0,0,0,0,0,0,0,0,0.023817368,0,0,0,0,0,0,0,0
40511101,0,0,0,0,0,0,0,0,0,0,0,0,0,0,0,0,0,0,0,0,0,0,0,0,0,0,0,0,0,0,0,0,0,3.767783004,0,0,0,0,0,0,0,1.459054563,0,0,0,1.269127548,0,0,0,0.032071272,0,0,0,0,0,0,0,0,0,0,0,0,0,0.032071272,0,0.032071272,0,0,0,0.032071272,0,0,0,0,0,0,0,0,0.032071272,0,0,0,0,0,0,0,0,0,0,0,0,0,0,0,0,0,0,0,0,0,0,0,0,0,0,0,0,0,0,0,0,0,0,0,0,0,0,0,0,0,0,0,0,0,0,0,0,0,0,0,0,0,0,0,0,0,0,0,0,0,0,0,0,0,0,0,0,0,0,0,0
40511102,0,0,0,0,0,0,0,0,0,0,0,0,0,0,0,0,0,0,0,0,0,0,0,0,0,0,0,0,0,0,0,0,0,3.525176092,0,0,0,0,0,0,0,2.226961564,0,0,0,0.928008678,0,0,0,0.030220198,0,0,0,0,0,0,0,0,0,0,0,0,0,0.030220198,0,0.030220198,0,0,0,0.030220198,0,0,0,0,0,0,0,0,0.030220198,0,0,0,0,0,0,0,0,0,0,0,0,0,0,0,0,0,0,0,0,0,0,0,0,0,0,0,0,0,0,0,0,0,0,0,0,0,0,0,0,0,0,0,0,0,0,0,0,0,0,0,0,0,0,0,0,0,0,0,0,0,0,0,0,0,0,0,0,0,0,0,0
40511103,0,0,0,0,0,0,0,0,0,0,0,0,0,0,0,0,0,0,0,0,0,0,0,0,0,0,0,0,0,0,0,0,0,3.538274379,0,0,0,0,0,0,0,1.793992338,0,0.030121512,0,0.558899288,0,0.030121512,0,0,0,0,0,0,0,0,0,0,0,0,0,0,0,0,0,0,0,0,0,0,0,0,0,0,0.030121512,0,0,0,0,0,0,0,0,0,0,0,0,0,0,0,0,0,0,0,0,0,0,0,0,0,0,0,0,0,0,0,0,0,0,0,0,0,0,0,0,0,0,0,0,0,0,0,0,0,0,0,0,0,0,0,0,0,0,0,0,0,0,0,0,0,0,0,0,0,0,0,0,0,0,0,0
40511104,0,0,0,0,0,0,0,0,0,0,0,0,0,0,0,0,0,0,0,0,0,0,0,0,0,0,0,0,0,0,0,0,0,3.715446043,0,0,0,0,0,0,0,1.20429604,0,0.028984708,0,2.113344805,0,0,0,0.090241118,0,0,0,0,0,0,0,0,0,0,0,0,0,0.032271702,0,0.032271702,0,0,0,0.032271702,0,0,0,0,0,0,0,0,0.032271702,0,0,0,0,0,0,0,0,0,0,0,0,0,0,0,0,0,0,0,0,0,0,0,0,0,0,0,0,0,0,0,0,0,0,0,0,0,0,0,0,0,0,0,0,0,0,0,0,0,0,0,0,0,0,0,0,0,0,0,0,0,0,0,0,0,0,0,0,0,0,0,0
40511105,0,0,0,0,0,0,0,0,0,0,0,0,0,0,0,0,0,0,0,0,0,0,0,0,0,0,0,0,0,0,0,0,0,3.786547403,0,0,0,0,0,0,0,1.384413953,0,0,0,1.996739151,0,0,0,0.033925692,0,0,0,0,0,0,0,0,0,0,0,0,0,0.033925692,0,0.033925692,0,0,0,0.033925692,0,0,0,0,0,0,0,0,0.033925692,0,0,0,0,0,0,0,0,0,0,0,0,0,0,0,0,0,0,0,0,0,0,0,0,0,0,0,0,0,0,0,0,0,0,0,0,0,0,0,0,0,0,0,0,0,0,0,0,0,0,0,0,0,0,0,0,0,0,0,0,0,0,0,0,0,0,0,0,0,0,0,0
40511107,0,0,0,0,0,0,0,0,0,0,0,0,0,0,0,0,0,0,0,0,0,0,0,0,0,0,0,0,0,0,0,0,0,3.759072357,0,0,0,0,0,0,0,1.2863027,0,0.029419172,0,2.265735748,0,0.144958352,0,0.091986845,0,0,0,0,0,0,0,0,0,0,0,0,0,0.033148501,0,0.033148501,0,0,0,0.033148501,0,0,0,0,0.086975011,0,0,0,0.033148501,0,0,0,0,0,0,0,0,0,0,0,0,0,0,0,0,0,0,0,0,0,0,0,0,0,0,0,0,0,0,0,0,0,0,0,0,0,0,0,0,0,0,0,0,0,0,0,0,0,0,0,0,0,0,0,0,0,0,0,0,0,0,0,0,0,0,0,0,0,0,0,0
40511108,0,0,0,0,0,0,0,0,0,0,0,0,0,0,0,0,0,0,0,0,0,0,0,0,0,0,0,0,0,0,0,0,0,3.537618758,0,0,0,0,0,0,0,2.203099173,0,0,0,0.937594945,0,0,0,0.030261662,0,0,0,0,0,0,0,0,0,0,0,0,0,0.030261662,0,0.030261662,0,0,0,0.030261662,0,0,0,0,0,0,0,0,0.030261662,0,0,0,0,0,0,0,0,0,0,0,0,0,0,0,0,0,0,0,0,0,0,0,0,0,0,0,0,0,0,0,0,0,0,0,0,0,0,0,0,0,0,0,0,0,0,0,0,0,0,0,0,0,0,0,0,0,0,0,0,0,0,0,0,0,0,0,0,0,0,0,0
40511109,0,0,0,0,0,0,0,0,0,0,0,0,0,0,0,0,0,0,0,0,0,0,0,0,0,0,0,0,0,0,0,0,0,3.763539271,0,0,0,0,0,0,0,0.959572393,0,0.03333519,0,1.502440678,0,0.03333519,0,0,0,0,0,0,0,0,0,0,0,0,0,0,0,0,0,0,0,0,0,0,0,0,0,0,0.03333519,0,0,0,0,0,0,0,0,0,0,0,0,0,0,0,0,0,0,0,0,0,0,0,0,0,0,0,0,0,0,0,0,0,0,0,0,0,0,0,0,0,0,0,0,0,0,0,0,0,0,0,0,0,0,0,0,0,0,0,0,0,0,0,0,0,0,0,0,0,0,0,0,0,0,0,0
40511111,0,0,0,0,0,0,0,0,0,0,0,0,0,0,0,0,0,0,0,0,0,0,0,0,0,0,0,0,0,0,0,0,0,1.231517608,0,0,0,0,0,0,0,2.543603224,0,0.242015763,0,1.164487322,0,0.027522074,0,0.215891545,0,0,0,0.027239789,0,0,0,0,0,0,0,0,0,0.027239789,0,0.027522074,0,0,0,0.209813459,0,0,0,0,0.171729361,0,0,0,0.027522074,0,0,0,0,0,0,0,0,0,0,0,0,0,0,0,0,0,0,0,0,0,0,0,0,0,0,0,0,0,0,0,0,0,0,0,0,0,0,0,0,0,0,0,0,0,0,0,0,0,0,0,0,0,0,0,0,0,0,0,0,0,0,0,0,0,0,0,0,0,0,0,0
40511112,0,0,0,0,0,0,0,0,0,0,0,0,0,0,0,0,0,0,0,0,0,0,0,0,0,0,0,0,0,0,0,0,0,2.877922702,0,0,0,0,0,0,0,1.937536476,0,0,0,1.673553365,0,0,0,0.034702654,0,0,0,0,0,0,0,0,0,0,0,0,0,0.034702654,0,0.034702654,0,0,0,0.034702654,0,0,0,0,0,0,0,0,0.034702654,0,0,0,0,0,0,0,0,0,0,0,0,0,0,0,0,0,0,0,0,0,0,0,0,0,0,0,0,0,0,0,0,0,0,0,0,0,0,0,0,0,0,0,0,0,0,0,0,0,0,0,0,0,0,0,0,0,0,0,0,0,0,0,0,0,0,0,0,0,0,0,0
40511114,0,0,0,0,0,0,0,0,0,0,0,0,0,0,0,0,0,0,0,0,0,0,0,0,0,0,0,0,0,0,0,0,0,3.764346447,0,0,0,0,0,0,0,1.606789016,0,0,0,1.610537673,0,0,0,0.033205037,0,0,0,0,0,0,0,0,0,0,0,0,0,0.033205037,0,0.033205037,0,0,0,0.033205037,0,0,0,0,0,0,0,0,0.033205037,0,0,0,0,0,0,0,0,0,0,0,0,0,0,0,0,0,0,0,0,0,0,0,0,0,0,0,0,0,0,0,0,0,0,0,0,0,0,0,0,0,0,0,0,0,0,0,0,0,0,0,0,0,0,0,0,0,0,0,0,0,0,0,0,0,0,0,0,0,0,0,0
40511115,0,0,0,0,0,0,0,0,0,0,0,0,0,0,0,0,0,0,0,0,0,0,0,0,0,0,0,0,0,0,0,0,0,0,0,0,0,0,0,0,0,0,0,0,0,0,0,0,0,0,0,0,0,0,0,0,0,0,0,0,0,0,0,0,0,0,0,0,0,0,0,0,0,0,0,0,0,0,0,0,0,0,0,0,0,0,0,0,0,0,0,0,0,0,0,0,0,0,0,0,0,0,0,0,0,0,0,0,0,0,0,0,0,0,0,0,0,0,0,0,0,0,0,0,0,0,0,0,0,0,0,0,0,0,0,0,0,0,0,0,0,0,0,0,0,0,0,0,0,0,0
40511117,0,0,0,0,0,0,0,0,0,0,0,0,0,0,0,0,0,0,0,0,0,0,0,0,0,0,0,0,0,0,0,0,0,3.791891957,0,0,0,0,0,0,0,1.316123652,0,0.031360845,0,1.188970443,0,0.031360845,0,0.031137914,0,0,0,0,0,0,0,0,0,0,0,0,0,0.031137914,0,0.031137914,0,0,0,0.031137914,0,0,0,0,0.031360845,0,0,0,0.031137914,0,0,0,0,0,0,0,0,0,0,0,0,0,0,0,0,0,0,0,0,0,0,0,0,0,0,0,0,0,0,0,0,0,0,0,0,0,0,0,0,0,0,0,0,0,0,0,0,0,0,0,0,0,0,0,0,0,0,0,0,0,0,0,0,0,0,0,0,0,0,0,0
40511118,0,0,0,0,0,0,0,0,0,0,0,0,0,0,0,0,0,0,0,0,0,0,0,0,0,0,0,0,0,0,0,0,0,1.05562577,0,0,0,0,0,0,0,2.011308021,0,0.316360916,0,2.004026453,0,0.329553278,0,0.2394129,0,0,0,0.050483149,0,0,0,0,0,0,0,0,0,0.076981282,0,0.076981282,0,0,0,0.215942633,0,0,0,0.02541871,0.151872007,0,0,0,0.076981282,0,0,0,0,0,0,0,0,0,0,0,0,0,0,0,0,0,0,0,0,0,0,0,0,0,0,0,0,0,0,0,0,0,0,0,0,0,0,0,0,0,0,0,0,0,0,0,0,0,0,0,0,0,0,0,0,0,0,0,0,0,0,0,0,0,0,0,0,0,0,0,0
40511119,0,0,0,0,0,0,0,0,0,0,0,0,0,0,0,0,0,0,0,0,0,0,0,0,0,0,0,0,0,0,0,0,0,3.832660003,0,0,0,0,0,0,0,0.934373394,0,0.031672718,0,1.79156931,0,0.031672718,0,0.029996143,0,0,0,0,0,0,0,0,0,0,0,0,0,0.029996143,0,0.029996143,0,0,0,0.029996143,0,0,0,0,0.031672718,0,0,0,0.029996143,0,0,0,0,0,0,0,0,0,0,0,0,0,0,0,0,0,0,0,0,0,0,0,0,0,0,0,0,0,0,0,0,0,0,0,0,0,0,0,0,0,0,0,0,0,0,0,0,0,0,0,0,0,0,0,0,0,0,0,0,0,0,0,0,0,0,0,0,0,0,0,0
40511120,0,0,0,0,0,0,0,0,0,0,0,0,0,0.025820913,0,0,0,0,0,0,0,0,0,0,0,0,0,0,0,0,0,0,0,1.707581204,0,0,0,0,0,0,0,0.789637998,0,0.200949569,0,2.646896345,0,0.376529779,0,0.227574124,0,0.025820913,0,0.050165104,0,0,0,0.025820913,0,0,0,0,0,0.02434419,0,0.02434419,0,0,0,0.097376762,0,0,0,0,0.100075439,0,0,0,0,0,0,0,0,0,0,0,0,0,0,0,0,0,0,0,0,0,0,0,0,0,0,0,0,0,0,0,0,0,0,0,0,0,0,0,0,0,0,0,0,0,0,0,0,0,0,0,0,0,0,0,0,0,0,0,0,0,0,0,0,0,0,0,0,0,0,0,0,0,0,0,0
40511121,0,0,0,0,0,0,0,0,0,0,0,0,0,0,0,0,0,0,0,0,0,0,0,0,0,0,0,0,0,0,0,0,0,3.711266986,0,0,0,0,0,0,0,1.260147922,0,0,0,1.996643573,0,0,0,0.032782339,0,0,0,0,0,0,0,0,0,0,0,0,0,0.032782339,0,0.032782339,0,0,0,0.032782339,0,0,0,0,0,0,0,0,0.032782339,0,0,0,0,0,0,0,0,0,0,0,0,0,0,0,0,0,0,0,0,0,0,0,0,0,0,0,0,0,0,0,0,0,0,0,0,0,0,0,0,0,0,0,0,0,0,0,0,0,0,0,0,0,0,0,0,0,0,0,0,0,0,0,0,0,0,0,0,0,0,0,0
40511122,0,0,0,0,0,0,0,0,0,0,0,0,0,0,0,0,0,0,0,0,0,0,0,0,0,0,0,0,0,0,0,0,0,2.867601946,0,0,0,0,0,0,0,2.481626028,0,0,0,0.797008291,0,0,0,0.029507329,0,0,0,0,0,0,0,0,0,0,0,0,0,0.029507329,0,0.029507329,0,0,0,0.029507329,0,0,0,0,0,0,0,0,0.029507329,0,0,0,0,0,0,0,0,0,0,0,0,0,0,0,0,0,0,0,0,0,0,0,0,0,0,0,0,0,0,0,0,0,0,0,0,0,0,0,0,0,0,0,0,0,0,0,0,0,0,0,0,0,0,0,0,0,0,0,0,0,0,0,0,0,0,0,0,0,0,0,0
40511123,0,0,0,0,0,0,0,0,0,0,0,0,0,0,0,0,0,0,0,0,0,0,0,0,0,0,0,0,0,0,0,0,0,3.791891957,0,0,0,0,0,0,0,1.316123652,0,0.031360845,0,1.188970443,0,0.031360845,0,0.031137914,0,0,0,0,0,0,0,0,0,0,0,0,0,0.031137914,0,0.031137914,0,0,0,0.031137914,0,0,0,0,0.031360845,0,0,0,0.031137914,0,0,0,0,0,0,0,0,0,0,0,0,0,0,0,0,0,0,0,0,0,0,0,0,0,0,0,0,0,0,0,0,0,0,0,0,0,0,0,0,0,0,0,0,0,0,0,0,0,0,0,0,0,0,0,0,0,0,0,0,0,0,0,0,0,0,0,0,0,0,0,0
40511125,0,0,0,0,0,0,0,0,0,0,0,0,0,0,0,0,0,0,0,0,0,0,0,0,0,0,0,0,0,0,0,0,0,1.385269508,0,0,0,0,0,0,0,2.608965524,0,0.125474135,0,0.692435073,0,0.054096672,0,0.181395585,0,0,0,0.032709263,0,0,0,0,0,0,0,0,0,0.032709263,0,0.028327052,0,0,0,0.112575555,0,0,0,0,0.192047352,0,0,0,0.054096672,0,0,0,0,0,0,0,0,0,0,0,0,0,0,0,0,0,0,0,0,0,0,0,0,0,0,0,0,0,0,0,0,0,0,0,0,0,0,0,0,0,0,0,0,0,0,0,0,0,0,0,0,0,0,0,0,0,0,0,0,0,0,0,0,0,0,0,0,0,0,0,0
40511127,0,0,0,0,0,0,0,0,0,0,0,0,0,0,0,0,0,0,0,0,0,0,0,0,0,0,0,0,0,0,0,0,0,3.538274379,0,0,0,0,0,0,0,1.793992338,0,0.030121512,0,0.558899288,0,0.030121512,0,0,0,0,0,0,0,0,0,0,0,0,0,0,0,0,0,0,0,0,0,0,0,0,0,0,0.030121512,0,0,0,0,0,0,0,0,0,0,0,0,0,0,0,0,0,0,0,0,0,0,0,0,0,0,0,0,0,0,0,0,0,0,0,0,0,0,0,0,0,0,0,0,0,0,0,0,0,0,0,0,0,0,0,0,0,0,0,0,0,0,0,0,0,0,0,0,0,0,0,0,0,0,0,0
40511128,0,0,0,0,0,0,0,0,0,0,0,0,0,0,0,0,0,0,0,0,0,0,0,0,0,0,0,0,0,0,0,0,0,3.525176092,0,0,0,0,0,0,0,2.226961564,0,0,0,0.928008678,0,0,0,0.030220198,0,0,0,0,0,0,0,0,0,0,0,0,0,0.030220198,0,0.030220198,0,0,0,0.030220198,0,0,0,0,0,0,0,0,0.030220198,0,0,0,0,0,0,0,0,0,0,0,0,0,0,0,0,0,0,0,0,0,0,0,0,0,0,0,0,0,0,0,0,0,0,0,0,0,0,0,0,0,0,0,0,0,0,0,0,0,0,0,0,0,0,0,0,0,0,0,0,0,0,0,0,0,0,0,0,0,0,0,0
40511129,0,0,0,0,0,0,0,0,0,0,0,0,0,0,0,0,0,0,0,0,0,0,0,0,0,0,0,0,0,0,0,0,0,3.525176092,0,0,0,0,0,0,0,2.226961564,0,0,0,0.928008678,0,0,0,0.030220198,0,0,0,0,0,0,0,0,0,0,0,0,0,0.030220198,0,0.030220198,0,0,0,0.030220198,0,0,0,0,0,0,0,0,0.030220198,0,0,0,0,0,0,0,0,0,0,0,0,0,0,0,0,0,0,0,0,0,0,0,0,0,0,0,0,0,0,0,0,0,0,0,0,0,0,0,0,0,0,0,0,0,0,0,0,0,0,0,0,0,0,0,0,0,0,0,0,0,0,0,0,0,0,0,0,0,0,0,0
40511130,0,0,0,0,0,0,0,0,0,0,0,0,0,0,0,0,0,0,0,0,0,0,0,0,0,0,0,0,0,0,0,0,0,1.238384326,0,0,0,0,0,0,0,2.557583566,0,0.239805444,0,1.135963659,0,0.027767768,0,0.21527879,0,0,0,0.028291285,0,0,0,0,0,0,0,0,0,0.028291285,0,0.027767768,0,0,0,0.206360084,0,0,0,0,0.175908272,0,0,0,0.027767768,0,0,0,0,0,0,0,0,0,0,0,0,0,0,0,0,0,0,0,0,0,0,0,0,0,0,0,0,0,0,0,0,0,0,0,0,0,0,0,0,0,0,0,0,0,0,0,0,0,0,0,0,0,0,0,0,0,0,0,0,0,0,0,0,0,0,0,0,0,0,0,0
40511131,0,0,0,0,0,0,0,0,0,0,0,0,0,0,0,0,0,0,0,0,0,0,0,0,0,0,0,0,0,0,0,0,0,3.532471167,0,0,0,0,0,0,0,2.193549362,0,0,0,0.969761097,0,0,0,0.031505925,0,0,0,0,0,0,0,0,0,0,0,0,0,0.031505925,0,0.031505925,0,0,0,0.031505925,0,0,0,0,0,0,0,0,0.031505925,0,0,0,0,0,0,0,0,0,0,0,0,0,0,0,0,0,0,0,0,0,0,0,0,0,0,0,0,0,0,0,0,0,0,0,0,0,0,0,0,0,0,0,0,0,0,0,0,0,0,0,0,0,0,0,0,0,0,0,0,0,0,0,0,0,0,0,0,0,0,0,0
40511133,0,0,0,0,0,0,0,0,0,0,0,0,0,0.025820913,0,0,0,0,0,0,0,0,0,0,0,0,0,0,0,0,0,0,0,1.707581204,0,0,0,0,0,0,0,0.789637998,0,0.200949569,0,2.646896345,0,0.376529779,0,0.227574124,0,0.025820913,0,0.050165104,0,0,0,0.025820913,0,0,0,0,0,0.02434419,0,0.02434419,0,0,0,0.097376762,0,0,0,0,0.100075439,0,0,0,0,0,0,0,0,0,0,0,0,0,0,0,0,0,0,0,0,0,0,0,0,0,0,0,0,0,0,0,0,0,0,0,0,0,0,0,0,0,0,0,0,0,0,0,0,0,0,0,0,0,0,0,0,0,0,0,0,0,0,0,0,0,0,0,0,0,0,0,0,0,0,0,0
40511134,0,0,0,0,0,0,0,0,0,0,0,0,0,0.025820913,0,0,0,0,0,0,0,0,0,0,0,0,0,0,0,0,0,0,0,1.707581204,0,0,0,0,0,0,0,0.789637998,0,0.200949569,0,2.646896345,0,0.376529779,0,0.227574124,0,0.025820913,0,0.050165104,0,0,0,0.025820913,0,0,0,0,0,0.02434419,0,0.02434419,0,0,0,0.097376762,0,0,0,0,0.100075439,0,0,0,0,0,0,0,0,0,0,0,0,0,0,0,0,0,0,0,0,0,0,0,0,0,0,0,0,0,0,0,0,0,0,0,0,0,0,0,0,0,0,0,0,0,0,0,0,0,0,0,0,0,0,0,0,0,0,0,0,0,0,0,0,0,0,0,0,0,0,0,0,0,0,0,0
40511135,0,0,0,0,0,0,0,0,0,0,0,0,0,0,0,0,0,0,0,0,0,0,0,0,0,0,0,0,0,0,0,0,0,3.52204287,0,0,0,0,0,0,0,2.222884198,0,0,0,1.12835215,0,0,0,0.032951908,0,0,0,0,0,0,0,0,0,0,0,0,0,0.032951908,0,0.032951908,0,0,0,0.032951908,0,0,0,0,0,0,0,0,0.032951908,0,0,0,0,0,0,0,0,0,0,0,0,0,0,0,0,0,0,0,0,0,0,0,0,0,0,0,0,0,0,0,0,0,0,0,0,0,0,0,0,0,0,0,0,0,0,0,0,0,0,0,0,0,0,0,0,0,0,0,0,0,0,0,0,0,0,0,0,0,0,0,0
40511136,0,0,0,0,0,0,0,0,0,0,0,0,0,0,0,0,0,0,0,0,0,0,0,0,0,0,0,0,0,0,0,0,0,3.738440611,0,0,0,0,0,0,0,1.595669033,0,0,0,1.50245385,0,0,0,0.032598855,0,0,0,0,0,0,0,0,0,0,0,0,0,0.032598855,0,0.032598855,0,0,0,0.032598855,0,0,0,0,0,0,0,0,0.032598855,0,0,0,0,0,0,0,0,0,0,0,0,0,0,0,0,0,0,0,0,0,0,0,0,0,0,0,0,0,0,0,0,0,0,0,0,0,0,0,0,0,0,0,0,0,0,0,0,0,0,0,0,0,0,0,0,0,0,0,0,0,0,0,0,0,0,0,0,0,0,0,0
40511138,0,0,0,0,0,0,0,0,0,0,0,0,0,0,0,0,0,0,0,0,0,0,0,0,0,0,0,0,0,0,0,0,0,3.738484987,0,0,0,0,0,0,0,0.872477427,0,0.032409503,0,1.679015477,0,0.032409503,0,0,0,0,0,0,0,0,0,0,0,0,0,0,0,0,0,0,0,0,0,0,0,0,0,0,0.032409503,0,0,0,0,0,0,0,0,0,0,0,0,0,0,0,0,0,0,0,0,0,0,0,0,0,0,0,0,0,0,0,0,0,0,0,0,0,0,0,0,0,0,0,0,0,0,0,0,0,0,0,0,0,0,0,0,0,0,0,0,0,0,0,0,0,0,0,0,0,0,0,0,0,0,0,0
40511139,0,0,0,0,0,0,0,0,0,0,0,0,0,0,0,0,0,0,0,0,0,0,0,0,0,0,0,0,0,0,0,0,0,3.601510765,0,0,0,0,0,0,0,1.561249611,0,0.03203171,0,0.624855754,0,0.03203171,0,0,0,0,0,0,0,0,0,0,0,0,0,0,0,0,0,0,0,0,0,0,0,0,0,0,0.03203171,0,0,0,0,0,0,0,0,0,0,0,0,0,0,0,0,0,0,0,0,0,0,0,0,0,0,0,0,0,0,0,0,0,0,0,0,0,0,0,0,0,0,0,0,0,0,0,0,0,0,0,0,0,0,0,0,0,0,0,0,0,0,0,0,0,0,0,0,0,0,0,0,0,0,0,0
40511141,0,0,0,0,0,0,0,0,0,0,0,0,0,0,0,0,0,0,0,0,0,0,0,0,0,0,0,0,0,0,0,0,0,1.385269508,0,0,0,0,0,0,0,2.608965524,0,0.125474135,0,0.692435073,0,0.054096672,0,0.181395585,0,0,0,0.032709263,0,0,0,0,0,0,0,0,0,0.032709263,0,0.028327052,0,0,0,0.112575555,0,0,0,0,0.192047352,0,0,0,0.054096672,0,0,0,0,0,0,0,0,0,0,0,0,0,0,0,0,0,0,0,0,0,0,0,0,0,0,0,0,0,0,0,0,0,0,0,0,0,0,0,0,0,0,0,0,0,0,0,0,0,0,0,0,0,0,0,0,0,0,0,0,0,0,0,0,0,0,0,0,0,0,0,0
40511142,0,0,0,0,0,0,0,0,0,0,0,0,0,0,0,0,0,0,0,0,0,0,0,0,0,0,0,0,0,0,0,0,0,0,0,0,0,0,0,0,0,0,0,0,0,0,0,0,0,0,0,0,0,0,0,0,0,0,0,0,0,0,0,0,0,0,0,0,0,0,0,0,0,0,0,0,0,0,0,0,0,0,0,0,0,0,0,0,0,0,0,0,0,0,0,0,0,0,0,0,0,0,0,0,0,0,0,0,0,0,0,0,0,0,0,0,0,0,0,0,0,0,0,0,0,0,0,0,0,0,0,0,0,0,0,0,0,0,0,0,0,0,0,0,0,0,0,0,0,0,0
40511143,0,0,0,0,0,0,0,0,0,0,0,0,0,0,0,0,0,0,0,0,0,0,0,0,0,0,0,0,0,0,0,0,0,1.05562577,0,0,0,0,0,0,0,2.011308021,0,0.316360916,0,2.004026453,0,0.329553278,0,0.2394129,0,0,0,0.050483149,0,0,0,0,0,0,0,0,0,0.076981282,0,0.076981282,0,0,0,0.215942633,0,0,0,0.02541871,0.151872007,0,0,0,0.076981282,0,0,0,0,0,0,0,0,0,0,0,0,0,0,0,0,0,0,0,0,0,0,0,0,0,0,0,0,0,0,0,0,0,0,0,0,0,0,0,0,0,0,0,0,0,0,0,0,0,0,0,0,0,0,0,0,0,0,0,0,0,0,0,0,0,0,0,0,0,0,0,0
40511144,0,0,0,0,0,0,0,0,0,0,0,0,0,0,0,0,0,0,0,0,0,0,0,0,0,0,0,0,0,0,0,0,0,1.05562577,0,0,0,0,0,0,0,2.011308021,0,0.316360916,0,2.004026453,0,0.329553278,0,0.2394129,0,0,0,0.050483149,0,0,0,0,0,0,0,0,0,0.076981282,0,0.076981282,0,0,0,0.215942633,0,0,0,0.02541871,0.151872007,0,0,0,0.076981282,0,0,0,0,0,0,0,0,0,0,0,0,0,0,0,0,0,0,0,0,0,0,0,0,0,0,0,0,0,0,0,0,0,0,0,0,0,0,0,0,0,0,0,0,0,0,0,0,0,0,0,0,0,0,0,0,0,0,0,0,0,0,0,0,0,0,0,0,0,0,0,0
40511145,0,0,0,0,0,0,0,0,0,0,0,0,0,0,0,0,0,0,0,0,0,0,0,0,0,0,0,0,0,0,0,0,0,3.79424277,0,0,0,0,0,0,0,1.998178413,0,0,0,1.057678634,0,0,0,0.03198263,0,0,0,0,0,0,0,0,0,0,0,0,0,0.03198263,0,0.03198263,0,0,0,0.03198263,0,0,0,0,0,0,0,0,0.03198263,0,0,0,0,0,0,0,0,0,0,0,0,0,0,0,0,0,0,0,0,0,0,0,0,0,0,0,0,0,0,0,0,0,0,0,0,0,0,0,0,0,0,0,0,0,0,0,0,0,0,0,0,0,0,0,0,0,0,0,0,0,0,0,0,0,0,0,0,0,0,0,0
40511146,0,0,0,0,0,0,0,0,0,0,0,0,0,0,0,0,0,0,0,0,0,0,0,0,0,0,0,0,0,0,0,0,0,1.385269508,0,0,0,0,0,0,0,2.608965524,0,0.125474135,0,0.692435073,0,0.054096672,0,0.181395585,0,0,0,0.032709263,0,0,0,0,0,0,0,0,0,0.032709263,0,0.028327052,0,0,0,0.112575555,0,0,0,0,0.192047352,0,0,0,0.054096672,0,0,0,0,0,0,0,0,0,0,0,0,0,0,0,0,0,0,0,0,0,0,0,0,0,0,0,0,0,0,0,0,0,0,0,0,0,0,0,0,0,0,0,0,0,0,0,0,0,0,0,0,0,0,0,0,0,0,0,0,0,0,0,0,0,0,0,0,0,0,0,0
40511147,0,0,0,0,0,0,0,0,0,0,0,0,0,0,0,0,0,0,0,0,0,0,0,0,0,0,0,0,0,0,0,0,0,3.130083138,0,0,0,0,0,0,0,0.794111449,0,0.033074418,0,2.368113981,0,0,0,0.096969931,0,0,0,0,0,0,0,0,0,0,0,0,0,0.030821094,0,0.030821094,0,0,0,0.030821094,0,0,0,0,0,0,0,0,0.030821094,0,0,0,0,0,0,0,0,0,0,0,0,0,0,0,0,0,0,0,0,0,0,0,0,0,0,0,0,0,0,0,0,0,0,0,0,0,0,0,0,0,0,0,0,0,0,0,0,0,0,0,0,0,0,0,0,0,0,0,0,0,0,0,0,0,0,0,0,0,0,0,0
40511148,0,0,0,0,0,0,0,0,0,0,0,0,0,0.025820913,0,0,0,0,0,0,0,0,0,0,0,0,0,0,0,0,0,0,0,1.707581204,0,0,0,0,0,0,0,0.789637998,0,0.200949569,0,2.646896345,0,0.376529779,0,0.227574124,0,0.025820913,0,0.050165104,0,0,0,0.025820913,0,0,0,0,0,0.02434419,0,0.02434419,0,0,0,0.097376762,0,0,0,0,0.100075439,0,0,0,0,0,0,0,0,0,0,0,0,0,0,0,0,0,0,0,0,0,0,0,0,0,0,0,0,0,0,0,0,0,0,0,0,0,0,0,0,0,0,0,0,0,0,0,0,0,0,0,0,0,0,0,0,0,0,0,0,0,0,0,0,0,0,0,0,0,0,0,0,0,0,0,0
40511149,0,0,0,0,0,0,0,0,0,0,0,0,0,0,0,0,0,0,0,0,0,0,0,0,0,0,0,0,0,0,0,0,0,3.639598839,0,0,0,0,0,0,0,0.945175739,0,0,0,1.922955713,0,0,0,0.030855236,0,0,0,0,0,0,0,0,0,0,0,0,0,0.030855236,0,0.030855236,0,0,0,0.030855236,0,0,0,0,0,0,0,0,0.030855236,0,0,0,0,0,0,0,0,0,0,0,0,0,0,0,0,0,0,0,0,0,0,0,0,0,0,0,0,0,0,0,0,0,0,0,0,0,0,0,0,0,0,0,0,0,0,0,0,0,0,0,0,0,0,0,0,0,0,0,0,0,0,0,0,0,0,0,0,0,0,0,0
40511151,0,0,0,0,0,0,0,0,0,0,0,0,0,0,0,0,0,0,0,0,0,0,0,0,0,0,0,0,0,0,0,0,0,3.537515632,0,0,0,0,0,0,0,1.939196233,0,0,0,0.675711883,0,0,0,0.030105832,0,0,0,0,0,0,0,0,0,0,0,0,0,0.030105832,0,0.030105832,0,0,0,0.030105832,0,0,0,0,0,0,0,0,0.030105832,0,0,0,0,0,0,0,0,0,0,0,0,0,0,0,0,0,0,0,0,0,0,0,0,0,0,0,0,0,0,0,0,0,0,0,0,0,0,0,0,0,0,0,0,0,0,0,0,0,0,0,0,0,0,0,0,0,0,0,0,0,0,0,0,0,0,0,0,0,0,0,0
40511153,0,0,0,0,0,0,0,0,0,0,0,0,0,0,0,0,0,0,0,0,0,0,0,0,0,0,0,0,0,0,0,0,0,3.788815048,0,0,0,0,0,0,0,1.119861312,0,0.032193571,0,1.208497204,0,0.032193571,0,0,0,0,0,0,0,0,0,0,0,0,0,0,0,0,0,0,0,0,0,0,0,0,0,0,0.032193571,0,0,0,0,0,0,0,0,0,0,0,0,0,0,0,0,0,0,0,0,0,0,0,0,0,0,0,0,0,0,0,0,0,0,0,0,0,0,0,0,0,0,0,0,0,0,0,0,0,0,0,0,0,0,0,0,0,0,0,0,0,0,0,0,0,0,0,0,0,0,0,0,0,0,0,0
40511155,0,0,0,0,0,0,0,0,0,0,0,0,0,0,0,0,0,0,0,0,0,0,0,0,0,0,0,0,0,0,0,0,0,3.609482708,0,0,0,0,0,0,0,0.919297267,0,0.030147185,0,2.035704707,0,0,0,0.09134293,0,0,0,0,0,0,0,0,0,0,0,0,0,0.031048559,0,0.031048559,0,0,0,0.031048559,0,0,0,0,0,0,0,0,0.031048559,0,0,0,0,0,0,0,0,0,0,0,0,0,0,0,0,0,0,0,0,0,0,0,0,0,0,0,0,0,0,0,0,0,0,0,0,0,0,0,0,0,0,0,0,0,0,0,0,0,0,0,0,0,0,0,0,0,0,0,0,0,0,0,0,0,0,0,0,0,0,0,0
40511156,0,0,0,0,0,0,0,0,0,0,0,0,0,0,0,0,0,0,0,0,0,0,0,0,0,0,0,0,0,0,0,0,0,3.786547403,0,0,0,0,0,0,0,1.384413953,0,0,0,1.996739151,0,0,0,0.033925692,0,0,0,0,0,0,0,0,0,0,0,0,0,0.033925692,0,0.033925692,0,0,0,0.033925692,0,0,0,0,0,0,0,0,0.033925692,0,0,0,0,0,0,0,0,0,0,0,0,0,0,0,0,0,0,0,0,0,0,0,0,0,0,0,0,0,0,0,0,0,0,0,0,0,0,0,0,0,0,0,0,0,0,0,0,0,0,0,0,0,0,0,0,0,0,0,0,0,0,0,0,0,0,0,0,0,0,0,0
40511158,0,0,0,0,0,0,0,0,0,0,0,0,0,0,0,0,0,0,0,0,0,0,0,0,0,0,0,0,0,0,0,0,0,3.722554666,0,0,0,0,0,0,0,1.027110282,0,0.065192617,0,1.053031336,0,0.065192617,0,0,0,0,0,0,0,0,0,0,0,0,0,0,0,0.029367696,0,0.029367696,0,0,0,0.029367696,0,0,0,0,0.035824921,0,0,0,0,0,0,0,0,0,0,0,0,0,0,0,0,0,0,0,0,0,0,0,0,0,0,0,0,0,0,0,0,0,0,0,0,0,0,0,0,0,0,0,0,0,0,0,0,0,0,0,0,0,0,0,0,0,0,0,0,0,0,0,0,0,0,0,0,0,0,0,0,0,0,0,0
40511159,0,0,0,0,0,0,0,0,0,0,0,0,0,0,0,0,0,0,0,0,0,0,0,0,0,0,0,0,0,0,0,0,0,3.609482708,0,0,0,0,0,0,0,0.919297267,0,0.030147185,0,2.035704707,0,0,0,0.09134293,0,0,0,0,0,0,0,0,0,0,0,0,0,0.031048559,0,0.031048559,0,0,0,0.031048559,0,0,0,0,0,0,0,0,0.031048559,0,0,0,0,0,0,0,0,0,0,0,0,0,0,0,0,0,0,0,0,0,0,0,0,0,0,0,0,0,0,0,0,0,0,0,0,0,0,0,0,0,0,0,0,0,0,0,0,0,0,0,0,0,0,0,0,0,0,0,0,0,0,0,0,0,0,0,0,0,0,0,0
40511160,0,0,0,0,0,0,0,0,0,0,0,0,0,0,0,0,0,0,0,0,0,0,0,0,0,0,0,0,0,0,0,0,0,1.231517608,0,0,0,0,0,0,0,2.543603224,0,0.242015763,0,1.164487322,0,0.027522074,0,0.215891545,0,0,0,0.027239789,0,0,0,0,0,0,0,0,0,0.027239789,0,0.027522074,0,0,0,0.209813459,0,0,0,0,0.171729361,0,0,0,0.027522074,0,0,0,0,0,0,0,0,0,0,0,0,0,0,0,0,0,0,0,0,0,0,0,0,0,0,0,0,0,0,0,0,0,0,0,0,0,0,0,0,0,0,0,0,0,0,0,0,0,0,0,0,0,0,0,0,0,0,0,0,0,0,0,0,0,0,0,0,0,0,0,0
40511201,0,0,0,0,0,0,0,0,0,0,0,0,0,0,0,0,0,0,0,0,0,0,0,0,0,0,0,0,0,0,0,0,0,0,1.072759221,0,0,0,0,0,0,0,2.607720965,0,0.030024675,0,2.614218292,0,0.058110187,0,0,0,0,0,0.030024675,0,0,0,0,0,0,0,0,0,0,0,0,0,0,0,0.060515868,0,0,0,0,0,0,0,0,0,0,0,0,0,0,0,0,0,0,0,0,0,0,0,0,0,0,0,0,0,0,0,0,0,0,0,0,0,0,0,0,0,0,0,0,0,0,0,0,0.028085512,0,0,0,0,0,0,0,0,0,0,0,0,0,0,0,0,0,0,0,0,0,0,0,0,0,0,0,0,0,0,0
40511202,0,0,0,0,0,0,0,0,0,0,0,0,0,0,0,0,0,0,0,0,0,0,0,0,0,0,0,0,0,0,0,0,0,0,1.343126873,0,0,0,0,0,0,0,2.952451462,0,0.027994119,0,2.469218326,0,0.055720579,0,0,0,0,0,0.027994119,0,0,0,0,0,0,0,0,0,0,0,0,0,0,0,0.059742217,0,0,0,0,0,0,0,0,0,0,0,0,0,0,0,0,0,0,0,0,0,0,0,0,0,0,0,0,0,0,0,0,0,0,0,0,0,0,0,0,0,0,0,0,0,0,0,0,0.02772646,0,0,0,0,0,0,0,0,0,0,0,0,0,0,0,0,0,0,0,0,0,0,0,0,0,0,0,0,0,0,0
40511203,0,0,0,0,0,0,0,0,0,0,0,0,0,0,0,0,0,0,0,0,0,0,0,0,0,0,0,0,0,0,0,0,0,0,4.064015139,0,0,0,0,0,0,0,1.731527866,0,0,0,2.577636342,0,0,0,0,0,0,0,0,0,0,0,0,0,0,0,0,0,0,0,0,0,0,0,0,0,0,0,0,0,0,0,0,0,0,0,0,0,0,0,0,0,0,0,0,0,0,0,0,0,0,0,0,0,0,0,0,0,0,0,0,0,0,0,0,0,0,0,0,0,0,0,0,0,0,0,0,0,0,0,0,0,0,0,0,0,0,0,0,0,0,0,0,0,0,0,0,0,0,0,0,0,0,0,0
40511204,0,0,0,0,0,0,0,0,0,0,0,0,0,0,0,0,0,0,0,0,0,0,0,0,0,0,0,0,0,0,0,0,0,0,4.18098925,0,0,0,0,0,0,0,0.993292894,0,0,0,2.15715718,0,0.09088797,0,0.030523341,0,0,0,0,0,0,0,0,0,0,0,0,0,0,0,0,0,0,0,0,0,0,0,0,0,0,0,0,0,0,0,0,0,0,0,0,0,0.030523341,0,0,0,0,0,0,0,0,0,0,0,0,0,0,0,0,0,0,0,0,0,0,0,0,0,0,0,0,0,0,0,0,0,0,0,0,0,0,0,0,0,0,0,0,0,0,0,0,0,0,0,0,0,0,0,0,0,0,0,0,0,0
40511205,0,0,0,0,0,0,0,0,0,0,0,0,0,0,0,0,0,0,0,0,0,0,0,0,0,0,0,0,0,0,0,0,0,0,4.039774784,0,0,0,0,0,0,0,1.156962081,0,0,0,2.497244661,0,0.090169175,0,0,0,0,0,0,0,0,0,0,0,0,0,0,0,0,0,0,0,0,0,0,0,0,0,0,0,0,0,0,0,0,0,0,0,0,0,0,0,0,0,0,0,0,0,0,0,0,0,0,0,0,0,0,0,0,0,0,0,0,0,0,0,0,0,0,0,0,0,0,0,0,0,0,0,0,0,0,0,0,0,0,0,0,0,0,0,0,0,0,0,0,0,0,0,0,0,0,0,0,0,0
40511206,0,0,0,0,0,0,0,0,0,0,0,0,0,0,0,0,0,0,0,0,0,0,0,0,0,0,0,0,0,0,0,0,0,0,1.263645795,0,0,0,0,0,0,0,1.252005255,0,0.035296714,0,3.03317169,0,0.035296714,0,0,0,0,0,0.035296714,0,0,0,0,0,0,0,0,0,0,0,0,0,0,0,0.067180175,0,0,0,0,0,0,0,0,0,0,0,0,0,0,0,0,0,0,0,0,0,0,0,0,0,0,0,0,0,0,0,0,0,0,0,0,0,0,0,0,0,0,0,0,0,0,0,0,0,0,0,0,0,0,0,0,0,0,0,0,0,0,0,0,0,0,0,0,0,0,0,0,0,0,0,0,0,0,0,0
40511207,0,0,0,0,0,0,0,0,0,0,0,0,0,0,0,0,0,0,0,0,0,0,0,0,0,0,0,0,0,0,0,0,0,0,4.253203526,0,0,0,0,0,0,0,1.150266782,0,0.059483022,0,1.435793974,0,0.14721014,0,0.094157828,0,0,0,0,0,0,0,0,0,0,0,0,0,0,0,0,0,0,0,0,0,0,0,0,0,0,0,0,0,0,0,0,0,0,0,0,0,0.157863817,0,0,0,0,0,0,0,0,0,0,0,0,0,0,0,0,0,0,0,0,0,0,0,0,0,0,0,0,0,0,0,0,0,0,0,0,0,0,0,0,0,0,0,0,0,0,0,0,0,0,0,0,0,0,0,0,0,0,0,0,0,0
40511208,0,0,0,0,0,0,0,0,0,0,0,0,0,0,0,0,0,0,0,0,0,0,0,0,0,0,0,0,0,0,0,0,0,0,4.279917942,0,0,0,0,0,0,0,1.100920293,0,0.029017887,0,1.85404735,0,0.090670791,0,0.033218623,0,0,0,0,0,0,0,0,0,0,0,0,0,0,0,0,0,0,0,0,0,0,0,0,0,0,0,0,0,0,0,0,0,0,0,0,0,0.120272285,0,0,0,0,0,0,0,0,0,0,0,0,0,0,0,0,0,0,0,0,0,0,0,0,0,0,0,0,0,0,0,0,0,0,0,0,0,0,0,0,0,0,0,0,0,0,0,0,0,0,0,0,0,0,0,0,0,0,0,0,0,0
40511209,0,0,0,0,0,0,0,0,0,0,0,0,0,0,0,0,0,0,0,0,0,0,0,0,0,0,0,0,0,0,0,0,0,0,1.072759221,0,0,0,0,0,0,0,2.607720965,0,0.030024675,0,2.614218292,0,0.058110187,0,0,0,0,0,0.030024675,0,0,0,0,0,0,0,0,0,0,0,0,0,0,0,0.060515868,0,0,0,0,0,0,0,0,0,0,0,0,0,0,0,0,0,0,0,0,0,0,0,0,0,0,0,0,0,0,0,0,0,0,0,0,0,0,0,0,0,0,0,0,0,0,0,0,0.028085512,0,0,0,0,0,0,0,0,0,0,0,0,0,0,0,0,0,0,0,0,0,0,0,0,0,0,0,0,0,0,0
40511210,0,0,0,0,0,0,0,0,0,0,0,0,0,0,0,0,0,0,0,0,0,0,0,0,0,0,0,0,0,0,0,0,0,0,4.092463572,0,0,0,0,0,0,0,1.886277535,0,0,0,2.40746605,0,0,0,0,0,0,0,0,0,0,0,0,0,0,0,0,0,0,0,0,0,0,0,0,0,0,0,0,0,0,0,0,0,0,0,0,0,0,0,0,0,0,0,0,0,0,0,0,0,0,0,0,0,0,0,0,0,0,0,0,0,0,0,0,0,0,0,0,0,0,0,0,0,0,0,0,0,0,0,0,0,0,0,0,0,0,0,0,0,0,0,0,0,0,0,0,0,0,0,0,0,0,0,0
40511211,0,0,0,0,0,0,0,0,0,0,0,0,0,0,0,0,0,0,0,0,0,0,0,0,0,0,0,0,0,0,0,0,0,0,3.762895278,0,0,0,0,0,0,0,2.362562611,0,0,0,2.423894234,0,0,0,0,0,0,0,0,0,0,0,0,0,0,0,0,0,0,0,0,0,0,0,0.030569645,0,0,0,0,0,0,0,0,0,0,0,0,0,0,0,0,0,0,0,0,0,0,0,0,0,0,0,0,0,0,0,0,0,0,0,0,0,0,0,0,0,0,0,0,0,0,0,0,0,0,0,0,0,0,0,0,0,0,0,0,0,0,0,0,0,0,0,0,0,0,0,0,0,0,0,0,0,0,0,0
40511212,0,0,0,0,0,0,0,0,0,0,0,0,0,0,0,0,0,0,0,0,0,0,0,0,0,0,0,0,0,0,0,0,0,0,4.092463572,0,0,0,0,0,0,0,1.886277535,0,0,0,2.40746605,0,0,0,0,0,0,0,0,0,0,0,0,0,0,0,0,0,0,0,0,0,0,0,0,0,0,0,0,0,0,0,0,0,0,0,0,0,0,0,0,0,0,0,0,0,0,0,0,0,0,0,0,0,0,0,0,0,0,0,0,0,0,0,0,0,0,0,0,0,0,0,0,0,0,0,0,0,0,0,0,0,0,0,0,0,0,0,0,0,0,0,0,0,0,0,0,0,0,0,0,0,0,0,0
40511213,0,0,0,0,0,0,0,0,0,0,0,0,0,0,0,0,0,0,0,0,0,0,0,0,0,0,0,0,0,0,0,0,0,0,1.03284274,0,0,0,0,0,0,0,2.292521563,0,0.031914791,0,2.842078218,0,0.031914791,0,0,0,0,0,0.031914791,0,0,0,0,0,0,0,0,0,0,0,0,0,0,0,0.062234358,0,0,0,0,0,0,0,0,0,0,0,0,0,0,0,0,0,0,0,0,0,0,0,0,0,0,0,0,0,0,0,0,0,0,0,0,0,0,0,0,0,0,0,0,0,0,0,0,0,0,0,0,0,0,0,0,0,0,0,0,0,0,0,0,0,0,0,0,0,0,0,0,0,0,0,0,0,0,0,0
40511215,0,0,0,0,0,0,0,0,0,0,0,0,0,0,0,0,0,0,0,0,0,0,0,0,0,0,0,0,0,0,0,0,0,0,3.031888829,0,0,0,0,0,0,0,2.683664733,0,0,0,2.401581263,0,0,0,0,0,0,0,0,0,0,0,0,0,0,0,0,0,0,0,0,0,0,0,0.031542198,0,0,0,0,0,0,0,0,0,0,0,0,0,0,0,0,0,0,0,0,0,0,0,0,0,0,0,0,0,0,0,0,0,0,0,0,0,0,0,0,0,0,0,0,0,0,0,0,0,0,0,0,0,0,0,0,0,0,0,0,0,0,0,0,0,0,0,0,0,0,0,0,0,0,0,0,0,0,0,0
40511217,0,0,0,0,0,0,0,0,0,0,0,0,0,0,0,0,0,0,0,0,0,0,0,0,0,0,0,0,0,0,0,0,0,0,4.174223949,0,0,0,0,0,0,0,1.057160724,0,0,0,2.308443257,0,0.090803456,0,0,0,0,0,0,0,0,0,0,0,0,0,0,0,0,0,0,0,0,0,0,0,0,0,0,0,0,0,0,0,0,0,0,0,0,0,0,0,0,0,0,0,0,0,0,0,0,0,0,0,0,0,0,0,0,0,0,0,0,0,0,0,0,0,0,0,0,0,0,0,0,0,0,0,0,0,0,0,0,0,0,0,0,0,0,0,0,0,0,0,0,0,0,0,0,0,0,0,0,0,0
40511218,0,0,0,0,0,0,0,0,0,0,0,0,0,0,0,0,0,0,0,0,0,0,0,0,0,0,0,0,0,0,0,0,0,0,3.804781941,0,0,0,0,0,0,0,1.92880973,0,0,0,2.769039574,0,0,0,0,0,0,0,0,0,0,0,0,0,0,0,0,0,0,0,0,0,0,0,0,0,0,0,0,0,0,0,0,0,0,0,0,0,0,0,0,0,0,0,0,0,0,0,0,0,0,0,0,0,0,0,0,0,0,0,0,0,0,0,0,0,0,0,0,0,0,0,0,0,0,0,0,0,0,0,0,0,0,0,0,0,0,0,0,0,0,0,0,0,0,0,0,0,0,0,0,0,0,0,0
40511219,0,0,0,0,0,0,0,0,0,0,0,0,0,0,0,0,0,0,0,0,0,0,0,0,0,0,0,0,0,0,0,0,0,0,1.503936358,0,0,0,0,0,0,0,3.255810414,0,0.072980108,0,1.924709023,0,0.09948662,0,0.14922993,0,0,0,0.072980108,0,0,0,0,0,0,0,0,0.02723432,0,0.02723432,0,0,0,0,0.075887726,0,0,0,0,0,0,0,0,0,0,0,0,0,0,0,0,0,0.123813323,0,0,0,0,0,0,0,0,0,0,0.025416607,0,0,0,0,0,0,0,0,0,0,0,0,0,0,0,0,0,0,0,0,0,0,0,0,0,0,0,0,0,0,0,0,0,0,0,0,0,0,0,0,0,0,0,0,0,0,0,0,0,0,0
40511220,0,0,0,0,0,0,0,0,0,0,0,0,0,0,0,0,0,0,0,0,0,0,0,0,0,0,0,0,0,0,0,0,0,0,3.680467121,0,0,0,0,0,0,0,2.503185035,0,0,0,1.557415055,0,0.03173848,0,0.066929438,0,0,0,0,0,0,0,0,0,0,0,0,0,0,0,0,0,0,0,0,0,0,0,0,0,0,0,0,0,0,0,0,0,0,0,0,0,0.035190958,0,0,0,0,0,0,0,0,0,0,0,0,0,0,0,0,0,0,0,0,0,0,0,0,0,0,0,0,0,0,0,0,0,0,0,0,0,0,0,0,0,0,0,0,0,0,0,0,0,0,0,0,0,0,0,0,0,0,0,0,0,0
40511221,0,0,0,0,0,0,0,0,0,0,0,0,0,0,0,0,0,0,0,0,0,0,0,0,0,0,0,0,0,0,0,0,0,0,4.039774784,0,0,0,0,0,0,0,1.156962081,0,0,0,2.497244661,0,0.090169175,0,0,0,0,0,0,0,0,0,0,0,0,0,0,0,0,0,0,0,0,0,0,0,0,0,0,0,0,0,0,0,0,0,0,0,0,0,0,0,0,0,0,0,0,0,0,0,0,0,0,0,0,0,0,0,0,0,0,0,0,0,0,0,0,0,0,0,0,0,0,0,0,0,0,0,0,0,0,0,0,0,0,0,0,0,0,0,0,0,0,0,0,0,0,0,0,0,0,0,0,0,0
40511222,0,0,0,0,0,0,0,0,0,0,0,0,0,0,0,0,0,0,0,0,0,0,0,0,0,0,0,0,0,0,0,0,0,0,0.906164845,0,0,0,0,0,0,0,1.940049661,0,0.032901388,0,2.86959753,0,0.032901388,0,0,0,0,0,0.032901388,0,0,0,0,0,0,0,0,0,0,0,0,0,0,0,0.063828865,0,0,0,0,0,0,0,0,0,0,0,0,0,0,0,0,0,0,0,0,0,0,0,0,0,0,0,0,0,0,0,0,0,0,0,0,0,0,0,0,0,0,0,0,0,0,0,0,0,0,0,0,0,0,0,0,0,0,0,0,0,0,0,0,0,0,0,0,0,0,0,0,0,0,0,0,0,0,0,0
40511223,0,0,0,0,0,0,0,0,0,0,0,0,0,0,0,0,0,0,0,0,0,0,0,0,0,0,0,0,0,0,0,0,0,0,4.331327556,0,0,0,0,0,0,0,1.42758076,0,0.029537722,0,1.569997603,0,0.031309587,0,0.067828395,0,0,0,0,0,0,0,0,0,0,0,0,0,0,0,0,0,0,0,0,0,0,0,0,0,0,0,0,0,0,0,0,0,0,0,0,0,0.125131974,0,0,0,0,0,0,0,0,0,0,0,0,0,0,0,0,0,0,0,0,0,0,0,0,0,0,0,0,0,0,0,0,0,0,0,0,0,0,0,0,0,0,0,0,0,0,0,0,0,0,0,0,0,0,0,0,0,0,0,0,0,0
40511224,0,0,0,0,0,0,0,0,0,0,0,0,0,0,0,0,0,0,0,0,0,0,0,0,0,0,0,0,0,0,0,0,0,0,4.003043805,0,0,0,0,0,0,0,1.559598499,0,0,0,2.619334073,0,0,0,0,0,0,0,0,0,0,0,0,0,0,0,0,0,0,0,0,0,0,0,0,0,0,0,0,0,0,0,0,0,0,0,0,0,0,0,0,0,0,0,0,0,0,0,0,0,0,0,0,0,0,0,0,0,0,0,0,0,0,0,0,0,0,0,0,0,0,0,0,0,0,0,0,0,0,0,0,0,0,0,0,0,0,0,0,0,0,0,0,0,0,0,0,0,0,0,0,0,0,0,0
40511225,0,0,0,0,0,0,0,0,0,0,0,0,0,0,0,0,0,0,0,0,0,0,0,0,0,0,0,0,0,0,0,0,0,0,2.355465724,0,0,0,0,0,0,0,2.855887451,0,0,0,2.74107956,0,0,0,0,0,0,0,0,0,0,0,0,0,0,0,0,0,0,0,0,0,0,0,0.031312459,0,0,0,0,0,0,0,0,0,0,0,0,0,0,0,0,0,0,0,0,0,0,0,0,0,0,0,0,0,0,0,0,0,0,0,0,0,0,0,0,0,0,0,0,0,0,0,0,0,0,0,0,0,0,0,0,0,0,0,0,0,0,0,0,0,0,0,0,0,0,0,0,0,0,0,0,0,0,0,0
40511226,0,0,0,0,0,0,0,0,0,0,0,0,0,0,0,0,0,0,0,0,0,0,0,0,0,0,0,0,0,0,0,0,0,0,3.520956732,0,0,0,0,0,0,0,2.67140065,0,0.02857849,0,2.229278707,0,0.02857849,0,0.05705394,0,0,0,0,0,0,0,0,0,0,0,0,0,0,0,0,0,0,0,0.088299668,0,0,0,0,0,0,0,0,0,0,0,0,0,0,0,0,0,0.028475449,0,0,0,0,0,0,0,0,0,0,0,0,0,0,0,0,0,0,0,0,0,0,0,0,0,0,0,0,0,0,0,0,0,0,0,0,0,0,0,0,0,0,0,0,0,0,0,0,0,0,0,0,0,0,0,0,0,0,0,0,0,0
40511227,0,0,0,0,0,0,0,0,0,0,0,0,0,0,0,0,0,0,0,0,0,0,0,0,0,0,0,0,0,0,0,0,0,0,1.390731665,0,0,0,0,0,0,0,3.094925509,0,0,0,2.154626266,0,0.02642471,0,0,0,0,0,0,0,0,0,0,0,0,0,0,0,0,0,0,0,0,0,0.056937336,0,0,0,0,0,0,0,0,0,0,0,0,0,0,0,0,0,0,0,0,0,0,0,0,0,0,0,0,0,0,0,0,0,0,0,0,0,0,0,0,0,0,0,0,0,0,0,0,0.02642471,0,0,0,0,0,0,0,0,0,0,0,0,0,0,0,0,0,0,0,0,0,0,0,0,0,0,0,0,0,0,0
40511228,0,0,0,0,0,0,0,0,0,0,0,0,0,0,0,0,0,0,0,0,0,0,0,0,0,0,0,0,0,0,0,0,0,0,3.743082357,0,0,0,0,0,0,0,2.504896368,0,0,0,1.998723339,0,0,0,0.030965929,0,0,0,0,0,0,0,0,0,0,0,0,0,0,0,0,0,0,0,0.029840365,0,0,0,0,0,0,0,0,0,0,0,0,0,0,0,0,0,0.030965929,0,0,0,0,0,0,0,0,0,0,0,0,0,0,0,0,0,0,0,0,0,0,0,0,0,0,0,0,0,0,0,0,0,0,0,0,0,0,0,0,0,0,0,0,0,0,0,0,0,0,0,0,0,0,0,0,0,0,0,0,0,0
40511229,0,0,0,0,0,0,0,0,0,0,0,0,0,0,0,0,0,0,0,0,0,0,0,0,0,0,0,0,0,0,0,0,0,0,3.345234764,0,0,0,0,0,0,0,2.858949422,0,0,0,2.133311319,0,0,0,0.029973442,0,0,0,0,0,0,0,0,0,0,0,0,0,0,0,0,0,0,0,0.030595595,0,0,0,0,0,0,0,0,0,0,0,0,0,0,0,0,0,0.029973442,0,0,0,0,0,0,0,0,0,0,0,0,0,0,0,0,0,0,0,0,0,0,0,0,0,0,0,0,0,0,0,0,0,0,0,0,0,0,0,0,0,0,0,0,0,0,0,0,0,0,0,0,0,0,0,0,0,0,0,0,0,0
40511231,0,0,0,0,0,0,0,0,0,0,0,0,0,0,0,0,0,0,0,0,0,0,0,0,0,0,0,0,0,0,0,0,0,0,1.263645795,0,0,0,0,0,0,0,1.252005255,0,0.035296714,0,3.03317169,0,0.035296714,0,0,0,0,0,0.035296714,0,0,0,0,0,0,0,0,0,0,0,0,0,0,0,0.067180175,0,0,0,0,0,0,0,0,0,0,0,0,0,0,0,0,0,0,0,0,0,0,0,0,0,0,0,0,0,0,0,0,0,0,0,0,0,0,0,0,0,0,0,0,0,0,0,0,0,0,0,0,0,0,0,0,0,0,0,0,0,0,0,0,0,0,0,0,0,0,0,0,0,0,0,0,0,0,0,0
40511233,0,0,0,0,0,0,0,0,0,0,0,0,0,0,0,0,0,0,0,0,0,0,0,0,0,0,0,0,0,0,0,0,0,0,3.776231307,0,0,0,0,0,0,0,1.828407938,0,0,0,2.787188285,0,0,0,0,0,0,0,0,0,0,0,0,0,0,0,0,0,0,0,0,0,0,0,0.029732975,0,0,0,0,0,0,0,0,0,0,0,0,0,0,0,0,0,0,0,0,0,0,0,0,0,0,0,0,0,0,0,0,0,0,0,0,0,0,0,0,0,0,0,0,0,0,0,0,0,0,0,0,0,0,0,0,0,0,0,0,0,0,0,0,0,0,0,0,0,0,0,0,0,0,0,0,0,0,0,0
40511234,0,0,0,0,0,0,0,0,0,0,0,0,0,0,0,0,0,0,0,0,0,0,0,0,0,0,0,0,0,0,0,0,0,0,1.343126873,0,0,0,0,0,0,0,2.952451462,0,0.027994119,0,2.469218326,0,0.055720579,0,0,0,0,0,0.027994119,0,0,0,0,0,0,0,0,0,0,0,0,0,0,0,0.059742217,0,0,0,0,0,0,0,0,0,0,0,0,0,0,0,0,0,0,0,0,0,0,0,0,0,0,0,0,0,0,0,0,0,0,0,0,0,0,0,0,0,0,0,0,0,0,0,0,0.02772646,0,0,0,0,0,0,0,0,0,0,0,0,0,0,0,0,0,0,0,0,0,0,0,0,0,0,0,0,0,0,0
40511235,0,0,0,0,0,0,0,0,0,0,0,0,0,0,0,0,0,0,0,0,0,0,0,0,0,0,0,0,0,0,0,0,0,0,4.271967294,0,0,0,0,0,0,0,1.708021247,0,0.02910184,0,1.482973664,0,0.03154864,0,0.068194842,0,0,0,0,0,0,0,0,0,0,0,0,0,0,0,0,0,0,0,0,0,0,0,0,0,0,0,0,0,0,0,0,0,0,0,0,0,0.123951724,0,0,0,0,0,0,0,0,0,0,0,0,0,0,0,0,0,0,0,0,0,0,0,0,0,0,0,0,0,0,0,0,0,0,0,0,0,0,0,0,0,0,0,0,0,0,0,0,0,0,0,0,0,0,0,0,0,0,0,0,0,0
40511237,0,0,0,0,0,0,0,0,0,0,0,0,0,0,0,0,0,0,0,0,0,0,0,0,0,0,0,0,0,0,0,0,0,0,4.039774784,0,0,0,0,0,0,0,1.156962081,0,0,0,2.497244661,0,0.090169175,0,0,0,0,0,0,0,0,0,0,0,0,0,0,0,0,0,0,0,0,0,0,0,0,0,0,0,0,0,0,0,0,0,0,0,0,0,0,0,0,0,0,0,0,0,0,0,0,0,0,0,0,0,0,0,0,0,0,0,0,0,0,0,0,0,0,0,0,0,0,0,0,0,0,0,0,0,0,0,0,0,0,0,0,0,0,0,0,0,0,0,0,0,0,0,0,0,0,0,0,0,0
40511238,0,0,0,0,0,0,0,0,0,0,0,0,0,0,0,0,0,0,0,0,0,0,0,0,0,0,0,0,0,0,0,0,0,0,3.680467121,0,0,0,0,0,0,0,2.503185035,0,0,0,1.557415055,0,0.03173848,0,0.066929438,0,0,0,0,0,0,0,0,0,0,0,0,0,0,0,0,0,0,0,0,0,0,0,0,0,0,0,0,0,0,0,0,0,0,0,0,0,0.035190958,0,0,0,0,0,0,0,0,0,0,0,0,0,0,0,0,0,0,0,0,0,0,0,0,0,0,0,0,0,0,0,0,0,0,0,0,0,0,0,0,0,0,0,0,0,0,0,0,0,0,0,0,0,0,0,0,0,0,0,0,0,0
40511239,0,0,0,0,0,0,0,0,0,0,0,0,0,0,0,0,0,0,0,0,0,0,0,0,0,0,0,0,0,0,0,0,0,0,3.948138033,0,0,0,0,0,0,0,2.395307671,0,0,0,1.563167701,0,0.031917031,0,0.067667073,0,0,0,0,0,0,0,0,0,0,0,0,0,0,0,0,0,0,0,0,0,0,0,0,0,0,0,0,0,0,0,0,0,0,0,0,0,0.035750042,0,0,0,0,0,0,0,0,0,0,0,0,0,0,0,0,0,0,0,0,0,0,0,0,0,0,0,0,0,0,0,0,0,0,0,0,0,0,0,0,0,0,0,0,0,0,0,0,0,0,0,0,0,0,0,0,0,0,0,0,0,0
40511242,0,0,0,0,0,0,0,0,0,0,0,0,0,0,0,0,0,0,0,0,0,0,0,0,0,0,0,0,0,0,0,0,0,0,4.071411411,0,0,0,0,0,0,0,1.068383006,0,0,0,2.401790288,0,0.090352891,0,0,0,0,0,0,0,0,0,0,0,0,0,0,0,0,0,0,0,0,0,0,0,0,0,0,0,0,0,0,0,0,0,0,0,0,0,0,0,0,0,0,0,0,0,0,0,0,0,0,0,0,0,0,0,0,0,0,0,0,0,0,0,0,0,0,0,0,0,0,0,0,0,0,0,0,0,0,0,0,0,0,0,0,0,0,0,0,0,0,0,0,0,0,0,0,0,0,0,0,0,0
40511243,0,0,0,0,0,0,0,0,0,0,0,0,0,0,0,0,0,0,0,0,0,0,0,0,0,0,0,0,0,0,0,0,0,0,1.072759221,0,0,0,0,0,0,0,2.607720965,0,0.030024675,0,2.614218292,0,0.058110187,0,0,0,0,0,0.030024675,0,0,0,0,0,0,0,0,0,0,0,0,0,0,0,0.060515868,0,0,0,0,0,0,0,0,0,0,0,0,0,0,0,0,0,0,0,0,0,0,0,0,0,0,0,0,0,0,0,0,0,0,0,0,0,0,0,0,0,0,0,0,0,0,0,0,0.028085512,0,0,0,0,0,0,0,0,0,0,0,0,0,0,0,0,0,0,0,0,0,0,0,0,0,0,0,0,0,0,0
40511244,0,0,0,0,0,0,0,0,0,0,0,0,0,0,0,0,0,0,0,0,0,0,0,0,0,0,0,0,0,0,0,0,0,0,3.09635035,0,0,0,0,0,0,0,0.97615828,0,0.030405424,0,2.84478404,0,0.030405424,0,0,0,0,0,0.030405424,0,0,0,0,0,0,0,0,0,0,0,0,0,0,0,0,0,0,0,0,0,0,0,0,0,0,0,0,0,0,0,0,0,0,0,0,0,0,0,0,0,0,0,0,0,0,0,0,0,0,0,0,0,0,0,0,0,0,0,0,0,0,0,0,0,0,0,0,0,0,0,0,0,0,0,0,0,0,0,0,0,0,0,0,0,0,0,0,0,0,0,0,0,0,0,0
40511246,0,0,0,0,0,0,0,0,0,0,0,0,0,0,0,0,0,0,0,0,0,0,0,0,0,0,0,0,0,0,0,0,0,0,3.705013749,0,0,0,0,0,0,0,2.479392199,0,0,0,2.102725188,0,0,0,0.029965519,0,0,0,0,0,0,0,0,0,0,0,0,0,0,0,0,0,0,0,0.030334718,0,0,0,0,0,0,0,0,0,0,0,0,0,0,0,0,0,0.029965519,0,0,0,0,0,0,0,0,0,0,0,0,0,0,0,0,0,0,0,0,0,0,0,0,0,0,0,0,0,0,0,0,0,0,0,0,0,0,0,0,0,0,0,0,0,0,0,0,0,0,0,0,0,0,0,0,0,0,0,0,0,0
40511247,0,0,0,0,0,0,0,0,0,0,0,0,0,0,0,0,0,0,0,0,0,0,0,0,0,0,0,0,0,0,0,0,0,0,4.253203526,0,0,0,0,0,0,0,1.150266782,0,0.059483022,0,1.435793974,0,0.14721014,0,0.094157828,0,0,0,0,0,0,0,0,0,0,0,0,0,0,0,0,0,0,0,0,0,0,0,0,0,0,0,0,0,0,0,0,0,0,0,0,0,0.157863817,0,0,0,0,0,0,0,0,0,0,0,0,0,0,0,0,0,0,0,0,0,0,0,0,0,0,0,0,0,0,0,0,0,0,0,0,0,0,0,0,0,0,0,0,0,0,0,0,0,0,0,0,0,0,0,0,0,0,0,0,0,0
40511248,0,0,0,0,0,0,0,0,0,0,0,0,0,0,0,0,0,0,0,0,0,0,0,0,0,0,0,0,0,0,0,0,0,0,1.263645795,0,0,0,0,0,0,0,1.252005255,0,0.035296714,0,3.03317169,0,0.035296714,0,0,0,0,0,0.035296714,0,0,0,0,0,0,0,0,0,0,0,0,0,0,0,0.067180175,0,0,0,0,0,0,0,0,0,0,0,0,0,0,0,0,0,0,0,0,0,0,0,0,0,0,0,0,0,0,0,0,0,0,0,0,0,0,0,0,0,0,0,0,0,0,0,0,0,0,0,0,0,0,0,0,0,0,0,0,0,0,0,0,0,0,0,0,0,0,0,0,0,0,0,0,0,0,0,0
40511250,0,0,0,0,0,0,0,0,0,0,0,0,0,0,0,0,0,0,0,0,0,0,0,0,0,0,0,0,0,0,0,0,0,0,3.0631748,0,0,0,0,0,0,0,2.992238709,0,0,0,2.339397167,0,0,0,0,0,0,0,0,0,0,0,0,0,0,0,0,0,0,0,0,0,0,0,0.031148678,0,0,0,0,0,0,0,0,0,0,0,0,0,0,0,0,0,0,0,0,0,0,0,0,0,0,0,0,0,0,0,0,0,0,0,0,0,0,0,0,0,0,0,0,0,0,0,0,0,0,0,0,0,0,0,0,0,0,0,0,0,0,0,0,0,0,0,0,0,0,0,0,0,0,0,0,0,0,0,0
40511251,0,0,0,0,0,0,0,0,0,0,0,0,0,0,0,0,0,0,0,0,0,0,0,0,0,0,0,0,0,0,0,0,0,0,1.072759221,0,0,0,0,0,0,0,2.607720965,0,0.030024675,0,2.614218292,0,0.058110187,0,0,0,0,0,0.030024675,0,0,0,0,0,0,0,0,0,0,0,0,0,0,0,0.060515868,0,0,0,0,0,0,0,0,0,0,0,0,0,0,0,0,0,0,0,0,0,0,0,0,0,0,0,0,0,0,0,0,0,0,0,0,0,0,0,0,0,0,0,0,0,0,0,0,0.028085512,0,0,0,0,0,0,0,0,0,0,0,0,0,0,0,0,0,0,0,0,0,0,0,0,0,0,0,0,0,0,0
40511252,0,0,0,0,0,0,0,0,0,0,0,0,0,0,0,0,0,0,0,0,0,0,0,0,0,0,0,0,0,0,0,0,0,0,2.191034401,0,0,0,0,0,0,0,3.010615266,0,0,0,2.737269628,0,0,0,0,0,0,0,0,0,0,0,0,0,0,0,0,0,0,0,0,0,0,0,0.03076948,0,0,0,0,0,0,0,0,0,0,0,0,0,0,0,0,0,0,0,0,0,0,0,0,0,0,0,0,0,0,0,0,0,0,0,0,0,0,0,0,0,0,0,0,0,0,0,0,0,0,0,0,0,0,0,0,0,0,0,0,0,0,0,0,0,0,0,0,0,0,0,0,0,0,0,0,0,0,0,0
40511253,0,0,0,0,0,0,0,0,0,0,0,0,0,0,0,0,0,0,0,0,0,0,0,0,0,0,0,0,0,0,0,0,0,0,3.758781389,0,0,0,0,0,0,0,2.368289258,0,0,0,2.425433986,0,0,0,0,0,0,0,0,0,0,0,0,0,0,0,0,0,0,0,0,0,0,0,0.03079584,0,0,0,0,0,0,0,0,0,0,0,0,0,0,0,0,0,0,0,0,0,0,0,0,0,0,0,0,0,0,0,0,0,0,0,0,0,0,0,0,0,0,0,0,0,0,0,0,0,0,0,0,0,0,0,0,0,0,0,0,0,0,0,0,0,0,0,0,0,0,0,0,0,0,0,0,0,0,0,0
40511255,0,0,0,0,0,0,0,0,0,0,0,0,0,0,0,0,0,0,0,0,0,0,0,0,0,0,0,0,0,0,0,0,0,0,1.503936358,0,0,0,0,0,0,0,3.255810414,0,0.072980108,0,1.924709023,0,0.09948662,0,0.14922993,0,0,0,0.072980108,0,0,0,0,0,0,0,0,0.02723432,0,0.02723432,0,0,0,0,0.075887726,0,0,0,0,0,0,0,0,0,0,0,0,0,0,0,0,0,0.123813323,0,0,0,0,0,0,0,0,0,0,0.025416607,0,0,0,0,0,0,0,0,0,0,0,0,0,0,0,0,0,0,0,0,0,0,0,0,0,0,0,0,0,0,0,0,0,0,0,0,0,0,0,0,0,0,0,0,0,0,0,0,0,0,0
40511256,0,0,0,0,0,0,0,0,0,0,0,0,0,0,0,0,0,0,0,0,0,0,0,0,0,0,0,0,0,0,0,0,0,0,3.815988412,0,0,0,0,0,0,0,1.639365718,0,0,0,2.765160668,0,0,0,0,0,0,0,0,0,0,0,0,0,0,0,0,0,0,0,0,0,0,0,0.028886916,0,0,0,0,0,0,0,0,0,0,0,0,0,0,0,0,0,0,0,0,0,0,0,0,0,0,0,0,0,0,0,0,0,0,0,0,0,0,0,0,0,0,0,0,0,0,0,0,0,0,0,0,0,0,0,0,0,0,0,0,0,0,0,0,0,0,0,0,0,0,0,0,0,0,0,0,0,0,0,0
40511258,0,0,0,0,0,0,0,0,0,0,0,0,0,0,0,0,0,0,0,0,0,0,0,0,0,0,0,0,0,0,0,0,0,0,3.776231307,0,0,0,0,0,0,0,1.828407938,0,0,0,2.787188285,0,0,0,0,0,0,0,0,0,0,0,0,0,0,0,0,0,0,0,0,0,0,0,0.029732975,0,0,0,0,0,0,0,0,0,0,0,0,0,0,0,0,0,0,0,0,0,0,0,0,0,0,0,0,0,0,0,0,0,0,0,0,0,0,0,0,0,0,0,0,0,0,0,0,0,0,0,0,0,0,0,0,0,0,0,0,0,0,0,0,0,0,0,0,0,0,0,0,0,0,0,0,0,0,0,0
40511259,0,0,0,0,0,0,0,0,0,0,0,0,0,0,0,0,0,0,0,0,0,0,0,0,0,0,0,0,0,0,0,0,0,0,4.253203526,0,0,0,0,0,0,0,1.150266782,0,0.059483022,0,1.435793974,0,0.14721014,0,0.094157828,0,0,0,0,0,0,0,0,0,0,0,0,0,0,0,0,0,0,0,0,0,0,0,0,0,0,0,0,0,0,0,0,0,0,0,0,0,0.157863817,0,0,0,0,0,0,0,0,0,0,0,0,0,0,0,0,0,0,0,0,0,0,0,0,0,0,0,0,0,0,0,0,0,0,0,0,0,0,0,0,0,0,0,0,0,0,0,0,0,0,0,0,0,0,0,0,0,0,0,0,0,0
40511260,0,0,0,0,0,0,0,0,0,0,0,0,0,0,0,0,0,0,0,0,0,0,0,0,0,0,0,0,0,0,0,0,0,0,1.263645795,0,0,0,0,0,0,0,1.252005255,0,0.035296714,0,3.03317169,0,0.035296714,0,0,0,0,0,0.035296714,0,0,0,0,0,0,0,0,0,0,0,0,0,0,0,0.067180175,0,0,0,0,0,0,0,0,0,0,0,0,0,0,0,0,0,0,0,0,0,0,0,0,0,0,0,0,0,0,0,0,0,0,0,0,0,0,0,0,0,0,0,0,0,0,0,0,0,0,0,0,0,0,0,0,0,0,0,0,0,0,0,0,0,0,0,0,0,0,0,0,0,0,0,0,0,0,0,0
40511262,0,0,0,0,0,0,0,0,0,0,0,0,0,0,0,0,0,0,0,0,0,0,0,0,0,0,0,0,0,0,0,0,0,0,2.916033701,0,0,0,0,0,0,0,0.93053443,0,0.031452905,0,2.904812267,0,0.031452905,0,0,0,0,0,0.031452905,0,0,0,0,0,0,0,0,0,0,0,0,0,0,0,0.030449111,0,0,0,0,0,0,0,0,0,0,0,0,0,0,0,0,0,0,0,0,0,0,0,0,0,0,0,0,0,0,0,0,0,0,0,0,0,0,0,0,0,0,0,0,0,0,0,0,0,0,0,0,0,0,0,0,0,0,0,0,0,0,0,0,0,0,0,0,0,0,0,0,0,0,0,0,0,0,0,0
