student_id,4030261,4040103,404D561,4064243,4064253,4065083,4069203,4069211,4069432,4069582,409A011,409A012,409A013,409A021,409A023,409A032,409D021,409Q072,409Q082,409Q502,409Q522,409Q702,409R181,409R481,409U053,409U163,409U313,409U403,409Z481,409Z491,409Z501,409Z511,40A8161,40B0291,40B0292,40B8932,40B9431,40B9561,40B9572,40B9651,40B9662,40BA011,40BA012,40BA021,40BA022,40BA051,40BA052,40BA061,40BA062,40BA081,40BA082,40BA091,40BA092,40BA101,40BA102,40BA121,40BA122,40BA131,40BA132,40BA141,40BA142,40BA151,40BA152,40BA221,40BA222,40BC011,40BC021,40BC051,40BC061,40BC071,40BD012,40BD032,40BD052,40BQ021,40BQ031,40BQ051,40BQ141,40BQ171,40BQ311,40BQ321,40BQ331,40BQ341,40BQ371,40BQ381,40BQ391,40BQ401,40BQ421,40BQ512,40BR022,40BR032,40BR042,40BR072,40BR082,40BR122,40BR222,40BR242,40BR322,40BR342,40BR372,40BR472,40IA301,40IN041,40IN051,40IN101,40IN132,40IN532,40IN662,40IN672,40K0051,40K0052,40KA393,40KA513,40KE011,40KN021,40KN151,40KN152,40KN633,40KT142,40MN111,40PC101,40PQ041,40RQ151,40RR072,40UN010,40UN020,40UN050,40UN070,40UN080,40UN110,40UN120,40UN130,40UN160,40WN081,40WN191,430R063,431A241,432N082,432N351,432N442,432N861,433A011,433A012,433A021,433A022,433D012,433N062,433N171,433N262,433Q051,435R021,90B2681
40111230,0.0,0.0,0.0,0.0,0.0,0.0,0.0,0.0,0.82,0.0,0.0,0.0,0.0,0.0,0.0,1.33,0.0,0.0,0.0,1.57,0.0,0.0,0.0,0.0,0.0,0.0,0.0,0.0,2.38,3.04,0.0,2.07,0.0,0.0,1.57,1.85,0.0,0.0,2.01,0.0,2.33,0.0,0.93,0.0,0.61,0.0,1.0,0.0,0.52,0.0,2.15,0.0,1.91,0.0,1.12,0.0,1.13,0.0,1.71,0.0,1.0,0.0,2.0,0.0,0.91,0.0,0.0,0.0,0.0,0.0,1.65,1.0,1.0,0.0,0.0,0.0,0.0,0.0,0.0,0.0,0.0,0.0,0.0,0.0,0.0,0.0,0.0,1.5,0.94,2.08,1.77,2.19,1.94,2.62,2.25,1.03,3.0,2.15,1.91,0.0,0.0,0.0,0.0,0.0,0.0,0.0,0.0,0.0,0.0,0.0,0.0,0.0,0.0,0.0,0.0,0.0,0.0,0.0,0.0,0.0,0.0,0.0,0.0,0.0,0.0,0.0,0.0,0.0,0.0,0.0,0.0,0.51,0.0,0.0,0.0,0.0,0.0,0.0,0.0,0.0,0.0,0.2,0.0,0.0,0.0,0.0,0.0,0.0,0.0,0.0,1.5
40111256,0.0,0.0,0.0,0.0,0.0,0.0,0.0,0.0,0.0,0.0,0.0,0.0,0.0,0.0,0.0,0.0,2.5,0.0,0.0,0.0,0.0,0.0,0.0,0.0,0.0,0.0,0.0,0.0,0.0,0.0,0.0,0.0,0.0,2.58,3.19,0.0,4.0,0.0,0.0,2.0,4.0,2.19,1.07,1.85,1.6,1.93,0.0,2.08,1.89,1.91,0.0,1.0,3.27,2.38,0.0,1.36,2.46,2.35,0.0,1.98,0.0,2.29,0.0,0.0,0.0,1.81,0.0,2.64,2.27,0.0,3.06,0.0,2.67,1.8,0.0,2.78,0.0,2.84,0.0,2.61,1.75,0.0,2.96,0.0,2.25,2.41,2.98,0.0,0.0,0.0,2.75,3.63,0.0,0.0,1.0,0.0,0.0,0.0,0.0,0.0,0.0,0.0,0.0,0.0,0.0,0.0,0.0,0.0,0.0,0.0,3.83,0.0,0.0,0.0,0.0,0.0,0.0,0.0,0.0,0.0,0.0,0.0,0.0,0.0,0.0,0.0,0.0,0.0,0.0,0.0,0.0,2.69,0.0,0.0,0.0,0.0,0.0,0.0,0.0,0.0,0.0,0.0,0.0,0.0,0.0,0.0,0.0,0.0,0.0,0.0,0.0
40205303,0.0,0.0,0.47,0.0,0.0,0.0,1.47,0.0,1.57,0.0,0.0,0.0,0.09,0.0,0.0,0.0,0.0,0.0,0.0,1.19,0.0,0.0,0.0,0.0,0.0,0.01,0.0,0.0,2.45,2.73,0.0,2.08,0.0,1.97,1.84,2.52,0.0,0.0,1.69,0.0,2.58,0.36,0.92,0.0,0.94,0.0,2.0,0.29,0.48,0.0,1.65,0.0,2.0,0.02,1.0,0.58,1.0,0.43,1.0,0.0,3.0,1.21,1.0,0.44,1.47,0.0,1.13,0.56,0.44,0.0,2.0,2.0,1.0,0.0,0.7,0.83,0.59,0.0,0.61,0.0,0.0,2.18,0.0,0.23,1.18,0.0,1.36,2.17,1.78,2.19,1.0,3.0,2.0,2.0,2.0,1.0,2.0,4.0,1.0,1.75,0.0,0.0,0.0,0.0,0.0,0.0,0.0,0.0,0.0,0.0,0.0,0.0,0.0,0.0,0.0,0.0,0.0,0.0,0.0,0.0,1.81,0.0,0.0,1.45,0.0,0.0,0.0,0.0,0.0,0.0,0.0,1.32,0.0,0.0,0.0,0.0,2.12,0.0,0.0,0.0,0.0,0.32,1.0,0.0,0.0,0.0,0.0,0.0,0.0,0.0,1.66
40211101,0.0,0.0,4.47,0.0,0.0,0.0,5.0,0.0,0.0,0.0,3.72,3.63,0.0,0.0,0.0,0.0,5.0,0.0,0.0,0.0,0.0,0.0,4.3,0.0,5.0,2.88,0.0,0.0,5.0,0.0,0.0,5.0,0.0,4.0,0.0,5.0,5.0,0.0,5.0,5.0,5.0,5.0,4.73,5.0,4.67,3.0,4.13,5.0,0.0,4.0,4.69,4.0,4.91,3.0,4.27,4.0,4.11,5.0,4.72,5.0,5.0,5.0,4.45,3.68,4.54,5.0,2.0,3.0,4.0,4.32,4.7,4.48,4.31,5.0,4.52,5.0,4.85,5.0,4.62,4.0,3.0,5.0,5.0,4.0,5.0,4.65,4.72,4.97,4.41,0.0,4.39,5.0,5.0,5.0,5.0,4.0,4.71,5.0,5.0,0.0,0.0,0.0,5.0,5.0,0.0,4.48,0.0,0.0,0.0,0.0,5.0,0.0,0.0,0.0,0.0,4.11,0.0,5.0,0.0,0.0,5.0,0.0,0.0,0.0,0.0,0.0,4.0,5.0,4.0,0.0,0.0,5.0,0.0,0.0,0.0,0.0,0.0,0.0,3.12,0.0,0.0,2.98,2.86,0.0,0.0,0.0,5.0,0.0,0.0,0.0,4.98
40211102,0.0,0.0,3.58,0.0,0.0,0.0,4.97,0.0,4.39,0.0,2.91,2.26,0.0,0.0,0.0,0.0,4.0,0.0,0.0,4.14,0.0,0.0,4.2,0.0,5.0,0.0,0.0,0.0,0.0,0.0,0.0,0.0,0.0,2.0,3.72,0.0,4.0,0.0,4.43,4.0,5.0,4.0,3.14,4.0,3.3,3.0,3.38,5.0,2.41,4.0,3.08,3.0,4.07,3.0,3.67,3.0,3.06,5.0,3.65,4.0,5.0,4.0,0.0,2.65,3.34,3.0,4.0,4.0,3.0,3.35,3.89,4.14,3.2,5.0,3.62,4.09,2.0,3.7,3.36,4.0,3.16,4.89,5.0,3.36,4.0,3.52,3.0,0.0,0.0,3.42,3.52,3.99,4.69,0.0,4.13,0.0,0.0,4.56,4.22,0.0,0.0,0.0,5.0,3.2,0.0,3.58,0.0,0.0,0.0,0.0,4.0,5.0,4.0,0.0,0.0,2.75,0.0,3.21,0.0,0.0,5.0,0.0,0.0,0.0,0.0,0.0,0.0,4.41,0.0,0.0,0.0,4.0,3.0,0.0,0.0,0.0,0.0,0.0,0.0,0.0,0.0,0.0,0.0,0.0,0.0,5.0,3.61,0.0,2.0,0.0,0.0
40211103,0.0,0.0,3.47,0.0,0.0,0.0,3.81,0.0,0.0,0.0,3.22,2.0,0.0,0.0,0.0,0.0,1.24,0.0,0.0,0.0,0.0,0.0,0.0,0.0,2.0,1.87,0.0,0.0,4.7,0.0,0.0,4.22,0.0,2.0,0.0,4.32,3.61,0.0,5.0,2.92,3.61,1.0,1.72,1.0,1.98,4.0,3.13,4.0,0.0,3.0,3.69,1.0,3.91,1.0,2.61,2.0,3.1,3.0,3.72,1.0,4.5,3.35,3.44,1.69,3.05,1.0,2.0,2.0,2.72,2.62,3.7,3.47,3.31,2.0,3.17,3.0,2.92,2.55,2.35,1.73,1.54,3.92,3.0,2.54,3.47,2.47,2.79,3.97,3.41,0.0,3.39,4.27,4.02,4.63,4.21,3.0,3.71,3.1,4.0,0.0,0.0,0.0,2.96,3.14,0.0,2.06,0.0,0.0,0.0,0.0,3.36,0.0,0.0,0.0,0.0,2.4,0.0,0.0,0.0,0.0,3.87,0.0,0.0,0.0,0.0,1.0,0.0,2.41,0.0,0.0,0.0,1.9,4.08,0.0,0.0,0.0,0.0,0.0,0.0,0.0,0.0,0.0,1.86,0.0,0.0,0.0,1.17,0.0,0.0,0.0,0.0
40211104,0.0,0.0,2.24,0.0,0.0,0.0,3.95,0.0,0.0,0.0,3.1,2.34,0.0,0.0,0.0,0.0,2.24,0.0,0.0,0.0,0.0,0.0,3.71,0.0,2.3,0.0,0.0,0.0,0.0,0.0,0.0,0.0,0.0,2.0,2.23,0.0,4.0,0.0,5.0,3.6,4.23,2.0,1.7,2.0,2.2,4.0,1.53,5.0,0.93,4.0,2.08,1.0,2.31,2.0,2.46,3.0,1.5,4.0,2.12,3.0,0.0,3.0,0.0,1.96,2.18,1.0,3.0,2.0,2.0,2.67,2.06,0.0,1.71,3.0,2.69,5.0,3.42,4.0,2.66,2.0,2.0,4.21,4.0,4.0,5.0,4.0,2.0,0.0,0.0,2.42,1.78,2.67,0.0,0.0,2.61,0.0,0.0,3.57,3.77,1.93,0.0,0.0,0.0,4.76,4.15,3.08,0.0,0.0,0.0,0.0,4.0,0.0,0.0,0.0,0.0,2.89,0.0,5.0,0.0,0.0,4.32,0.0,0.0,0.0,0.0,0.0,0.0,3.19,4.0,0.0,0.0,2.43,3.12,0.0,0.0,0.0,0.0,0.0,1.47,0.0,0.0,0.0,0.0,0.0,0.0,0.0,1.79,0.0,0.0,0.0,0.0
40211105,0.0,0.0,2.66,0.0,0.0,0.0,3.52,0.0,0.0,0.0,1.86,3.0,0.0,0.0,0.0,0.0,2.24,0.0,2.0,0.0,0.0,0.0,1.64,0.0,2.38,0.0,0.0,0.0,0.0,0.0,0.0,0.0,0.0,1.0,3.23,0.0,2.97,0.0,4.43,2.33,3.14,1.0,2.26,2.0,2.25,3.0,2.53,4.0,1.93,2.0,3.08,1.0,3.31,2.0,0.0,3.0,2.5,3.0,3.12,1.0,0.0,3.0,0.0,0.82,1.79,1.0,3.0,2.0,1.0,1.91,1.79,0.0,2.71,2.0,1.86,2.0,3.0,1.0,2.02,1.0,1.57,3.53,4.0,1.91,2.92,1.0,3.0,0.0,0.0,3.42,2.78,3.67,0.0,0.0,1.0,4.0,0.0,2.69,3.05,0.93,0.0,0.0,2.96,3.4,0.0,2.47,0.0,0.0,0.0,0.0,2.97,0.0,0.0,0.0,0.0,2.0,0.0,4.21,0.0,0.0,3.51,0.0,0.0,0.0,4.0,0.0,0.0,2.19,0.0,0.0,0.0,2.43,3.08,0.0,0.0,0.0,0.0,0.0,0.22,0.0,0.0,0.0,0.0,0.0,0.0,0.0,1.74,0.0,0.0,0.0,0.0
40211106,0.0,0.0,3.03,0.0,0.0,0.0,4.39,0.0,0.0,0.0,3.07,2.0,0.0,0.0,0.0,0.0,1.24,0.0,0.0,0.0,0.0,0.0,3.15,0.0,2.91,0.0,0.0,0.0,0.0,0.0,0.0,0.0,0.0,2.0,3.23,0.0,4.17,0.0,2.43,3.55,4.29,1.0,1.82,1.0,2.68,1.0,2.53,5.0,1.93,3.0,3.08,1.0,3.31,2.0,2.87,3.0,2.5,4.0,3.12,3.0,0.0,4.0,0.0,2.15,2.78,1.0,3.0,3.0,4.0,1.97,2.42,0.0,2.71,3.0,2.45,4.0,4.0,4.0,2.65,3.0,2.0,4.03,4.0,2.98,4.0,4.0,3.0,0.0,0.0,3.42,2.78,3.67,0.0,0.0,3.61,0.0,0.0,3.59,3.85,1.93,0.0,0.0,4.42,3.89,3.15,2.04,0.0,0.0,0.0,0.0,4.31,0.0,0.0,0.0,0.0,3.34,0.0,5.0,0.0,0.0,4.97,0.0,0.0,0.0,0.0,0.0,0.0,3.17,0.0,0.0,0.0,1.43,1.08,0.0,0.0,0.0,0.0,0.0,2.0,1.0,0.0,0.0,0.0,0.0,0.0,0.0,2.53,0.0,0.0,0.0,0.0
40211107,0.0,0.0,2.43,0.0,0.0,0.0,3.03,0.0,1.73,0.0,2.46,0.53,0.0,0.0,0.0,0.0,1.24,0.0,0.0,0.0,4.0,0.0,2.0,0.0,2.14,0.0,0.0,0.0,0.0,2.93,0.0,2.23,0.0,2.0,1.84,2.33,2.98,0.0,4.43,2.41,3.05,1.0,1.0,1.0,1.82,3.0,1.14,3.0,0.54,1.0,1.69,1.0,1.92,2.0,2.67,3.0,1.11,3.0,1.73,1.0,2.51,3.0,1.45,0.88,2.08,1.0,4.0,1.0,1.0,1.89,1.94,1.48,1.32,1.0,2.02,2.0,1.0,1.0,1.84,2.05,1.0,3.58,3.0,3.0,2.0,1.98,3.0,1.98,1.41,2.03,1.39,2.28,2.03,2.63,2.22,2.0,1.71,2.74,2.8,1.93,0.0,0.0,3.42,3.19,0.0,2.01,0.0,0.0,0.0,0.0,2.74,0.0,0.0,1.0,0.0,1.57,2.0,4.57,0.0,0.0,3.56,0.0,0.0,1.98,0.0,0.0,0.0,2.39,4.0,0.0,0.0,1.43,3.12,0.0,0.0,0.0,0.0,0.0,0.15,0.0,0.0,0.0,0.0,0.0,0.0,0.0,1.4,0.0,0.0,0.0,1.98
40211108,0.0,0.0,2.83,0.0,0.0,0.0,5.0,0.0,0.0,0.0,2.11,2.58,0.0,0.0,0.0,0.0,4.24,0.0,0.0,0.0,0.0,0.0,3.4,0.0,4.4,1.88,0.0,0.0,5.0,5.0,5.0,4.53,0.0,2.0,0.0,0.0,4.61,0.0,0.0,4.06,4.75,3.0,4.09,4.0,3.17,3.0,0.0,5.0,0.0,4.0,3.69,2.0,4.22,2.0,3.67,4.0,3.11,4.0,0.0,4.0,4.51,4.0,3.45,2.53,3.1,3.0,4.0,3.0,5.0,2.83,2.74,3.48,3.62,3.0,2.47,4.0,4.0,4.0,3.05,3.0,3.0,4.6,5.0,4.0,3.0,3.61,3.48,0.0,0.0,0.0,3.69,0.0,4.03,4.64,4.22,3.01,3.71,4.0,4.31,1.93,0.0,0.0,4.88,4.58,5.0,3.73,0.0,0.0,0.0,0.0,5.0,0.0,0.0,0.0,0.0,3.44,0.0,5.0,0.0,0.0,5.0,0.0,0.0,0.0,0.0,0.0,0.0,3.63,4.0,0.0,0.0,4.43,0.0,0.0,0.0,0.0,0.0,0.0,2.65,0.0,0.0,1.98,0.0,0.0,0.0,0.0,3.13,0.0,0.0,0.0,3.98
40211109,0.0,0.0,1.83,0.0,0.0,0.0,4.48,0.0,0.0,0.0,2.29,1.39,0.0,0.0,0.0,0.0,2.37,0.0,0.0,0.0,0.0,0.0,2.71,0.0,2.69,0.0,0.0,0.0,0.0,0.0,0.0,0.0,0.0,2.0,3.19,0.0,4.0,0.0,3.43,4.0,4.0,1.0,2.65,2.0,1.7,2.0,0.0,5.0,1.89,2.0,0.0,1.0,3.27,1.0,2.0,2.0,2.46,4.0,0.0,3.0,0.0,4.0,0.0,1.52,2.03,1.0,3.0,2.0,4.0,2.17,3.06,0.0,2.67,1.0,2.26,3.0,2.0,1.0,2.29,2.86,1.0,3.84,4.0,1.0,4.0,2.79,2.49,0.0,0.0,0.0,2.75,3.63,0.0,0.0,3.58,0.0,0.0,3.75,3.52,0.0,0.0,0.0,4.96,3.15,3.15,2.09,0.0,0.0,0.0,0.0,4.09,0.0,0.0,0.0,0.0,2.84,0.0,5.0,0.0,0.0,4.55,0.0,0.0,0.0,0.0,0.0,0.0,2.67,4.0,0.0,0.0,2.56,2.08,0.0,0.0,0.0,0.0,0.0,1.45,0.0,0.0,0.0,0.0,0.0,0.0,0.0,1.84,0.0,0.0,0.0,0.0
40211110,0.0,0.0,2.58,0.0,0.0,0.0,4.45,3.0,0.0,0.0,2.76,2.1,0.0,0.0,0.0,0.0,0.0,0.0,0.0,0.0,0.0,0.0,2.42,0.0,2.95,0.0,0.0,0.0,0.0,0.0,0.0,0.0,0.0,2.0,4.23,0.0,4.0,0.0,4.43,3.0,5.0,3.0,3.39,3.0,2.28,3.0,3.53,5.0,2.93,3.0,4.08,1.0,4.31,2.0,1.92,3.0,3.5,4.0,4.12,3.0,0.0,4.0,0.0,2.12,2.96,1.0,2.0,2.0,3.0,2.77,4.1,0.0,3.71,2.0,2.97,3.0,5.0,3.0,3.04,2.0,2.36,4.48,3.0,2.86,4.0,4.0,4.0,0.0,0.0,4.42,3.78,4.67,0.0,0.0,4.61,0.0,0.0,3.68,3.71,0.0,0.0,0.0,4.42,4.9,0.0,2.84,0.0,0.0,0.0,0.0,4.31,0.0,0.0,0.0,0.0,3.0,0.0,5.0,0.0,0.0,4.62,0.0,0.0,0.0,4.0,0.0,0.0,3.0,0.0,5.0,0.0,0.0,2.12,0.0,0.0,0.0,0.0,0.0,1.3,0.0,0.0,0.0,0.0,0.0,0.0,0.0,3.0,0.0,0.0,0.0,0.0
40211111,0.0,0.0,2.44,0.0,0.0,0.0,3.27,0.0,0.0,0.0,2.38,0.64,0.0,1.0,0.0,0.0,1.24,0.0,0.0,0.0,0.0,0.0,2.42,0.0,2.35,0.0,0.0,0.0,0.0,0.0,0.0,0.0,0.0,2.0,0.0,0.0,3.65,0.0,3.0,3.1,3.74,2.0,1.09,1.0,1.86,2.0,0.0,4.0,0.0,2.0,2.37,1.0,0.0,3.0,2.06,3.0,0.0,4.0,0.0,3.0,0.0,3.0,0.0,1.37,2.17,1.0,2.0,2.0,3.0,1.96,2.03,0.0,0.0,1.0,2.1,3.0,3.0,1.0,2.15,3.0,1.79,3.73,3.0,1.0,2.0,2.64,2.52,0.0,0.0,2.7,0.0,0.0,0.0,0.0,0.0,0.0,0.0,3.41,3.07,1.93,0.0,0.0,4.96,4.71,4.15,2.48,0.0,0.0,0.0,0.0,3.77,0.0,0.0,0.0,0.0,2.69,0.0,0.0,0.0,0.0,4.27,0.0,0.0,0.0,0.0,0.0,0.0,2.8,4.0,0.0,0.0,1.43,1.62,0.0,0.0,0.0,0.0,0.0,1.53,0.0,0.0,0.0,0.0,0.0,0.0,0.0,2.02,0.0,0.0,0.0,0.0
40211112,0.0,0.0,2.33,0.0,0.0,0.0,3.76,0.0,0.0,0.0,1.93,2.0,0.0,1.0,0.0,0.0,1.37,0.0,0.0,0.0,0.0,0.0,3.04,0.0,2.74,0.0,0.0,0.0,0.0,0.0,0.0,0.0,0.0,2.0,2.19,0.0,4.0,0.0,3.43,3.0,3.0,1.0,1.65,1.0,1.99,2.0,0.0,4.0,0.89,1.0,0.0,1.0,2.27,2.0,2.47,3.0,1.46,3.0,0.0,3.0,0.0,4.0,0.0,1.43,2.54,2.0,3.0,2.0,4.0,1.74,2.05,0.0,1.67,1.0,2.09,3.0,3.0,2.53,2.16,2.7,1.96,3.72,3.0,2.0,5.0,2.68,2.7,0.0,0.0,0.0,1.75,2.63,0.0,0.0,2.58,0.0,0.0,3.49,3.47,1.93,0.0,0.0,4.42,3.32,3.15,1.89,0.0,0.0,0.0,0.0,2.97,0.0,0.0,0.0,0.0,2.36,0.0,5.0,0.0,0.0,4.34,0.0,0.0,0.0,0.0,0.0,0.0,2.73,4.0,0.0,0.0,1.56,2.08,2.0,0.0,0.0,0.0,0.0,0.92,0.0,0.0,0.0,0.0,0.0,0.0,0.0,2.31,0.0,0.0,0.0,0.0
40211113,0.0,0.0,2.43,0.0,0.0,0.0,4.02,0.0,0.0,0.0,2.3,1.09,0.0,0.0,0.0,0.0,2.37,0.0,0.0,0.0,0.0,0.0,1.9,0.0,2.94,0.0,0.0,0.0,0.0,0.0,0.0,0.0,0.0,2.0,3.19,0.0,4.0,0.0,4.43,3.0,4.0,2.0,2.08,2.0,2.12,3.0,0.0,4.0,1.89,1.0,0.0,1.0,3.27,2.0,2.67,3.0,2.46,3.0,0.0,2.0,0.0,3.0,0.0,1.56,2.63,2.0,3.0,2.0,4.0,2.04,2.55,0.0,2.67,1.0,2.28,2.88,3.0,3.0,2.24,2.57,1.0,3.89,4.0,2.0,3.0,2.58,2.4,0.0,0.0,0.0,2.75,3.63,0.0,0.0,3.58,0.0,0.0,3.19,3.34,1.93,0.0,0.0,3.92,3.11,0.0,2.07,0.0,0.0,0.0,0.0,3.7,0.0,0.0,0.0,0.0,2.24,0.0,4.0,0.0,0.0,4.15,0.0,0.0,0.0,0.0,0.0,0.0,3.0,4.0,0.0,0.0,2.56,2.62,0.0,0.0,0.0,0.0,0.0,0.42,0.0,0.0,0.0,0.0,0.0,0.0,0.0,2.34,0.0,0.0,0.0,0.0
40211114,0.0,0.0,0.66,0.0,0.0,0.0,3.88,0.0,0.0,0.0,0.0,0.31,0.0,0.0,0.0,0.0,1.24,0.0,0.0,0.0,0.0,0.0,0.3,0.0,2.31,0.0,0.0,0.0,0.0,0.0,0.0,0.0,0.0,1.0,0.0,0.0,2.73,0.0,0.0,2.31,2.62,1.0,1.09,1.0,0.85,3.0,0.0,3.0,0.0,3.0,0.0,1.0,0.0,1.0,2.26,4.0,0.0,4.0,0.0,1.0,0.0,2.0,0.0,0.49,2.24,1.0,1.0,1.0,1.0,0.95,0.0,0.0,0.0,1.0,1.39,2.0,1.0,1.0,1.35,1.0,0.7,3.06,2.0,1.0,1.0,1.58,1.22,0.0,0.0,0.0,0.0,0.0,0.0,0.0,0.0,0.0,0.0,2.22,2.33,0.0,0.0,0.0,3.42,4.85,3.15,1.06,0.0,0.0,0.0,0.0,2.57,0.0,0.0,0.0,0.0,0.62,0.0,2.57,0.0,0.0,3.27,0.0,0.0,0.0,0.0,0.0,0.0,1.59,4.0,0.0,0.0,1.43,0.16,0.0,0.0,0.0,0.0,0.0,0.07,0.0,0.0,0.0,0.0,0.0,0.0,0.0,1.4,0.0,0.0,0.0,0.0
40211115,0.0,0.0,0.91,0.0,0.0,0.0,3.38,0.0,0.0,0.0,1.66,0.36,0.0,0.0,0.0,0.0,0.0,0.0,0.0,0.0,0.0,0.0,1.03,0.0,2.22,0.0,0.0,0.0,0.0,0.0,0.0,0.0,0.0,2.0,1.23,0.0,2.75,0.0,0.0,2.27,2.86,3.0,0.39,2.0,0.8,3.0,0.53,4.0,0.0,2.0,1.08,1.0,1.31,2.0,1.67,3.0,0.5,2.0,1.12,1.0,0.0,2.0,0.0,0.6,1.55,1.0,1.0,1.0,1.0,1.45,1.69,0.0,0.71,2.0,1.83,3.0,1.0,1.48,1.48,1.0,1.0,2.98,1.0,1.18,1.0,1.66,1.0,0.0,0.0,1.42,0.78,1.67,0.0,0.0,1.61,0.0,0.0,2.42,2.34,1.93,0.0,0.0,3.42,2.59,0.0,1.0,0.0,0.0,0.0,0.0,2.07,0.0,0.0,0.0,0.0,1.12,0.0,2.21,0.0,0.0,3.26,0.0,0.0,0.0,0.0,0.0,0.0,1.54,4.0,0.0,0.0,0.0,0.16,0.0,0.0,0.0,0.0,0.0,0.0,0.0,0.0,0.0,0.0,0.0,0.0,0.0,1.35,0.0,0.0,0.0,0.0
40211116,0.0,0.0,2.93,0.0,0.0,0.0,4.93,0.0,0.0,0.0,2.72,2.78,0.0,0.0,0.0,0.0,4.24,0.0,0.0,0.0,0.0,0.0,3.7,0.0,4.51,0.0,0.0,0.0,0.0,0.0,0.0,0.0,0.0,3.0,0.0,0.0,4.66,0.0,3.43,4.17,4.94,3.0,4.09,4.0,3.38,2.0,0.0,5.0,0.0,4.0,0.0,2.0,0.0,2.0,3.06,3.0,0.0,5.0,0.0,4.0,0.0,3.0,0.0,2.41,2.79,2.0,3.0,3.0,4.0,3.07,3.03,0.0,0.0,4.0,3.0,4.0,4.1,5.0,3.26,3.0,3.0,4.63,5.0,5.0,5.0,5.0,3.0,0.0,0.0,0.0,0.0,0.0,0.0,0.0,0.0,0.0,0.0,4.46,4.52,2.93,0.0,0.0,4.88,4.0,5.0,3.0,0.0,0.0,0.0,0.0,5.0,0.0,0.0,0.0,0.0,3.49,0.0,5.0,0.0,0.0,5.0,0.0,0.0,0.0,0.0,0.0,0.0,3.9,0.0,0.0,0.0,4.43,2.12,0.0,0.0,0.0,0.0,0.0,3.07,1.0,0.0,0.0,0.0,0.0,0.0,0.0,3.56,0.0,0.0,0.0,0.0
40211117,0.0,0.0,1.93,0.0,0.0,0.0,3.51,0.0,0.0,0.0,0.35,1.0,0.0,0.0,0.0,0.0,1.24,0.0,0.0,2.55,0.0,0.0,1.7,0.0,2.91,0.0,0.0,0.0,5.0,4.0,5.0,3.3,0.0,3.0,2.9,0.0,3.39,0.0,0.0,2.8,3.46,1.0,1.09,1.0,1.73,3.0,0.0,5.0,0.0,1.0,2.76,1.0,2.99,1.0,2.24,3.0,2.18,4.0,2.8,3.0,3.57,4.0,2.52,0.97,2.41,3.0,2.0,2.0,3.0,1.12,2.93,2.55,0.0,1.0,1.73,4.0,2.0,1.0,1.64,2.17,1.0,3.45,4.0,2.0,2.0,2.2,2.2,0.0,0.0,3.09,0.0,0.0,3.1,3.7,0.0,0.0,0.0,2.8,2.71,2.93,0.0,0.0,4.42,2.74,3.15,1.58,0.0,0.0,0.0,0.0,3.26,0.0,0.0,0.0,0.0,1.88,0.0,3.33,0.0,0.0,4.1,0.0,0.0,0.0,0.0,0.0,0.0,2.34,4.0,0.0,0.0,1.43,1.16,0.0,0.0,0.0,0.0,0.0,0.8,0.0,0.0,0.0,0.0,0.0,0.0,0.0,1.88,0.0,0.0,0.0,0.0
40211118,0.0,0.0,4.84,0.0,0.0,0.0,5.0,0.0,0.0,0.0,3.78,2.88,0.0,0.0,0.0,0.0,3.37,0.0,0.0,0.0,0.0,0.0,4.48,0.0,4.51,0.0,0.0,0.0,0.0,0.0,0.0,0.0,0.0,4.0,4.7,0.0,5.0,0.0,5.0,5.0,5.0,3.0,3.91,3.0,3.94,4.0,4.53,5.0,3.41,5.0,5.0,5.0,4.78,4.0,4.67,5.0,4.15,5.0,5.0,5.0,0.0,5.0,0.0,3.53,4.23,4.0,5.0,5.0,5.0,3.66,4.28,0.0,4.18,4.0,3.97,5.0,4.93,5.0,4.05,4.0,3.0,5.0,5.0,4.5,5.0,5.0,5.0,0.0,0.0,5.0,4.26,5.0,0.0,0.0,5.0,0.0,0.0,5.0,5.0,3.93,0.0,0.0,5.0,4.75,5.0,3.0,4.0,0.0,0.0,0.0,5.0,0.0,0.0,0.0,0.0,4.36,0.0,0.0,0.0,0.0,5.0,0.0,0.0,0.0,0.0,0.0,0.0,4.83,0.0,0.0,0.0,3.56,4.08,0.0,0.0,0.0,0.0,0.0,3.52,0.0,0.0,0.0,0.0,0.0,0.0,0.0,4.71,0.0,0.0,0.0,0.0
40211119,0.0,0.0,3.0,0.0,0.0,0.0,5.0,0.0,0.0,0.0,3.07,2.55,0.0,0.0,0.0,0.0,3.24,0.0,0.0,0.0,0.0,0.0,3.3,0.0,3.74,0.0,0.0,0.0,0.0,0.0,0.0,0.0,0.0,3.0,3.23,0.0,4.78,0.0,0.0,4.12,4.54,1.0,2.7,3.0,2.87,3.0,2.53,5.0,1.93,3.0,3.08,3.0,3.31,2.0,3.46,4.0,2.5,4.0,3.12,3.0,0.0,4.0,0.0,2.5,3.95,4.0,4.0,4.0,3.0,3.09,3.06,0.0,2.71,2.93,3.4,2.0,3.0,3.0,3.46,3.54,2.8,4.82,3.0,3.19,4.0,4.0,3.0,0.0,0.0,3.42,2.78,3.67,0.0,0.0,3.61,0.0,0.0,4.7,4.42,2.93,0.0,0.0,5.0,4.8,3.15,2.81,0.0,0.0,0.0,0.0,4.89,0.0,0.0,0.0,0.0,3.39,0.0,0.0,0.0,0.0,5.0,0.0,0.0,0.0,0.0,0.0,0.0,3.0,0.0,0.0,0.0,3.43,3.16,0.0,0.0,0.0,0.0,0.0,2.5,1.0,0.0,0.0,0.0,0.0,0.0,0.0,3.0,0.0,0.0,0.0,0.0
40211120,0.0,0.0,0.0,0.0,0.0,0.0,0.0,0.0,0.0,0.0,0.78,0.0,0.0,0.0,0.0,0.0,0.0,0.0,0.0,0.0,0.0,0.0,0.0,0.0,0.0,0.0,0.0,0.0,0.0,0.0,0.0,0.0,0.0,3.0,0.0,0.0,2.74,0.0,2.43,2.04,0.0,4.0,0.0,1.01,0.0,1.0,0.0,1.4,0.0,0.0,0.0,0.0,0.0,1.13,0.0,1.4,0.0,0.0,0.0,0.0,0.0,0.0,0.0,0.42,1.49,0.0,0.0,0.0,0.0,0.97,0.0,0.0,0.0,1.01,1.27,0.0,0.0,1.58,1.18,0.0,0.0,2.75,2.13,1.34,0.0,0.0,0.0,0.0,0.0,0.0,0.0,0.0,0.0,0.0,0.0,0.0,0.0,0.0,0.0,0.0,0.0,0.0,0.0,0.0,0.0,0.0,0.0,0.0,0.0,0.0,0.0,0.0,0.0,0.0,0.0,0.0,0.0,0.0,0.0,0.0,0.0,0.0,0.0,0.0,0.0,0.0,0.0,0.0,0.0,0.0,0.0,0.0,1.08,0.0,0.0,0.0,0.0,0.0,0.0,0.0,0.0,0.0,0.0,0.0,0.0,0.0,0.0,0.0,0.0,0.0,0.0
40211121,0.0,0.0,2.43,0.0,0.0,0.0,4.63,0.0,0.0,0.0,3.01,1.86,0.0,0.0,0.0,0.0,3.24,0.0,0.0,0.0,0.0,0.0,2.9,0.0,3.06,0.0,0.0,0.0,0.0,0.0,0.0,0.0,0.0,2.0,0.0,0.0,4.32,0.0,0.0,3.58,4.32,3.0,3.09,3.0,2.23,2.0,0.0,4.0,0.0,3.0,0.0,1.0,0.0,2.0,2.81,3.0,0.0,3.0,0.0,3.0,0.0,4.0,0.0,2.2,2.95,2.0,2.0,3.0,4.0,2.52,2.03,0.0,0.0,2.0,2.73,3.0,4.0,4.0,2.8,3.0,2.0,4.26,3.0,2.85,1.0,4.0,2.0,0.0,0.0,0.0,0.0,0.0,0.0,0.0,0.0,0.0,0.0,3.64,3.7,1.93,0.0,0.0,3.88,3.86,5.0,2.67,0.0,0.0,0.0,0.0,4.6,0.0,0.0,0.0,0.0,3.29,0.0,5.0,0.0,0.0,4.61,0.0,0.0,0.0,0.0,0.0,0.0,3.0,0.0,0.0,0.0,3.43,1.16,0.0,0.0,0.0,0.0,0.0,2.0,1.0,0.0,0.0,0.0,0.0,0.0,0.0,2.61,0.0,0.0,0.0,0.0
40211122,0.0,0.0,2.66,0.0,0.0,0.0,4.47,0.0,0.0,0.0,2.67,2.52,0.0,0.0,0.0,0.0,3.24,0.0,0.0,0.0,0.0,0.0,4.3,0.0,3.4,0.0,0.0,0.0,0.0,0.0,0.0,0.0,0.0,3.0,3.23,0.0,4.37,0.0,0.0,3.69,4.52,5.0,2.7,3.0,2.16,2.0,2.53,4.0,1.93,3.0,3.08,1.0,3.31,2.0,3.99,3.0,2.5,4.0,3.12,3.0,0.0,4.0,0.0,2.28,2.91,3.0,4.0,4.0,3.0,3.2,3.06,0.0,2.71,2.0,2.93,3.0,3.55,4.0,3.1,3.47,2.88,4.76,3.0,3.11,5.0,3.0,3.0,0.0,0.0,3.42,2.78,3.67,0.0,0.0,3.61,0.0,0.0,3.99,3.89,2.93,0.0,0.0,4.42,4.14,5.0,3.54,0.0,5.0,0.0,0.0,4.41,0.0,0.0,0.0,0.0,3.02,0.0,0.0,0.0,0.0,4.87,0.0,0.0,0.0,0.0,0.0,0.0,4.17,0.0,0.0,0.0,3.43,0.0,0.0,0.0,0.0,0.0,0.0,3.0,1.0,0.0,0.0,0.0,0.0,0.0,0.0,2.61,0.0,0.0,0.0,0.0
40211123,0.0,0.0,3.95,0.0,0.0,0.0,3.0,0.0,0.0,0.0,3.07,2.81,0.0,0.0,0.0,0.0,4.24,0.0,0.0,0.0,0.0,0.0,4.03,0.0,3.69,1.87,0.0,0.0,4.7,0.0,0.0,4.22,0.0,4.0,0.0,4.32,4.78,0.0,4.4,4.17,4.93,3.0,3.73,4.0,3.23,3.0,3.13,4.0,0.0,4.0,3.69,2.0,3.91,3.0,4.13,4.0,3.1,4.0,3.72,3.0,4.5,4.0,3.44,2.51,3.54,2.0,5.0,4.0,3.0,3.29,3.93,3.47,3.31,3.0,3.48,4.0,3.73,5.0,3.48,4.0,3.0,5.0,4.0,3.0,5.0,3.0,3.8,3.97,3.41,0.0,3.39,4.27,4.02,4.63,4.21,3.0,3.71,4.16,4.0,3.93,0.0,0.0,4.96,4.52,5.0,3.64,0.0,0.0,0.0,0.0,4.73,0.0,0.0,0.0,0.0,3.27,0.0,4.57,0.0,0.0,4.0,0.0,0.0,0.0,0.0,0.0,4.0,5.0,0.0,0.0,0.0,4.15,3.62,0.0,0.0,0.0,0.0,0.0,1.6,0.0,0.0,0.0,1.86,0.0,0.0,0.0,3.41,0.0,0.0,0.0,0.0
40211125,0.0,0.0,3.83,0.0,0.0,0.0,5.0,0.0,0.0,0.0,2.51,2.17,0.0,0.0,0.0,0.0,2.5,0.0,0.0,0.0,0.0,0.0,3.68,0.0,4.24,0.0,0.0,0.0,0.0,0.0,0.0,0.0,0.0,2.0,3.19,0.0,4.0,0.0,3.43,3.0,4.0,4.0,2.07,5.0,3.2,2.0,0.0,4.0,1.89,3.0,0.0,1.0,3.27,3.0,4.34,4.0,2.46,4.0,0.0,3.0,0.0,4.0,0.0,2.53,3.38,4.0,4.0,4.0,4.0,2.95,2.55,0.0,2.67,2.0,3.05,4.0,4.0,4.0,3.28,3.0,3.0,4.72,4.0,4.0,4.0,3.22,3.56,0.0,0.0,0.0,2.75,3.63,0.0,0.0,3.58,0.0,0.0,3.97,4.26,1.93,0.0,0.0,4.42,4.29,5.0,3.0,0.0,0.0,0.0,0.0,4.53,0.0,0.0,0.0,0.0,3.02,0.0,5.0,0.0,0.0,5.0,0.0,0.0,0.0,0.0,0.0,0.0,3.99,4.0,0.0,0.0,2.69,2.08,0.0,0.0,0.0,0.0,0.0,1.07,0.0,0.0,0.0,0.0,0.0,0.0,0.0,3.33,0.0,0.0,0.0,0.0
40211126,0.0,0.0,4.44,0.0,0.0,0.0,4.15,0.0,1.39,0.0,4.04,2.54,1.0,0.0,0.0,0.0,2.0,0.0,0.0,1.14,0.0,0.0,4.2,0.0,3.0,0.0,0.0,0.0,0.0,0.0,0.0,0.0,0.0,3.0,3.19,0.0,4.0,0.0,5.0,3.0,4.0,1.0,2.08,2.0,2.97,5.0,1.18,5.0,1.89,4.0,0.0,1.0,2.44,4.0,3.67,3.0,1.62,4.0,1.39,3.0,2.17,4.0,0.0,2.19,3.69,2.0,5.0,4.0,1.0,3.56,2.66,1.14,2.67,4.0,3.73,3.52,4.0,3.36,3.61,2.97,2.32,5.0,5.0,3.35,4.17,1.0,3.41,0.0,0.0,0.0,1.91,3.63,1.69,0.0,3.58,0.0,0.0,4.35,4.3,2.93,0.0,5.0,0.0,4.3,4.0,3.28,0.0,5.0,0.0,0.0,3.0,3.0,3.0,0.0,0.0,3.04,0.0,5.0,0.0,0.0,4.47,0.0,0.0,0.0,0.0,0.0,0.0,4.26,0.0,0.0,0.0,1.0,3.0,0.0,0.0,0.0,0.0,0.0,0.7,0.0,0.0,0.0,0.0,0.0,0.0,5.0,3.18,0.0,2.0,0.0,0.0
40211127,0.0,0.0,4.66,0.0,0.0,0.0,4.88,0.0,0.0,0.0,3.94,2.77,0.0,0.0,0.0,0.0,3.24,0.0,0.0,0.0,0.0,0.0,4.51,0.0,3.66,0.0,0.0,0.0,0.0,0.0,0.0,0.0,0.0,4.0,5.0,0.0,4.0,0.0,0.0,5.0,5.0,2.0,3.91,3.0,3.89,4.0,4.53,5.0,3.93,5.0,5.0,4.0,5.0,4.0,4.17,4.0,4.5,5.0,5.0,3.0,0.0,4.0,0.0,3.04,4.09,5.0,5.0,5.0,5.0,3.82,5.0,0.0,4.71,3.0,4.22,5.0,4.21,5.0,3.84,4.0,4.0,5.0,4.0,5.0,5.0,4.0,5.0,0.0,0.0,5.0,4.78,5.0,0.0,0.0,5.0,0.0,0.0,4.68,4.88,0.0,0.0,0.0,4.0,5.0,0.0,3.0,0.0,0.0,0.0,0.0,4.57,0.0,0.0,0.0,0.0,4.03,0.0,0.0,0.0,0.0,5.0,0.0,0.0,0.0,0.0,0.0,0.0,4.78,0.0,0.0,0.0,3.43,0.0,0.0,0.0,0.0,0.0,0.0,1.92,0.0,0.0,0.0,0.0,0.0,0.0,0.0,4.05,0.0,0.0,0.0,0.0
40211128,0.0,0.0,0.0,0.0,0.0,0.0,0.0,0.0,0.0,0.0,0.0,0.0,0.0,0.0,0.0,0.0,0.0,0.0,0.0,0.0,0.0,0.0,0.0,0.0,0.0,0.0,0.0,0.0,0.0,0.0,0.0,0.0,0.0,2.0,0.0,0.0,3.21,0.0,0.0,2.31,3.31,2.0,0.0,2.08,0.0,1.0,0.0,0.0,0.0,1.66,0.0,0.42,0.0,1.78,2.64,1.62,0.0,0.0,0.0,1.35,0.0,2.54,0.0,1.13,1.71,1.62,2.56,0.0,1.77,1.69,2.03,0.0,0.0,1.62,1.58,2.5,1.92,2.18,1.65,2.01,1.59,3.32,3.2,1.97,2.89,1.8,1.93,0.0,0.0,0.0,0.0,0.0,0.0,0.0,0.0,0.0,0.0,0.0,0.0,1.93,0.0,0.0,0.0,0.0,4.15,2.32,0.0,0.0,0.0,0.0,0.0,0.0,0.0,0.0,0.0,0.0,0.0,0.0,0.0,0.0,0.0,0.0,0.0,0.0,0.0,0.0,0.0,2.74,0.0,0.0,0.0,0.0,0.0,0.0,0.0,0.0,0.0,0.0,0.0,0.0,0.0,0.0,0.0,0.0,0.0,0.0,0.0,0.0,0.0,0.0,0.0
40211129,0.0,0.0,4.44,0.0,0.0,0.0,5.0,0.0,0.0,0.0,3.55,3.23,0.0,0.0,0.0,0.0,3.0,0.0,0.0,0.0,0.0,0.0,5.0,0.0,4.0,0.0,0.0,0.0,0.0,0.0,0.0,0.0,0.0,3.0,0.0,0.0,5.0,0.0,4.43,4.24,5.0,4.0,4.09,4.0,3.91,3.0,0.0,5.0,0.0,3.0,0.0,2.0,0.0,4.0,4.09,3.0,0.0,5.0,0.0,4.0,0.0,4.0,0.0,2.95,3.9,3.0,4.0,5.0,4.0,3.6,3.03,0.0,0.0,3.53,3.64,4.39,5.0,4.01,3.92,3.86,3.42,5.0,3.0,3.81,4.79,3.0,4.05,0.0,0.0,0.0,0.0,0.0,0.0,0.0,0.0,0.0,0.0,4.49,4.71,2.93,0.0,5.0,4.88,4.72,4.0,3.89,0.0,5.0,0.0,0.0,5.0,3.0,3.0,0.0,0.0,3.96,0.0,5.0,0.0,0.0,5.0,0.0,0.0,0.0,0.0,0.0,0.0,4.74,0.0,0.0,0.0,4.14,2.0,0.0,0.0,0.0,0.0,0.0,1.93,0.0,0.0,0.0,0.0,0.0,0.0,5.0,3.72,0.0,2.0,0.0,0.0
40211130,1.0,0.0,0.87,0.0,0.0,0.0,4.18,0.0,1.73,0.0,1.46,0.79,0.0,0.0,0.0,0.0,0.0,0.0,0.0,0.0,0.0,0.0,1.51,0.0,2.36,0.0,0.0,0.0,0.0,2.93,0.0,2.23,0.0,1.0,1.4,2.33,2.86,0.0,4.43,2.22,2.8,1.0,1.0,1.0,1.54,3.0,0.79,3.0,0.07,1.0,1.32,1.0,1.54,1.0,2.66,3.0,0.7,2.0,1.34,1.0,2.51,3.0,1.45,0.96,2.58,1.0,2.0,2.0,2.0,1.27,1.19,1.48,1.02,1.0,1.3,2.0,4.0,2.0,1.78,1.75,1.0,3.48,3.0,2.0,2.0,2.0,1.0,1.98,1.41,1.65,0.99,1.89,2.03,2.63,1.81,1.0,1.71,2.15,2.32,0.93,0.0,0.0,2.96,3.31,3.15,1.27,0.0,0.0,0.0,0.0,3.46,0.0,0.0,0.0,0.0,1.3,0.0,5.0,0.0,0.0,3.37,0.0,0.0,1.98,0.0,0.0,0.0,1.93,4.0,0.0,0.0,0.0,3.08,0.0,0.0,0.0,0.0,0.0,0.5,0.0,0.0,0.0,0.0,0.0,0.0,0.0,1.06,0.0,0.0,0.0,1.98
40211131,0.0,0.0,0.0,0.0,0.0,0.0,2.57,0.0,0.0,0.0,0.8,0.24,0.0,0.0,0.0,0.0,1.24,0.0,0.0,0.0,0.0,0.0,0.0,0.0,1.57,0.0,0.0,0.0,0.0,0.0,0.0,0.0,0.0,1.0,0.0,0.0,2.47,0.0,2.43,1.7,2.49,1.0,1.09,1.0,0.0,1.0,0.0,1.0,0.0,1.0,0.0,0.0,0.0,1.0,1.64,1.08,0.0,1.56,0.0,0.73,0.0,1.95,0.0,0.33,1.04,0.57,1.72,0.0,0.77,1.0,1.03,0.0,0.0,0.85,0.96,1.66,0.92,1.38,1.07,1.48,0.79,2.56,2.15,1.19,2.06,0.8,0.93,0.0,0.0,0.0,0.0,0.0,0.0,0.0,0.0,0.0,0.0,2.09,2.1,1.43,0.0,0.0,0.0,0.0,3.15,1.28,0.0,0.0,0.0,0.0,2.57,0.0,0.0,0.0,0.0,0.0,0.0,0.0,0.0,0.0,2.91,0.0,0.0,0.0,0.0,0.0,0.0,1.85,0.0,0.0,0.0,1.43,1.08,0.0,0.0,0.0,0.0,0.0,0.0,0.0,0.0,0.0,0.0,0.0,0.0,0.0,1.24,0.0,0.0,0.0,0.0
40211132,0.0,0.0,0.93,0.0,0.0,0.0,3.38,0.0,0.0,0.0,2.03,1.08,0.0,0.0,0.0,0.0,0.0,0.0,0.0,0.0,0.0,0.0,1.2,0.0,2.03,0.0,0.0,0.0,0.0,0.0,0.0,0.0,0.0,2.0,0.0,0.0,3.24,0.0,4.43,2.6,3.21,2.0,0.0,1.0,0.85,3.0,0.0,4.0,0.0,2.0,0.0,1.0,0.0,1.0,1.81,3.0,0.0,2.0,0.0,1.0,0.0,3.0,0.0,1.02,2.14,1.0,1.0,1.0,1.0,1.88,0.0,0.0,0.0,1.0,2.26,1.0,2.17,2.0,1.84,2.0,1.15,3.38,2.0,1.0,2.59,3.0,1.62,0.0,0.0,0.0,0.0,0.0,0.0,0.0,0.0,0.0,0.0,2.72,2.62,0.0,0.0,0.0,2.96,3.31,4.15,1.55,0.0,0.0,0.0,0.0,2.84,0.0,0.0,0.0,0.0,1.61,4.0,4.0,0.0,0.0,3.36,0.0,0.0,0.0,0.0,0.0,0.0,2.19,4.0,0.0,0.0,0.0,1.62,0.0,0.0,0.0,0.0,0.0,0.37,0.0,0.0,0.0,0.0,0.0,0.0,0.0,1.48,0.0,0.0,0.0,0.0
40211133,0.0,0.0,4.44,0.0,0.0,0.0,4.0,0.0,0.0,0.0,3.48,3.34,0.0,0.0,0.0,0.0,4.24,0.0,0.0,0.0,0.0,0.0,4.71,0.0,3.74,2.87,0.0,0.0,5.0,0.0,0.0,5.0,0.0,3.0,0.0,5.0,5.0,0.0,5.0,4.47,5.0,5.0,4.06,4.0,3.32,3.0,4.13,5.0,0.0,3.0,4.69,3.0,4.91,4.0,4.27,3.0,4.1,4.0,4.72,4.0,5.0,4.0,4.44,3.08,3.59,2.0,4.0,5.0,4.0,3.49,3.55,4.47,4.31,5.0,3.42,5.0,4.41,5.0,3.68,4.0,3.54,5.0,4.0,5.0,5.0,4.04,4.15,4.97,4.41,0.0,4.39,5.0,5.0,5.0,5.0,4.0,4.71,4.0,5.0,2.93,0.0,0.0,5.0,4.06,5.0,4.0,0.0,0.0,0.0,0.0,5.0,0.0,0.0,0.0,0.0,3.75,0.0,0.0,0.0,0.0,4.0,0.0,0.0,0.0,0.0,0.0,4.0,4.94,4.0,0.0,0.0,4.4,3.16,0.0,0.0,0.0,0.0,0.0,2.79,0.0,0.0,0.0,2.86,0.0,0.0,0.0,3.86,0.0,0.0,0.0,0.0
40211134,0.0,0.0,3.91,0.0,0.0,0.0,4.81,0.0,0.0,0.0,3.15,2.25,0.0,0.0,0.0,0.0,2.24,0.0,0.0,0.0,0.0,0.0,3.75,0.0,3.07,0.0,0.0,0.0,0.0,0.0,0.0,0.0,0.0,4.0,4.23,0.0,4.75,0.0,0.0,3.98,4.61,2.0,2.82,2.0,3.21,3.0,3.53,4.0,2.93,3.0,4.08,1.0,4.31,4.0,3.81,4.0,3.5,3.0,4.12,4.0,0.0,3.0,0.0,2.6,4.08,1.0,4.0,4.0,4.0,2.88,4.06,0.0,3.71,3.0,3.5,4.0,4.0,4.0,3.28,5.0,4.0,4.85,3.0,4.0,4.0,4.0,4.0,0.0,0.0,4.42,3.78,4.67,0.0,0.0,4.61,0.0,0.0,3.94,4.16,3.93,0.0,0.0,3.88,4.0,4.15,2.0,3.0,0.0,0.0,0.0,4.5,0.0,0.0,0.0,0.0,3.35,0.0,5.0,0.0,0.0,4.99,0.0,0.0,0.0,0.0,0.0,0.0,4.15,0.0,0.0,0.0,2.43,3.16,0.0,0.0,0.0,0.0,0.0,2.3,1.0,0.0,0.0,0.0,0.0,0.0,0.0,2.86,0.0,0.0,0.0,0.0
40211135,0.0,0.0,0.0,0.0,0.0,0.0,5.0,0.0,0.0,0.0,2.61,1.95,0.0,0.0,0.0,0.0,4.24,0.0,0.0,0.0,0.0,0.0,0.0,0.0,4.57,0.0,0.0,0.0,0.0,0.0,0.0,0.0,0.0,3.0,0.0,0.0,5.0,0.0,4.43,3.74,4.9,4.0,4.09,4.0,0.0,3.0,0.0,4.0,0.0,2.0,0.0,1.47,0.0,2.85,4.64,3.02,0.0,2.94,0.0,2.41,0.0,3.9,0.0,2.5,3.0,2.85,3.37,1.37,2.76,3.07,3.03,0.0,0.0,1.0,2.98,3.54,3.12,3.13,3.25,2.94,2.84,4.79,3.67,2.72,3.93,2.86,2.62,0.0,0.0,0.0,0.0,0.0,0.0,0.0,0.0,0.0,0.0,4.15,4.87,2.93,0.0,0.0,0.0,2.81,5.0,3.15,0.0,0.0,0.0,0.0,5.0,0.0,0.0,0.0,0.0,2.67,0.0,0.0,0.0,0.0,4.74,0.0,0.0,0.0,0.0,0.0,0.0,4.51,0.0,0.0,0.0,4.43,3.08,0.0,0.0,0.0,0.0,0.0,0.07,0.0,0.0,0.0,0.0,0.0,0.0,0.0,4.24,0.0,0.0,0.0,0.0
40211136,0.0,0.0,4.44,0.0,0.0,0.0,5.0,0.0,0.0,0.0,3.59,3.64,0.0,0.0,0.0,0.0,5.0,0.0,0.0,0.0,0.0,0.0,4.71,0.0,3.91,2.36,0.0,0.0,5.0,0.0,0.0,5.0,0.0,3.0,0.0,5.0,5.0,0.0,4.66,4.72,5.0,4.0,4.73,5.0,3.12,3.0,4.13,5.0,0.0,4.0,4.36,3.0,4.91,3.0,4.36,4.0,3.61,4.0,4.72,3.0,5.0,4.0,4.05,3.22,4.37,1.0,4.0,5.0,4.0,3.88,4.7,3.95,4.31,5.0,4.31,5.0,4.38,5.0,4.16,4.0,3.0,5.0,3.0,3.0,5.0,4.15,4.31,4.97,4.41,0.0,4.39,5.0,4.68,5.0,4.82,3.54,4.16,4.0,5.0,0.0,0.0,0.0,4.96,4.81,0.0,3.75,0.0,0.0,0.0,0.0,5.0,0.0,0.0,0.0,0.0,3.75,0.0,4.57,0.0,0.0,4.0,0.0,0.0,0.0,0.0,0.0,0.0,5.0,4.0,0.0,0.0,5.0,3.12,0.0,0.0,0.0,0.0,0.0,2.79,0.0,0.0,1.98,2.86,0.0,0.0,0.0,4.22,0.0,0.0,0.0,3.98
40211137,0.0,0.0,2.1,0.0,0.0,0.0,3.06,0.0,0.0,0.0,0.83,0.36,0.0,1.0,0.0,0.0,1.24,0.0,0.0,0.0,0.0,0.0,1.38,0.0,2.93,0.0,0.0,0.0,0.0,0.0,0.0,0.0,0.0,2.0,0.0,0.0,3.13,0.0,0.0,2.21,2.88,2.0,1.09,1.0,1.81,3.0,0.0,1.0,0.0,1.0,0.0,1.0,0.0,2.0,2.38,3.0,0.0,3.0,0.0,2.0,0.0,3.0,0.0,1.01,2.23,3.0,2.0,2.0,1.0,1.44,2.03,0.0,0.0,1.0,1.65,1.0,2.0,2.0,1.71,1.0,1.24,3.35,2.25,1.0,2.0,1.78,2.0,0.0,0.0,0.0,0.0,0.0,0.0,0.0,0.0,0.0,0.0,2.7,2.52,1.93,0.0,0.0,0.0,3.05,4.15,1.49,0.0,0.0,0.0,0.0,3.26,0.0,0.0,0.0,0.0,0.95,0.0,3.0,0.0,0.0,3.72,0.0,0.0,0.0,0.0,0.0,0.0,2.28,4.0,0.0,0.0,1.43,1.16,0.0,0.0,0.0,0.0,0.0,0.42,0.0,0.0,0.0,0.0,0.0,0.0,0.0,2.3,0.0,0.0,0.0,0.0
40211138,0.0,0.0,3.7,0.0,0.0,0.0,5.0,0.0,0.0,0.0,3.16,2.93,0.0,0.0,0.0,0.0,4.24,0.0,0.0,0.0,0.0,0.0,4.03,0.0,3.94,2.87,0.0,0.0,5.0,0.0,0.0,5.0,0.0,2.0,0.0,5.0,5.0,0.0,4.66,4.26,4.81,1.0,4.06,4.0,2.92,3.0,4.13,5.0,0.0,3.0,4.69,2.0,4.91,3.0,3.52,4.0,4.1,4.0,4.72,4.0,5.0,5.0,4.44,2.62,4.02,3.0,3.0,4.0,3.0,3.13,4.7,4.47,4.31,4.0,3.6,4.24,4.17,4.0,3.56,3.0,3.0,5.0,3.0,3.49,5.0,3.89,3.9,4.97,4.41,0.0,4.39,5.0,5.0,5.0,5.0,4.0,4.71,4.65,5.0,0.0,0.0,0.0,5.0,4.46,3.15,3.03,0.0,0.0,0.0,0.0,4.93,0.0,0.0,0.0,0.0,3.47,0.0,0.0,0.0,0.0,5.0,0.0,0.0,0.0,0.0,0.0,0.0,3.98,4.0,0.0,0.0,4.4,2.62,0.0,0.0,0.0,0.0,0.0,2.15,0.0,0.0,0.0,2.86,0.0,0.0,0.0,3.65,0.0,0.0,0.0,0.0
40211139,0.0,0.0,2.77,0.0,0.0,0.0,4.22,0.0,0.0,0.0,2.89,1.81,0.0,0.0,0.0,0.0,3.24,0.0,0.0,0.0,0.0,0.0,3.4,0.0,3.69,0.0,0.0,0.0,0.0,0.0,0.0,0.0,0.0,3.0,4.53,0.0,4.54,0.0,4.43,3.58,4.56,4.0,3.09,3.0,2.72,3.0,0.0,4.0,0.0,3.0,4.38,1.0,0.0,3.0,2.86,3.0,0.0,4.0,0.0,3.0,0.0,3.0,0.0,3.0,3.51,3.0,2.0,3.0,2.0,3.09,4.4,4.17,0.0,1.0,3.44,3.0,3.45,4.0,3.22,3.0,3.0,4.74,4.0,1.0,3.86,3.0,2.0,0.0,0.0,4.72,0.0,0.0,0.0,5.0,0.0,0.0,0.0,3.84,3.62,0.0,0.0,0.0,4.42,4.27,5.0,3.09,0.0,0.0,0.0,0.0,4.16,0.0,0.0,0.0,0.0,2.87,0.0,0.0,0.0,0.0,4.67,0.0,0.0,0.0,0.0,0.0,0.0,3.96,0.0,0.0,0.0,3.43,2.12,0.0,0.0,0.0,0.0,0.0,1.0,1.0,0.0,0.0,0.0,0.0,0.0,0.0,3.12,0.0,0.0,0.0,0.0
40211141,0.0,0.0,3.66,0.0,0.0,0.0,5.0,0.0,0.0,0.0,3.26,3.3,0.0,0.0,0.0,0.0,5.0,0.0,0.0,0.0,0.0,0.0,4.18,0.0,5.0,0.0,0.0,0.0,0.0,0.0,0.0,0.0,0.0,3.0,4.23,0.0,5.0,0.0,4.43,4.0,5.0,5.0,4.14,5.0,4.26,3.0,3.53,5.0,2.93,4.0,4.08,4.0,4.31,3.0,0.0,4.0,3.5,4.0,4.12,4.0,0.0,4.0,0.0,3.22,4.0,5.0,3.0,2.0,4.0,4.04,3.42,0.0,3.71,4.0,3.93,4.0,4.0,4.0,4.23,4.0,5.0,5.0,5.0,3.86,4.0,4.0,4.0,0.0,0.0,4.42,3.78,4.67,0.0,0.0,4.61,0.0,0.0,5.0,4.86,2.93,0.0,0.0,5.0,5.0,0.0,3.85,0.0,0.0,0.0,0.0,5.0,0.0,0.0,0.0,0.0,3.62,0.0,5.0,0.0,0.0,5.0,0.0,0.0,0.0,0.0,0.0,0.0,4.0,0.0,0.0,0.0,5.0,3.08,0.0,0.0,0.0,0.0,0.0,2.53,0.0,0.0,0.0,0.0,0.0,0.0,0.0,4.0,0.0,0.0,0.0,0.0
40211142,0.0,0.0,1.46,0.0,0.0,0.0,3.79,0.0,0.0,0.0,1.88,1.0,0.0,1.0,0.0,0.0,1.24,0.0,0.0,0.0,0.0,0.0,0.0,0.0,1.57,0.0,0.0,0.0,0.0,0.0,0.0,0.0,0.0,1.0,0.0,0.0,3.04,0.0,4.43,2.34,2.96,1.0,1.09,1.0,0.99,3.0,0.0,4.0,0.0,1.0,0.0,1.0,0.0,1.0,1.64,3.0,0.0,1.0,0.0,1.04,0.0,2.66,0.0,0.99,1.74,2.0,1.0,1.04,2.06,1.54,1.03,0.0,0.0,1.0,1.83,2.24,2.27,1.92,1.69,1.34,0.89,3.21,2.19,1.71,2.6,1.97,1.25,0.0,0.0,0.0,0.0,0.0,0.0,0.0,0.0,0.0,0.0,2.62,2.86,0.93,0.0,0.0,3.88,1.71,3.15,1.28,0.0,0.0,0.0,0.0,2.29,0.0,0.0,0.0,0.0,2.12,0.0,0.0,0.0,0.0,3.51,0.0,0.0,0.0,0.0,0.0,0.0,1.84,0.0,0.0,0.0,1.43,3.08,0.0,0.0,0.0,0.0,0.0,0.0,0.0,0.0,0.0,0.0,0.0,0.0,0.0,1.53,0.0,0.0,0.0,0.0
40211144,0.0,0.0,2.33,0.0,0.0,0.0,3.98,0.0,0.0,0.0,2.16,1.86,0.0,0.0,0.0,0.0,4.24,0.0,0.0,0.0,0.0,0.0,2.4,0.0,3.35,0.0,0.0,0.0,0.0,0.0,0.0,0.0,0.0,2.0,2.53,0.0,3.51,0.0,3.43,2.86,3.76,4.0,4.09,4.0,1.87,2.0,0.0,4.0,0.0,2.0,2.38,1.0,0.0,2.0,3.0,2.0,0.0,3.0,0.0,1.0,0.0,2.0,0.0,1.0,2.01,1.0,1.0,2.0,1.0,2.36,2.23,2.17,0.0,2.0,2.27,3.0,1.0,1.0,2.42,1.0,2.0,3.95,4.0,1.0,1.0,1.0,1.0,0.0,0.0,2.72,0.0,0.0,0.0,3.32,0.0,0.0,0.0,3.39,3.18,1.93,0.0,0.0,3.88,3.27,5.0,2.7,0.0,0.0,0.0,0.0,3.31,0.0,0.0,0.0,0.0,2.1,0.0,2.57,0.0,0.0,3.85,0.0,0.0,0.0,0.0,0.0,0.0,3.33,4.0,0.0,0.0,4.43,2.08,0.0,0.0,0.0,0.0,0.0,0.03,0.0,0.0,0.0,0.0,0.0,0.0,0.0,2.12,0.0,0.0,0.0,0.0
40211145,0.0,0.0,1.46,0.0,0.0,0.0,5.0,0.0,0.0,0.0,1.85,1.21,0.0,0.0,0.0,0.0,0.0,0.0,0.0,0.0,0.0,0.0,0.0,0.0,2.0,0.0,0.0,0.0,0.0,0.0,0.0,0.0,0.0,3.0,0.0,0.0,3.72,0.0,0.0,3.0,3.93,3.0,0.0,3.0,1.29,2.0,0.0,4.0,0.0,2.0,0.0,1.0,0.0,1.0,3.64,2.0,0.0,2.0,0.0,1.66,0.0,3.21,0.0,1.46,2.3,1.0,2.0,1.49,2.54,2.12,3.03,0.0,0.0,1.0,2.21,1.0,2.95,2.37,2.14,2.38,1.95,3.86,2.73,2.03,3.22,2.47,2.25,0.0,0.0,0.0,0.0,0.0,0.0,0.0,0.0,0.0,0.0,3.05,3.23,2.93,0.0,0.0,3.88,2.81,5.0,2.26,0.0,0.0,0.0,0.0,0.0,0.0,0.0,0.0,0.0,2.67,0.0,0.0,0.0,0.0,3.89,0.0,0.0,0.0,0.0,0.0,0.0,3.2,0.0,0.0,0.0,0.0,0.0,0.0,0.0,0.0,0.0,0.0,0.07,0.0,0.0,0.0,0.0,0.0,0.0,0.0,1.67,0.0,0.0,0.0,0.0
40211146,0.0,0.0,2.93,0.0,0.0,0.0,4.22,0.0,0.0,0.0,2.99,1.51,0.0,0.0,0.0,0.0,2.24,0.0,2.0,0.0,0.0,0.0,2.42,0.0,3.13,0.88,0.0,0.0,0.0,0.0,0.0,0.0,0.0,2.0,2.83,0.0,4.27,0.0,4.43,3.63,4.28,1.0,2.05,2.0,2.64,3.0,2.14,5.0,1.54,3.0,2.69,2.0,2.92,1.0,2.63,3.0,2.11,3.0,2.73,3.0,3.51,4.0,2.45,2.07,2.95,2.0,4.0,2.0,3.0,2.57,0.0,2.48,2.31,1.0,3.03,3.0,4.0,3.0,2.86,3.0,3.0,4.35,4.0,3.0,3.73,4.0,3.13,0.0,0.0,3.02,2.39,3.27,3.03,3.63,3.22,2.0,2.71,3.72,3.71,0.0,0.0,0.0,4.92,4.27,3.15,2.32,0.0,0.0,0.0,0.0,4.06,0.0,0.0,0.0,0.0,2.93,0.0,5.0,0.0,0.0,4.63,0.0,0.0,0.0,0.0,0.0,0.0,2.0,0.0,0.0,0.0,2.43,3.12,0.0,0.0,0.0,0.0,0.0,1.47,0.0,0.0,0.98,0.0,0.0,0.0,0.0,2.56,0.0,0.0,0.0,2.98
40211147,0.0,0.0,2.56,0.0,0.0,0.0,3.23,0.0,0.0,0.0,2.13,1.0,0.0,0.0,0.0,0.0,1.24,0.0,0.0,0.0,0.0,0.0,0.64,0.0,1.4,0.0,0.0,0.0,0.0,0.0,0.0,0.0,0.0,1.0,2.53,0.0,2.98,0.0,4.43,2.35,3.06,1.0,1.09,1.0,2.1,3.0,0.0,4.0,0.0,3.0,2.38,1.0,0.0,2.0,1.71,1.0,0.0,3.0,0.0,1.0,0.0,2.62,0.0,1.0,1.4,2.0,3.0,1.0,1.86,1.0,1.76,2.17,0.0,1.0,1.0,1.0,1.93,2.02,1.76,2.0,1.25,3.0,2.23,1.81,2.79,1.94,2.22,0.0,0.0,2.72,0.0,0.0,0.0,3.32,0.0,0.0,0.0,2.79,2.68,1.44,0.0,0.0,3.42,2.5,3.15,1.75,0.0,0.0,0.0,0.0,2.57,0.0,0.0,0.0,0.0,1.86,0.0,0.0,0.0,0.0,3.46,0.0,0.0,0.0,0.0,0.0,0.0,2.12,0.0,0.0,0.0,1.43,2.62,0.0,0.0,0.0,0.0,0.0,0.07,0.0,0.0,0.0,0.0,0.0,0.0,0.0,1.63,0.0,0.0,0.0,0.0
40211148,0.0,0.0,3.55,0.0,0.0,0.0,4.72,0.0,0.0,0.0,3.08,2.52,0.0,0.0,0.0,0.0,0.0,0.0,0.0,0.0,0.0,0.0,3.2,5.0,4.18,0.0,0.0,0.0,0.0,0.0,0.0,0.0,0.0,3.0,3.23,0.0,5.0,0.0,4.43,4.5,5.0,2.0,2.39,3.0,3.05,3.0,2.53,5.0,1.93,4.0,3.08,4.0,3.31,4.0,3.67,4.0,2.5,5.0,3.12,4.0,0.0,4.0,0.0,2.79,3.12,3.0,4.0,3.0,4.0,3.21,3.06,0.0,2.71,4.0,3.1,3.0,3.0,4.0,3.23,3.0,3.0,4.79,4.0,3.64,5.0,5.0,3.0,0.0,0.0,3.42,2.78,3.67,0.0,0.0,3.61,0.0,0.0,4.64,4.46,2.93,0.0,0.0,5.0,4.5,0.0,4.05,0.0,0.0,0.0,0.0,5.0,0.0,0.0,0.0,0.0,2.9,0.0,4.21,0.0,0.0,5.0,0.0,0.0,0.0,0.0,3.0,0.0,3.99,0.0,0.0,0.0,0.0,3.12,0.0,0.0,0.0,0.0,0.0,2.78,0.0,0.0,0.0,0.0,0.0,0.0,0.0,3.84,0.0,0.0,0.0,0.0
40211150,0.0,0.0,3.33,0.0,0.0,0.0,5.0,4.0,0.0,0.0,3.01,2.91,0.0,0.0,0.0,0.0,3.24,0.0,0.0,0.0,0.0,0.0,3.92,0.0,3.88,0.0,0.0,0.0,0.0,0.0,0.0,0.0,0.0,2.0,0.0,0.0,4.7,0.0,4.43,4.13,4.77,3.0,3.09,3.0,3.17,3.0,0.0,5.0,0.0,3.0,0.0,1.0,0.0,2.0,4.18,4.0,0.0,4.0,0.0,4.0,0.0,4.0,0.0,2.67,4.2,3.0,3.0,4.0,4.0,3.26,0.0,0.0,0.0,3.0,3.45,4.0,5.0,3.0,3.62,3.0,3.06,5.0,5.0,3.47,4.0,3.0,4.0,0.0,0.0,0.0,0.0,0.0,0.0,0.0,0.0,0.0,0.0,4.19,4.34,0.0,0.0,0.0,3.88,5.0,0.0,3.08,0.0,0.0,0.0,0.0,5.0,0.0,0.0,0.0,0.0,4.0,0.0,5.0,0.0,0.0,5.0,0.0,0.0,0.0,4.0,0.0,0.0,3.0,0.0,0.0,0.0,3.43,3.08,0.0,0.0,0.0,0.0,0.0,2.53,0.0,0.0,0.0,0.0,0.0,0.0,0.0,1.0,0.0,0.0,0.0,0.0
40211151,0.0,0.0,3.33,0.0,0.0,0.0,4.0,0.0,0.0,0.0,2.5,2.82,0.0,0.0,0.0,0.0,0.0,0.0,0.0,0.0,0.0,0.0,4.04,0.0,3.53,1.88,0.0,0.0,4.7,0.0,0.0,0.0,0.0,2.0,0.0,0.0,4.66,0.0,4.43,4.02,4.93,3.0,0.0,2.0,3.21,3.0,0.0,4.0,0.0,3.0,3.69,1.0,0.0,2.0,3.68,3.0,3.11,4.0,0.0,4.0,4.51,4.0,3.45,2.43,2.8,1.0,2.0,4.0,5.0,2.56,2.03,3.48,0.0,5.0,2.53,5.0,4.21,5.0,2.85,3.0,3.14,4.53,5.0,5.0,4.0,3.72,3.59,0.0,0.0,0.0,0.0,0.0,4.03,4.64,4.22,3.01,3.71,4.0,5.0,1.93,0.0,0.0,5.0,4.06,0.0,3.86,0.0,0.0,0.0,0.0,5.0,0.0,0.0,0.0,0.0,3.38,0.0,5.0,0.0,0.0,4.0,0.0,0.0,0.0,0.0,0.0,4.0,3.99,4.0,0.0,0.0,0.0,3.08,0.0,0.0,0.0,0.0,0.0,2.92,0.0,0.0,1.98,0.0,0.0,0.0,0.0,3.12,0.0,0.0,0.0,3.98
40211152,0.0,0.0,0.0,0.0,0.0,0.0,2.57,0.0,0.0,0.0,2.0,0.24,0.0,0.0,0.0,0.0,1.24,0.0,0.0,0.0,0.0,0.0,0.0,0.0,1.57,0.0,0.0,0.0,0.0,0.0,0.0,0.0,0.0,2.0,0.0,0.0,3.16,0.0,4.43,2.44,2.95,1.0,1.09,1.0,0.0,3.0,0.0,3.0,0.0,2.0,0.0,0.5,0.0,1.81,0.0,2.66,0.0,0.0,0.0,1.23,0.0,2.53,0.0,1.23,2.37,0.77,2.21,0.0,1.93,1.67,2.03,0.0,0.0,1.53,1.86,2.21,1.92,2.08,1.65,2.04,1.25,3.5,2.47,1.99,2.56,2.01,2.1,0.0,0.0,0.0,0.0,0.0,0.0,0.0,0.0,0.0,0.0,2.38,2.1,1.93,0.0,0.0,0.0,2.81,0.0,1.53,0.0,0.0,0.0,0.0,2.57,0.0,0.0,0.0,0.0,1.65,0.0,0.0,0.0,0.0,3.31,0.0,0.0,0.0,0.0,0.0,0.0,2.19,0.0,0.0,0.0,1.43,3.08,0.0,0.0,0.0,0.0,0.0,0.0,0.0,0.0,0.0,0.0,0.0,0.0,0.0,1.24,0.0,0.0,0.0,0.0
40211153,0.0,0.0,2.77,0.0,0.0,0.0,4.63,0.0,0.0,0.0,2.97,2.55,0.0,0.0,0.0,0.0,3.24,0.0,0.0,0.0,0.0,0.0,3.68,0.0,3.34,0.0,0.0,0.0,0.0,0.0,0.0,0.0,0.0,2.0,0.0,0.0,4.62,0.0,4.43,4.07,4.69,1.0,3.09,3.0,2.77,3.0,0.0,4.0,0.0,4.0,0.0,2.0,0.0,3.0,2.52,3.0,0.0,3.0,0.0,3.0,0.0,4.0,0.0,2.14,3.24,2.0,2.0,3.0,4.0,2.58,0.0,0.0,0.0,5.0,3.19,5.0,4.07,4.0,2.89,4.0,2.0,4.34,4.0,5.0,5.0,3.82,3.63,0.0,0.0,0.0,0.0,0.0,0.0,0.0,0.0,0.0,0.0,4.04,4.0,0.0,0.0,0.0,4.92,3.56,3.15,3.44,0.0,0.0,0.0,0.0,4.62,0.0,0.0,0.0,0.0,3.52,0.0,5.0,0.0,0.0,4.92,0.0,0.0,0.0,0.0,0.0,4.0,3.67,4.0,0.0,0.0,3.43,2.12,0.0,0.0,0.0,0.0,0.0,2.79,0.0,0.0,0.0,0.0,0.0,0.0,0.0,3.03,0.0,0.0,0.0,0.0
40211154,0.0,0.0,1.85,0.0,0.0,0.0,2.81,0.0,2.71,0.0,1.52,1.01,0.0,0.0,0.0,0.0,0.0,0.0,0.0,2.46,0.0,0.0,4.0,0.0,2.24,0.0,0.0,0.0,2.92,3.92,0.0,2.22,0.0,2.29,1.85,2.81,3.31,0.0,2.32,2.85,3.44,1.39,1.1,1.66,2.0,3.0,1.1,1.96,0.52,1.86,1.66,1.0,2.01,2.0,1.92,3.0,1.04,2.0,1.68,2.0,2.94,3.0,1.96,0.99,1.92,1.0,2.0,2.0,4.0,1.6,1.83,1.95,1.53,1.57,1.93,3.0,2.0,1.0,1.75,2.19,2.0,3.21,3.0,1.0,3.0,3.0,1.0,2.21,1.99,1.86,1.41,2.31,2.55,3.28,2.27,1.51,2.15,2.65,2.0,2.6,0.0,0.0,3.88,2.87,0.0,1.51,0.0,0.0,0.0,0.0,3.08,0.0,0.0,0.0,0.0,1.36,0.0,3.0,0.0,0.0,3.39,0.0,0.0,2.96,0.0,0.0,0.0,2.56,4.0,0.0,0.0,2.02,1.16,0.0,0.0,0.0,3.13,0.0,0.76,0.0,0.0,0.0,0.0,0.0,0.0,0.0,1.57,0.0,0.0,0.0,0.0
40211156,0.0,0.0,4.0,0.0,0.0,0.0,4.27,0.0,5.0,0.0,3.43,2.99,0.0,0.0,0.0,0.0,0.0,0.0,0.0,5.0,0.0,0.0,4.0,0.0,3.74,0.87,0.0,0.0,4.38,5.0,0.0,3.22,0.0,4.1,4.85,4.79,5.0,0.0,5.0,4.88,5.0,5.0,3.75,3.27,5.0,5.0,3.33,3.43,3.52,3.57,4.05,3.0,4.48,3.0,3.87,4.0,3.54,5.0,3.99,3.0,4.82,3.0,4.0,2.94,3.88,2.0,3.0,4.0,3.0,3.67,4.27,3.91,3.92,3.31,3.56,4.16,4.0,3.0,3.46,3.69,4.0,5.0,5.0,4.0,4.0,5.0,4.0,3.69,4.16,4.86,3.99,5.0,4.61,5.0,4.7,3.54,4.05,3.13,3.0,5.0,0.0,0.0,0.0,4.91,5.0,4.22,0.0,0.0,0.0,0.0,5.0,0.0,0.0,0.0,0.0,3.37,0.0,5.0,0.0,0.0,4.49,0.0,0.0,5.0,0.0,0.0,0.0,4.47,0.0,0.0,0.0,4.42,3.62,0.0,0.0,0.0,5.0,0.0,0.76,0.0,0.0,0.0,0.86,0.0,0.0,0.0,3.12,4.0,0.0,0.0,0.0
40211157,0.0,0.0,0.0,0.0,0.0,0.0,0.0,0.0,0.0,0.0,0.0,0.31,0.0,0.0,0.0,0.0,0.0,0.0,0.0,0.0,0.0,0.0,1.64,0.0,2.03,0.0,0.0,0.0,0.0,0.0,0.0,0.0,0.0,2.17,0.0,0.0,3.22,0.0,0.0,2.52,3.17,1.17,0.0,1.26,1.57,1.45,0.0,1.74,0.0,1.87,0.0,1.0,0.0,2.0,0.0,1.8,0.0,1.95,0.0,1.53,0.0,2.75,0.0,0.87,1.94,1.0,2.45,1.62,1.94,1.42,0.0,0.0,0.0,1.42,1.72,2.0,1.89,1.96,1.63,2.0,1.4,3.2,2.44,1.74,2.67,1.98,2.16,0.0,0.0,0.0,0.0,0.0,0.0,0.0,0.0,0.0,0.0,2.73,2.52,0.0,0.0,0.0,3.88,0.0,0.0,2.05,0.0,0.0,0.0,0.0,0.0,0.0,0.0,0.0,0.0,1.14,0.0,0.0,0.0,0.0,3.37,0.0,0.0,0.0,0.0,0.0,0.0,2.17,0.0,0.0,0.0,0.0,0.0,0.0,0.0,0.0,0.0,0.0,0.0,0.0,0.0,0.0,0.0,0.0,0.0,0.0,1.87,0.0,0.0,0.0,0.0
40211158,0.0,0.0,2.0,0.0,0.0,0.0,3.27,0.0,2.71,0.0,2.8,1.08,0.0,0.0,0.0,0.0,0.0,0.0,0.0,2.46,0.0,0.0,4.0,0.0,3.46,0.0,0.0,0.0,2.92,3.92,0.0,2.22,0.0,2.89,2.46,2.81,4.15,0.0,5.0,3.25,3.91,4.0,1.55,1.95,2.0,5.0,1.5,2.61,1.15,2.1,2.11,1.0,2.41,2.0,2.26,3.0,1.55,3.0,2.11,3.0,2.94,3.0,1.96,2.15,3.26,1.0,2.0,3.0,3.0,2.91,2.2,1.95,1.83,2.14,3.14,2.86,4.0,3.0,2.85,2.53,3.0,4.6,2.0,3.0,2.0,3.0,2.0,2.21,1.99,2.58,1.89,2.83,2.55,3.28,2.68,1.51,2.15,2.85,2.0,2.6,0.0,0.0,4.42,4.55,0.0,1.47,0.0,0.0,0.0,0.0,4.21,0.0,0.0,0.0,0.0,2.57,0.0,5.0,0.0,0.0,3.82,0.0,0.0,2.96,0.0,0.0,0.0,2.77,4.0,0.0,0.0,2.02,3.12,0.0,0.0,0.0,3.13,0.0,1.13,0.0,0.0,0.0,0.0,0.0,0.0,0.0,2.21,4.0,0.0,0.0,0.0
40211161,0.0,0.0,2.2,0.0,0.0,0.0,2.65,0.0,1.73,0.0,0.74,0.2,1.0,0.0,1.0,0.0,0.0,0.0,0.0,0.0,0.0,0.0,1.48,0.0,2.56,0.0,0.0,0.0,0.0,2.93,0.0,2.23,0.0,3.0,1.84,2.33,4.0,0.0,3.43,3.0,3.0,1.33,1.0,1.56,1.61,2.0,1.64,1.0,0.54,1.83,1.69,1.0,1.92,4.0,2.27,2.0,1.11,1.0,1.73,2.0,2.51,3.0,1.45,0.7,2.02,2.0,4.0,2.0,1.0,1.29,2.28,1.48,1.32,1.14,2.0,1.0,1.0,1.8,1.52,2.24,1.0,3.19,2.0,1.37,2.32,1.91,2.15,1.98,1.41,2.03,1.39,2.28,2.03,2.63,2.22,1.0,1.71,2.6,2.21,2.45,0.0,0.0,3.92,2.15,0.0,1.29,0.0,0.0,0.0,0.0,2.34,0.0,0.0,0.0,0.0,0.71,0.0,2.21,0.0,0.0,3.31,0.0,0.0,1.98,0.0,0.0,3.0,1.97,4.0,0.0,0.0,0.0,2.08,0.0,0.0,0.0,0.0,0.0,0.0,0.0,0.0,0.0,0.0,0.0,0.0,0.0,2.29,0.0,0.0,1.0,1.98
40211162,0.0,0.0,2.66,0.0,0.0,0.0,0.0,0.0,0.0,0.0,1.85,0.81,0.0,0.0,0.0,0.0,0.0,0.0,0.0,0.0,0.0,0.0,2.47,0.0,3.74,0.0,0.0,0.0,0.0,0.0,0.0,0.0,0.0,3.13,3.23,0.0,4.25,0.0,0.0,3.37,4.13,2.0,2.39,2.0,2.65,2.38,2.53,2.64,1.93,2.63,3.08,1.0,3.31,2.0,2.64,3.0,2.5,3.0,3.12,3.0,0.0,4.0,0.0,1.97,3.36,3.0,2.0,3.0,3.0,2.45,3.1,0.0,2.71,2.29,2.87,4.0,3.0,1.0,2.77,4.0,2.29,4.3,3.0,2.62,2.0,2.97,3.0,0.0,0.0,3.42,2.78,3.67,0.0,0.0,3.61,0.0,0.0,3.54,3.38,0.0,0.0,0.0,4.42,3.6,4.15,2.12,0.0,0.0,0.0,0.0,4.0,0.0,0.0,0.0,0.0,2.68,0.0,4.21,0.0,0.0,4.68,0.0,0.0,0.0,0.0,0.0,0.0,4.0,0.0,0.0,0.0,0.0,0.0,0.0,0.0,0.0,0.0,0.0,1.76,1.0,0.0,0.0,0.0,0.0,0.0,0.0,2.79,0.0,0.0,0.0,0.0
40211163,0.0,0.0,0.0,0.0,0.0,0.0,3.11,0.0,0.0,0.0,1.24,0.78,0.0,0.0,0.0,0.0,0.0,0.0,0.0,0.0,0.0,0.0,0.0,0.0,3.18,2.01,0.0,0.0,0.0,0.0,0.0,0.0,0.0,1.17,0.0,4.46,2.38,0.0,0.0,2.17,2.52,1.4,0.0,0.0,0.42,1.97,3.27,1.51,0.0,0.87,3.82,0.38,0.0,2.73,3.37,3.0,0.0,2.0,3.86,4.0,4.64,4.0,3.58,0.38,2.39,0.72,1.0,1.54,1.0,1.64,3.84,0.0,3.45,1.21,2.87,1.95,1.0,1.39,1.45,1.23,0.67,3.28,2.05,1.14,2.03,1.0,1.0,4.11,3.55,4.16,0.0,4.41,4.16,4.76,4.35,0.0,3.84,2.89,2.75,0.0,0.0,0.0,0.0,2.7,0.0,1.71,0.0,0.0,0.0,0.0,2.31,0.0,0.0,0.0,0.0,0.82,0.0,2.21,0.0,0.0,3.43,0.0,0.0,0.0,0.0,0.0,0.0,2.54,4.0,0.0,0.0,0.0,0.0,0.0,0.0,0.0,0.0,0.0,0.0,0.0,2.0,0.0,2.0,0.0,0.0,0.0,0.0,0.0,0.0,0.0,0.0
40211164,0.0,0.0,0.0,0.0,0.0,0.0,5.0,0.0,3.26,0.0,0.0,1.92,1.56,0.0,5.0,0.0,0.0,0.0,0.0,3.01,0.0,0.0,3.3,0.0,3.32,2.29,0.0,4.0,4.7,4.46,0.0,3.76,0.0,4.02,4.03,3.86,5.0,0.0,0.0,4.29,5.0,2.54,3.78,2.76,3.31,2.6,3.45,3.45,2.97,3.66,3.69,2.23,4.07,2.78,3.0,3.0,3.24,3.55,3.86,5.0,4.58,4.0,3.68,2.99,3.04,2.7,3.49,3.36,5.0,2.57,3.24,3.48,3.55,3.01,2.71,4.05,3.9,3.76,4.0,3.97,3.27,4.28,4.0,4.0,4.0,3.84,4.39,3.51,2.95,3.56,3.68,4.56,4.13,4.68,5.0,3.21,3.87,4.0,4.13,3.14,0.0,0.0,0.0,3.85,0.0,3.03,0.0,0.0,0.0,0.0,5.0,0.0,0.0,0.0,3.0,4.53,0.0,0.0,0.0,0.0,5.0,0.0,0.0,3.51,0.0,0.0,0.0,3.8,0.0,0.0,0.0,0.0,0.0,0.0,0.0,0.0,3.68,0.0,2.65,0.0,0.0,1.98,2.01,0.0,0.0,0.0,0.0,0.0,0.0,0.0,4.2
40211165,0.0,0.0,4.33,0.0,0.0,0.0,4.18,0.0,0.0,0.0,2.85,1.24,0.0,0.0,0.0,0.0,0.0,0.0,0.0,0.0,0.0,0.0,0.0,0.0,3.03,0.0,0.0,0.0,0.0,0.0,0.0,0.0,0.0,3.97,4.23,0.0,4.78,0.0,0.0,3.11,4.16,5.0,3.39,4.52,3.23,3.6,3.53,2.48,2.93,3.97,4.08,2.31,4.31,4.0,4.26,3.0,3.5,2.0,4.12,2.0,0.0,3.0,0.0,2.42,3.27,4.0,5.0,3.05,5.0,3.54,4.1,0.0,3.71,2.67,4.32,3.36,2.0,3.62,3.15,4.27,2.82,4.66,2.0,2.9,3.0,3.18,4.0,0.0,0.0,4.42,3.78,4.67,0.0,0.0,4.61,0.0,0.0,3.73,4.38,0.0,0.0,0.0,3.96,3.1,5.0,2.98,0.0,0.0,0.0,0.0,3.0,0.0,0.0,0.0,0.0,2.06,0.0,3.21,0.0,0.0,4.4,0.0,0.0,0.0,0.0,0.0,0.0,4.93,0.0,0.0,0.0,0.0,4.16,0.0,0.0,0.0,0.0,0.0,0.0,0.0,0.0,0.0,0.0,0.0,0.0,0.0,3.59,0.0,0.0,0.0,0.0
40211166,0.0,0.0,0.0,0.0,0.0,0.0,0.0,0.0,0.0,0.0,0.0,0.0,0.0,0.0,0.0,0.0,0.0,0.0,0.0,0.0,0.0,0.0,0.0,0.0,0.45,0.0,0.0,0.0,0.0,0.0,0.0,0.0,0.0,1.08,0.0,0.0,2.03,0.0,0.0,0.9,1.61,0.0,0.0,0.0,0.13,0.0,0.0,0.69,0.0,0.0,0.0,0.0,0.0,0.0,0.0,0.7,0.0,0.6,0.0,0.22,0.0,1.62,0.0,0.0,0.79,0.0,0.0,1.0,0.85,0.0,0.0,0.0,0.0,0.1,0.0,1.04,1.0,0.88,0.48,0.0,0.05,2.05,1.0,0.46,1.58,0.88,0.0,0.0,0.0,0.0,0.0,0.0,0.0,0.0,0.0,0.0,0.0,0.0,0.0,0.0,0.0,0.0,0.0,1.55,0.0,0.11,0.0,0.0,0.0,0.0,1.88,0.0,0.0,0.0,0.0,0.38,0.0,2.21,0.0,0.0,1.78,0.0,0.0,0.0,0.0,0.0,0.0,0.0,0.0,0.0,0.0,0.0,0.0,0.0,0.0,0.0,0.0,0.0,0.0,0.0,0.0,0.0,0.0,0.0,0.0,0.0,0.0,0.0,0.0,0.0,0.0
40211201,0.0,0.0,2.46,0.0,0.0,0.0,0.0,0.0,2.0,0.0,0.0,0.0,0.56,0.0,0.0,4.33,0.0,4.0,0.0,2.46,0.0,0.0,0.0,0.0,0.0,1.61,3.0,0.0,4.38,4.01,0.0,3.47,0.0,0.0,2.0,3.43,0.0,4.0,4.0,2.93,3.43,1.36,2.0,1.91,2.0,2.57,1.0,1.0,1.0,0.0,3.0,0.0,3.0,2.01,2.0,1.83,2.0,0.0,1.0,0.0,4.0,0.0,4.0,1.15,2.39,1.43,2.58,2.02,0.0,0.0,2.0,4.0,4.0,0.0,1.7,0.0,2.58,0.0,1.61,0.0,1.86,3.18,3.02,2.23,0.0,0.0,2.26,2.97,2.46,3.0,2.0,4.0,3.0,5.0,3.43,2.26,3.13,3.76,2.0,2.2,0.0,0.0,0.0,0.0,0.0,0.0,0.0,0.0,0.0,0.0,0.0,0.0,0.0,0.0,0.0,0.0,0.0,0.0,0.0,0.0,0.0,0.0,0.0,3.0,0.0,0.0,0.0,0.0,0.0,0.0,0.0,2.31,0.0,0.0,4.0,0.0,4.0,0.0,0.0,0.0,0.0,1.15,1.46,0.0,0.0,0.0,0.0,0.0,0.0,0.0,2.98
40211202,0.0,0.0,3.47,0.0,0.0,0.0,3.47,0.0,3.39,0.0,0.0,0.0,0.89,0.0,0.0,0.0,2.5,0.0,0.0,3.0,0.0,0.0,0.0,0.0,0.0,1.12,0.0,0.0,3.67,4.42,0.0,3.5,0.0,3.29,3.0,4.05,4.0,0.0,3.57,4.0,4.0,2.19,3.0,2.3,4.0,2.43,2.0,2.36,4.0,2.63,3.0,1.25,3.0,2.9,3.0,2.5,2.0,2.5,3.0,2.16,4.0,3.03,4.0,1.52,2.9,1.81,3.97,2.99,2.96,0.0,2.0,3.0,3.0,2.51,0.0,3.25,3.59,2.84,0.0,2.88,2.95,0.0,4.18,3.46,3.04,3.07,3.16,3.33,2.91,2.0,3.0,3.0,3.0,5.0,4.0,3.0,3.0,2.0,3.0,3.3,0.0,0.0,0.0,0.0,0.0,0.0,0.0,0.0,0.0,0.0,3.83,0.0,0.0,0.0,0.0,0.0,0.0,0.0,0.0,0.0,3.18,0.0,0.0,3.92,0.0,0.0,0.0,0.0,0.0,0.0,0.0,2.78,0.0,0.0,0.0,0.0,3.69,0.0,0.0,0.0,0.0,0.86,1.42,0.0,0.0,0.0,0.0,0.0,0.0,0.0,3.39
40211203,0.0,0.0,3.46,0.0,0.0,0.0,0.0,0.0,4.33,0.0,0.0,0.0,2.67,0.0,0.0,3.78,0.0,0.0,0.0,3.85,0.0,0.0,0.0,0.0,0.0,1.86,0.0,0.0,5.0,5.0,0.0,4.91,0.0,4.97,4.0,4.94,0.0,4.0,4.0,3.92,5.0,0.0,2.0,2.91,3.0,2.57,3.0,3.29,4.0,3.34,4.0,2.1,5.0,3.01,4.0,3.3,4.0,3.44,5.0,3.03,4.0,4.22,3.0,2.76,4.09,2.44,3.8,3.27,0.0,0.0,5.0,4.0,4.0,0.0,0.0,0.0,3.58,0.0,0.0,3.69,2.86,0.0,4.02,3.23,4.19,0.0,4.32,4.76,3.96,4.0,5.0,5.0,3.0,5.0,4.0,3.0,4.0,4.0,4.0,4.47,0.0,0.0,0.0,0.0,0.0,0.0,0.0,0.0,0.0,0.0,0.0,0.0,0.0,0.0,0.0,0.0,0.0,0.0,0.0,0.0,4.81,0.0,0.0,4.7,0.0,0.0,5.0,0.0,0.0,0.0,0.0,3.68,0.0,0.0,0.0,0.0,4.19,0.0,0.0,0.0,0.0,2.03,2.03,0.0,0.0,0.0,0.0,0.0,0.0,0.0,4.14
40211204,0.0,0.0,0.0,0.0,0.0,0.0,0.0,0.0,1.73,0.0,0.0,0.0,0.0,0.0,0.0,0.0,0.0,0.0,0.0,0.0,0.0,0.0,0.0,0.0,0.0,0.0,0.0,0.0,0.0,2.87,0.0,2.12,0.0,0.0,1.0,2.28,0.0,0.0,0.0,1.93,0.0,0.0,1.0,0.91,1.01,0.0,1.0,0.0,0.54,0.0,1.61,0.0,1.86,0.0,0.0,0.0,1.11,0.0,1.67,0.0,2.44,0.0,1.38,0.0,1.32,0.0,0.0,0.0,0.0,0.0,1.64,1.48,1.25,0.0,0.0,0.0,0.0,0.0,0.0,0.0,0.0,0.0,0.0,0.0,0.0,0.0,1.61,1.92,1.35,1.96,1.31,2.28,1.96,2.58,2.15,0.93,1.66,2.0,0.0,1.47,0.0,0.0,0.0,0.0,0.0,0.0,0.0,0.0,0.0,0.0,0.0,0.0,0.0,0.0,0.0,0.0,0.0,0.0,0.0,0.0,0.0,0.0,0.0,1.98,0.0,0.0,0.0,0.0,0.0,0.0,0.0,1.2,0.0,0.0,0.0,0.0,2.01,0.0,0.0,0.0,0.0,0.0,0.0,0.0,0.0,0.0,0.0,0.0,0.0,0.0,1.98
40211205,0.0,0.0,0.0,0.0,0.0,0.0,0.0,0.0,4.33,0.0,0.0,0.0,2.8,0.0,0.0,4.78,0.0,0.0,0.0,4.42,0.0,0.0,0.0,0.0,0.0,1.97,0.0,0.0,3.46,5.0,0.0,5.0,0.0,3.97,5.0,4.89,0.0,0.0,5.0,2.93,5.0,3.36,2.0,1.51,3.0,0.0,5.0,1.29,5.0,1.34,3.0,0.1,5.0,0.0,4.0,3.09,3.0,1.44,3.0,1.03,4.0,2.22,2.0,3.1,4.02,0.45,4.35,3.81,0.0,0.0,4.0,4.0,3.0,0.0,3.7,0.0,0.0,0.0,3.61,1.69,0.0,5.0,0.0,0.0,2.19,0.0,4.07,4.53,3.86,5.0,3.0,5.0,4.0,4.0,3.0,3.0,3.0,2.0,3.49,4.28,0.0,0.0,0.0,0.0,0.0,0.0,0.0,0.0,0.0,0.0,0.0,0.0,0.0,0.0,0.0,0.0,0.0,0.0,0.0,0.0,2.81,0.0,0.0,4.77,0.0,0.0,0.0,0.0,0.0,0.0,0.0,4.3,0.0,0.0,0.0,0.0,5.0,0.0,0.0,0.0,0.0,2.58,1.92,0.0,0.0,0.0,0.0,0.0,0.0,0.0,3.36
40211206,0.0,0.0,5.0,0.0,0.0,0.0,0.0,0.0,4.17,0.0,0.0,0.0,2.04,0.0,0.0,4.04,0.0,0.0,0.0,3.45,0.0,0.0,0.0,0.0,0.0,2.0,0.0,0.0,4.0,4.0,5.0,4.09,0.0,2.97,5.0,4.87,0.0,0.0,4.26,5.0,4.95,3.36,5.0,3.71,5.0,0.0,3.0,2.29,4.0,2.34,3.0,1.1,4.0,5.0,4.0,3.38,3.0,2.44,3.0,2.03,5.0,3.22,3.0,2.52,3.71,2.94,5.0,4.49,0.0,0.0,3.0,4.0,3.0,0.0,3.7,0.0,5.0,0.0,3.61,2.69,4.86,5.0,5.0,5.0,3.19,0.0,4.09,4.15,3.96,4.0,2.0,5.0,5.0,5.0,4.52,4.0,3.0,3.0,4.0,3.76,0.0,0.0,0.0,0.0,0.0,0.0,0.0,0.0,0.0,0.0,0.0,0.0,0.0,0.0,0.0,0.0,0.0,0.0,0.0,0.0,3.81,0.0,0.0,4.7,0.0,0.0,0.0,0.0,0.0,0.0,0.0,3.42,0.0,0.0,0.0,0.0,5.0,0.0,0.0,0.0,0.0,2.06,1.86,0.0,0.0,0.0,0.0,0.0,0.0,0.0,4.37
40211207,0.0,0.0,3.47,0.0,0.0,0.0,4.47,0.0,3.16,0.0,0.0,0.0,0.47,0.0,0.0,4.33,0.0,0.0,0.0,3.24,0.0,0.0,0.0,0.0,0.0,2.29,0.0,0.0,4.33,4.52,0.0,4.0,0.0,0.97,5.0,4.03,0.0,4.0,4.0,3.43,4.8,0.0,2.0,2.37,3.0,2.57,3.0,3.29,4.0,0.0,3.0,2.09,5.0,3.01,4.0,3.29,4.0,3.43,3.0,0.0,5.0,4.21,4.0,0.72,3.02,2.44,3.81,3.27,3.44,0.0,1.0,4.0,3.0,0.0,0.0,3.83,3.59,0.0,0.0,0.0,2.86,0.0,4.02,3.23,4.18,0.0,3.85,3.46,2.88,4.0,4.0,5.0,5.0,5.0,5.0,3.24,4.0,4.0,4.0,1.83,0.0,0.0,0.0,0.0,0.0,0.0,0.0,0.0,0.0,0.0,0.0,0.0,0.0,0.0,0.0,0.0,0.0,0.0,0.0,0.0,4.81,0.0,0.0,3.91,0.0,0.0,0.0,0.0,0.0,0.0,0.0,3.37,0.0,0.0,0.0,0.0,4.0,0.0,0.0,0.0,0.0,1.79,1.7,0.0,0.0,0.0,0.0,0.0,0.0,0.0,4.24
40211208,0.0,0.0,1.47,0.0,0.0,0.0,2.47,0.0,2.18,0.0,0.0,0.0,0.91,0.0,0.0,2.04,0.0,0.0,0.0,1.84,0.0,0.0,0.0,0.0,0.0,0.12,0.0,0.0,3.26,3.33,0.0,2.64,0.0,3.97,3.0,2.79,0.0,0.0,2.49,1.93,3.62,1.89,1.0,0.9,1.0,2.58,1.0,1.96,1.0,3.02,3.0,0.09,1.0,1.54,2.0,1.91,1.0,2.33,1.0,2.71,3.0,2.21,2.0,2.0,1.92,0.92,2.2,1.82,2.49,2.56,4.0,2.0,1.0,0.0,2.15,1.83,2.05,3.17,2.0,3.38,1.41,3.9,2.02,1.23,2.18,3.17,1.63,2.73,2.1,2.0,1.0,2.0,2.0,2.0,3.0,2.0,1.0,3.0,2.0,3.04,0.0,0.0,0.0,0.0,0.0,0.0,0.0,0.0,0.0,0.0,0.0,0.0,0.0,0.0,0.0,0.0,0.0,0.0,0.0,0.0,2.81,0.0,0.0,2.17,0.0,0.0,0.0,0.0,0.0,0.0,0.0,1.58,0.0,0.0,0.0,0.0,2.68,0.0,0.0,0.0,1.0,0.48,1.0,0.0,0.0,0.0,0.0,0.0,0.0,0.0,3.0
40211209,0.0,0.0,2.47,0.0,0.0,0.0,4.47,0.0,2.4,0.0,0.0,0.0,1.0,0.0,0.0,0.78,0.0,0.0,0.0,1.87,0.0,0.0,0.0,0.0,0.0,1.0,0.0,0.0,3.59,3.19,0.0,3.08,0.0,0.0,2.0,3.22,0.0,0.0,2.4,1.92,3.07,1.98,1.0,2.47,1.0,1.58,1.0,2.66,1.0,2.17,2.0,1.54,1.0,1.76,3.0,2.72,3.0,2.61,2.0,1.88,3.0,3.68,3.0,1.0,2.2,1.29,2.85,2.35,2.63,1.56,3.0,2.0,1.0,0.0,2.37,3.83,2.51,2.17,2.31,2.58,1.08,2.0,2.02,2.0,3.8,2.17,2.35,2.79,2.3,1.0,1.0,4.0,2.0,1.0,4.0,2.0,2.0,3.0,4.0,2.22,0.0,0.0,0.0,0.0,0.0,0.0,0.0,0.0,0.0,0.0,0.0,0.0,0.0,0.0,0.0,0.0,0.0,0.0,0.0,0.0,4.18,0.0,0.0,2.33,0.0,0.0,0.0,0.0,0.0,0.0,0.0,1.59,0.0,0.0,0.0,0.0,2.68,0.0,0.0,0.0,0.0,0.58,1.0,0.0,0.0,0.0,0.0,0.0,0.0,0.0,2.35
40211211,0.0,0.0,3.47,0.0,0.0,0.0,3.47,0.0,3.0,0.0,0.0,0.0,1.38,0.0,0.0,3.5,0.0,4.0,0.0,3.33,0.0,0.0,0.0,0.0,0.0,1.39,3.0,0.0,4.7,4.68,0.0,3.89,0.0,3.97,5.0,4.34,0.0,4.0,4.0,4.93,5.0,2.36,4.0,2.97,4.0,2.57,1.0,2.29,4.0,0.0,3.0,1.09,5.0,3.24,3.0,2.58,2.0,2.43,3.0,0.0,4.0,3.21,3.0,2.44,3.3,2.62,3.74,3.1,2.44,0.0,4.0,4.0,4.0,0.0,2.7,2.83,3.59,0.0,2.61,0.0,3.86,4.18,5.0,3.46,3.18,0.0,3.62,3.93,3.28,3.0,3.0,5.0,3.0,5.0,4.17,2.88,3.6,3.78,3.0,3.86,0.0,0.0,0.0,0.0,0.0,0.0,0.0,0.0,0.0,0.0,0.0,0.0,0.0,0.0,0.0,0.0,0.0,0.0,0.0,0.0,3.81,2.0,0.0,4.0,0.0,0.0,0.0,0.0,0.0,0.0,5.0,2.85,0.0,0.0,5.0,0.0,4.0,0.0,0.0,0.0,0.0,1.49,1.48,0.0,0.0,0.0,0.0,0.0,0.0,0.0,4.17
40211213,0.0,0.0,2.26,0.0,0.0,0.0,0.0,0.0,2.07,0.0,1.66,0.0,0.0,1.0,0.0,4.04,0.0,0.0,0.0,2.01,0.0,0.0,0.0,0.0,0.0,0.81,0.0,0.0,2.96,3.55,0.0,2.44,0.0,2.92,2.0,3.18,3.86,0.0,4.0,2.16,3.32,1.45,1.0,1.88,1.0,2.34,1.0,2.27,1.0,2.54,3.0,1.26,2.0,2.0,1.0,1.64,1.0,0.0,1.0,2.41,5.0,3.49,4.0,1.41,2.23,1.12,2.15,1.64,2.84,1.85,1.0,4.0,3.0,1.89,1.19,3.02,2.24,2.68,1.16,3.08,1.49,2.87,2.21,1.94,3.4,2.7,3.0,2.96,2.17,4.0,2.0,4.0,3.0,4.0,4.0,1.81,3.0,5.0,2.82,1.58,0.0,0.0,0.0,0.0,0.0,2.54,0.0,0.0,0.0,4.0,0.0,0.0,0.0,0.0,0.0,2.37,0.0,0.0,0.0,0.0,0.0,0.0,0.0,1.89,0.0,0.0,0.0,3.12,0.0,0.0,0.0,1.96,0.0,0.0,0.0,0.0,2.02,0.0,0.0,0.0,0.0,0.74,0.78,0.0,0.0,0.0,2.36,0.0,0.0,0.0,2.62
40211214,0.0,0.0,1.47,0.0,0.0,0.0,2.47,0.0,2.01,0.0,0.0,0.0,0.33,0.0,0.0,3.78,0.0,0.0,0.0,1.84,0.0,0.0,0.0,0.0,0.0,0.54,0.0,0.0,3.4,3.25,0.0,2.29,0.0,0.0,2.0,2.43,0.0,0.0,3.2,0.0,3.02,1.36,4.0,1.76,4.0,0.0,1.0,1.96,2.0,3.34,2.0,1.2,2.0,1.02,2.0,1.89,1.0,2.64,1.0,3.03,4.0,3.29,1.0,1.6,1.47,1.63,2.13,1.56,1.44,0.0,3.0,3.0,1.0,0.0,1.7,1.83,1.59,0.0,1.61,3.69,0.0,3.18,0.0,1.23,2.94,0.0,2.0,2.08,1.56,4.0,2.0,2.0,3.0,3.0,3.0,2.0,2.0,4.0,2.0,1.98,0.0,0.0,0.0,0.0,0.0,0.0,0.0,0.0,0.0,0.0,0.0,0.0,0.0,0.0,0.0,0.0,0.0,0.0,0.0,0.0,4.08,0.0,0.0,2.12,0.0,0.0,0.0,0.0,0.0,0.0,0.0,1.59,0.0,0.0,0.0,0.0,2.45,0.0,0.0,0.0,0.0,0.58,0.29,0.0,0.0,0.0,0.0,0.0,0.0,0.0,4.0
40211215,0.0,0.0,2.47,0.0,0.0,0.0,4.47,0.0,1.86,0.0,0.0,0.0,0.0,0.0,0.0,3.33,0.0,0.0,0.0,1.43,0.0,2.0,0.0,0.0,0.0,0.48,0.0,0.0,3.2,2.88,0.0,2.55,0.0,1.97,1.0,3.01,0.0,0.0,3.17,1.93,2.65,0.36,1.0,1.86,1.0,0.0,1.0,2.96,1.0,2.34,2.0,1.54,2.0,1.0,1.0,2.04,1.0,2.83,2.0,2.03,4.0,3.68,3.0,0.7,1.91,1.32,2.16,1.74,3.44,0.0,2.0,3.0,1.0,0.0,0.7,3.83,2.59,0.0,0.61,2.69,0.86,2.18,2.02,2.0,3.8,0.0,1.85,2.56,1.87,1.0,1.0,3.0,2.0,1.0,2.0,2.0,2.0,3.0,4.0,1.71,0.0,0.0,0.0,0.0,0.0,0.0,0.0,0.0,0.0,0.0,0.0,0.0,0.0,0.0,0.0,0.0,0.0,0.0,0.0,0.0,4.18,0.0,0.0,1.9,0.0,0.0,0.0,0.0,0.0,0.0,0.0,1.82,0.0,0.0,0.0,0.0,1.83,0.0,0.0,0.0,0.0,2.0,1.0,0.0,0.0,0.0,0.0,0.0,0.0,0.0,3.0
40211216,0.0,0.0,3.97,0.0,0.0,0.0,4.47,0.0,3.9,0.0,0.0,0.0,2.09,0.0,0.0,4.04,0.0,0.0,0.0,3.66,0.0,0.0,0.0,0.0,0.0,2.31,0.0,0.0,4.0,5.0,5.0,4.0,0.0,3.97,3.0,4.43,0.0,0.0,4.45,4.43,4.88,3.36,3.0,2.9,4.0,0.0,2.0,3.29,2.0,0.0,4.0,2.09,5.0,3.62,4.0,3.58,4.0,3.43,3.0,0.0,5.0,4.21,4.0,2.55,3.49,3.03,4.37,3.79,3.44,0.0,4.0,4.0,5.0,0.0,3.7,3.83,4.09,0.0,3.61,0.0,3.86,5.0,5.0,3.84,4.18,0.0,3.73,4.07,3.63,4.0,3.0,5.0,5.0,5.0,4.57,3.32,5.0,4.35,4.0,3.9,0.0,0.0,0.0,0.0,0.0,0.0,0.0,0.0,0.0,0.0,0.0,0.0,0.0,0.0,0.0,0.0,0.0,0.0,0.0,0.0,4.81,0.0,0.0,3.96,0.0,0.0,0.0,0.0,0.0,0.0,0.0,3.57,0.0,0.0,0.0,0.0,4.37,0.0,0.0,0.0,0.0,1.86,2.17,0.0,0.0,0.0,0.0,0.0,0.0,0.0,4.31
40211217,0.0,0.0,4.47,0.0,0.0,0.0,4.47,0.0,4.56,0.0,0.0,0.0,0.0,0.0,0.0,5.0,0.0,0.0,0.0,3.9,0.0,0.0,0.0,0.0,0.0,2.47,0.0,0.0,5.0,5.0,0.0,4.74,0.0,0.0,5.0,5.0,0.0,4.0,4.0,5.0,5.0,0.0,5.0,3.69,5.0,2.57,4.0,3.29,3.0,3.34,3.0,2.1,5.0,4.24,5.0,3.29,3.0,3.43,3.0,3.03,5.0,4.22,3.0,3.01,3.97,3.18,4.97,4.27,3.44,0.0,5.0,4.0,4.0,0.0,0.0,3.83,4.59,0.0,0.0,3.69,4.86,0.0,5.0,4.46,4.18,0.0,4.52,4.52,4.04,5.0,3.0,5.0,4.0,5.0,5.0,4.0,4.0,4.0,4.0,4.78,0.0,0.0,0.0,0.0,0.0,0.0,0.0,0.0,0.0,0.0,0.0,0.0,0.0,0.0,0.0,0.0,0.0,0.0,0.0,0.0,4.81,0.0,0.0,5.0,0.0,0.0,0.0,0.0,0.0,0.0,0.0,4.03,0.0,0.0,0.0,0.0,5.0,0.0,0.0,0.0,0.0,2.68,2.28,0.0,0.0,0.0,0.0,0.0,0.0,0.0,4.74
40211218,0.0,0.0,0.0,0.0,0.0,0.0,0.0,0.0,3.31,0.0,0.0,0.0,1.89,0.0,0.0,0.0,0.0,0.0,0.0,0.0,0.0,0.0,0.0,0.0,0.0,2.37,0.0,0.0,0.0,4.74,0.0,3.67,0.0,0.0,5.0,3.09,0.0,0.0,0.0,1.93,5.0,0.0,1.0,0.91,2.37,0.0,3.0,0.0,2.41,0.0,2.82,0.0,3.64,0.0,4.63,0.0,1.11,0.0,2.53,0.0,4.23,0.0,2.84,3.47,2.52,0.0,0.0,0.0,0.0,0.0,3.46,3.0,2.96,0.0,0.0,0.0,0.0,0.0,0.0,0.0,0.0,0.0,0.0,0.0,0.0,0.0,3.17,3.56,2.55,3.73,2.43,4.03,3.8,4.14,4.0,2.72,3.19,2.0,0.0,4.39,0.0,0.0,0.0,0.0,0.0,0.0,0.0,0.0,0.0,0.0,0.0,0.0,0.0,0.0,0.0,0.0,0.0,0.0,0.0,0.0,0.0,0.0,0.0,3.56,0.0,0.0,0.0,0.0,0.0,0.0,0.0,3.2,0.0,0.0,0.0,0.0,4.87,0.0,0.0,0.0,0.0,2.54,1.85,0.0,0.0,0.0,0.0,0.0,0.0,0.0,3.56
40211219,0.0,0.0,0.0,0.0,0.0,0.0,0.0,0.0,3.51,0.0,0.0,0.0,0.0,0.0,0.0,2.78,0.0,0.0,0.0,2.97,0.0,0.0,0.0,0.0,0.0,1.83,0.0,0.0,4.78,4.64,0.0,4.24,0.0,0.0,4.0,4.07,0.0,4.0,3.46,4.93,4.52,0.0,4.0,3.91,4.0,0.0,2.0,0.0,2.0,0.0,4.0,0.0,4.0,0.0,2.0,0.0,3.0,0.0,2.0,0.0,3.0,0.0,4.0,1.88,3.07,0.0,0.0,0.0,0.0,0.0,3.0,4.0,4.0,0.0,0.0,0.0,0.0,0.0,0.0,0.0,0.0,0.0,0.0,0.0,0.0,0.0,3.32,3.86,3.64,3.0,3.0,4.0,4.0,5.0,4.0,2.91,4.0,4.18,4.0,3.57,0.0,0.0,0.0,0.0,0.0,0.0,0.0,0.0,0.0,0.0,0.0,0.0,0.0,0.0,0.0,0.0,0.0,0.0,0.0,0.0,0.0,0.0,0.0,3.7,4.0,0.0,0.0,0.0,0.0,0.0,0.0,2.95,0.0,0.0,0.0,0.0,4.31,0.0,0.0,0.0,0.0,1.93,1.53,0.0,0.0,0.0,0.0,0.0,0.0,0.0,4.0
40211220,0.0,0.0,3.17,0.0,0.0,0.0,3.47,0.0,4.09,0.0,0.0,0.0,2.02,0.0,0.0,4.58,0.0,0.0,0.0,3.69,0.0,0.0,0.0,0.0,0.0,2.14,0.0,0.0,5.0,5.0,5.0,4.37,0.0,3.48,5.0,4.72,5.0,0.0,4.61,5.0,5.0,3.22,5.0,3.09,5.0,0.0,4.0,2.29,4.0,3.14,4.0,1.43,5.0,2.78,5.0,2.69,3.0,2.43,4.0,2.62,4.0,3.51,4.0,2.77,3.71,1.86,3.47,2.94,3.24,0.0,3.0,4.0,3.0,0.0,0.0,3.33,3.24,3.87,0.0,3.24,3.26,0.0,4.42,3.03,3.59,3.87,4.0,4.36,3.9,5.0,4.0,5.0,4.0,5.0,5.0,3.4,4.03,3.0,3.0,3.4,0.0,0.0,0.0,0.0,0.0,3.54,0.0,0.0,0.0,0.0,0.0,0.0,0.0,0.0,0.0,3.37,0.0,0.0,0.0,0.0,3.81,0.0,0.0,5.0,0.0,0.0,0.0,4.37,0.0,0.0,0.0,3.68,0.0,0.0,0.0,0.0,5.0,0.0,0.0,0.0,0.0,2.51,1.99,0.0,0.0,0.0,3.54,0.0,0.0,0.0,4.55
40211222,0.0,0.0,4.47,0.0,0.0,0.0,4.47,0.0,4.7,0.0,0.0,0.0,2.09,0.0,0.0,4.78,0.0,0.0,0.0,4.27,0.0,0.0,0.0,0.0,0.0,2.16,0.0,0.0,4.84,5.0,0.0,4.6,0.0,3.97,5.0,5.0,0.0,0.0,4.72,5.0,5.0,3.36,5.0,3.43,5.0,0.0,2.0,2.96,4.0,2.34,3.0,1.54,4.0,4.24,4.0,3.35,5.0,2.83,5.0,2.03,4.0,3.68,3.0,2.9,4.08,2.81,4.74,4.1,3.44,0.0,4.0,4.0,4.0,0.0,3.7,3.83,4.59,0.0,3.61,2.69,4.86,5.0,5.0,4.46,3.8,0.0,4.67,4.7,3.96,5.0,5.0,5.0,5.0,5.0,4.89,4.0,4.0,3.0,4.0,4.1,0.0,0.0,0.0,0.0,0.0,0.0,0.0,0.0,0.0,0.0,0.0,0.0,0.0,0.0,0.0,0.0,0.0,0.0,0.0,0.0,4.18,0.0,0.0,5.0,0.0,0.0,0.0,0.0,0.0,0.0,0.0,3.91,0.0,0.0,0.0,0.0,4.85,0.0,0.0,0.0,0.0,2.24,2.25,0.0,0.0,0.0,0.0,0.0,0.0,0.0,4.71
40211223,0.0,0.0,3.94,0.0,0.0,0.0,3.47,0.0,4.42,0.0,0.0,0.0,3.02,0.0,0.0,4.33,3.5,0.0,0.0,4.11,0.0,0.0,0.0,0.0,0.0,2.5,0.0,0.0,5.0,5.0,0.0,4.96,0.0,3.78,4.0,4.84,4.0,0.0,4.0,5.0,5.0,2.96,4.0,2.88,5.0,2.82,5.0,2.91,4.0,3.6,3.0,1.88,5.0,3.48,5.0,2.92,4.0,3.2,3.0,3.01,5.0,3.93,4.0,2.41,3.9,2.71,4.46,3.53,3.27,0.0,4.0,4.0,5.0,3.26,0.0,3.54,4.06,3.52,0.0,3.7,3.52,0.0,5.0,3.93,3.86,3.45,4.0,4.44,4.08,4.0,4.0,5.0,4.0,5.0,5.0,3.65,4.0,4.0,3.0,4.19,0.0,0.0,0.0,0.0,0.0,3.54,0.0,0.0,0.0,0.0,4.83,0.0,0.0,0.0,0.0,3.37,0.0,0.0,0.0,0.0,4.45,0.0,0.0,4.73,0.0,0.0,5.0,4.37,0.0,0.0,0.0,4.03,0.0,0.0,0.0,0.0,5.0,0.0,0.0,0.0,0.0,2.78,2.33,0.0,0.0,0.0,3.54,0.0,0.0,0.0,4.37
40211224,0.0,0.0,0.97,0.0,0.0,0.0,1.47,0.0,1.96,0.0,0.0,0.0,0.84,0.0,0.0,2.33,0.0,0.0,0.0,1.74,0.0,0.0,0.0,0.0,0.0,0.33,0.0,0.0,2.76,3.18,0.0,2.26,0.0,2.99,2.0,2.66,0.0,0.0,1.51,1.92,2.55,1.67,2.0,1.23,1.0,1.92,1.0,1.52,1.0,2.32,1.0,0.2,1.0,1.2,2.0,1.7,2.0,1.98,1.0,2.04,3.0,2.29,3.0,1.0,1.71,0.82,2.05,1.59,1.49,1.69,3.0,2.0,1.0,0.0,1.93,0.83,1.88,2.17,1.87,2.58,1.08,4.0,2.02,0.84,1.94,2.17,1.41,2.43,2.0,2.0,1.0,3.0,2.0,2.0,3.0,3.0,3.0,3.0,1.0,2.56,0.0,0.0,0.0,0.0,0.0,0.0,0.0,0.0,0.0,0.0,0.0,0.0,0.0,0.0,0.0,0.0,0.0,0.0,0.0,0.0,3.08,0.0,0.0,1.83,0.0,0.0,0.0,0.0,0.0,0.0,0.0,1.26,0.0,0.0,0.0,0.0,2.49,0.0,0.0,0.0,0.0,1.2,1.0,1.0,0.0,0.0,0.0,0.0,0.0,0.0,2.11
40211225,0.0,0.0,2.46,0.0,0.0,0.0,4.47,0.0,2.72,0.0,1.66,0.0,0.0,0.0,0.0,4.33,0.0,0.0,0.0,2.25,0.0,0.0,0.0,0.0,0.0,1.29,0.0,0.0,3.74,3.89,0.0,3.06,0.0,1.54,3.0,3.44,3.61,4.0,4.0,2.92,3.29,1.06,3.0,2.67,1.0,1.87,1.0,3.07,2.0,2.79,3.0,1.81,2.0,2.0,1.0,2.22,3.0,3.43,4.0,3.03,4.0,4.11,3.0,0.96,2.48,1.65,2.3,1.83,3.44,1.85,1.0,4.0,3.0,1.89,1.19,3.47,2.59,2.46,1.16,3.69,0.86,2.87,2.02,2.06,3.95,2.46,2.81,3.14,2.38,4.0,2.0,4.0,3.0,5.0,3.0,3.0,5.0,4.0,4.0,1.44,0.0,0.0,0.0,0.0,0.0,0.0,0.0,0.0,0.0,0.0,0.0,0.0,0.0,0.0,0.0,0.0,0.0,0.0,0.0,0.0,4.81,0.0,0.0,2.77,0.0,0.0,5.0,2.96,0.0,0.0,0.0,2.12,0.0,0.0,0.0,0.0,2.35,0.0,0.0,0.0,0.0,1.27,1.17,0.0,0.0,0.0,2.12,0.0,0.0,0.0,3.34
40211226,0.0,0.0,3.97,0.0,0.0,0.0,3.47,0.0,4.25,0.0,0.0,0.0,1.84,0.0,0.0,2.78,0.0,0.0,0.0,3.82,0.0,0.0,0.0,0.0,0.0,2.43,0.0,0.0,5.0,5.0,0.0,4.41,0.0,3.97,5.0,4.44,0.0,4.0,4.0,5.0,5.0,2.36,5.0,1.9,5.0,2.57,4.0,2.29,5.0,0.0,4.0,1.09,5.0,3.85,3.0,2.58,4.0,2.43,4.0,0.0,4.0,3.21,4.0,2.43,3.51,3.21,4.11,3.42,2.44,0.0,4.0,4.0,5.0,0.0,2.7,2.83,4.09,0.0,2.61,0.0,4.86,4.18,5.0,4.07,3.18,0.0,3.75,4.06,3.68,3.0,3.0,4.0,5.0,5.0,4.77,3.43,4.13,4.34,3.0,4.04,0.0,0.0,0.0,0.0,0.0,0.0,0.0,0.0,0.0,0.0,0.0,0.0,0.0,0.0,0.0,0.0,0.0,0.0,0.0,0.0,3.81,0.0,0.0,4.49,0.0,0.0,0.0,0.0,0.0,0.0,0.0,3.92,0.0,0.0,0.0,0.0,4.82,0.0,0.0,0.0,0.0,2.6,2.06,0.0,0.0,0.0,0.0,0.0,0.0,0.0,4.53
40211227,0.0,0.0,3.46,0.0,0.0,0.0,0.0,0.0,3.76,0.0,3.78,0.0,0.33,0.0,0.0,3.5,0.0,0.0,0.0,3.61,0.0,0.0,0.0,0.0,0.0,1.75,0.0,0.0,5.0,4.9,0.0,4.29,0.0,4.78,3.0,4.24,5.0,4.0,4.0,4.14,5.0,2.72,1.0,4.01,3.0,4.0,1.0,4.4,5.0,0.0,3.0,0.0,5.0,3.4,2.0,2.53,3.0,0.0,5.0,0.0,4.0,0.0,4.0,1.84,3.46,2.43,3.08,2.49,0.0,3.97,3.0,4.0,4.0,4.01,2.23,0.0,3.58,4.58,2.1,0.0,2.86,4.63,4.05,3.53,0.0,0.0,3.94,3.93,2.87,3.0,3.0,4.0,4.0,5.0,5.0,3.06,4.0,4.39,3.0,2.88,0.0,0.0,0.0,0.0,0.0,0.0,0.0,0.0,0.0,0.0,0.0,0.0,0.0,0.0,0.0,0.0,0.0,0.0,0.0,0.0,0.0,0.0,0.0,4.15,0.0,0.0,0.0,0.0,0.0,0.0,0.0,3.26,4.08,0.0,0.0,0.0,3.0,0.0,0.0,0.0,2.0,1.12,1.75,0.0,0.0,0.0,0.0,0.0,0.0,0.0,4.14
40211228,0.0,0.0,4.46,0.0,0.0,0.0,0.0,0.0,3.92,0.0,0.0,0.0,2.56,0.0,0.0,3.78,0.0,0.0,0.0,3.37,0.0,0.0,0.0,0.0,0.0,1.97,0.0,0.0,4.0,4.0,5.0,4.0,0.0,0.0,5.0,4.66,0.0,0.0,4.13,4.93,4.99,3.36,4.0,3.91,4.0,0.0,3.0,0.0,3.0,0.0,3.0,0.0,4.0,4.01,4.0,3.83,3.0,0.0,3.0,0.0,4.0,0.0,4.0,2.65,3.54,3.43,4.58,4.02,0.0,0.0,4.0,4.0,3.0,0.0,3.7,0.0,4.58,0.0,3.61,0.0,3.86,5.0,5.0,4.23,0.0,0.0,3.91,4.13,3.72,4.0,3.0,5.0,4.0,5.0,4.43,3.21,3.84,3.82,3.0,4.28,0.0,0.0,0.0,0.0,0.0,0.0,0.0,0.0,0.0,0.0,0.0,0.0,0.0,0.0,0.0,0.0,0.0,0.0,0.0,0.0,0.0,0.0,2.0,4.41,0.0,0.0,0.0,0.0,0.0,0.0,0.0,3.27,0.0,0.0,0.0,0.0,5.0,0.0,0.0,0.0,0.0,2.43,1.8,0.0,0.0,0.0,0.0,0.0,0.0,0.0,4.36
40211229,0.0,0.0,2.47,0.0,0.0,0.0,3.47,0.0,2.56,0.0,0.0,0.0,1.32,0.0,0.0,2.5,0.0,0.0,0.0,1.98,0.0,0.0,0.0,0.0,0.0,0.96,0.0,0.0,3.2,3.65,0.0,2.79,0.0,2.97,4.0,3.22,0.0,0.0,2.63,2.93,3.36,0.0,2.0,1.9,1.0,0.0,1.0,2.29,1.0,0.0,2.0,1.09,2.0,2.02,2.0,2.29,1.0,2.43,2.0,0.0,4.0,3.21,2.0,1.38,2.18,1.44,2.81,2.28,2.44,0.0,3.0,3.0,1.0,0.0,0.0,2.83,2.59,0.0,0.0,0.0,0.0,0.0,0.0,2.23,3.18,0.0,2.21,2.89,2.36,2.0,1.0,3.0,4.0,5.0,3.0,2.0,1.0,4.0,3.0,2.94,0.0,0.0,0.0,0.0,0.0,0.0,0.0,0.0,0.0,0.0,0.0,0.0,0.0,0.0,0.0,0.0,0.0,0.0,0.0,0.0,3.81,0.0,0.0,2.68,0.0,0.0,0.0,0.0,0.0,0.0,0.0,2.13,0.0,0.0,0.0,0.0,4.31,0.0,0.0,0.0,0.0,1.41,1.0,0.0,0.0,0.0,0.0,0.0,0.0,0.0,4.0
40211230,0.0,0.0,0.0,0.0,0.0,0.0,0.0,0.0,4.28,0.0,0.0,0.0,2.08,0.0,0.0,4.58,2.0,0.0,0.0,4.0,0.0,0.0,0.0,0.0,0.0,2.21,0.0,0.0,4.0,5.0,5.0,4.0,0.0,2.97,5.0,4.89,0.0,0.0,5.0,4.93,4.92,3.36,4.0,2.68,3.0,0.0,2.0,0.0,4.0,0.0,4.0,0.0,5.0,0.0,4.0,3.83,4.0,0.0,3.0,0.0,4.0,0.0,3.0,2.77,3.94,0.0,4.35,3.81,0.0,0.0,3.0,4.0,4.0,0.0,3.7,0.0,0.0,0.0,3.61,0.0,0.0,5.0,0.0,0.0,0.0,0.0,4.64,4.53,3.97,5.0,3.0,5.0,4.0,5.0,4.7,3.55,4.2,4.07,4.0,3.59,0.0,0.0,0.0,0.0,0.0,0.0,0.0,0.0,0.0,0.0,3.33,0.0,0.0,0.0,0.0,0.0,0.0,0.0,0.0,0.0,0.0,0.0,4.0,5.0,0.0,0.0,0.0,0.0,0.0,0.0,0.0,3.14,0.0,0.0,0.0,0.0,4.99,0.0,0.0,0.0,0.0,2.72,2.2,0.0,0.0,0.0,0.0,0.0,0.0,0.0,4.6
40211231,0.0,0.0,0.0,0.0,0.0,0.0,0.0,0.0,1.74,0.0,0.0,0.0,0.0,0.0,0.0,0.0,0.0,0.0,0.0,1.36,0.0,0.0,0.0,0.0,0.0,0.04,0.0,0.0,0.0,2.77,0.0,2.56,0.0,0.0,2.0,2.23,0.0,0.0,1.63,1.93,2.96,0.0,1.0,0.91,1.0,0.0,1.0,0.0,1.0,0.0,1.0,0.0,2.01,0.0,1.63,0.0,0.77,0.0,1.34,0.0,2.58,0.0,1.41,0.19,1.27,0.0,0.0,0.0,0.0,0.0,1.0,1.54,1.36,0.0,0.0,0.0,0.0,0.0,0.0,0.0,0.0,0.0,0.0,0.0,0.0,0.0,1.82,1.96,1.22,1.99,1.25,2.45,2.03,2.59,2.38,1.07,1.62,2.0,0.0,1.67,0.0,0.0,0.0,0.0,0.0,0.0,0.0,0.0,0.0,0.0,0.0,0.0,0.0,0.0,0.0,0.0,0.0,0.0,0.0,0.0,0.0,0.0,0.0,2.19,0.0,0.0,0.0,0.0,0.0,0.0,0.0,0.0,0.0,0.0,0.0,0.0,2.31,0.0,0.0,0.0,0.0,0.14,0.0,0.0,0.0,0.0,0.0,0.0,0.0,0.0,2.06
40211232,0.0,0.0,1.46,0.0,0.0,0.0,0.0,0.0,1.55,0.0,0.0,0.0,0.33,0.0,0.0,0.0,0.0,0.0,0.0,1.47,0.0,0.0,0.0,0.0,0.0,0.43,0.0,0.0,2.69,2.94,0.0,3.05,0.0,0.0,1.0,2.53,0.0,0.0,0.0,1.93,2.5,0.36,1.0,0.91,1.0,0.0,3.0,0.0,1.0,0.0,3.0,0.0,4.0,1.01,1.0,0.83,0.94,0.0,1.97,0.0,2.64,0.0,1.78,0.0,1.68,0.43,1.58,1.02,0.0,0.0,4.0,1.39,1.47,0.0,0.7,0.0,1.58,0.0,0.61,0.0,0.86,2.18,2.02,1.23,0.0,0.0,1.51,2.18,1.69,2.0,2.0,2.06,2.15,2.72,2.37,1.19,1.79,2.0,1.54,1.47,0.0,0.0,0.0,0.0,0.0,0.0,0.0,0.0,0.0,0.0,0.0,0.0,0.0,0.0,0.0,0.0,0.0,0.0,0.0,0.0,0.0,0.0,0.0,1.81,0.0,0.0,0.0,0.0,0.0,0.0,0.0,2.38,0.0,0.0,0.0,0.0,2.02,0.0,0.0,0.0,0.0,0.39,0.12,0.0,0.0,0.0,0.0,0.0,0.0,0.0,1.55
40211233,0.0,0.0,0.0,0.0,0.0,0.0,0.0,0.0,2.28,0.0,0.0,0.0,0.62,0.0,0.0,2.5,0.0,0.0,0.0,1.76,0.0,2.0,0.0,0.0,0.0,1.0,0.0,0.0,3.42,3.27,0.0,2.64,0.0,2.97,3.0,3.05,0.0,0.0,2.33,1.93,3.7,1.36,1.0,1.3,1.0,0.0,1.0,2.29,2.0,2.34,2.0,1.1,2.0,0.0,2.0,1.96,1.0,2.44,1.0,2.03,4.0,3.22,2.0,1.1,2.02,1.45,2.35,1.81,0.0,0.0,3.0,3.0,1.0,0.0,1.7,0.0,0.0,0.0,1.61,2.69,0.0,3.18,0.0,0.0,3.19,0.0,2.13,2.68,1.94,2.0,1.0,4.0,2.0,3.0,3.0,1.0,3.0,3.0,2.0,2.62,0.0,0.0,0.0,0.0,0.0,0.0,0.0,0.0,0.0,0.0,0.0,0.0,0.0,0.0,0.0,0.0,0.0,0.0,0.0,0.0,3.81,0.0,0.0,2.46,0.0,0.0,0.0,0.0,0.0,0.0,0.0,1.69,0.0,0.0,0.0,0.0,2.8,0.0,0.0,0.0,0.0,1.0,1.0,0.0,0.0,0.0,0.0,0.0,0.0,0.0,2.44
40211234,0.0,0.0,3.46,0.0,0.0,0.0,0.0,0.0,3.47,0.0,0.0,0.0,2.62,0.0,0.0,3.78,3.5,0.0,0.0,3.4,0.0,0.0,0.0,0.0,0.0,1.93,0.0,0.0,4.74,4.76,0.0,4.62,0.0,3.91,4.0,3.9,4.0,4.0,4.23,3.0,5.0,3.27,1.0,2.1,3.0,2.77,3.0,2.82,4.0,2.75,3.0,1.52,5.0,3.14,4.0,3.02,3.0,2.89,1.0,2.46,4.0,3.24,4.0,2.64,3.12,1.94,4.08,3.58,3.05,0.0,5.0,4.0,3.0,2.8,3.7,3.6,3.58,3.83,3.61,3.16,2.63,5.0,3.98,3.23,3.21,3.19,3.45,3.84,3.26,4.0,4.0,4.0,4.0,5.0,5.0,2.87,4.0,3.0,4.0,4.37,0.0,0.0,0.0,0.0,0.0,0.0,0.0,0.0,0.0,0.0,4.83,0.0,0.0,0.0,0.0,0.0,0.0,0.0,0.0,0.0,3.81,0.0,0.0,3.55,0.0,0.0,5.0,0.0,0.0,0.0,0.0,3.33,0.0,0.0,0.0,0.0,4.35,0.0,0.0,0.0,2.0,1.78,1.81,0.0,0.0,0.0,0.0,0.0,0.0,0.0,3.68
40211235,0.0,0.0,2.47,0.0,0.0,0.0,3.47,0.0,3.23,0.0,0.0,0.0,1.32,0.0,0.0,4.33,2.81,0.0,0.0,3.17,0.0,0.0,0.0,0.0,0.0,1.43,0.0,0.0,4.45,4.57,0.0,3.83,0.0,2.97,3.0,3.74,0.0,0.0,4.14,2.43,4.17,1.0,1.0,1.87,2.0,0.0,1.0,2.29,2.0,0.0,4.0,1.09,4.0,2.01,4.0,2.29,3.0,2.43,3.0,0.0,4.0,3.21,4.0,2.1,2.9,1.44,2.81,2.27,2.44,0.0,3.0,4.0,4.0,0.0,0.0,2.83,2.59,0.0,0.0,0.0,1.86,0.0,3.02,2.23,3.18,0.0,2.84,3.52,2.85,4.0,2.0,4.0,3.0,5.0,3.0,2.0,3.0,3.53,3.0,2.92,0.0,0.0,0.0,0.0,0.0,0.0,0.0,0.0,0.0,0.0,4.14,0.0,0.0,0.0,0.0,0.0,0.0,0.0,0.0,0.0,3.81,0.0,0.0,2.73,0.0,0.0,0.0,0.0,0.0,0.0,0.0,3.0,0.0,0.0,0.0,0.0,3.13,0.0,0.0,0.0,0.0,1.59,1.59,0.0,0.0,0.0,0.0,0.0,0.0,0.0,3.25
40211236,0.0,0.0,0.0,0.0,0.0,0.0,0.0,0.0,1.37,0.0,0.0,0.0,0.0,0.0,0.0,0.0,0.0,0.0,0.0,0.77,0.0,0.0,0.0,0.0,0.0,0.0,0.0,0.0,1.99,2.53,0.0,1.87,0.0,0.97,1.0,2.1,0.0,0.0,0.0,1.93,1.94,0.0,1.0,0.91,1.01,0.0,1.0,0.0,0.22,0.0,1.49,0.0,1.67,0.0,0.76,0.0,0.72,0.0,1.51,0.0,2.37,0.0,1.24,0.0,1.06,0.0,0.0,0.0,0.0,0.0,1.0,1.14,1.25,0.0,0.0,0.0,0.0,0.0,0.0,0.0,0.0,0.0,0.0,0.0,0.0,0.0,1.61,1.61,1.15,1.87,1.12,2.17,1.88,2.45,2.03,0.93,1.66,2.0,0.0,0.96,0.0,0.0,0.0,0.0,0.0,0.0,0.0,0.0,0.0,0.0,0.0,0.0,0.0,0.0,0.0,0.0,0.0,0.0,0.0,0.0,0.0,0.0,0.0,1.98,0.0,0.0,0.0,0.0,0.0,0.0,0.0,1.0,0.0,0.0,0.0,0.0,2.01,0.0,0.0,0.0,0.0,0.0,0.0,0.0,0.0,0.0,0.0,0.0,0.0,0.0,1.98
40211237,0.0,0.0,1.97,0.0,0.0,0.0,3.47,0.0,2.23,0.0,0.0,0.0,1.56,0.0,0.0,0.0,0.0,0.0,0.0,2.25,0.0,0.0,0.0,0.0,0.0,0.5,0.0,0.0,3.55,3.54,0.0,3.02,0.0,0.0,1.0,3.09,0.0,4.0,4.0,2.43,2.73,2.36,2.0,1.9,1.0,2.57,2.0,2.29,3.0,0.0,4.0,1.09,3.0,1.4,3.0,2.58,1.0,2.43,1.0,0.0,3.0,3.21,3.0,0.72,2.06,0.84,2.64,2.15,2.44,0.0,3.0,4.0,2.0,0.0,2.7,2.83,2.09,0.0,2.61,0.0,0.86,4.18,2.02,1.61,3.18,0.0,1.85,2.45,2.26,2.0,2.0,3.0,3.0,4.0,2.0,1.62,3.0,2.73,3.0,2.23,0.0,0.0,0.0,0.0,0.0,0.0,0.0,0.0,0.0,0.0,0.0,0.0,0.0,0.0,0.0,0.0,0.0,0.0,0.0,0.0,3.81,2.0,0.0,2.17,0.0,0.0,0.0,0.0,0.0,0.0,0.0,1.74,0.0,0.0,0.0,0.0,4.0,0.0,0.0,0.0,0.0,0.0,0.75,0.0,0.0,0.0,0.0,0.0,0.0,0.0,2.47
40211238,0.0,0.0,2.47,0.0,0.0,0.0,4.47,0.0,2.31,0.0,0.0,0.0,0.51,0.0,0.0,2.78,0.0,0.0,0.0,2.07,0.0,0.0,0.0,0.0,0.0,2.0,0.0,0.0,4.03,3.61,0.0,3.28,0.0,0.97,4.0,2.8,0.0,0.0,3.7,1.93,3.76,1.36,1.0,2.12,1.0,0.0,3.0,3.29,1.0,3.34,3.0,2.1,2.0,1.79,2.0,2.65,2.0,3.43,1.0,3.03,4.0,4.22,3.0,1.1,1.9,1.7,2.53,2.11,3.44,0.0,1.0,3.0,3.0,0.0,1.7,3.83,2.59,0.0,1.61,3.69,0.86,3.18,2.02,2.0,4.18,0.0,2.58,2.61,2.05,3.0,1.0,5.0,4.0,4.0,5.0,4.0,4.0,4.0,4.0,1.75,0.0,0.0,0.0,0.0,0.0,0.0,0.0,0.0,0.0,0.0,0.0,0.0,0.0,0.0,0.0,0.0,0.0,0.0,0.0,0.0,4.81,0.0,0.0,2.38,0.0,0.0,0.0,0.0,0.0,0.0,0.0,2.01,0.0,0.0,0.0,0.0,3.35,0.0,0.0,0.0,0.0,2.0,2.0,0.0,0.0,0.0,0.0,0.0,0.0,0.0,3.47
40211239,0.0,0.0,1.46,0.0,0.0,0.0,0.0,0.0,2.24,0.0,0.0,0.0,1.22,0.0,0.0,2.33,0.0,0.0,0.0,1.71,0.0,0.0,0.0,0.0,0.0,0.0,0.0,0.0,3.15,3.12,0.0,2.62,0.0,3.97,3.0,2.91,0.0,0.0,1.4,1.93,3.09,1.89,1.0,0.91,1.0,2.58,1.0,2.98,1.0,3.02,2.0,0.0,1.0,1.74,2.0,2.25,1.0,3.12,1.0,2.71,3.0,0.0,1.0,2.0,1.94,1.11,2.32,2.0,3.13,2.56,4.0,2.0,1.0,0.0,2.15,0.0,2.31,3.17,2.0,3.38,1.41,3.9,2.02,1.23,0.0,3.17,1.67,2.71,2.07,2.0,1.0,3.0,2.0,1.0,2.0,1.0,1.0,3.0,1.0,3.08,0.0,0.0,0.0,0.0,0.0,0.0,0.0,0.0,0.0,0.0,0.0,0.0,0.0,0.0,0.0,0.0,0.0,0.0,0.0,0.0,0.0,0.0,0.0,2.21,0.0,0.0,0.0,0.0,0.0,0.0,0.0,1.39,0.0,0.0,0.0,0.0,2.82,0.0,0.0,0.0,1.0,0.3,1.0,0.0,0.0,0.0,0.0,0.0,0.0,0.0,3.0
40211241,0.0,0.0,2.47,0.0,0.0,0.0,3.47,0.0,3.13,0.0,0.0,0.0,1.0,0.0,0.0,3.58,0.0,0.0,0.0,2.78,0.0,0.0,0.0,0.0,0.0,1.29,0.0,0.0,4.0,5.0,5.0,3.0,0.0,0.0,4.0,3.75,0.0,0.0,3.84,4.93,3.64,2.36,4.0,2.97,3.0,0.0,1.0,2.29,2.0,0.0,3.0,1.09,4.0,2.02,3.0,2.58,2.0,2.43,3.0,0.0,4.0,3.21,3.0,2.0,2.6,1.44,3.13,2.56,2.44,0.0,1.0,3.0,2.0,0.0,2.7,2.83,2.59,0.0,2.61,0.0,0.0,4.18,0.0,2.23,3.18,0.0,3.16,3.09,2.71,4.0,1.0,5.0,4.0,5.0,3.62,3.0,3.0,3.36,3.0,2.84,0.0,0.0,0.0,0.0,0.0,0.0,0.0,0.0,0.0,0.0,0.0,0.0,0.0,0.0,0.0,0.0,0.0,0.0,0.0,0.0,3.81,0.0,0.0,3.35,0.0,0.0,0.0,0.0,0.0,0.0,0.0,2.34,0.0,0.0,0.0,0.0,3.12,0.0,0.0,0.0,0.0,0.84,1.29,0.0,0.0,0.0,0.0,0.0,0.0,0.0,3.86
40211242,0.0,0.0,3.97,0.0,0.0,0.0,4.47,0.0,4.0,0.0,0.0,0.0,3.12,0.0,0.0,4.33,2.81,0.0,0.0,4.0,0.0,0.0,0.0,0.0,0.0,2.65,0.0,0.0,5.0,5.0,0.0,5.0,0.0,4.97,5.0,5.0,0.0,4.0,4.0,4.93,5.0,0.0,4.0,3.08,4.0,0.0,4.0,3.29,4.0,0.0,5.0,2.09,5.0,3.62,4.0,3.29,5.0,3.43,5.0,0.0,5.0,4.21,4.0,3.47,4.36,3.03,4.39,3.77,3.44,0.0,5.0,4.0,4.0,0.0,0.0,3.83,4.09,0.0,0.0,0.0,3.86,0.0,5.0,3.84,4.18,0.0,4.62,5.0,4.49,5.0,5.0,5.0,5.0,5.0,5.0,3.88,4.58,4.79,4.0,4.82,0.0,0.0,0.0,0.0,0.0,0.0,0.0,0.0,0.0,0.0,4.14,0.0,0.0,0.0,0.0,0.0,0.0,0.0,0.0,0.0,4.81,0.0,0.0,5.0,4.0,0.0,0.0,0.0,0.0,0.0,0.0,3.0,0.0,0.0,0.0,0.0,5.0,0.0,0.0,0.0,0.0,3.07,2.63,0.0,0.0,0.0,0.0,0.0,0.0,0.0,4.88
40211243,0.0,0.0,1.46,0.0,0.0,0.0,0.0,0.0,1.65,0.0,0.0,0.0,0.0,0.0,0.0,0.0,0.0,0.0,0.0,1.28,0.0,0.0,0.0,0.0,0.0,0.04,0.0,0.0,2.69,2.73,0.0,2.34,0.0,0.0,2.0,2.17,0.0,0.0,1.63,1.93,2.88,0.36,1.0,0.91,1.0,0.0,1.0,0.0,1.0,0.0,1.0,0.0,1.0,1.01,1.0,0.83,1.0,0.0,1.0,0.0,2.44,0.0,1.36,0.14,1.24,0.43,1.58,1.02,0.0,0.0,1.0,1.52,1.26,0.0,0.7,0.0,1.58,0.0,0.61,0.0,0.86,2.18,2.02,1.23,0.0,0.0,1.78,1.93,1.2,1.95,1.23,2.32,1.94,2.53,2.25,0.98,1.58,2.0,1.54,1.46,0.0,0.0,0.0,0.0,0.0,0.0,0.0,0.0,0.0,0.0,0.0,0.0,0.0,0.0,0.0,0.0,0.0,0.0,0.0,0.0,0.0,0.0,0.0,2.01,0.0,0.0,0.0,0.0,0.0,0.0,0.0,1.32,0.0,0.0,0.0,0.0,2.02,0.0,0.0,0.0,0.0,0.14,0.0,0.0,0.0,0.0,0.0,0.0,0.0,0.0,1.95
40211244,0.0,0.0,2.67,0.0,0.0,0.0,0.0,0.0,3.21,0.0,0.0,0.0,2.02,0.0,0.0,4.04,1.5,0.0,0.0,3.04,0.0,0.0,0.0,0.0,0.0,1.97,0.0,0.0,4.14,4.59,0.0,3.98,0.0,2.78,4.0,3.9,4.0,4.0,4.04,4.0,3.0,1.8,3.0,1.99,2.0,1.7,4.0,2.41,3.0,2.59,3.0,1.41,3.0,2.05,5.0,2.96,3.0,2.72,2.0,2.35,5.0,4.02,4.0,1.99,2.96,1.89,2.96,2.31,2.5,0.0,3.0,4.0,3.0,1.26,0.0,2.79,2.77,2.51,0.0,2.96,1.96,0.0,2.75,2.41,3.86,2.45,3.0,3.59,3.14,4.0,2.0,4.0,4.0,5.0,3.0,4.0,4.0,4.0,4.0,3.05,0.0,0.0,0.0,0.0,0.0,2.54,0.0,0.0,0.0,0.0,2.83,0.0,0.0,0.0,0.0,2.37,0.0,0.0,0.0,0.0,4.81,0.0,0.0,3.06,0.0,0.0,0.0,3.37,0.0,0.0,0.0,2.8,0.0,0.0,0.0,0.0,4.07,0.0,0.0,0.0,0.0,2.38,1.67,0.0,0.0,0.0,2.54,0.0,0.0,0.0,3.64
40211245,0.0,0.0,1.46,0.0,0.0,0.0,0.0,0.0,2.22,0.0,0.0,0.0,0.51,0.0,0.0,4.0,0.0,0.0,0.0,2.17,0.0,0.0,0.0,0.0,0.0,0.27,0.0,0.0,4.0,4.0,5.0,2.53,0.0,0.97,2.0,3.11,0.0,0.0,3.38,2.43,2.32,2.36,2.0,1.91,1.0,0.0,1.0,2.29,1.0,2.34,3.0,1.1,3.0,1.01,3.0,2.67,1.0,2.44,2.0,2.03,3.0,3.22,2.0,0.64,1.94,0.94,2.58,2.09,0.0,0.0,1.0,3.0,2.0,0.0,2.7,0.0,1.58,0.0,2.61,2.69,0.86,4.18,2.02,1.23,3.19,0.0,1.6,2.42,1.93,2.0,1.0,3.0,3.0,4.0,1.0,2.0,2.38,3.0,4.0,1.61,0.0,0.0,0.0,0.0,0.0,0.0,0.0,0.0,0.0,0.0,0.0,0.0,0.0,0.0,0.0,0.0,0.0,0.0,0.0,0.0,3.81,0.0,0.0,2.65,0.0,0.0,0.0,0.0,0.0,0.0,0.0,1.69,0.0,0.0,0.0,0.0,2.68,0.0,0.0,0.0,0.0,0.26,0.42,0.0,0.0,0.0,0.0,0.0,0.0,0.0,2.66
40211246,0.0,0.0,4.47,0.0,0.0,0.0,4.47,0.0,4.43,0.0,0.0,0.0,1.62,0.0,0.0,3.78,0.0,0.0,0.0,3.8,0.0,0.0,0.0,0.0,0.0,2.51,0.0,0.0,5.0,5.0,0.0,4.95,0.0,3.97,5.0,4.83,0.0,4.0,4.0,5.0,5.0,1.36,4.0,3.56,5.0,2.57,4.0,3.62,5.0,4.34,3.0,2.65,5.0,4.24,2.0,2.83,5.0,4.03,4.0,4.03,5.0,4.75,4.0,2.49,4.08,3.56,4.01,3.37,3.44,0.0,4.0,4.0,5.0,0.0,1.7,3.83,4.59,0.0,1.61,4.69,4.86,3.18,5.0,4.46,4.56,0.0,4.63,4.82,4.02,4.0,5.0,5.0,4.0,5.0,5.0,3.72,5.0,5.0,4.0,3.83,0.0,0.0,0.0,0.0,0.0,0.0,0.0,0.0,0.0,0.0,0.0,0.0,0.0,0.0,0.0,0.0,0.0,0.0,0.0,0.0,5.0,0.0,0.0,4.84,0.0,0.0,0.0,0.0,0.0,0.0,0.0,4.4,0.0,0.0,0.0,0.0,4.52,0.0,0.0,0.0,0.0,2.92,1.87,0.0,0.0,0.0,0.0,0.0,0.0,0.0,4.69
40211247,0.0,0.0,0.0,0.0,0.0,0.0,2.19,0.0,3.22,0.0,0.39,0.0,1.7,0.0,0.0,4.0,0.0,0.0,0.0,2.57,0.0,0.0,0.0,0.0,0.0,1.98,0.0,0.0,4.0,4.0,5.0,3.0,0.0,1.97,5.0,3.97,2.34,0.0,4.33,3.22,3.49,2.38,3.0,2.91,3.0,0.6,2.0,1.0,1.0,0.0,4.0,0.0,4.0,0.73,4.0,2.81,3.0,1.14,2.0,0.0,4.0,1.93,2.0,1.97,2.79,0.0,4.35,3.81,1.15,0.58,2.0,4.0,3.0,0.62,2.82,1.55,1.31,1.19,2.51,0.0,0.0,3.8,1.74,0.95,1.89,1.19,3.07,3.32,3.18,4.0,1.0,5.0,3.0,5.0,3.84,3.0,5.0,3.54,3.0,2.87,0.0,0.0,0.0,0.0,0.0,0.0,0.0,0.0,0.0,0.0,0.0,0.0,0.0,0.0,0.0,0.69,0.0,0.0,0.0,0.0,2.52,0.0,0.0,3.32,0.0,0.0,0.0,0.0,0.0,0.0,0.0,2.22,0.0,0.0,0.0,0.0,4.99,0.0,0.0,0.0,0.0,2.12,1.76,0.0,0.0,0.0,0.0,0.0,0.0,0.0,3.98
40211248,0.0,0.0,2.47,0.0,0.0,0.0,3.47,0.0,3.54,0.0,0.0,0.0,2.08,0.0,0.0,3.33,0.0,0.0,0.0,3.07,0.0,0.0,0.0,0.0,0.0,1.83,0.0,0.0,4.16,4.56,0.0,3.71,0.0,2.97,5.0,3.79,0.0,0.0,3.86,0.0,4.41,3.36,2.0,1.9,1.0,0.0,1.0,2.29,2.0,0.0,4.0,1.09,4.0,2.02,4.0,3.11,3.0,2.43,2.0,0.0,4.0,3.21,3.0,2.48,2.82,1.44,3.71,3.1,2.44,0.0,3.0,3.0,4.0,0.0,3.7,2.83,2.59,0.0,3.61,0.0,0.0,5.0,0.0,2.23,3.18,0.0,3.23,3.44,3.14,4.0,2.0,5.0,4.0,5.0,4.0,3.0,3.0,3.0,3.0,3.46,0.0,0.0,0.0,0.0,0.0,0.0,0.0,0.0,0.0,0.0,0.0,0.0,0.0,0.0,0.0,0.0,0.0,0.0,0.0,0.0,3.81,0.0,0.0,3.59,0.0,0.0,0.0,0.0,0.0,0.0,0.0,2.56,0.0,0.0,0.0,0.0,4.99,0.0,0.0,0.0,0.0,2.33,1.71,0.0,0.0,0.0,0.0,0.0,0.0,0.0,3.94
40211249,0.0,0.0,4.46,0.0,0.0,0.0,0.0,0.0,3.49,0.0,0.0,0.0,0.32,0.0,0.0,2.0,0.0,0.0,0.0,2.8,0.0,0.0,0.0,0.0,0.0,1.88,0.0,0.0,4.07,4.24,0.0,3.47,0.0,1.97,4.0,3.84,0.0,4.0,3.55,4.92,4.52,0.0,4.0,0.0,4.0,0.0,3.0,0.0,3.0,0.0,3.0,0.0,4.0,4.01,3.0,0.0,2.0,0.0,3.0,0.0,5.0,0.0,2.0,1.4,2.72,3.43,4.8,4.27,0.0,0.0,2.0,2.0,3.0,0.0,0.0,0.0,4.58,0.0,0.0,0.0,3.86,0.0,5.0,4.23,0.0,0.0,3.46,3.07,2.78,3.0,2.0,5.0,4.0,5.0,5.0,4.0,3.0,4.0,4.0,2.69,0.0,0.0,0.0,0.0,0.0,0.0,0.0,0.0,0.0,0.0,0.0,0.0,0.0,0.0,0.0,0.0,0.0,0.0,0.0,0.0,0.0,0.0,0.0,3.88,0.0,0.0,0.0,0.0,0.0,0.0,0.0,2.77,0.0,0.0,0.0,0.0,4.58,0.0,0.0,0.0,0.0,1.71,1.58,0.0,0.0,0.0,0.0,0.0,0.0,0.0,3.98
40211250,0.0,0.0,0.0,0.0,0.0,0.0,0.0,0.0,3.46,0.0,0.0,0.0,2.46,0.0,0.0,3.78,0.0,0.0,0.0,3.35,0.0,0.0,0.0,0.0,0.0,1.61,0.0,0.0,4.4,4.99,0.0,3.94,0.0,3.97,4.0,4.22,0.0,0.0,4.0,3.93,4.34,3.36,3.0,2.91,4.0,2.57,2.0,3.29,4.0,3.34,4.0,2.1,4.0,0.0,4.0,3.67,3.0,3.44,2.0,3.03,4.0,4.22,4.0,2.51,3.31,2.45,4.35,3.81,0.0,0.0,4.0,3.0,2.0,0.0,3.7,0.0,0.0,0.0,3.61,3.69,0.0,5.0,0.0,0.0,4.19,0.0,3.27,3.92,3.49,4.0,3.0,3.0,4.0,5.0,4.0,2.76,4.0,4.0,4.0,3.96,0.0,0.0,0.0,0.0,0.0,0.0,0.0,0.0,0.0,0.0,0.0,0.0,0.0,0.0,0.0,0.0,0.0,0.0,0.0,0.0,4.81,0.0,0.0,4.03,0.0,0.0,0.0,0.0,0.0,0.0,0.0,3.16,0.0,0.0,0.0,0.0,4.68,3.0,0.0,0.0,0.0,1.73,1.69,0.0,0.0,0.0,0.0,0.0,0.0,0.0,3.94
40211252,0.0,0.0,3.97,0.0,0.0,0.0,4.47,0.0,4.3,0.0,0.0,0.0,3.09,0.0,0.0,4.78,3.0,0.0,0.0,3.0,0.0,0.0,0.0,0.0,0.0,2.52,0.0,0.0,4.0,5.0,5.0,4.0,0.0,4.97,5.0,4.83,0.0,0.0,4.76,4.93,5.0,4.36,4.0,3.44,4.0,0.0,3.0,3.29,3.0,0.0,3.0,2.09,5.0,3.62,5.0,4.11,4.0,3.43,4.0,0.0,5.0,4.21,3.0,3.24,3.89,3.03,4.74,4.15,3.44,0.0,5.0,4.0,4.0,0.0,4.7,3.83,4.09,0.0,4.61,0.0,3.86,5.0,5.0,3.84,4.18,0.0,4.25,4.58,4.01,5.0,4.0,4.0,4.0,5.0,4.83,3.59,4.28,4.65,4.0,4.71,0.0,0.0,0.0,0.0,0.0,0.0,0.0,0.0,0.0,0.0,0.0,0.0,0.0,0.0,0.0,0.0,0.0,0.0,0.0,0.0,4.81,0.0,4.0,4.84,0.0,0.0,0.0,0.0,0.0,0.0,0.0,3.8,0.0,0.0,0.0,0.0,5.0,0.0,0.0,0.0,0.0,2.67,2.4,0.0,0.0,0.0,0.0,0.0,0.0,0.0,4.96
40211253,0.0,0.0,0.0,0.0,0.0,0.0,0.0,0.0,2.81,0.0,0.0,0.0,0.0,0.0,0.0,0.0,0.0,0.0,0.0,0.0,0.0,0.0,0.0,0.0,0.0,0.0,0.0,0.0,0.0,3.61,0.0,2.57,0.0,0.0,2.0,3.51,0.0,0.0,0.0,3.93,2.81,0.0,3.0,2.91,2.23,0.0,1.0,0.0,1.45,0.0,2.4,0.0,2.63,0.0,1.63,0.0,3.11,0.0,2.81,0.0,3.16,0.0,2.21,0.47,2.28,0.0,0.0,0.0,0.0,0.0,2.38,2.59,2.02,0.0,0.0,0.0,0.0,0.0,0.0,0.0,0.0,0.0,0.0,0.0,0.0,0.0,2.7,2.77,2.33,2.69,2.19,3.26,2.65,3.48,2.86,1.66,2.59,4.0,0.0,1.68,0.0,0.0,0.0,0.0,0.0,0.0,0.0,0.0,0.0,0.0,0.0,0.0,0.0,0.0,0.0,0.0,0.0,0.0,0.0,0.0,0.0,0.0,0.0,3.06,0.0,0.0,0.0,0.0,0.0,0.0,0.0,1.2,0.0,0.0,0.0,0.0,2.21,0.0,0.0,0.0,0.0,0.0,0.0,0.0,0.0,0.0,0.0,0.0,0.0,0.0,3.06
40211254,0.0,0.0,0.0,0.0,0.0,0.0,0.0,0.0,2.31,0.0,0.0,0.0,0.0,0.0,0.0,0.0,0.0,0.0,0.0,0.0,0.0,0.0,0.0,0.0,0.0,0.37,0.0,0.0,0.0,3.39,0.0,2.12,0.0,0.0,3.0,2.32,0.0,0.0,0.0,1.93,3.81,0.0,1.0,0.91,1.51,0.0,1.0,0.0,1.23,0.0,1.61,0.0,2.32,0.0,2.63,0.0,1.11,0.0,1.67,0.0,2.87,0.0,1.63,1.47,1.45,0.0,0.0,0.0,0.0,0.0,2.1,2.04,1.65,0.0,0.0,0.0,0.0,0.0,0.0,0.0,0.0,0.0,0.0,0.0,0.0,0.0,2.18,2.34,1.5,2.38,1.31,2.92,2.41,2.97,2.63,1.36,2.05,2.0,0.0,2.39,0.0,0.0,0.0,0.0,0.0,0.0,0.0,0.0,0.0,0.0,0.0,0.0,0.0,0.0,0.0,0.0,0.0,0.0,0.0,0.0,0.0,0.0,0.0,2.56,0.0,0.0,0.0,0.0,0.0,0.0,0.0,1.2,0.0,0.0,0.0,0.0,2.87,0.0,0.0,0.0,0.0,0.54,0.0,0.0,0.0,0.0,0.0,0.0,0.0,0.0,2.56
40211255,0.0,0.0,2.47,0.0,0.0,0.0,4.47,0.0,2.38,0.0,0.0,0.0,1.67,0.0,0.0,2.78,0.0,0.0,0.0,2.28,0.0,0.0,0.0,0.0,0.0,2.0,0.0,0.0,3.61,3.77,0.0,3.15,0.0,3.97,4.0,3.46,0.0,0.0,3.46,1.93,3.14,0.0,1.0,1.86,1.0,0.0,2.0,2.96,1.0,2.34,3.0,1.54,2.0,1.79,2.0,2.98,1.0,2.83,2.0,2.03,4.0,3.68,3.0,1.94,2.4,1.32,2.64,2.27,3.44,0.0,4.0,3.0,2.0,0.0,0.0,3.83,2.59,0.0,0.0,2.69,0.86,0.0,2.02,2.0,3.8,0.0,2.07,3.15,2.58,3.0,1.0,4.0,3.0,3.0,5.0,2.0,3.0,3.0,4.0,3.34,0.0,0.0,0.0,0.0,0.0,0.0,0.0,0.0,0.0,0.0,0.0,0.0,0.0,0.0,0.0,0.0,0.0,0.0,0.0,0.0,4.18,0.0,0.0,1.99,0.0,0.0,0.0,0.0,0.0,0.0,0.0,2.0,0.0,0.0,0.0,0.0,2.57,0.0,0.0,0.0,0.0,1.0,2.0,0.0,0.0,0.0,0.0,0.0,0.0,0.0,2.4
40211256,0.0,0.0,4.47,0.0,0.0,0.0,4.47,0.0,4.0,0.0,0.0,0.0,3.32,0.0,0.0,0.0,3.81,0.0,0.0,4.0,0.0,0.0,0.0,0.0,0.0,2.39,0.0,0.0,5.0,5.0,0.0,4.91,0.0,4.97,5.0,5.0,0.0,4.0,4.45,5.0,5.0,0.0,3.0,3.3,5.0,0.0,1.0,3.29,3.0,0.0,4.0,2.09,5.0,4.24,5.0,3.29,3.0,3.43,4.0,0.0,5.0,4.21,4.0,3.28,4.14,3.62,4.97,4.27,3.44,0.0,5.0,5.0,5.0,0.0,0.0,3.83,4.59,0.0,0.0,0.0,4.86,0.0,5.0,4.46,4.18,0.0,4.25,4.7,4.12,5.0,5.0,5.0,5.0,5.0,5.0,3.69,4.29,4.49,4.0,4.88,0.0,0.0,0.0,0.0,0.0,0.0,0.0,0.0,0.0,0.0,5.0,0.0,0.0,0.0,0.0,0.0,0.0,0.0,0.0,0.0,4.81,0.0,0.0,5.0,4.0,0.0,0.0,0.0,0.0,0.0,0.0,4.0,0.0,0.0,0.0,0.0,5.0,0.0,0.0,0.0,0.0,2.2,2.36,0.0,0.0,0.0,0.0,0.0,0.0,0.0,4.73
40211257,0.0,0.0,0.47,0.0,0.0,0.0,1.47,0.0,2.15,0.0,0.0,0.0,0.14,0.0,0.0,2.33,0.0,0.0,0.0,1.77,0.0,2.0,0.0,0.0,0.0,1.0,0.0,0.0,2.92,3.16,0.0,2.21,0.0,2.97,3.0,2.51,0.0,0.0,2.12,2.93,2.5,0.89,2.0,1.21,1.0,1.58,1.0,1.27,1.0,2.17,3.0,0.2,1.0,0.93,1.0,1.11,1.0,1.79,1.0,1.88,3.0,2.29,2.0,1.0,1.64,0.77,1.39,1.0,1.49,1.56,3.0,2.0,1.0,0.0,1.15,0.83,1.32,2.17,1.0,2.58,1.56,2.9,0.0,0.23,1.94,2.17,1.28,2.32,1.77,1.0,1.0,4.0,2.0,3.0,1.0,1.0,2.0,3.0,1.0,2.36,0.0,0.0,0.0,0.0,0.0,0.0,0.0,0.0,0.0,0.0,0.0,0.0,0.0,0.0,0.0,0.0,0.0,0.0,0.0,0.0,3.08,0.0,0.0,2.04,0.0,0.0,0.0,0.0,0.0,0.0,0.0,1.26,0.0,0.0,0.0,0.0,1.79,0.0,0.0,0.0,0.0,0.31,0.0,0.0,0.0,0.0,0.0,0.0,0.0,0.0,2.01
40211258,0.0,0.0,0.0,0.0,0.0,0.0,0.0,0.0,0.0,0.0,0.0,0.0,0.0,0.0,0.0,0.0,0.0,0.0,0.0,0.0,0.0,0.0,0.0,0.0,0.0,0.0,0.0,0.0,0.0,2.79,0.0,2.09,0.0,0.0,1.0,2.19,0.0,0.0,0.0,0.0,0.0,0.0,1.0,0.0,0.0,0.0,1.0,0.0,0.0,0.0,1.55,0.0,1.78,0.0,0.0,0.0,0.0,0.0,1.59,0.0,2.37,0.0,1.31,0.0,1.25,0.0,0.0,0.0,0.0,0.0,1.57,0.0,1.18,0.0,0.0,0.0,0.0,0.0,0.0,0.0,0.0,0.0,0.0,0.0,0.0,0.0,0.0,1.84,1.28,1.89,1.25,0.0,1.89,2.49,2.08,0.86,1.57,0.0,0.0,1.47,0.0,0.0,0.0,0.0,0.0,0.0,0.0,0.0,0.0,0.0,0.0,0.0,0.0,0.0,0.0,0.0,0.0,0.0,0.0,0.0,0.0,0.0,0.0,0.0,0.0,0.0,0.0,0.0,0.0,0.0,0.0,1.2,0.0,0.0,0.0,0.0,2.01,0.0,0.0,0.0,0.0,0.0,0.0,0.0,0.0,0.0,0.0,0.0,0.0,0.0,0.0
40211259,0.0,0.0,3.97,0.0,0.0,0.0,4.47,0.0,3.07,0.0,0.24,0.0,1.84,0.0,0.0,2.5,2.0,0.0,0.0,2.0,0.0,0.0,0.0,0.0,0.0,1.43,0.0,0.0,5.0,4.0,5.0,4.0,0.0,3.97,3.46,3.82,2.2,0.0,3.18,3.51,4.55,1.76,2.39,2.9,4.0,0.46,2.38,2.23,2.0,0.0,1.0,1.03,5.0,3.62,3.0,2.44,2.0,1.0,1.0,0.59,4.0,3.25,2.0,0.96,2.73,2.41,3.73,2.95,2.19,0.44,4.0,3.0,4.0,0.47,2.7,2.83,3.08,1.04,1.98,0.0,2.62,3.13,3.72,2.93,3.1,1.04,3.02,3.34,2.8,2.0,3.0,4.0,3.0,5.0,3.82,2.41,3.03,3.31,4.0,3.62,0.0,0.0,0.0,1.71,0.0,0.71,0.0,0.0,0.0,0.0,2.04,0.0,0.0,0.0,0.0,0.54,0.0,0.0,0.0,0.0,3.22,0.0,0.0,3.35,0.0,0.0,0.0,1.54,0.0,0.0,0.0,2.89,0.0,0.0,0.0,0.0,4.16,0.0,0.0,0.0,0.0,0.82,0.96,0.0,0.0,0.0,0.0,0.0,0.0,0.0,3.31
40211260,0.0,0.0,3.97,0.0,0.0,0.0,3.47,0.0,4.36,0.0,0.0,0.0,3.56,0.0,0.0,1.78,0.0,0.0,0.0,3.65,0.0,0.0,0.0,0.0,0.0,1.55,0.0,0.0,4.67,4.9,0.0,4.44,0.0,0.0,4.09,4.83,0.0,4.0,3.0,5.0,5.0,4.36,3.04,1.9,5.0,1.57,3.04,2.29,4.0,0.0,3.0,1.09,4.0,3.85,5.0,3.64,3.0,2.43,1.0,0.0,5.0,3.21,2.0,1.2,3.83,3.21,4.85,4.15,2.44,0.0,4.0,3.0,3.0,0.0,4.7,2.83,4.09,0.0,4.61,0.0,4.86,5.0,5.0,4.07,3.18,0.0,3.64,4.26,3.95,2.0,4.0,4.0,4.0,5.0,4.59,3.17,3.77,3.96,3.0,5.0,0.0,0.0,0.0,0.0,0.0,0.0,0.0,0.0,0.0,0.0,0.0,0.0,0.0,0.0,0.0,0.0,0.0,0.0,0.0,0.0,3.81,0.0,0.0,5.0,0.0,0.0,0.0,0.0,0.0,0.0,0.0,3.84,0.0,0.0,0.0,0.0,5.0,0.0,0.0,0.0,0.0,0.6,1.67,0.0,0.0,0.0,0.0,0.0,0.0,0.0,4.4
40211261,0.0,0.0,5.0,0.0,0.0,0.0,0.0,0.0,3.84,0.0,0.0,0.0,0.0,0.0,0.0,3.33,0.0,0.0,0.0,3.62,0.0,0.0,0.0,0.0,0.0,1.58,0.0,0.0,4.0,4.0,5.0,4.0,0.0,3.2,4.12,4.55,4.15,0.0,3.63,4.69,5.0,0.0,3.04,0.0,5.0,0.0,2.99,2.81,4.0,2.85,3.0,1.62,5.0,5.0,5.0,2.82,3.0,2.96,2.0,2.54,3.0,3.74,3.0,1.77,3.56,3.66,5.0,5.0,2.97,0.0,4.0,3.0,3.0,2.43,0.0,3.36,4.55,3.0,0.0,3.21,4.1,0.0,5.0,4.18,3.7,3.0,3.98,4.03,3.7,4.0,4.0,5.0,4.0,5.0,4.0,4.0,3.0,3.83,3.52,4.86,0.0,0.0,0.0,0.0,0.0,0.0,0.0,0.0,0.0,0.0,4.0,0.0,0.0,0.0,0.0,0.0,0.0,0.0,0.0,0.0,0.0,0.0,0.0,4.56,0.0,0.0,0.0,0.0,0.0,0.0,0.0,3.29,0.0,0.0,0.0,0.0,5.0,0.0,1.5,0.0,0.0,2.54,1.25,0.0,0.0,0.0,0.0,0.0,0.0,0.0,3.84
40211262,0.0,0.0,3.47,0.0,0.0,0.0,4.47,0.0,3.0,0.0,0.0,0.0,2.46,0.0,0.0,0.0,2.81,0.0,0.0,3.0,0.0,0.0,0.0,0.0,0.0,2.71,0.0,0.0,5.0,5.0,0.0,4.73,0.0,3.97,4.12,4.52,0.0,4.0,4.79,3.92,5.0,3.36,3.26,2.7,3.0,0.0,3.55,3.29,4.0,0.0,4.0,2.09,4.0,3.01,4.0,3.58,3.0,3.43,4.0,0.0,5.0,4.21,4.0,2.64,3.58,2.44,4.01,3.47,3.44,0.0,4.0,4.0,5.0,0.0,3.7,3.83,3.59,0.0,3.61,0.0,2.86,5.0,4.02,3.23,4.18,0.0,3.78,4.19,3.59,3.0,4.0,4.0,5.0,5.0,5.0,3.48,4.18,4.52,4.0,3.92,0.0,0.0,0.0,0.0,0.0,0.0,0.0,0.0,0.0,0.0,4.14,0.0,0.0,0.0,0.0,0.0,0.0,0.0,0.0,0.0,4.81,0.0,0.0,4.33,4.0,0.0,0.0,0.0,0.0,0.0,0.0,3.0,0.0,0.0,0.0,0.0,4.49,0.0,0.0,0.0,0.0,2.54,2.52,0.0,0.0,0.0,0.0,0.0,0.0,0.0,4.67
40211263,0.0,0.0,1.46,0.0,0.0,0.0,0.0,0.0,2.06,0.0,0.0,0.0,0.84,0.0,0.0,2.33,0.0,0.0,0.0,1.67,0.0,0.0,0.0,0.0,0.0,1.0,0.0,0.0,2.64,2.95,0.0,2.34,0.0,2.97,1.94,3.04,0.0,0.0,1.76,1.92,2.9,1.43,0.87,0.0,1.0,1.58,1.13,1.98,1.0,2.02,2.0,0.0,1.0,1.31,2.0,1.89,1.0,2.12,2.0,1.71,3.0,0.0,1.0,1.0,1.97,0.71,2.15,1.69,2.13,1.56,3.0,2.0,1.0,0.0,1.76,0.0,1.89,2.17,1.66,2.38,1.08,3.27,2.02,1.23,0.0,2.17,1.64,2.68,2.03,3.0,1.0,3.0,3.0,2.0,3.0,1.0,1.0,2.0,2.0,2.53,0.0,0.0,0.0,0.0,0.0,0.0,0.0,0.0,0.0,0.0,0.0,0.0,0.0,0.0,0.0,0.0,0.0,0.0,0.0,0.0,0.0,0.0,0.0,2.3,0.0,0.0,0.0,0.0,0.0,0.0,0.0,1.4,0.0,0.0,0.0,0.0,2.49,0.0,0.0,0.0,0.0,0.0,1.0,0.0,0.0,0.0,0.0,0.0,0.0,0.0,2.01
40211264,0.0,0.0,1.46,0.0,0.0,0.0,0.0,0.0,1.95,0.0,0.0,0.0,0.0,0.0,0.0,0.0,0.0,0.0,0.0,1.83,0.0,0.0,0.0,0.0,0.0,0.0,0.0,0.0,2.15,3.15,0.0,2.05,0.0,0.97,1.78,2.53,0.0,0.0,3.63,1.92,2.58,0.0,1.15,0.0,1.0,0.0,1.59,0.0,1.0,0.0,3.0,0.0,2.14,1.01,1.0,0.0,1.24,0.0,2.19,0.0,2.68,0.0,1.77,0.28,1.64,0.43,1.8,1.27,0.0,0.0,1.0,1.63,1.75,0.0,0.0,0.0,1.58,0.0,0.0,0.0,0.86,0.0,2.02,1.23,0.0,0.0,1.88,2.06,1.71,2.0,1.61,2.36,2.43,3.06,2.39,1.45,2.34,0.0,0.0,1.21,0.0,0.0,0.0,0.0,0.0,0.0,0.0,0.0,0.0,0.0,0.0,0.0,0.0,0.0,0.0,0.0,0.0,0.0,0.0,0.0,0.0,0.0,0.0,2.2,0.0,0.0,0.0,0.0,0.0,0.0,0.0,1.04,0.0,0.0,0.0,0.0,2.13,0.0,0.0,0.0,0.0,0.0,0.37,0.0,0.0,0.0,0.0,0.0,0.0,0.0,0.0
40211266,0.0,0.0,0.0,0.0,0.0,0.0,2.19,0.0,2.35,0.0,0.78,1.0,1.89,0.0,0.0,1.33,1.81,0.0,0.0,2.02,0.0,0.0,0.0,0.0,0.0,1.31,0.0,0.0,2.4,3.16,0.0,2.79,4.0,3.0,2.53,3.71,3.47,0.0,1.4,2.67,3.39,1.49,1.67,1.64,1.71,1.4,3.0,1.0,1.06,2.0,2.52,0.73,1.0,2.0,1.0,1.84,1.0,1.63,2.0,1.96,4.0,2.8,4.0,1.0,2.4,1.13,2.7,2.03,2.03,1.36,4.0,1.0,3.0,1.59,1.81,2.4,2.18,2.13,1.54,2.64,1.76,3.29,2.53,1.84,2.82,2.11,2.22,3.02,2.0,2.97,2.0,1.0,3.0,3.51,5.0,1.81,4.0,2.42,2.5,2.98,0.0,0.0,0.0,2.81,0.0,1.81,0.0,0.0,0.0,0.0,3.14,0.0,0.0,0.0,0.0,1.17,0.0,0.0,0.0,0.0,3.0,0.0,0.0,2.42,0.0,0.0,0.0,3.3,0.0,0.0,0.0,2.0,0.0,0.0,0.0,0.0,4.01,0.0,0.0,0.0,0.0,1.12,3.0,0.0,0.0,0.0,0.0,0.0,0.0,0.0,2.81
40211267,0.0,0.0,0.0,0.0,0.0,0.0,0.0,0.0,3.27,0.0,0.0,0.0,0.0,0.0,0.0,0.0,0.0,0.0,0.0,2.77,0.0,0.0,0.0,0.0,0.0,1.71,0.0,0.0,0.0,4.32,0.0,3.45,0.0,0.0,4.0,4.21,0.0,0.0,0.0,0.0,4.62,0.0,2.59,0.0,2.7,0.0,2.71,0.0,2.22,0.0,3.27,0.0,3.52,0.0,3.13,0.0,2.0,0.0,3.0,0.0,4.0,0.0,3.0,2.47,2.98,0.0,0.0,0.0,0.0,0.0,3.26,4.0,1.0,0.0,0.0,0.0,0.0,0.0,0.0,0.0,0.0,0.0,0.0,0.0,0.0,0.0,3.17,3.68,3.1,3.76,2.9,4.0,3.0,4.0,4.0,3.0,4.0,3.0,4.0,3.77,0.0,0.0,0.0,0.0,0.0,0.0,0.0,0.0,0.0,0.0,0.0,0.0,0.0,0.0,0.0,0.0,0.0,0.0,0.0,0.0,0.0,0.0,0.0,3.7,0.0,0.0,0.0,0.0,0.0,0.0,0.0,2.56,0.0,0.0,0.0,0.0,4.31,0.0,0.0,0.0,2.0,1.67,2.0,0.0,0.0,0.0,0.0,0.0,0.0,0.0,3.68
40211268,0.0,0.0,0.0,0.0,0.0,0.0,0.0,0.0,0.0,0.0,0.0,0.0,0.0,0.0,0.0,0.0,0.0,0.0,0.0,0.0,0.0,0.0,0.0,0.0,0.0,0.0,0.0,0.0,0.0,0.0,0.0,0.0,0.0,0.0,0.0,0.0,0.0,0.0,0.0,0.0,0.0,1.0,0.0,0.0,0.0,0.0,0.0,0.0,0.0,0.0,0.0,0.0,0.0,0.0,0.0,0.0,0.0,0.0,0.0,0.0,0.0,0.0,0.0,0.0,0.0,0.0,0.0,0.0,0.0,0.0,0.0,1.0,0.0,0.0,0.0,0.0,0.0,0.0,0.0,0.0,0.0,0.0,0.0,0.0,0.0,0.0,0.0,0.0,0.0,0.0,0.0,0.0,0.0,0.0,0.0,0.0,0.0,0.0,0.0,0.0,0.0,0.0,0.0,0.0,0.0,0.0,0.0,0.0,0.0,0.0,0.0,0.0,0.0,0.0,0.0,0.0,0.0,0.0,0.0,0.0,0.0,0.0,0.0,0.0,0.0,0.0,0.0,0.0,0.0,0.0,0.0,0.0,0.0,0.0,0.0,0.0,0.0,0.0,0.0,0.0,0.0,0.0,0.0,0.0,0.0,0.0,0.0,0.0,0.0,0.0,0.0
40311101,0.0,0.0,0.0,0.0,0.0,0.0,0.0,0.0,0.0,0.0,0.78,0.0,0.0,0.0,0.0,0.0,0.0,0.0,0.0,0.0,0.0,0.0,0.0,0.0,0.0,0.0,0.0,0.0,0.0,0.0,0.0,0.0,0.0,4.0,0.0,0.0,2.77,0.0,2.43,2.05,2.82,1.0,0.0,1.05,0.0,1.0,0.0,1.4,0.0,0.0,0.0,0.0,0.0,1.16,1.64,1.4,0.0,0.0,0.0,0.0,0.0,0.0,0.0,0.44,1.49,0.62,1.99,0.0,0.0,1.01,0.0,0.0,0.0,1.04,1.28,2.01,0.0,1.62,1.2,0.0,1.04,2.78,2.19,1.37,2.35,0.0,0.0,0.0,0.0,0.0,0.0,0.0,0.0,0.0,0.0,0.0,0.0,0.0,0.0,0.0,0.0,0.0,0.0,0.0,3.15,1.32,0.0,0.0,0.0,0.0,0.0,0.0,0.0,0.0,0.0,0.0,0.0,0.0,0.0,0.0,0.0,0.0,0.0,0.0,0.0,0.0,0.0,2.15,0.0,0.0,0.0,0.0,1.08,0.0,0.0,0.0,0.0,0.0,0.0,0.0,0.0,0.0,0.0,0.0,0.0,0.0,0.0,0.0,0.0,0.0,0.0
40311104,0.0,0.0,1.83,0.0,0.0,0.0,2.2,0.0,0.0,0.0,2.23,0.0,0.0,0.0,0.0,0.0,0.0,0.0,0.0,0.0,0.0,0.0,1.2,0.0,1.74,0.0,0.0,0.0,0.0,0.0,0.0,0.0,0.0,2.0,0.0,0.0,3.12,0.0,0.0,2.51,3.15,1.0,0.0,2.0,1.46,1.0,0.0,2.0,0.0,4.0,0.0,0.61,0.0,2.0,1.77,3.0,0.0,2.0,0.0,1.0,0.0,2.75,0.0,1.0,2.02,1.0,4.0,1.0,1.89,4.0,0.0,0.0,0.0,1.36,3.0,2.28,1.98,1.93,2.0,3.0,3.0,3.0,2.3,1.76,2.65,2.12,2.1,0.0,0.0,0.0,0.0,0.0,0.0,0.0,0.0,0.0,0.0,2.62,2.4,4.74,0.0,0.0,2.96,2.71,3.15,1.51,0.0,0.0,0.0,0.0,2.65,0.0,0.0,0.0,0.0,1.6,0.0,0.0,0.0,0.0,3.34,0.0,0.0,0.0,0.0,0.0,0.0,2.53,4.0,0.0,0.0,0.0,0.0,0.0,0.0,0.0,0.0,0.0,0.0,0.0,0.0,0.0,0.0,0.0,0.0,0.0,1.61,0.0,0.0,0.0,0.0
40311105,0.0,0.0,1.83,0.0,0.0,0.0,2.87,0.0,0.0,0.0,2.0,0.53,0.0,1.0,0.0,0.0,0.0,0.0,0.0,0.0,0.0,0.0,2.2,0.0,2.61,0.0,0.0,0.0,0.0,0.0,0.0,0.0,0.0,3.0,2.53,0.0,3.38,0.0,2.43,2.38,3.05,1.0,0.0,1.0,1.78,1.0,0.0,1.0,0.0,1.0,2.38,0.59,0.0,1.0,1.97,2.0,0.0,2.0,0.0,2.0,0.0,2.9,0.0,1.0,2.14,2.0,4.0,2.0,2.15,2.0,2.4,2.17,0.0,1.32,1.0,2.19,3.0,2.0,2.0,3.0,1.6,3.13,2.47,1.65,2.58,2.08,2.25,0.0,0.0,2.72,0.0,0.0,0.0,3.32,0.0,0.0,0.0,2.83,2.5,1.45,0.0,0.0,0.0,2.5,3.15,1.08,0.0,0.0,0.0,0.0,3.2,0.0,0.0,0.0,0.0,1.21,0.0,0.0,0.0,0.0,3.61,0.0,0.0,0.0,0.0,0.0,0.0,2.57,0.0,0.0,0.0,0.0,1.08,0.0,0.0,0.0,0.0,0.0,0.0,0.0,0.0,0.0,0.0,0.0,0.0,0.0,2.02,0.0,0.0,0.0,0.0
40311106,0.0,0.0,1.46,0.0,0.0,0.0,4.67,0.0,0.0,0.0,2.45,2.25,0.0,0.0,0.0,0.0,4.24,0.0,0.0,0.0,0.0,0.0,0.0,0.0,3.6,0.0,0.0,0.0,0.0,0.0,0.0,0.0,0.0,4.0,0.0,0.0,4.69,0.0,4.43,3.9,4.79,5.0,4.09,4.0,1.93,3.0,0.0,3.0,0.0,3.0,0.0,1.69,0.0,1.0,3.99,3.0,0.0,3.0,0.0,2.0,0.0,4.1,0.0,1.0,3.21,2.0,4.0,3.0,3.18,4.0,0.0,0.0,0.0,2.78,2.96,3.76,3.0,3.36,3.0,4.0,3.2,4.57,4.15,3.04,4.14,3.1,2.96,0.0,0.0,0.0,0.0,0.0,0.0,0.0,0.0,0.0,0.0,3.9,3.64,4.74,0.0,0.0,0.0,3.72,5.0,3.79,0.0,0.0,0.0,0.0,4.62,0.0,0.0,0.0,0.0,2.71,0.0,4.21,0.0,0.0,4.59,0.0,0.0,0.0,0.0,0.0,0.0,4.37,0.0,0.0,0.0,4.43,3.08,0.0,0.0,0.0,0.0,0.0,0.0,0.0,0.0,0.0,0.0,0.0,0.0,0.0,2.69,0.0,0.0,0.0,0.0
40311107,0.0,0.0,3.44,0.0,0.0,0.0,4.2,0.0,0.0,0.0,2.96,1.86,0.0,0.0,0.0,0.0,0.0,0.0,0.0,0.0,0.0,0.0,3.2,0.0,2.24,0.0,0.0,0.0,0.0,0.0,0.0,0.0,0.0,5.0,0.0,0.0,4.5,0.0,5.0,4.07,4.66,3.0,0.0,4.0,2.61,4.0,0.0,5.0,0.0,4.0,0.0,1.85,0.0,3.0,3.21,4.0,0.0,3.0,0.0,2.0,0.0,4.03,0.0,3.0,3.45,1.0,4.0,3.0,3.13,4.0,5.0,0.0,0.0,2.81,3.0,3.78,3.3,3.33,2.0,4.0,2.0,5.0,3.58,3.17,4.03,3.23,3.48,0.0,0.0,0.0,0.0,0.0,0.0,0.0,0.0,0.0,0.0,3.36,3.61,4.31,0.0,0.0,3.96,3.71,0.0,2.71,0.0,0.0,0.0,0.0,4.12,0.0,0.0,0.0,0.0,2.6,0.0,0.0,0.0,0.0,4.01,0.0,0.0,0.0,0.0,0.0,0.0,4.17,4.0,0.0,0.0,0.0,3.62,0.0,0.0,0.0,0.0,0.0,0.0,0.0,0.0,0.0,0.0,0.0,0.0,0.0,2.24,0.0,0.0,0.0,0.0
40311108,0.0,0.0,3.43,0.0,0.0,0.0,3.52,0.0,0.0,0.0,2.12,1.57,0.0,0.0,0.0,0.0,3.24,0.0,0.0,0.0,0.0,0.0,3.4,0.0,2.6,0.0,0.0,0.0,0.0,0.0,0.0,0.0,0.0,3.0,0.0,0.0,4.18,0.0,4.43,3.23,4.07,3.0,3.09,3.0,2.86,3.0,0.0,2.0,0.0,3.0,0.0,1.48,0.0,3.0,3.1,1.0,0.0,2.0,0.0,2.0,0.0,3.53,0.0,1.0,2.63,2.0,4.0,3.0,2.66,3.0,3.03,0.0,0.0,2.36,3.0,3.11,3.0,2.98,4.0,3.0,3.0,4.11,3.51,2.72,3.7,2.63,3.31,0.0,0.0,0.0,0.0,0.0,0.0,0.0,0.0,0.0,0.0,3.13,3.16,2.93,0.0,0.0,0.0,3.23,0.0,2.54,0.0,0.0,0.0,0.0,3.89,0.0,0.0,0.0,0.0,2.11,0.0,4.21,0.0,0.0,3.78,0.0,0.0,0.0,0.0,0.0,0.0,3.62,0.0,0.0,0.0,3.43,3.12,0.0,0.0,0.0,0.0,0.0,0.0,0.0,0.0,0.0,0.0,0.0,0.0,0.0,2.93,0.0,0.0,0.0,0.0
40311109,0.0,0.0,0.0,0.0,0.0,0.0,2.39,0.0,0.0,0.0,0.58,0.09,0.0,0.0,0.0,0.0,1.24,0.0,0.0,0.0,0.0,0.0,0.0,0.0,1.57,0.0,0.0,0.0,0.0,0.0,0.0,0.0,0.0,1.0,0.0,0.0,2.46,0.0,2.43,1.67,2.44,1.0,1.09,1.0,0.0,1.0,0.0,1.0,0.0,1.0,0.0,0.0,0.0,0.92,1.64,1.04,0.0,1.33,0.0,0.73,0.0,1.93,0.0,0.22,1.04,0.47,1.66,0.0,1.02,1.0,1.03,0.0,0.0,0.75,0.92,1.6,1.14,1.29,0.96,1.46,0.73,2.5,2.0,1.07,1.97,1.06,1.1,0.0,0.0,0.0,0.0,0.0,0.0,0.0,0.0,0.0,0.0,1.82,1.87,1.43,0.0,0.0,0.0,1.81,3.15,1.13,0.0,0.0,0.0,0.0,2.57,0.0,0.0,0.0,0.0,0.67,0.0,0.0,0.0,0.0,2.57,0.0,0.0,0.0,0.0,0.0,0.0,1.85,0.0,0.0,0.0,1.43,1.08,0.0,0.0,0.0,0.0,0.0,0.0,0.0,0.0,0.0,0.0,0.0,0.0,0.0,1.24,0.0,0.0,0.0,0.0
40311110,0.0,0.0,0.0,0.0,0.0,0.0,3.57,0.0,0.0,0.0,2.01,1.24,0.0,0.0,0.0,0.0,2.24,0.0,0.0,0.0,0.0,0.0,0.0,0.0,2.57,0.0,0.0,0.0,0.0,0.0,0.0,0.0,0.0,3.0,0.0,0.0,3.53,0.0,2.43,3.55,4.17,2.0,2.09,2.0,0.0,1.0,0.0,1.0,0.0,4.0,0.0,2.12,0.0,2.29,2.64,1.4,0.0,2.56,0.0,2.12,0.0,3.9,0.0,1.54,1.69,1.9,3.45,0.0,4.11,2.0,0.0,0.0,0.0,2.44,2.67,3.56,0.0,3.04,2.46,3.29,2.44,3.8,3.56,2.77,3.93,4.15,4.28,0.0,0.0,0.0,0.0,0.0,0.0,0.0,0.0,0.0,0.0,3.88,3.1,2.74,0.0,0.0,0.0,4.81,4.15,2.77,0.0,0.0,0.0,0.0,3.57,0.0,0.0,0.0,0.0,3.65,0.0,0.0,0.0,0.0,5.0,0.0,0.0,0.0,0.0,0.0,0.0,3.11,0.0,0.0,0.0,2.43,1.08,0.0,0.0,0.0,0.0,0.0,0.0,0.0,0.0,0.0,0.0,0.0,0.0,0.0,2.24,0.0,0.0,0.0,0.0
40311111,0.0,0.0,2.33,0.0,0.0,0.0,3.82,0.0,0.0,0.0,3.0,1.5,0.0,0.0,0.0,0.0,0.0,0.0,0.0,0.0,0.0,0.0,2.2,0.0,2.22,0.0,0.0,0.0,0.0,0.0,0.0,0.0,0.0,3.0,2.53,0.0,3.71,0.0,2.43,3.37,4.04,1.0,0.0,2.0,1.76,1.0,0.0,4.0,0.0,4.0,2.38,1.4,0.0,2.0,2.45,2.0,0.0,2.0,0.0,2.0,0.0,3.61,0.0,1.0,2.4,1.0,4.0,2.0,2.7,4.0,2.4,2.17,0.0,2.16,2.72,3.2,4.0,2.65,3.0,4.0,2.26,3.74,3.08,2.51,3.6,2.83,2.95,0.0,0.0,2.72,0.0,0.0,0.0,3.32,0.0,0.0,0.0,3.37,3.13,4.74,0.0,0.0,3.96,3.31,3.15,2.21,0.0,0.0,0.0,0.0,3.12,0.0,0.0,0.0,0.0,2.82,0.0,0.0,0.0,0.0,4.07,0.0,0.0,0.0,0.0,0.0,0.0,3.01,0.0,0.0,0.0,0.0,1.08,0.0,0.0,0.0,0.0,0.0,0.0,0.0,0.0,0.0,0.0,0.0,0.0,0.0,1.97,0.0,0.0,0.0,0.0
40311112,0.0,0.0,3.1,0.0,0.0,0.0,4.02,0.0,0.0,0.0,2.38,1.98,0.0,0.0,0.0,0.0,3.24,0.0,0.0,0.0,0.0,0.0,3.4,0.0,2.88,0.0,0.0,0.0,0.0,0.0,0.0,0.0,0.0,4.0,3.53,0.0,4.57,0.0,3.43,3.71,4.55,3.0,3.09,3.0,2.85,2.0,0.0,3.0,0.0,3.0,3.38,1.83,0.0,2.0,3.37,2.0,0.0,3.0,0.0,2.0,0.0,4.08,0.0,2.0,3.2,1.0,4.0,3.0,3.29,3.0,3.69,3.17,0.0,2.7,3.0,3.65,4.0,3.32,4.0,4.0,3.0,5.0,3.96,3.09,4.11,3.23,3.51,0.0,0.0,3.72,0.0,0.0,0.0,4.32,0.0,0.0,0.0,3.76,3.56,3.64,0.0,0.0,0.0,3.86,5.0,3.02,0.0,0.0,0.0,0.0,4.33,0.0,0.0,0.0,0.0,2.91,0.0,5.0,0.0,0.0,4.37,0.0,0.0,0.0,0.0,0.0,0.0,3.96,0.0,0.0,0.0,3.43,2.62,0.0,0.0,0.0,0.0,0.0,0.0,0.0,0.0,0.0,0.0,0.0,0.0,0.0,2.68,0.0,0.0,0.0,0.0
40311113,0.0,0.0,0.0,0.0,0.0,0.0,2.19,0.0,0.0,0.0,0.64,0.0,0.0,0.0,0.0,0.0,0.0,0.0,0.0,0.0,0.0,0.0,0.0,0.0,0.0,0.0,0.0,0.0,0.0,0.0,0.0,0.0,0.0,1.0,0.0,0.0,2.33,0.0,2.43,1.51,2.33,1.0,0.0,1.0,0.0,1.0,0.0,1.0,0.0,2.0,0.0,0.0,0.0,0.92,1.42,1.04,0.0,1.33,0.0,0.35,0.0,1.73,0.0,0.22,1.11,0.48,1.65,0.0,0.98,1.0,1.03,0.0,0.0,0.71,1.0,1.52,1.14,1.25,0.94,1.4,0.73,2.48,2.11,1.08,1.89,0.99,0.93,0.0,0.0,0.0,0.0,0.0,0.0,0.0,0.0,0.0,0.0,1.71,1.71,1.44,0.0,0.0,0.0,0.0,3.15,1.32,0.0,0.0,0.0,0.0,0.0,0.0,0.0,0.0,0.0,0.69,0.0,0.0,0.0,0.0,2.52,0.0,0.0,0.0,0.0,0.0,0.0,1.74,0.0,0.0,0.0,0.0,1.08,0.0,0.0,0.0,0.0,0.0,0.0,0.0,0.0,0.0,0.0,0.0,0.0,0.0,0.0,0.0,0.0,0.0,0.0
40311114,0.0,0.0,4.56,0.0,0.0,0.0,4.97,0.0,0.0,0.0,3.45,1.52,0.0,0.0,0.0,0.0,4.24,0.0,0.0,0.0,0.0,0.0,1.61,0.0,3.56,0.0,0.0,0.0,0.0,0.0,0.0,0.0,0.0,5.0,0.0,0.0,4.74,0.0,5.0,3.88,4.95,5.0,4.09,4.0,2.89,4.0,0.0,4.0,0.0,3.0,0.0,2.16,0.0,5.0,4.05,3.0,0.0,3.0,0.0,2.0,0.0,4.14,0.0,3.0,3.3,3.0,4.0,3.0,2.88,4.0,0.0,0.0,0.0,2.97,4.0,3.71,1.0,3.45,4.0,4.0,1.0,5.0,3.42,3.09,4.14,3.17,3.55,0.0,0.0,0.0,0.0,0.0,0.0,0.0,0.0,0.0,0.0,4.02,4.5,4.6,2.0,0.0,3.96,3.0,5.0,3.79,0.0,0.0,0.0,0.0,4.33,0.0,0.0,0.0,0.0,2.42,0.0,2.21,0.0,0.0,4.75,0.0,0.0,0.0,0.0,0.0,0.0,4.9,0.0,0.0,0.0,4.43,3.62,0.0,0.0,0.0,0.0,0.0,0.0,0.0,0.0,0.0,0.0,0.0,0.0,0.0,3.67,0.0,0.0,0.0,0.0
40311115,0.0,0.0,0.0,0.0,0.0,0.0,0.0,0.0,0.0,0.0,0.78,0.0,0.0,0.0,0.0,0.0,0.0,0.0,0.0,0.0,0.0,0.0,0.0,0.0,0.0,0.0,0.0,0.0,0.0,0.0,0.0,0.0,0.0,4.0,0.0,0.0,2.77,0.0,2.43,2.05,2.82,1.0,0.0,1.05,0.0,1.0,0.0,1.4,0.0,0.0,0.0,0.0,0.0,1.16,1.64,1.4,0.0,0.0,0.0,0.0,0.0,0.0,0.0,0.44,1.49,0.62,1.99,0.0,0.0,1.01,0.0,0.0,0.0,1.04,1.28,2.01,0.0,1.62,1.2,0.0,1.04,2.78,2.19,1.37,2.35,0.0,0.0,0.0,0.0,0.0,0.0,0.0,0.0,0.0,0.0,0.0,0.0,0.0,0.0,0.0,0.0,0.0,0.0,0.0,3.15,1.32,0.0,0.0,0.0,0.0,0.0,0.0,0.0,0.0,0.0,0.0,0.0,0.0,0.0,0.0,0.0,0.0,0.0,0.0,0.0,0.0,0.0,2.15,0.0,0.0,0.0,0.0,1.08,0.0,0.0,0.0,0.0,0.0,0.0,0.0,0.0,0.0,0.0,0.0,0.0,0.0,0.0,0.0,0.0,0.0,0.0
40311116,0.0,0.0,2.77,0.0,0.0,0.0,3.29,0.0,0.0,0.0,1.48,1.08,0.0,0.0,0.0,0.0,3.24,0.0,0.0,0.0,0.0,0.0,2.2,0.0,2.4,0.0,0.0,0.0,0.0,0.0,0.0,0.0,0.0,2.0,0.0,0.0,3.43,0.0,2.43,2.67,3.52,2.0,3.09,3.0,2.34,1.0,0.0,2.0,0.0,3.0,0.0,1.0,0.0,2.0,2.34,1.0,0.0,1.0,0.0,2.0,0.0,3.07,0.0,1.0,1.64,1.0,4.0,2.0,1.96,2.0,2.03,0.0,0.0,1.84,2.06,2.59,1.97,2.43,3.0,3.0,1.0,3.41,2.79,2.14,3.22,2.09,2.72,0.0,0.0,0.0,0.0,0.0,0.0,0.0,0.0,0.0,0.0,2.67,2.81,2.43,0.0,0.0,3.96,2.31,0.0,2.18,0.0,0.0,0.0,0.0,3.21,0.0,0.0,0.0,0.0,1.71,0.0,0.0,0.0,0.0,3.34,0.0,0.0,0.0,0.0,0.0,0.0,3.13,0.0,0.0,0.0,3.43,2.12,0.0,0.0,0.0,0.0,0.0,0.0,0.0,0.0,0.0,0.0,0.0,0.0,0.0,2.46,0.0,0.0,0.0,0.0
40311117,0.0,0.0,3.93,0.0,0.0,0.0,4.93,0.0,3.26,0.0,3.21,2.52,1.56,0.0,0.0,0.0,4.24,0.0,0.0,3.01,0.0,0.0,3.4,0.0,4.57,0.0,0.0,0.0,0.0,4.46,0.0,3.76,0.0,4.0,3.48,3.86,4.96,0.0,0.0,4.3,4.99,3.0,4.09,4.0,3.39,4.0,2.67,4.0,2.07,4.0,3.38,2.56,3.45,1.0,3.0,3.0,2.64,2.0,3.26,3.0,4.04,4.69,2.98,2.0,3.43,2.0,5.0,3.0,3.44,3.0,3.6,3.17,2.85,3.35,3.0,4.13,3.63,3.74,4.0,4.0,3.0,4.0,4.32,3.64,4.62,3.53,3.91,3.51,2.95,3.67,2.92,3.81,3.56,4.16,3.75,2.53,3.24,4.57,4.4,3.72,0.0,0.0,0.0,4.27,5.0,3.74,0.0,0.0,0.0,0.0,4.88,0.0,0.0,0.0,0.0,3.29,0.0,0.0,0.0,0.0,5.0,0.0,0.0,3.51,0.0,0.0,0.0,4.46,0.0,0.0,0.0,4.43,4.16,0.0,0.0,0.0,3.68,0.0,0.0,0.0,0.0,0.0,1.4,0.0,0.0,0.0,4.24,0.0,0.0,0.0,3.51
40311118,0.0,0.0,4.44,0.0,0.0,0.0,5.0,0.0,0.0,0.0,3.68,3.01,0.0,0.0,0.0,0.0,5.0,0.0,0.0,0.0,0.0,0.0,3.4,0.0,4.31,0.0,0.0,0.0,0.0,0.0,0.0,0.0,0.0,4.0,0.0,0.0,5.0,0.0,5.0,4.63,5.0,5.0,5.0,5.0,3.74,4.0,0.0,5.0,0.0,4.0,0.0,2.87,0.0,5.0,3.93,4.0,0.0,4.0,0.0,3.0,0.0,4.93,0.0,3.0,3.69,3.0,5.0,3.0,3.85,3.0,4.03,0.0,0.0,3.7,3.0,4.55,4.07,4.19,4.0,4.0,3.0,5.0,4.48,3.99,4.93,4.05,4.13,0.0,0.0,0.0,0.0,0.0,0.0,0.0,0.0,0.0,0.0,4.7,5.0,3.68,0.0,0.0,4.96,4.61,0.0,4.53,0.0,0.0,0.0,0.0,5.0,0.0,0.0,0.0,0.0,3.64,0.0,0.0,0.0,0.0,5.0,0.0,0.0,0.0,0.0,0.0,0.0,4.85,4.0,0.0,0.0,5.0,4.12,0.0,0.0,0.0,0.0,0.0,0.0,0.0,0.0,0.0,0.0,0.0,0.0,0.0,4.17,0.0,0.0,0.0,0.0
40311119,0.0,0.0,3.77,0.0,0.0,0.0,3.33,0.0,0.0,0.0,2.32,0.95,0.0,0.0,0.0,0.0,3.24,0.0,0.0,0.0,0.0,0.0,1.9,0.0,2.93,0.0,0.0,0.0,0.0,0.0,0.0,0.0,0.0,4.0,2.53,0.0,3.91,0.0,0.0,3.18,4.16,5.0,3.09,3.0,2.73,3.0,0.0,2.0,0.0,4.0,2.38,1.75,0.0,5.0,2.63,2.0,0.0,2.0,0.0,1.0,0.0,3.38,0.0,1.0,1.77,2.0,5.0,1.0,2.1,3.0,2.4,2.17,0.0,2.4,2.53,3.11,1.0,2.86,1.0,2.0,2.0,3.0,3.05,2.62,3.71,2.55,3.36,0.0,0.0,2.72,0.0,0.0,0.0,3.32,0.0,0.0,0.0,3.11,3.42,3.74,0.0,0.0,0.0,2.86,5.0,3.52,0.0,0.0,0.0,0.0,3.11,0.0,0.0,0.0,0.0,1.71,0.0,2.21,0.0,0.0,3.93,0.0,0.0,0.0,0.0,0.0,0.0,4.13,0.0,0.0,0.0,3.43,4.16,0.0,0.0,0.0,0.0,0.0,0.0,0.0,0.0,0.0,0.0,0.0,0.0,0.0,3.59,0.0,0.0,0.0,0.0
40311120,0.0,0.0,2.43,0.0,0.0,0.0,3.72,0.0,0.0,0.0,1.84,1.76,0.0,0.0,0.0,0.0,0.0,0.0,0.0,0.0,0.0,0.0,2.2,0.0,2.89,0.0,0.0,0.0,0.0,0.0,0.0,0.0,0.0,3.0,2.53,2.95,3.6,0.0,2.43,3.06,3.67,2.0,1.62,1.0,2.01,1.0,1.75,2.0,1.15,3.0,2.34,1.24,0.0,1.0,2.83,3.0,1.72,2.0,2.34,3.0,0.0,3.37,0.0,1.0,2.0,1.0,3.0,2.0,2.59,3.0,2.61,2.12,0.0,2.06,2.16,3.15,4.0,2.58,3.0,2.0,2.13,3.83,3.3,2.44,3.34,2.64,2.71,2.59,2.03,2.72,2.01,2.89,0.0,3.32,0.0,0.0,0.0,2.98,2.93,3.19,0.0,0.0,4.96,3.89,4.15,2.26,0.0,0.0,0.0,0.0,3.38,0.0,0.0,0.0,0.0,2.36,0.0,5.0,0.0,0.0,3.93,0.0,0.0,0.0,0.0,0.0,0.0,2.93,0.0,0.0,0.0,0.0,1.62,0.0,0.0,0.0,0.0,0.0,0.0,0.0,0.0,0.0,0.48,0.0,0.0,0.0,2.41,0.0,0.0,0.0,0.0
40311121,0.0,0.0,2.44,0.0,0.0,0.0,3.47,0.0,0.0,0.0,2.59,1.33,0.0,0.0,0.0,0.0,3.24,0.0,0.0,0.0,0.0,0.0,1.2,0.0,3.51,0.0,0.0,0.0,0.0,0.0,0.0,0.0,0.0,3.0,2.53,0.0,4.25,0.0,0.0,3.7,4.39,4.0,3.09,3.0,2.03,3.0,0.0,2.0,0.0,4.0,2.38,1.77,0.0,2.0,2.63,3.0,0.0,3.0,0.0,3.0,0.0,3.96,0.0,1.0,2.21,4.0,4.0,1.0,2.87,3.0,2.69,2.17,0.0,2.62,1.0,3.55,2.86,3.07,3.0,4.0,2.67,5.0,3.77,3.01,3.99,3.13,3.15,0.0,0.0,2.72,0.0,0.0,0.0,3.32,0.0,0.0,0.0,4.06,3.24,2.71,0.0,0.0,4.96,4.26,5.0,3.52,0.0,0.0,0.0,0.0,3.63,0.0,0.0,0.0,0.0,3.11,0.0,0.0,0.0,0.0,4.87,0.0,0.0,0.0,0.0,0.0,0.0,3.74,0.0,0.0,0.0,3.43,3.16,0.0,0.0,0.0,0.0,0.0,0.0,0.0,0.0,0.0,0.0,0.0,0.0,0.0,2.86,0.0,0.0,0.0,0.0
40311122,0.0,0.0,3.2,0.0,0.0,0.0,4.06,0.0,0.0,0.0,2.4,1.98,0.0,0.0,0.0,0.0,4.24,0.0,0.0,0.0,0.0,0.0,3.4,0.0,3.38,0.0,0.0,0.0,0.0,0.0,0.0,0.0,0.0,3.0,0.0,0.0,4.5,0.0,0.0,3.71,4.49,3.0,4.09,4.0,2.95,3.0,0.0,2.0,0.0,4.0,0.0,1.81,0.0,4.0,2.74,2.0,0.0,2.0,0.0,2.0,0.0,3.93,0.0,3.0,2.78,1.0,5.0,3.0,2.98,3.0,3.03,0.0,0.0,2.72,2.0,3.54,4.0,3.34,2.88,4.0,3.0,5.0,3.82,3.07,4.03,3.09,3.62,0.0,0.0,0.0,0.0,0.0,0.0,0.0,0.0,0.0,0.0,3.63,3.3,3.07,0.0,0.0,0.0,3.63,0.0,3.18,0.0,0.0,0.0,0.0,4.21,0.0,0.0,0.0,0.0,2.54,0.0,0.0,0.0,0.0,4.2,0.0,0.0,0.0,0.0,0.0,0.0,3.96,0.0,0.0,0.0,4.43,0.0,0.0,0.0,0.0,0.0,0.0,0.0,0.0,0.0,0.0,0.0,0.0,0.0,0.0,4.24,0.0,0.0,0.0,0.0
40311123,0.0,0.0,1.44,0.0,0.0,0.0,2.83,0.0,2.26,0.0,1.36,0.56,0.56,0.0,0.0,0.0,2.24,0.0,0.0,2.01,0.0,0.0,1.2,0.0,2.26,0.0,0.0,0.0,0.0,3.46,0.0,2.76,0.0,2.0,2.48,2.86,3.0,0.0,0.0,2.6,3.13,2.0,2.09,2.0,1.14,1.0,1.67,1.0,1.07,3.0,2.38,0.61,2.45,1.0,2.0,2.0,1.64,2.0,2.26,1.0,3.04,2.72,1.98,1.0,1.89,1.0,2.0,1.0,1.94,3.0,2.35,2.17,1.85,1.4,2.0,2.34,1.82,2.0,1.0,2.0,1.63,3.0,2.62,1.76,2.66,2.12,2.01,2.51,1.95,2.67,1.92,2.81,2.56,3.16,2.75,1.53,2.24,2.67,2.3,3.02,0.0,0.0,0.0,3.06,0.0,2.23,0.0,0.0,0.0,0.0,2.94,0.0,0.0,0.0,0.0,1.63,0.0,0.0,0.0,0.0,3.46,0.0,0.0,2.51,0.0,0.0,0.0,2.26,0.0,0.0,0.0,2.43,1.16,0.0,0.0,0.0,2.68,0.0,0.0,0.0,0.0,0.0,0.4,0.0,0.0,0.0,1.69,0.0,0.0,0.0,2.51
40311124,0.0,0.0,1.46,0.0,0.0,0.0,2.39,0.0,0.0,0.0,1.48,0.09,0.0,0.0,0.0,0.0,1.24,0.0,0.0,0.0,0.0,0.0,0.0,0.0,1.8,0.0,0.0,0.0,0.0,0.0,0.0,0.0,0.0,3.0,2.53,0.0,2.8,0.0,0.0,2.45,2.92,1.0,1.09,1.0,1.29,1.0,0.0,1.0,0.0,3.0,2.38,0.59,0.0,1.0,1.64,1.53,0.0,2.21,0.0,1.51,0.0,2.58,0.0,1.0,2.12,1.0,2.48,1.74,2.06,3.0,2.4,2.17,0.0,1.36,1.81,2.2,1.8,2.0,2.0,2.73,1.8,3.14,2.57,1.76,2.6,2.15,2.33,0.0,0.0,2.72,0.0,0.0,0.0,3.32,0.0,0.0,0.0,2.51,2.05,3.74,0.0,0.0,0.0,3.81,3.15,1.77,0.0,0.0,0.0,0.0,2.57,0.0,0.0,0.0,0.0,1.67,0.0,0.0,0.0,0.0,3.38,0.0,0.0,0.0,0.0,0.0,0.0,2.08,0.0,0.0,0.0,1.43,0.0,0.0,0.0,0.0,0.0,0.0,0.0,0.0,0.0,0.0,0.0,0.0,0.0,0.0,1.39,0.0,0.0,0.0,0.0
40311125,0.0,0.0,0.0,0.0,0.0,0.0,0.0,0.0,0.0,0.0,0.0,0.0,0.0,0.0,0.0,0.0,0.0,0.0,0.0,0.0,0.0,0.0,0.0,0.0,0.0,0.0,0.0,0.0,0.0,0.0,0.0,0.0,0.0,3.0,0.0,0.0,3.91,0.0,0.0,3.25,3.91,2.0,0.0,2.08,0.0,1.0,0.0,0.0,0.0,2.66,0.0,1.42,0.0,2.27,2.64,2.62,0.0,0.0,0.0,2.35,0.0,3.54,0.0,1.55,2.71,1.62,3.07,0.0,2.77,2.1,3.03,0.0,0.0,2.16,2.47,3.1,2.92,2.73,2.35,3.01,2.13,3.91,3.2,2.49,3.44,2.8,2.93,0.0,0.0,0.0,0.0,0.0,0.0,0.0,0.0,0.0,0.0,0.0,0.0,2.93,0.0,0.0,0.0,0.0,4.15,2.32,0.0,0.0,0.0,0.0,0.0,0.0,0.0,0.0,0.0,0.0,0.0,0.0,0.0,0.0,0.0,0.0,0.0,0.0,0.0,0.0,0.0,3.22,0.0,0.0,0.0,0.0,0.0,0.0,0.0,0.0,0.0,0.0,0.0,0.0,0.0,0.0,0.0,0.0,0.0,0.0,0.0,0.0,0.0,0.0,0.0
40311126,0.0,0.0,0.0,0.0,0.0,0.0,0.0,0.0,0.0,0.0,0.78,0.0,0.0,0.0,0.0,0.0,0.0,0.0,0.0,0.0,0.0,0.0,0.0,0.0,0.0,0.0,0.0,0.0,0.0,0.0,0.0,0.0,0.0,3.0,0.0,0.0,3.64,0.0,2.43,2.99,3.91,2.0,0.0,1.61,0.0,1.0,0.0,1.4,0.0,2.66,0.0,1.42,0.0,1.86,2.64,1.91,0.0,0.0,0.0,2.35,0.0,3.54,0.0,1.02,2.26,1.62,3.07,0.0,2.77,1.64,3.03,0.0,0.0,1.8,2.12,3.1,2.92,2.47,1.93,3.01,2.13,3.45,3.03,2.05,3.44,2.8,2.93,0.0,0.0,0.0,0.0,0.0,0.0,0.0,0.0,0.0,0.0,0.0,0.0,2.93,0.0,0.0,0.0,0.0,4.15,2.32,0.0,0.0,0.0,0.0,0.0,0.0,0.0,0.0,0.0,0.0,0.0,0.0,0.0,0.0,0.0,0.0,0.0,0.0,0.0,0.0,0.0,3.22,0.0,0.0,0.0,0.0,1.08,0.0,0.0,0.0,0.0,0.0,0.0,0.0,0.0,0.0,0.0,0.0,0.0,0.0,0.0,0.0,0.0,0.0,0.0
40311127,0.0,0.0,1.46,0.0,0.0,0.0,2.57,0.0,0.0,0.0,0.87,0.24,0.0,0.0,0.0,0.0,1.24,0.0,0.0,0.0,0.0,0.0,0.0,0.0,1.57,0.0,0.0,0.0,0.0,0.0,0.0,0.0,0.0,1.0,2.53,0.0,2.71,0.0,2.43,2.21,2.85,1.0,1.09,1.0,0.99,1.0,0.0,1.0,0.0,2.0,2.38,0.36,0.0,1.0,1.42,1.61,0.0,1.86,0.0,1.48,0.0,2.47,0.0,1.0,1.33,1.0,2.1,1.69,2.13,1.0,2.4,2.17,0.0,1.14,1.0,2.09,2.29,1.84,1.29,1.98,1.23,2.9,2.31,1.49,2.45,2.04,1.93,0.0,0.0,2.72,0.0,0.0,0.0,3.32,0.0,0.0,0.0,2.38,2.04,1.6,0.0,0.0,0.0,2.81,3.15,1.45,0.0,0.0,0.0,0.0,2.57,0.0,0.0,0.0,0.0,1.65,0.0,0.0,0.0,0.0,3.31,0.0,0.0,0.0,0.0,0.0,0.0,2.07,0.0,0.0,0.0,1.43,1.08,0.0,0.0,0.0,0.0,0.0,0.0,0.0,0.0,0.0,0.0,0.0,0.0,0.0,1.18,0.0,0.0,0.0,0.0
40311128,0.0,0.0,4.44,0.0,0.0,0.0,5.0,0.0,0.0,0.0,3.58,2.92,0.0,0.0,0.0,0.0,4.24,0.0,0.0,0.0,0.0,0.0,4.2,0.0,4.31,0.0,0.0,0.0,0.0,0.0,0.0,0.0,0.0,4.0,4.53,0.0,5.0,0.0,4.43,4.64,5.0,5.0,4.09,4.0,3.82,3.0,0.0,3.0,0.0,4.0,4.38,2.88,0.0,4.0,3.91,4.0,0.0,4.0,0.0,4.0,0.0,4.94,0.0,3.0,3.51,3.0,5.0,4.0,4.07,5.0,4.4,4.17,0.0,3.7,1.0,4.65,4.0,4.25,4.0,4.0,3.81,5.0,4.83,3.98,5.0,4.13,4.38,0.0,0.0,4.72,0.0,0.0,0.0,5.0,0.0,0.0,0.0,4.65,4.82,3.68,0.0,0.0,5.0,4.72,5.0,4.29,0.0,0.0,0.0,0.0,5.0,0.0,0.0,0.0,0.0,3.56,0.0,5.0,0.0,0.0,5.0,0.0,0.0,0.0,0.0,0.0,0.0,5.0,0.0,0.0,0.0,4.43,3.62,0.0,0.0,0.0,0.0,0.0,0.0,0.0,0.0,0.0,0.0,0.0,0.0,0.0,4.03,0.0,0.0,0.0,0.0
40311129,0.0,0.0,1.77,0.0,0.0,0.0,2.97,0.0,0.0,0.0,1.02,0.64,0.0,0.0,0.0,0.0,1.24,0.0,0.0,0.0,0.0,0.0,1.9,0.0,2.31,0.0,0.0,0.0,0.0,0.0,0.0,0.0,0.0,1.0,0.0,0.0,3.02,0.0,0.0,2.22,2.88,3.0,1.09,1.0,1.42,1.0,0.0,2.0,0.0,3.0,0.0,0.43,0.0,1.0,2.0,2.0,0.0,1.0,0.0,3.0,0.0,2.66,0.0,1.0,1.92,1.0,2.0,2.0,2.05,2.0,1.03,0.0,0.0,1.34,1.36,2.28,3.0,1.93,1.58,2.0,1.0,3.17,2.61,1.72,2.56,2.01,1.98,0.0,0.0,0.0,0.0,0.0,0.0,0.0,0.0,0.0,0.0,2.52,2.3,2.05,0.0,0.0,4.96,2.72,0.0,0.96,0.0,0.0,0.0,0.0,2.72,0.0,0.0,0.0,0.0,1.79,0.0,4.21,0.0,0.0,3.48,0.0,0.0,0.0,0.0,0.0,0.0,2.12,0.0,0.0,0.0,1.43,1.16,0.0,0.0,0.0,0.0,0.0,0.0,0.0,0.0,0.0,0.0,0.0,0.0,0.0,1.88,0.0,0.0,0.0,0.0
40311130,0.0,0.0,2.83,0.0,0.0,0.0,2.97,0.0,0.0,0.0,1.33,0.58,0.0,1.0,0.0,0.0,1.24,0.0,0.0,0.0,0.0,0.0,3.2,0.0,2.02,0.0,0.0,0.0,0.0,0.0,0.0,0.0,0.0,2.0,2.53,0.0,3.38,0.0,0.0,2.52,3.26,1.0,1.09,1.0,2.42,1.0,0.0,1.0,0.0,2.0,2.38,0.82,0.0,2.0,3.19,2.0,0.0,1.0,0.0,1.0,0.0,2.88,0.0,1.0,2.63,2.0,2.0,3.0,2.19,1.0,2.23,2.17,0.0,1.64,2.0,2.43,2.27,2.24,2.0,3.0,3.0,5.0,2.64,2.0,2.84,2.16,2.56,0.0,0.0,2.72,0.0,0.0,0.0,3.32,0.0,0.0,0.0,2.7,2.77,1.93,0.0,0.0,2.96,2.81,0.0,1.53,0.0,0.0,0.0,0.0,3.38,0.0,0.0,0.0,0.0,1.39,0.0,0.0,0.0,0.0,3.52,0.0,0.0,0.0,0.0,0.0,0.0,2.83,0.0,0.0,0.0,1.43,0.0,0.0,0.0,0.0,0.0,0.0,0.0,0.0,0.0,0.0,0.0,0.0,0.0,0.0,1.81,0.0,0.0,0.0,0.0
40311131,0.0,0.0,2.46,0.0,0.0,0.0,3.26,0.0,0.0,0.0,1.61,0.91,0.0,0.0,0.0,0.0,0.0,0.0,0.0,0.0,0.0,0.0,0.0,0.0,2.61,0.0,0.0,0.0,0.0,0.0,0.0,0.0,0.0,2.0,3.53,0.0,2.99,0.0,2.43,2.7,3.12,1.0,0.0,1.0,1.78,1.0,0.0,1.0,0.0,3.0,3.38,0.92,0.0,2.0,2.95,3.0,0.0,3.0,0.0,1.0,0.0,2.87,0.0,2.0,2.08,1.0,3.0,3.0,2.33,3.0,2.76,3.17,0.0,1.63,2.12,2.55,1.0,2.32,3.0,2.0,1.95,3.59,2.75,1.94,2.75,2.46,2.37,0.0,0.0,3.72,0.0,0.0,0.0,4.32,0.0,0.0,0.0,2.66,2.69,3.05,0.0,0.0,0.0,3.84,3.15,2.01,0.0,0.0,0.0,0.0,0.0,0.0,0.0,0.0,0.0,1.54,0.0,0.0,0.0,0.0,3.62,0.0,0.0,0.0,0.0,0.0,0.0,2.4,0.0,0.0,0.0,0.0,1.08,0.0,0.0,0.0,0.0,0.0,0.0,0.0,0.0,0.0,0.0,0.0,0.0,0.0,1.88,0.0,0.0,0.0,0.0
40311132,0.0,0.0,1.44,0.0,0.0,0.0,3.02,0.0,0.0,0.0,2.1,0.59,0.0,0.0,0.0,0.0,3.24,0.0,0.0,0.0,0.0,0.0,1.2,0.0,2.07,0.0,0.0,0.0,0.0,0.0,0.0,0.0,0.0,3.0,2.53,0.0,3.46,0.0,4.43,2.65,3.53,3.0,3.09,3.0,0.9,3.0,0.0,2.0,0.0,2.0,2.38,0.51,0.0,1.0,1.83,1.0,0.0,2.0,0.0,1.0,0.0,2.68,0.0,1.0,1.73,1.0,2.0,1.0,1.65,4.0,2.69,2.17,0.0,1.43,3.0,2.33,1.0,2.03,2.0,3.0,1.0,4.0,2.49,1.7,2.76,1.75,1.85,0.0,0.0,2.72,0.0,0.0,0.0,3.32,0.0,0.0,0.0,2.53,2.32,4.05,0.0,0.0,2.96,1.9,5.0,2.73,0.0,0.0,0.0,0.0,3.11,0.0,0.0,0.0,0.0,0.96,0.0,2.21,0.0,0.0,3.03,0.0,0.0,0.0,0.0,0.0,0.0,2.87,0.0,0.0,0.0,3.43,2.12,0.0,0.0,0.0,0.0,0.0,0.0,0.0,0.0,0.0,0.0,0.0,0.0,0.0,1.76,0.0,0.0,0.0,0.0
40311133,0.0,0.0,2.44,0.0,0.0,0.0,4.33,0.0,0.0,0.0,2.03,2.39,0.0,0.0,0.0,0.0,5.0,0.0,0.0,0.0,0.0,0.0,3.4,0.0,3.93,0.0,0.0,0.0,0.0,0.0,0.0,0.0,0.0,5.0,3.53,0.0,4.91,0.0,4.43,3.82,4.75,5.0,5.0,5.0,2.7,3.0,0.0,2.0,0.0,3.0,3.38,1.76,0.0,2.0,3.16,2.0,0.0,2.0,0.0,2.0,0.0,4.04,0.0,2.0,3.53,3.0,2.0,3.0,3.21,2.0,4.16,3.17,0.0,2.75,3.0,3.83,5.0,3.43,4.0,3.0,3.0,5.0,4.11,3.15,4.08,3.13,3.38,0.0,0.0,3.72,0.0,0.0,0.0,4.32,0.0,0.0,0.0,3.62,3.39,4.93,0.0,0.0,0.0,3.98,5.0,3.75,0.0,0.0,0.0,0.0,4.67,0.0,0.0,0.0,0.0,2.51,0.0,5.0,0.0,0.0,4.31,0.0,0.0,0.0,0.0,0.0,0.0,4.14,0.0,0.0,0.0,5.0,2.12,0.0,0.0,0.0,0.0,0.0,0.0,0.0,0.0,0.0,0.0,0.0,0.0,0.0,3.69,0.0,0.0,0.0,0.0
40311134,0.0,0.0,2.93,0.0,0.0,0.0,3.24,0.0,0.0,0.0,2.0,0.9,0.0,1.0,0.0,0.0,0.0,0.0,0.0,0.0,0.0,0.0,2.2,0.0,3.11,0.0,0.0,0.0,0.0,0.0,0.0,0.0,0.0,2.0,2.53,0.0,3.44,0.0,2.43,2.96,3.38,1.0,0.0,1.0,2.54,1.0,0.0,1.0,0.0,3.0,2.38,1.33,0.0,2.0,2.64,3.0,0.0,2.0,0.0,2.0,0.0,3.36,0.0,1.0,2.32,2.0,4.0,2.0,2.4,2.0,2.4,2.17,0.0,1.96,1.0,2.71,3.0,2.49,3.0,3.0,2.05,3.6,2.85,2.28,3.19,2.55,3.07,0.0,0.0,2.72,0.0,0.0,0.0,3.32,0.0,0.0,0.0,3.09,3.01,2.12,0.0,0.0,0.0,3.56,3.15,1.91,0.0,0.0,0.0,0.0,3.12,0.0,0.0,0.0,0.0,1.79,0.0,0.0,0.0,0.0,3.99,0.0,0.0,0.0,0.0,0.0,0.0,3.06,0.0,0.0,0.0,0.0,2.12,0.0,0.0,0.0,0.0,0.0,0.0,0.0,0.0,0.0,0.0,0.0,0.0,0.0,2.7,0.0,0.0,0.0,0.0
40311135,0.0,0.0,4.33,0.0,0.0,0.0,4.72,0.0,0.0,0.0,2.38,2.76,0.0,0.0,0.0,0.0,0.0,0.0,0.0,0.0,0.0,0.0,3.2,0.0,3.61,0.0,0.0,0.0,0.0,0.0,0.0,0.0,0.0,4.0,2.53,3.95,4.54,0.0,4.43,3.86,4.46,4.0,2.62,2.0,3.45,3.0,2.75,2.0,2.15,4.0,2.87,2.17,0.0,5.0,3.68,4.0,2.72,2.0,3.34,2.0,0.0,4.12,0.0,1.0,3.0,2.0,5.0,3.0,3.09,1.0,3.19,2.82,0.0,3.0,2.94,4.03,5.0,3.37,3.0,3.0,3.0,4.58,3.67,3.42,4.1,3.24,3.8,3.59,3.03,2.72,3.01,3.89,0.0,3.32,0.0,0.0,0.0,3.33,4.03,2.7,0.0,0.0,0.0,4.7,0.0,1.71,0.0,0.0,0.0,0.0,3.92,0.0,0.0,0.0,0.0,2.74,0.0,5.0,0.0,0.0,4.37,0.0,0.0,0.0,0.0,0.0,0.0,4.08,0.0,0.0,0.0,0.0,3.08,0.0,0.0,0.0,0.0,0.0,0.0,0.0,0.0,0.0,1.48,0.0,0.0,0.0,3.74,0.0,0.0,0.0,0.0
40311136,0.0,0.0,0.0,0.0,0.0,0.0,0.0,0.0,0.0,0.0,1.78,0.0,0.0,0.0,0.0,0.0,0.0,0.0,0.0,0.0,0.0,0.0,0.0,0.0,0.0,0.0,0.0,0.0,0.0,0.0,0.0,0.0,0.0,5.0,0.0,0.0,4.73,0.0,3.43,4.63,4.68,1.0,0.0,1.48,0.0,2.0,0.0,2.4,0.0,4.66,0.0,3.42,0.0,2.51,1.64,3.32,0.0,0.0,0.0,4.35,0.0,5.0,0.0,1.61,3.88,0.62,3.6,0.0,4.77,2.19,5.0,0.0,0.0,2.53,3.6,3.89,4.92,3.22,3.01,5.0,2.74,4.31,2.35,2.77,4.06,4.8,4.93,0.0,0.0,0.0,0.0,0.0,0.0,0.0,0.0,0.0,0.0,0.0,0.0,4.93,0.0,0.0,0.0,0.0,3.15,1.32,0.0,0.0,0.0,0.0,0.0,0.0,0.0,0.0,0.0,0.0,0.0,0.0,0.0,0.0,0.0,0.0,0.0,0.0,0.0,0.0,0.0,3.66,0.0,0.0,0.0,0.0,2.08,0.0,0.0,0.0,0.0,0.0,0.0,0.0,0.0,0.0,0.0,0.0,0.0,0.0,0.0,0.0,0.0,0.0,0.0
40311137,0.0,0.0,3.93,0.0,0.0,0.0,4.33,0.0,0.0,0.0,2.77,2.11,0.0,0.0,0.0,0.0,3.24,0.0,0.0,0.0,0.0,0.0,3.4,0.0,3.3,0.0,0.0,0.0,0.0,0.0,0.0,0.0,0.0,4.0,4.53,0.0,4.64,0.0,4.43,3.93,4.72,4.0,3.09,3.0,3.17,3.0,0.0,3.0,0.0,5.0,4.38,2.11,0.0,4.0,3.59,4.0,0.0,3.0,0.0,2.0,0.0,4.24,0.0,3.0,3.33,2.0,5.0,3.0,3.48,4.0,4.4,4.17,0.0,3.04,3.21,3.88,4.0,3.68,2.0,4.0,3.0,5.0,4.06,3.37,4.33,3.6,3.76,0.0,0.0,4.72,0.0,0.0,0.0,5.0,0.0,0.0,0.0,3.83,3.96,4.74,0.0,0.0,0.0,4.09,5.0,3.43,0.0,0.0,0.0,0.0,4.26,0.0,0.0,0.0,0.0,2.84,0.0,0.0,0.0,0.0,4.57,0.0,0.0,0.0,0.0,0.0,0.0,4.44,0.0,0.0,0.0,3.43,3.62,0.0,0.0,0.0,0.0,0.0,0.0,0.0,0.0,0.0,0.0,0.0,0.0,0.0,2.93,0.0,0.0,0.0,0.0
40311138,0.0,0.0,2.93,0.0,0.0,0.0,3.76,0.0,0.0,0.0,3.0,1.89,0.0,0.0,0.0,0.0,1.24,0.0,0.0,0.0,0.0,0.0,3.4,0.0,2.38,0.0,0.0,0.0,0.0,0.0,0.0,0.0,0.0,4.0,0.0,0.0,4.6,0.0,4.43,3.89,4.53,1.0,1.09,1.0,3.08,3.0,0.0,4.0,0.0,3.0,0.0,2.02,0.0,2.0,3.0,3.0,0.0,3.0,0.0,2.0,0.0,4.18,0.0,1.0,3.44,1.0,4.0,2.0,3.64,4.0,4.03,0.0,0.0,2.71,3.35,3.76,3.65,3.39,1.0,5.0,4.0,5.0,3.81,3.2,4.16,3.81,3.82,0.0,0.0,0.0,0.0,0.0,0.0,0.0,0.0,0.0,0.0,3.99,3.57,4.43,0.0,0.0,0.0,4.29,0.0,2.28,0.0,0.0,0.0,0.0,3.31,0.0,0.0,0.0,0.0,3.29,0.0,0.0,0.0,0.0,4.82,0.0,0.0,0.0,0.0,0.0,0.0,3.79,0.0,0.0,0.0,1.43,3.12,0.0,0.0,0.0,0.0,0.0,0.0,0.0,0.0,0.0,0.0,0.0,0.0,0.0,1.24,0.0,0.0,0.0,0.0
40311139,0.0,0.0,3.83,0.0,0.0,0.0,3.26,0.0,0.0,0.0,1.93,0.8,1.0,1.0,0.0,0.0,1.24,0.0,0.0,0.0,0.0,0.0,3.2,0.0,1.93,0.0,0.0,0.0,0.0,0.0,0.0,0.0,0.0,1.0,0.0,0.0,3.12,0.0,2.43,2.47,3.26,1.0,1.09,1.0,2.55,1.0,2.11,2.0,0.0,3.0,0.0,0.94,0.0,4.0,2.27,2.0,0.0,1.0,0.0,1.0,0.0,2.74,0.0,1.0,1.81,1.0,3.0,3.0,1.97,3.0,1.64,0.0,0.0,1.7,1.0,2.55,2.0,2.25,3.0,2.0,1.54,3.29,2.5,2.0,2.89,2.15,2.71,0.0,0.0,0.0,0.0,0.0,0.0,0.0,0.0,0.0,0.0,2.39,2.9,2.23,0.0,0.0,0.0,2.72,0.0,1.54,0.0,0.0,0.0,0.0,2.89,0.0,0.0,0.0,0.0,1.51,0.0,3.21,0.0,0.0,3.31,0.0,0.0,0.0,0.0,0.0,0.0,2.69,0.0,0.0,0.0,1.43,1.08,0.0,0.0,0.0,0.0,0.0,0.0,0.0,0.0,0.0,0.0,0.0,0.0,0.0,2.29,0.0,0.0,0.0,0.0
40311140,0.0,0.0,4.77,0.0,0.0,0.0,5.0,0.0,0.0,0.0,3.18,3.02,0.0,0.0,0.0,0.0,0.0,0.0,0.0,0.0,0.0,0.0,4.2,0.0,4.22,0.0,0.0,0.0,0.0,0.0,0.0,0.0,0.0,5.0,5.0,0.0,5.0,0.0,5.0,4.69,5.0,4.0,0.0,4.0,3.93,4.0,0.0,4.0,0.0,4.0,5.0,2.86,0.0,5.0,4.31,4.0,0.0,3.0,0.0,5.0,0.0,4.94,0.0,5.0,3.94,2.0,5.0,4.0,4.45,2.0,5.0,5.0,0.0,3.8,4.05,4.76,5.0,4.57,3.0,4.0,3.55,5.0,4.85,4.15,5.0,4.6,4.55,0.0,0.0,5.0,0.0,0.0,0.0,5.0,0.0,0.0,0.0,4.37,4.63,2.74,0.0,0.0,5.0,4.9,5.0,3.51,0.0,0.0,0.0,0.0,4.77,0.0,0.0,0.0,0.0,3.77,0.0,5.0,0.0,0.0,5.0,0.0,0.0,0.0,0.0,0.0,0.0,4.94,0.0,0.0,0.0,0.0,4.12,0.0,0.0,0.0,0.0,0.0,0.0,0.0,0.0,0.0,0.0,0.0,0.0,0.0,4.24,0.0,0.0,0.0,0.0
40311141,0.0,0.0,0.0,0.0,0.0,0.0,0.0,0.0,0.0,0.0,0.78,0.0,0.0,0.0,0.0,0.0,0.0,0.0,0.0,0.0,0.0,0.0,0.0,0.0,0.0,0.0,0.0,0.0,0.0,0.0,0.0,0.0,0.0,1.0,0.0,0.0,2.18,0.0,2.43,1.43,1.97,1.0,0.0,1.01,0.0,1.0,0.0,1.4,0.0,0.66,0.0,0.0,0.0,0.76,0.0,1.08,0.0,0.0,0.0,0.35,0.0,1.54,0.0,0.16,1.0,0.0,1.14,0.0,0.77,0.68,1.03,0.0,0.0,0.59,0.73,1.16,0.92,1.08,0.74,1.01,0.2,2.38,2.13,0.99,1.51,0.8,0.93,0.0,0.0,0.0,0.0,0.0,0.0,0.0,0.0,0.0,0.0,0.0,0.0,0.93,0.0,0.0,0.0,0.0,0.0,0.0,0.0,0.0,0.0,0.0,0.0,0.0,0.0,0.0,0.0,0.0,0.0,0.0,0.0,0.0,0.0,0.0,0.0,0.0,0.0,0.0,0.0,1.3,0.0,0.0,0.0,0.0,1.08,0.0,0.0,0.0,0.0,0.0,0.0,0.0,0.0,0.0,0.0,0.0,0.0,0.0,0.0,0.0,0.0,0.0,0.0
40311142,0.0,0.0,1.46,0.0,0.0,0.0,2.57,0.0,0.0,0.0,1.2,0.24,0.0,0.0,0.0,0.0,1.24,0.0,0.0,0.0,0.0,0.0,0.0,0.0,1.57,0.0,0.0,0.0,0.0,0.0,0.0,0.0,0.0,1.0,0.0,0.0,2.5,0.0,2.43,2.2,2.8,1.0,1.09,1.0,0.99,1.0,0.0,1.0,0.0,3.0,0.0,0.45,0.0,1.0,1.64,1.16,0.0,0.0,0.0,0.73,0.0,2.39,0.0,1.0,1.0,1.0,2.1,1.26,1.89,3.0,1.03,0.0,0.0,1.28,1.4,2.12,0.92,1.82,1.4,1.91,1.22,2.82,2.61,1.66,2.55,2.04,1.9,0.0,0.0,0.0,0.0,0.0,0.0,0.0,0.0,0.0,0.0,2.88,2.04,0.93,0.0,0.0,0.0,3.81,3.15,1.77,0.0,0.0,0.0,0.0,2.57,0.0,0.0,0.0,0.0,2.65,0.0,0.0,0.0,0.0,4.02,0.0,0.0,0.0,0.0,0.0,0.0,1.87,0.0,0.0,0.0,1.43,1.08,0.0,0.0,0.0,0.0,0.0,0.0,0.0,0.0,0.0,0.0,0.0,0.0,0.0,1.18,0.0,0.0,0.0,0.0
40311143,0.0,0.0,0.0,0.0,0.0,0.0,0.0,0.0,0.0,0.0,2.09,0.0,0.0,0.0,0.0,0.0,0.0,0.0,0.0,0.0,0.0,0.0,0.0,0.0,0.0,0.0,0.0,0.0,0.0,0.0,0.0,0.0,0.0,3.0,0.0,0.0,3.64,0.0,3.43,3.33,3.73,1.0,0.0,1.0,0.0,2.0,0.0,1.0,0.0,3.0,0.0,1.62,0.0,2.12,1.64,2.49,0.0,0.0,0.0,2.35,0.0,3.68,0.0,1.42,2.63,1.41,2.93,0.0,2.93,1.0,3.03,0.0,0.0,2.14,2.52,3.01,2.92,2.67,2.39,3.15,1.98,3.75,3.02,2.47,3.38,3.01,3.1,0.0,0.0,0.0,0.0,0.0,0.0,0.0,0.0,0.0,0.0,3.66,0.0,2.93,0.0,0.0,0.0,3.81,3.15,2.01,0.0,0.0,0.0,0.0,0.0,0.0,0.0,0.0,0.0,2.65,0.0,0.0,0.0,0.0,4.48,0.0,0.0,0.0,0.0,0.0,0.0,2.7,0.0,0.0,0.0,0.0,2.08,0.0,0.0,0.0,0.0,0.0,0.0,0.0,0.0,0.0,0.0,0.0,0.0,0.0,0.0,0.0,0.0,0.0,0.0
40311145,0.0,0.0,0.0,0.0,0.0,0.0,0.0,0.0,0.0,0.0,0.78,0.0,0.0,0.0,0.0,0.0,0.0,0.0,0.0,0.0,0.0,0.0,0.0,0.0,0.0,0.0,0.0,0.0,0.0,0.0,0.0,0.0,0.0,2.0,0.0,0.0,2.77,0.0,2.43,2.05,2.82,1.0,0.0,1.05,0.0,1.0,0.0,1.4,0.0,0.0,0.0,0.0,0.0,1.16,1.64,1.4,0.0,0.0,0.0,0.0,0.0,0.0,0.0,0.44,1.49,0.62,1.99,0.0,0.0,1.01,0.0,0.0,0.0,1.04,1.28,2.01,0.0,1.62,1.2,0.0,1.04,2.78,2.19,1.37,2.35,0.0,0.0,0.0,0.0,0.0,0.0,0.0,0.0,0.0,0.0,0.0,0.0,0.0,0.0,0.0,0.0,0.0,0.0,0.0,3.15,1.32,0.0,0.0,0.0,0.0,0.0,0.0,0.0,0.0,0.0,0.0,0.0,0.0,0.0,0.0,0.0,0.0,0.0,0.0,0.0,0.0,0.0,2.15,0.0,0.0,0.0,0.0,1.08,0.0,0.0,0.0,0.0,0.0,0.0,0.0,0.0,0.0,0.0,0.0,0.0,0.0,0.0,0.0,0.0,0.0,0.0
40311146,0.0,0.0,2.1,0.0,0.0,0.0,2.83,0.0,0.0,0.0,0.86,0.41,0.0,0.0,0.0,0.0,3.24,0.0,0.0,0.0,0.0,0.0,1.4,0.0,2.26,0.0,0.0,0.0,0.0,0.0,0.0,0.0,0.0,3.0,0.0,0.0,3.2,0.0,0.0,2.4,3.24,2.0,3.09,3.0,1.44,3.0,0.0,1.0,0.0,2.0,0.0,0.59,0.0,2.0,1.72,1.0,0.0,1.0,0.0,1.0,0.0,2.65,0.0,1.0,1.53,1.0,3.0,1.0,1.47,1.0,3.03,0.0,0.0,1.35,1.73,2.17,1.0,1.92,1.0,2.0,1.0,3.0,2.2,1.58,2.66,1.65,2.19,0.0,0.0,0.0,0.0,0.0,0.0,0.0,0.0,0.0,0.0,2.27,2.35,2.93,0.0,0.0,0.0,1.86,4.15,2.04,0.0,0.0,0.0,0.0,2.79,0.0,0.0,0.0,0.0,0.73,0.0,2.21,0.0,0.0,2.95,0.0,0.0,0.0,0.0,0.0,0.0,2.88,0.0,0.0,0.0,3.43,2.16,0.0,0.0,0.0,0.0,0.0,0.0,0.0,0.0,0.0,0.0,0.0,0.0,0.0,2.29,0.0,0.0,0.0,0.0
40311148,0.0,0.0,0.0,0.0,0.0,0.0,2.39,0.0,0.0,0.0,1.61,0.09,0.0,0.0,0.0,0.0,1.24,0.0,0.0,0.0,0.0,0.0,0.0,0.0,1.57,0.0,0.0,0.0,0.0,0.0,0.0,0.0,0.0,3.0,0.0,0.0,3.09,0.0,2.43,2.7,3.29,1.0,1.09,1.0,0.0,1.0,0.0,1.0,0.0,3.0,0.0,0.94,0.0,1.89,0.0,1.48,0.0,2.25,0.0,1.73,0.0,2.83,0.0,1.08,2.36,1.63,3.08,0.0,2.26,3.0,3.03,0.0,0.0,1.58,2.08,2.54,2.0,2.22,1.95,3.0,2.22,3.29,2.66,1.99,2.87,2.53,3.1,0.0,0.0,0.0,0.0,0.0,0.0,0.0,0.0,0.0,0.0,2.49,1.87,3.43,0.0,0.0,0.0,3.81,0.0,2.03,0.0,0.0,0.0,0.0,2.57,0.0,0.0,0.0,0.0,1.67,0.0,0.0,0.0,0.0,3.4,0.0,0.0,0.0,0.0,0.0,0.0,2.71,0.0,0.0,0.0,1.43,1.08,0.0,0.0,0.0,0.0,0.0,0.0,0.0,0.0,0.0,0.0,0.0,0.0,0.0,1.24,0.0,0.0,0.0,0.0
40311150,0.0,0.0,1.46,0.0,0.0,0.0,2.19,0.0,0.0,0.0,1.42,0.0,0.0,0.0,0.0,0.0,0.0,0.0,0.0,0.0,0.0,0.0,0.0,0.0,2.03,0.0,0.0,0.0,0.0,0.0,0.0,0.0,0.0,3.0,2.53,0.0,3.4,0.0,4.43,3.0,3.36,1.0,0.0,1.0,1.29,3.0,0.0,1.0,0.0,3.0,2.38,0.79,0.0,1.0,1.3,1.9,0.0,1.91,0.0,1.85,0.0,2.91,0.0,1.0,2.19,1.0,2.65,1.74,2.17,2.0,2.69,2.17,0.0,1.8,1.0,2.55,2.09,2.3,1.73,2.61,1.96,3.45,3.45,2.2,2.89,2.24,2.49,0.0,0.0,2.72,0.0,0.0,0.0,3.32,0.0,0.0,0.0,2.62,2.04,2.31,0.0,0.0,0.0,3.81,0.0,2.81,0.0,0.0,0.0,0.0,0.0,0.0,0.0,0.0,0.0,1.67,0.0,0.0,0.0,0.0,3.43,0.0,0.0,0.0,0.0,0.0,0.0,2.67,0.0,0.0,0.0,0.0,3.08,0.0,0.0,0.0,0.0,0.0,0.0,0.0,0.0,0.0,0.0,0.0,0.0,0.0,1.45,0.0,0.0,0.0,0.0
40311151,0.0,0.0,4.43,0.0,0.0,0.0,5.0,0.0,0.0,0.0,3.8,2.99,0.0,0.0,0.0,0.0,0.0,0.0,0.0,0.0,0.0,0.0,4.2,0.0,3.56,0.0,0.0,0.0,0.0,0.0,0.0,0.0,0.0,4.0,5.0,0.0,5.0,0.0,5.0,4.4,5.0,4.0,0.0,4.0,3.92,4.0,0.0,5.0,0.0,4.0,5.0,2.67,0.0,4.0,3.98,3.0,0.0,4.0,0.0,3.0,0.0,4.81,0.0,4.0,4.0,3.0,5.0,4.0,4.22,4.0,4.76,5.0,0.0,3.6,4.05,4.45,5.0,4.32,4.0,4.0,3.66,5.0,4.66,4.01,4.95,4.21,4.18,0.0,0.0,5.0,0.0,0.0,0.0,5.0,0.0,0.0,0.0,4.5,4.77,4.43,0.0,0.0,4.96,4.72,0.0,3.76,0.0,0.0,0.0,0.0,5.0,0.0,0.0,0.0,0.0,3.84,0.0,5.0,0.0,0.0,5.0,0.0,0.0,0.0,0.0,0.0,0.0,4.66,0.0,0.0,0.0,0.0,4.12,0.0,0.0,0.0,0.0,0.0,0.0,0.0,0.0,0.0,0.0,0.0,0.0,0.0,3.41,0.0,0.0,0.0,0.0
40311152,0.0,0.0,0.0,0.0,0.0,0.0,2.19,0.0,0.0,0.0,1.39,0.0,0.0,0.0,0.0,0.0,0.0,0.0,0.0,0.0,0.0,0.0,0.0,0.0,0.0,0.0,0.0,0.0,0.0,0.0,0.0,0.0,0.0,3.0,0.0,0.0,3.03,0.0,3.43,3.45,3.76,1.0,0.0,3.0,0.0,2.0,0.0,1.0,0.0,4.0,0.0,1.66,0.0,2.0,2.3,1.56,0.0,1.33,0.0,0.0,0.0,3.19,0.0,1.18,2.25,1.55,3.63,0.0,2.47,1.0,0.0,0.0,0.0,2.44,2.0,3.05,1.31,3.01,1.85,2.87,2.32,3.66,4.06,2.86,3.5,3.05,4.28,0.0,0.0,0.0,0.0,0.0,0.0,0.0,0.0,0.0,0.0,3.18,1.71,2.08,0.0,0.0,0.0,4.81,0.0,3.81,0.0,0.0,0.0,0.0,0.0,0.0,0.0,0.0,0.0,2.17,0.0,0.0,0.0,0.0,4.0,0.0,0.0,0.0,0.0,0.0,0.0,0.0,0.0,0.0,0.0,0.0,2.08,0.0,0.0,0.0,0.0,0.0,0.0,0.0,0.0,0.0,0.0,0.0,0.0,0.0,0.0,0.0,0.0,0.0,0.0
40311153,0.0,0.0,4.83,0.0,0.0,0.0,5.0,0.0,0.0,0.0,4.13,3.54,0.0,0.0,0.0,0.0,5.0,0.0,0.0,0.0,0.0,0.0,4.2,0.0,4.88,0.0,0.0,0.0,0.0,0.0,0.0,0.0,0.0,5.0,0.0,0.0,5.0,0.0,0.0,5.0,5.0,3.0,5.0,5.0,4.4,4.0,0.0,5.0,0.0,4.0,0.0,3.3,0.0,5.0,3.86,4.0,0.0,4.0,0.0,3.0,0.0,5.0,0.0,5.0,4.3,3.0,5.0,4.0,4.35,5.0,5.0,0.0,0.0,4.01,4.27,4.94,5.0,4.58,3.0,4.0,3.96,4.0,4.96,4.33,5.0,4.45,4.7,0.0,0.0,0.0,0.0,0.0,0.0,0.0,0.0,0.0,0.0,4.9,5.0,5.0,0.0,0.0,0.0,5.0,5.0,4.04,0.0,0.0,0.0,0.0,5.0,0.0,0.0,0.0,0.0,3.98,0.0,5.0,0.0,0.0,5.0,0.0,0.0,0.0,0.0,0.0,0.0,4.99,0.0,0.0,0.0,5.0,0.0,0.0,0.0,0.0,0.0,0.0,0.0,0.0,0.0,0.0,0.0,0.0,0.0,0.0,5.0,0.0,0.0,0.0,0.0
40311154,0.0,0.0,5.0,0.0,0.0,0.0,5.0,0.0,0.0,0.0,3.57,3.01,0.0,0.0,0.0,0.0,5.0,0.0,0.0,0.0,0.0,0.0,5.0,0.0,4.88,0.0,0.0,0.0,0.0,0.0,0.0,0.0,0.0,3.0,5.0,0.0,5.0,0.0,5.0,4.68,5.0,4.0,5.0,5.0,4.3,5.0,0.0,3.0,0.0,4.0,5.0,2.96,0.0,5.0,4.08,4.0,0.0,4.0,0.0,3.0,0.0,4.87,0.0,5.0,3.63,2.0,5.0,5.0,4.18,4.0,4.83,5.0,0.0,3.82,2.0,4.48,3.0,4.53,4.0,4.0,3.76,5.0,4.82,4.02,4.93,4.29,4.48,0.0,0.0,5.0,0.0,0.0,0.0,5.0,0.0,0.0,0.0,4.61,5.0,3.47,0.0,0.0,0.0,4.39,0.0,4.23,0.0,0.0,0.0,0.0,5.0,0.0,0.0,0.0,0.0,3.11,0.0,4.21,0.0,0.0,5.0,0.0,0.0,0.0,0.0,0.0,0.0,4.99,0.0,0.0,0.0,5.0,4.62,0.0,0.0,0.0,0.0,0.0,0.0,0.0,0.0,0.0,0.0,0.0,0.0,0.0,5.0,0.0,0.0,0.0,0.0
40311155,0.0,0.0,3.33,0.0,0.0,0.0,4.06,0.0,0.0,0.0,2.2,1.77,0.0,0.0,0.0,0.0,3.24,0.0,0.0,0.0,0.0,0.0,3.2,0.0,3.56,0.0,0.0,0.0,0.0,0.0,0.0,0.0,0.0,5.0,3.53,0.0,4.64,0.0,4.43,3.69,4.52,4.0,3.09,3.0,3.12,3.0,0.0,2.0,0.0,2.0,3.38,1.94,0.0,3.0,2.85,3.0,0.0,3.0,0.0,3.0,0.0,4.01,0.0,2.0,2.91,3.0,5.0,3.0,3.17,3.0,3.4,3.17,0.0,2.79,1.0,3.64,3.24,3.39,3.0,3.0,2.0,4.41,3.94,3.15,4.04,3.23,3.66,0.0,0.0,3.72,0.0,0.0,0.0,4.32,0.0,0.0,0.0,3.85,3.7,1.45,0.0,0.0,4.96,3.8,5.0,3.43,0.0,0.0,0.0,0.0,4.26,0.0,0.0,0.0,0.0,2.4,0.0,0.0,0.0,0.0,4.68,0.0,0.0,0.0,0.0,0.0,0.0,4.2,0.0,0.0,0.0,3.43,3.08,0.0,0.0,0.0,0.0,0.0,0.0,0.0,0.0,0.0,0.0,0.0,0.0,0.0,3.31,0.0,0.0,0.0,0.0
40311157,0.0,0.0,4.77,0.0,0.0,0.0,5.0,0.0,0.0,0.0,3.26,2.56,0.0,0.0,0.0,0.0,0.0,0.0,0.0,0.0,0.0,0.0,4.4,0.0,4.24,0.0,0.0,0.0,0.0,0.0,0.0,0.0,0.0,5.0,5.0,0.0,5.0,0.0,3.43,4.83,5.0,3.0,0.0,3.0,3.85,2.0,0.0,3.0,0.0,4.0,5.0,2.99,0.0,5.0,4.02,4.0,0.0,4.0,0.0,4.0,0.0,5.0,0.0,4.0,4.25,3.0,4.0,5.0,4.4,5.0,5.0,5.0,0.0,3.73,4.06,4.71,4.0,4.37,3.0,5.0,3.0,5.0,4.72,3.98,4.95,4.51,4.63,0.0,0.0,5.0,0.0,0.0,0.0,5.0,0.0,0.0,0.0,4.76,4.76,4.93,0.0,0.0,5.0,4.41,5.0,3.32,0.0,0.0,0.0,0.0,5.0,0.0,0.0,0.0,0.0,3.58,0.0,5.0,0.0,0.0,5.0,0.0,0.0,0.0,0.0,0.0,0.0,5.0,0.0,0.0,0.0,0.0,2.62,0.0,0.0,0.0,0.0,0.0,0.0,0.0,0.0,0.0,0.0,0.0,0.0,0.0,4.24,0.0,0.0,0.0,0.0
40311158,0.0,0.0,3.83,0.0,0.0,0.0,4.02,0.0,0.0,0.0,4.37,2.01,0.0,0.0,0.0,0.0,5.0,0.0,0.0,0.0,0.0,0.0,3.4,0.0,2.81,0.0,0.0,0.0,0.0,0.0,0.0,0.0,0.0,3.79,3.53,0.0,4.95,0.0,0.0,4.1,5.0,5.0,5.0,5.0,3.05,3.32,0.0,3.05,0.0,1.0,3.38,2.17,0.0,5.0,2.76,1.0,0.0,2.59,0.0,1.0,0.0,3.99,0.0,2.0,2.38,2.0,4.0,2.0,2.7,5.0,3.4,3.17,0.0,2.93,2.0,3.76,1.0,3.43,4.0,5.0,4.0,3.0,3.76,3.14,4.48,3.03,3.74,0.0,0.0,3.72,0.0,0.0,0.0,4.32,0.0,0.0,0.0,3.79,3.78,4.16,0.0,0.0,2.96,2.89,5.0,5.0,0.0,0.0,0.0,0.0,4.41,0.0,0.0,0.0,0.0,1.87,0.0,2.21,0.0,0.0,3.98,0.0,0.0,0.0,0.0,0.0,0.0,5.0,0.0,0.0,5.0,5.0,0.0,0.0,0.0,0.0,0.0,0.0,0.0,0.0,0.0,0.0,0.0,0.0,0.0,0.0,3.32,0.0,0.0,0.0,0.0
40311159,0.0,0.0,0.0,0.0,0.0,0.0,2.39,0.0,0.0,0.0,0.79,0.09,0.0,0.0,0.0,0.0,1.24,0.0,0.0,0.0,0.0,0.0,0.0,0.0,1.57,0.0,0.0,0.0,0.0,0.0,0.0,0.0,0.0,1.0,0.0,0.0,2.41,0.0,2.43,1.91,2.55,1.0,1.09,1.0,0.0,1.0,0.0,1.0,0.0,2.0,0.0,0.12,0.0,1.07,0.0,1.04,0.0,1.33,0.0,0.73,0.0,2.12,0.0,0.37,1.04,0.7,1.9,0.0,1.32,1.0,1.03,0.0,0.0,1.0,1.12,1.8,1.14,1.53,1.12,1.67,0.94,2.61,2.3,1.37,2.2,1.51,1.58,0.0,0.0,0.0,0.0,0.0,0.0,0.0,0.0,0.0,0.0,2.15,1.87,1.43,0.0,0.0,0.0,2.81,0.0,1.53,0.0,0.0,0.0,0.0,2.57,0.0,0.0,0.0,0.0,1.17,0.0,0.0,0.0,0.0,2.98,0.0,0.0,0.0,0.0,0.0,0.0,1.67,0.0,0.0,0.0,1.43,1.08,0.0,0.0,0.0,0.0,0.0,0.0,0.0,0.0,0.0,0.0,0.0,0.0,0.0,1.24,0.0,0.0,0.0,0.0
40311160,0.0,0.0,0.0,0.0,0.0,0.0,0.0,0.0,0.0,0.0,2.35,0.0,0.0,0.0,0.0,0.0,0.0,0.0,0.0,0.0,0.0,0.0,0.0,0.0,0.0,0.0,0.0,0.0,0.0,0.0,0.0,0.0,0.0,3.34,0.0,0.0,0.0,0.0,0.0,3.6,4.31,2.5,0.0,1.0,0.0,2.56,0.0,1.0,0.0,3.0,0.0,1.76,0.0,2.69,0.0,0.0,0.0,0.0,0.0,0.0,0.0,3.89,0.0,1.98,0.0,2.11,3.48,0.0,3.11,2.0,0.0,0.0,0.0,2.57,2.83,3.51,0.0,3.15,2.74,3.36,2.54,4.31,3.7,2.91,3.85,3.15,3.28,0.0,0.0,0.0,0.0,0.0,0.0,0.0,0.0,0.0,0.0,3.66,0.0,0.0,0.0,0.0,0.0,3.81,0.0,2.81,0.0,0.0,0.0,0.0,0.0,0.0,0.0,0.0,0.0,2.65,0.0,0.0,0.0,0.0,4.48,0.0,0.0,0.0,0.0,0.0,0.0,0.0,0.0,0.0,0.0,0.0,0.0,0.0,0.0,0.0,0.0,0.0,0.0,0.0,0.0,0.0,0.0,0.0,0.0,0.0,0.0,0.0,0.0,0.0,0.0
40311161,0.0,0.0,1.46,0.0,0.0,0.0,2.39,0.0,0.0,0.0,0.57,0.09,0.0,0.0,0.0,0.0,1.24,0.0,0.0,0.0,0.0,0.0,0.0,0.0,1.57,0.0,0.0,0.0,0.0,0.0,0.0,0.0,0.0,1.85,2.53,0.0,2.61,0.0,0.0,1.8,2.54,0.91,1.09,1.0,0.99,1.02,0.0,1.0,0.0,1.0,2.38,0.0,0.0,1.0,1.85,1.4,0.0,1.61,0.0,1.48,0.0,2.09,0.0,1.0,2.14,2.0,1.87,1.54,1.64,1.0,2.4,2.17,0.0,0.78,2.0,1.69,1.63,1.58,1.0,1.91,0.95,2.82,1.93,1.1,2.03,1.61,1.43,0.0,0.0,2.72,0.0,0.0,0.0,3.32,0.0,0.0,0.0,1.82,1.9,2.08,0.0,0.0,0.0,1.81,0.0,1.03,0.0,0.0,0.0,0.0,2.57,0.0,0.0,0.0,0.0,0.67,0.0,0.0,0.0,0.0,2.57,0.0,0.0,0.0,0.0,0.0,0.0,2.02,0.0,0.0,0.0,1.43,0.0,0.0,0.0,0.0,0.0,0.0,0.0,0.0,0.0,0.0,0.0,0.0,0.0,0.0,1.18,0.0,0.0,0.0,0.0
40311162,0.0,0.0,1.06,0.0,0.0,0.0,2.19,0.0,0.0,0.0,1.09,0.13,0.0,0.0,0.0,0.0,0.0,0.0,0.0,0.0,0.0,0.0,1.61,0.0,0.0,0.0,0.0,0.0,0.0,0.0,0.0,0.0,0.0,2.4,0.0,0.0,2.56,0.0,0.0,2.52,2.93,1.0,0.0,1.0,0.77,1.23,0.0,1.0,0.0,4.0,0.0,0.41,0.0,1.0,1.91,1.0,0.0,1.0,0.0,0.85,0.0,2.37,0.0,1.0,3.22,2.0,1.0,1.17,1.8,1.0,0.0,0.0,0.0,1.22,3.0,2.24,1.38,1.82,1.0,2.47,1.0,3.03,2.25,1.59,2.42,2.12,2.1,0.0,0.0,0.0,0.0,0.0,0.0,0.0,0.0,0.0,0.0,2.37,1.61,3.45,0.0,0.0,0.0,2.77,3.15,1.86,0.0,0.0,0.0,0.0,2.04,0.0,0.0,0.0,0.0,1.63,0.0,0.0,0.0,0.0,3.29,0.0,0.0,0.0,0.0,0.0,0.0,1.72,0.0,0.0,0.0,0.0,0.16,0.0,0.0,0.0,0.0,0.0,0.0,0.0,0.0,0.0,0.0,0.0,0.0,0.0,1.12,0.0,0.0,0.0,0.0
40311165,0.0,0.0,1.46,0.0,0.0,0.0,0.0,0.0,0.0,0.0,0.64,0.0,0.0,0.0,0.0,0.0,0.0,0.0,0.0,0.0,0.0,0.0,0.0,0.0,2.03,0.0,0.0,0.0,0.0,0.0,0.0,0.0,0.0,1.66,2.53,0.0,2.97,0.0,0.0,1.91,2.62,1.17,0.0,1.06,1.29,1.24,0.0,1.52,0.0,1.61,2.38,0.36,0.0,1.0,1.39,1.64,0.0,2.12,0.0,1.66,0.0,2.61,0.0,1.0,1.94,1.0,2.09,1.61,2.09,1.13,2.4,2.17,0.0,1.05,1.48,1.82,1.91,1.94,1.0,2.08,1.29,2.98,0.0,1.4,2.38,1.99,1.87,0.0,0.0,2.72,0.0,0.0,0.0,3.32,0.0,0.0,0.0,2.55,2.29,0.0,0.0,0.0,0.0,0.0,0.0,0.0,0.0,0.0,0.0,0.0,0.0,0.0,0.0,0.0,0.0,0.0,0.0,0.0,0.0,0.0,3.37,0.0,0.0,0.0,0.0,0.0,0.0,2.0,0.0,0.0,0.0,0.0,0.0,0.0,0.0,0.0,0.0,0.0,0.0,0.0,0.0,0.0,0.0,0.0,0.0,0.0,1.45,0.0,0.0,0.0,0.0
40311166,0.0,0.0,0.0,0.0,0.0,0.0,0.0,0.0,0.0,0.0,0.0,0.0,0.0,0.0,0.0,0.0,0.0,0.0,0.0,0.0,0.0,0.0,0.0,0.0,3.03,0.0,0.0,0.0,0.0,0.0,0.0,0.0,0.0,0.0,2.53,0.0,4.19,0.0,0.0,0.0,0.0,1.93,0.0,2.46,2.57,1.91,0.0,1.98,0.0,2.38,2.38,1.65,0.0,1.0,0.0,2.35,0.0,2.12,0.0,2.06,0.0,3.77,0.0,1.0,2.94,2.0,2.97,2.33,2.44,1.99,2.4,2.17,0.0,2.46,2.23,0.0,2.67,2.5,3.0,2.78,2.06,3.66,0.0,2.79,3.74,2.44,3.16,0.0,0.0,2.72,0.0,0.0,0.0,3.32,0.0,0.0,0.0,3.55,3.56,0.0,0.0,0.0,0.0,0.0,0.0,0.0,0.0,0.0,0.0,0.0,0.0,0.0,0.0,0.0,0.0,0.0,0.0,0.0,0.0,0.0,4.37,0.0,0.0,0.0,0.0,0.0,0.0,3.53,0.0,0.0,0.0,0.0,0.0,0.0,0.0,0.0,0.0,0.0,0.0,0.0,0.0,0.0,0.0,0.0,0.0,0.0,2.7,0.0,0.0,0.0,0.0
40311167,0.0,0.0,0.0,0.0,0.0,0.0,0.0,0.0,0.0,0.0,0.0,0.0,0.0,0.0,0.0,0.0,0.0,0.0,0.0,0.0,0.0,0.0,0.0,0.0,0.0,0.0,0.0,0.0,0.0,0.0,0.0,0.0,0.0,0.0,0.0,0.0,0.0,0.0,0.0,0.0,0.0,0.0,0.0,0.0,0.0,0.0,0.0,0.0,0.0,0.0,0.0,0.0,0.0,2.0,0.0,0.0,0.0,0.0,0.0,0.0,0.0,0.0,0.0,1.0,0.0,2.0,0.0,0.0,0.0,0.0,0.0,0.0,0.0,0.0,0.0,0.0,0.0,0.0,0.0,0.0,0.0,0.0,0.0,0.0,0.0,0.0,0.0,0.0,0.0,0.0,0.0,0.0,0.0,0.0,0.0,0.0,0.0,0.0,0.0,0.0,0.0,0.0,0.0,0.0,0.0,0.0,0.0,0.0,0.0,0.0,0.0,0.0,0.0,0.0,0.0,0.0,0.0,0.0,0.0,0.0,0.0,0.0,0.0,0.0,0.0,0.0,0.0,0.0,0.0,0.0,0.0,0.0,0.0,0.0,0.0,0.0,0.0,0.0,0.0,0.0,0.0,0.0,0.0,0.0,0.0,0.0,0.0,0.0,0.0,0.0,0.0
40311169,0.0,1.0,1.46,0.0,0.0,0.0,0.0,0.0,0.0,0.0,0.64,0.0,0.0,0.0,0.0,0.0,0.0,0.0,0.0,0.0,0.0,0.0,0.0,0.0,2.03,0.0,0.0,0.0,0.0,0.0,0.0,0.0,0.0,1.66,0.0,0.0,2.97,0.0,0.0,1.91,2.62,1.02,0.0,1.06,1.29,1.05,0.0,1.24,0.0,1.45,0.0,0.36,0.0,1.0,1.39,1.47,0.0,0.0,0.0,1.58,0.0,2.61,0.0,1.0,1.94,1.0,1.97,1.44,2.0,1.0,0.0,0.0,0.0,1.05,1.32,1.82,1.75,1.75,1.0,1.92,1.17,2.8,0.0,1.4,2.38,1.78,1.87,0.0,0.0,0.0,0.0,0.0,0.0,0.0,0.0,0.0,0.0,2.55,2.29,0.0,0.0,0.0,0.0,0.0,0.0,0.0,0.0,0.0,1.0,0.0,0.0,0.0,0.0,0.0,0.0,0.0,0.0,0.0,0.0,0.0,3.37,0.0,0.0,0.0,0.0,0.0,0.0,2.0,0.0,0.0,0.0,0.0,0.0,0.0,0.0,0.0,0.0,0.0,0.0,0.0,0.0,0.0,0.0,0.0,0.0,0.0,1.45,0.0,0.0,0.0,0.0
40311170,0.0,0.0,0.66,0.0,0.0,0.0,2.18,0.0,0.0,0.0,0.35,0.0,0.0,0.0,0.0,0.0,0.0,0.0,0.0,0.0,0.0,0.0,0.0,0.0,1.18,0.0,0.0,0.0,0.0,0.0,0.0,0.0,0.0,1.11,0.0,0.0,0.0,0.0,0.0,1.62,2.31,0.21,0.0,0.57,0.2,0.47,0.0,0.99,0.0,1.0,0.0,0.0,0.0,0.5,0.91,1.0,0.0,1.14,0.0,0.73,0.0,1.76,0.0,0.0,1.09,0.0,1.0,0.98,1.13,0.42,0.0,0.0,0.0,0.42,0.84,1.52,1.3,0.98,0.64,1.08,0.35,2.17,1.61,0.75,1.62,1.16,1.04,0.0,0.0,0.0,0.0,0.0,0.0,0.0,0.0,0.0,0.0,1.68,1.47,0.0,0.0,0.0,0.0,1.84,0.0,0.81,0.0,0.0,0.0,0.0,0.0,0.0,0.0,0.0,0.0,0.65,0.0,0.0,0.0,0.0,2.5,0.0,0.0,0.0,0.0,0.0,0.0,1.16,0.0,0.0,0.0,0.0,0.16,0.0,0.0,0.0,0.0,0.0,0.0,0.0,0.0,0.0,0.0,0.0,0.0,0.0,0.0,0.0,0.0,0.0,0.0
40311172,0.0,0.0,4.2,0.0,0.0,0.0,5.0,0.0,0.0,0.0,3.6,2.71,0.0,0.0,0.0,0.0,0.0,0.0,0.0,0.0,0.0,0.0,4.2,0.0,0.0,0.0,0.0,0.0,0.0,0.0,0.0,0.0,0.0,4.15,0.0,0.0,5.0,0.0,0.0,4.65,5.0,3.41,0.0,3.58,3.62,3.47,0.0,3.9,0.0,4.0,0.0,2.81,0.0,3.72,4.2,3.85,0.0,3.93,0.0,3.52,0.0,4.82,0.0,2.91,3.95,3.14,4.42,4.0,4.01,3.68,0.0,0.0,0.0,3.51,3.81,4.41,4.0,4.06,4.0,4.51,3.56,5.0,4.59,3.77,4.78,3.95,4.33,0.0,0.0,0.0,0.0,0.0,0.0,0.0,0.0,0.0,0.0,0.0,4.72,0.0,0.0,0.0,0.0,4.55,0.0,0.0,0.0,0.0,0.0,0.0,5.0,0.0,0.0,0.0,0.0,3.38,0.0,5.0,0.0,0.0,0.0,0.0,0.0,0.0,0.0,0.0,0.0,4.7,0.0,0.0,0.0,0.0,0.0,0.0,0.0,0.0,0.0,0.0,0.0,0.0,0.0,0.0,0.0,0.0,0.0,0.0,0.0,0.0,0.0,0.0,0.0
40311173,0.0,0.0,0.0,0.0,0.0,0.0,0.0,0.0,0.0,0.0,0.0,0.0,0.0,0.0,0.0,0.0,0.0,0.0,0.0,0.0,0.0,0.0,0.0,0.0,1.74,0.0,0.0,0.0,0.0,0.0,0.0,0.0,0.0,2.41,0.0,0.0,2.88,0.0,0.0,1.91,2.62,1.58,0.0,1.82,1.57,1.96,0.0,1.99,0.0,1.98,0.0,0.37,0.0,1.93,2.82,2.0,0.0,2.07,0.0,1.0,0.0,2.43,0.0,0.97,1.94,1.0,2.54,2.0,1.65,1.59,0.0,0.0,0.0,1.04,2.11,1.82,2.24,1.72,1.78,1.96,1.16,4.0,2.01,1.39,2.32,1.66,1.89,0.0,0.0,0.0,0.0,0.0,0.0,0.0,0.0,0.0,0.0,2.28,2.56,0.0,0.0,0.0,2.96,0.0,0.0,0.0,0.0,0.0,0.0,0.0,0.0,0.0,0.0,0.0,0.0,0.96,0.0,0.0,0.0,0.0,3.1,0.0,0.0,0.0,0.0,0.0,0.0,2.1,0.0,0.0,0.0,0.0,0.0,0.0,0.0,0.0,0.0,0.0,0.0,0.0,0.0,0.0,0.0,0.0,0.0,0.0,1.41,0.0,0.0,0.0,0.0
40311201,0.0,0.0,4.97,0.0,0.0,0.0,5.0,0.0,4.77,0.0,0.0,0.0,3.57,0.0,0.0,5.0,0.0,0.0,0.0,4.49,0.0,0.0,0.0,0.0,0.0,3.44,0.0,0.0,5.0,5.0,0.0,5.0,0.0,5.0,4.0,5.0,0.0,0.0,5.0,5.0,5.0,0.0,5.0,4.44,5.0,4.51,5.0,4.29,1.0,0.0,5.0,3.09,5.0,4.62,4.0,4.62,5.0,4.43,5.0,0.0,5.0,5.0,4.75,3.65,5.0,4.04,5.0,4.82,4.44,4.49,5.0,5.0,4.52,0.0,4.78,4.83,5.0,0.0,0.0,5.0,4.86,0.0,5.0,4.84,5.0,0.0,4.55,4.0,5.0,5.0,5.0,4.0,5.0,5.0,5.0,4.14,4.94,5.0,5.0,4.97,0.0,0.0,0.0,0.0,0.0,0.0,0.0,0.0,0.0,0.0,0.0,0.0,0.0,0.0,0.0,0.0,0.0,0.0,0.0,0.0,5.0,0.0,0.0,5.0,0.0,0.0,0.0,0.0,0.0,0.0,0.0,4.95,0.0,0.0,0.0,0.0,5.0,0.0,0.0,0.0,0.0,3.85,3.02,0.0,0.0,0.0,0.0,0.0,0.0,0.0,5.0
40311202,0.0,0.0,0.0,0.0,0.0,0.0,0.0,0.0,4.18,0.0,0.0,0.0,3.0,0.0,0.0,2.33,0.0,0.0,0.0,4.26,0.0,0.0,0.0,0.0,0.0,3.59,0.0,0.0,5.0,5.0,0.0,5.0,0.0,5.0,2.0,3.0,0.0,0.0,4.63,2.93,5.0,3.36,2.0,1.91,3.0,4.51,5.0,0.0,3.0,0.0,4.0,0.0,4.31,0.0,4.0,4.37,4.0,0.0,4.0,0.0,4.72,0.0,3.79,2.15,5.0,4.06,4.35,4.35,0.0,4.49,4.0,2.0,3.68,0.0,4.24,0.0,5.0,0.0,3.61,5.0,0.0,5.0,0.0,0.0,0.0,0.0,4.11,4.0,3.0,4.31,5.0,4.0,4.43,4.89,4.84,3.5,3.89,3.87,5.0,4.77,0.0,0.0,0.0,0.0,0.0,0.0,0.0,0.0,0.0,0.0,0.0,0.0,0.0,0.0,0.0,0.0,0.0,0.0,0.0,0.0,0.0,0.0,0.0,4.38,0.0,0.0,0.0,0.0,0.0,0.0,0.0,4.03,0.0,0.0,0.0,0.0,5.0,0.0,0.0,0.0,0.0,3.48,2.07,0.0,0.0,0.0,0.0,0.0,0.0,0.0,3.71
40311204,0.0,0.0,3.47,0.0,0.0,0.0,5.0,0.0,3.4,0.0,0.0,0.0,3.89,0.0,0.0,0.0,0.0,0.0,0.0,3.77,0.0,0.0,0.0,0.0,0.0,2.14,0.0,0.0,5.0,5.0,0.0,5.0,0.0,4.29,2.0,4.0,0.0,0.0,5.0,2.92,3.14,0.0,2.0,3.9,2.0,3.51,5.0,4.29,1.0,0.0,5.0,3.09,3.9,2.79,4.0,4.09,3.0,4.43,4.0,0.0,4.57,5.0,3.74,1.52,4.0,2.55,3.64,3.5,4.44,3.49,5.0,4.0,3.36,0.0,3.78,4.83,3.9,0.0,0.0,4.3,1.86,0.0,3.02,3.0,5.0,0.0,3.31,4.0,4.0,4.09,4.0,4.0,4.1,4.69,4.18,3.05,3.85,4.39,5.0,3.66,0.0,0.0,0.0,0.0,0.0,0.0,0.0,0.0,0.0,0.0,0.0,0.0,0.0,0.0,0.0,0.0,0.0,0.0,0.0,0.0,5.0,0.0,0.0,3.12,0.0,0.0,0.0,0.0,0.0,0.0,0.0,3.81,0.0,0.0,0.0,0.0,3.44,0.0,0.0,0.0,0.0,1.86,2.3,0.0,0.0,0.0,0.0,0.0,0.0,0.0,2.84
40311205,0.0,0.0,2.97,0.0,0.0,0.0,5.0,0.0,2.73,0.0,0.0,0.0,3.0,0.0,0.0,3.33,0.0,0.0,0.0,3.15,0.0,0.0,0.0,0.0,0.0,1.86,0.0,0.0,5.0,4.65,0.0,4.73,0.0,3.29,1.0,5.0,0.0,0.0,5.0,1.92,2.5,3.36,1.0,3.9,1.0,2.51,5.0,4.29,1.0,0.0,4.0,3.09,3.31,2.17,4.0,3.65,3.0,4.43,4.0,0.0,4.14,5.0,3.2,1.02,3.0,1.81,3.53,3.09,4.44,2.49,5.0,3.0,2.88,0.0,3.24,4.83,3.15,0.0,3.61,3.3,0.86,5.0,2.02,2.38,5.0,0.0,2.56,4.0,5.0,3.49,3.0,2.0,3.56,4.12,3.67,2.41,3.33,4.03,5.0,3.0,0.0,0.0,0.0,0.0,0.0,0.0,0.0,0.0,0.0,0.0,0.0,0.0,0.0,0.0,0.0,0.0,0.0,0.0,0.0,0.0,5.0,0.0,0.0,2.86,0.0,0.0,0.0,0.0,0.0,0.0,0.0,3.4,0.0,0.0,0.0,0.0,3.35,0.0,0.0,0.0,0.0,1.44,2.0,0.0,0.0,0.0,0.0,0.0,0.0,0.0,2.91
40311206,0.0,0.0,2.47,0.0,0.0,0.0,4.47,0.0,3.24,0.0,0.0,0.0,3.57,0.0,0.0,0.0,0.0,0.0,0.0,3.76,0.0,0.0,0.0,0.0,0.0,1.85,0.0,0.0,5.0,4.97,0.0,4.76,0.0,4.11,2.0,4.0,0.0,0.0,4.32,2.43,4.23,0.0,2.0,2.37,1.0,2.51,5.0,3.29,1.0,0.0,4.0,2.09,3.54,1.79,4.0,3.09,2.0,3.43,5.0,0.0,4.11,4.21,3.29,2.04,3.0,1.55,2.64,2.5,3.44,2.49,5.0,3.0,2.9,0.0,2.78,3.83,2.9,0.0,0.0,3.3,0.86,0.0,2.02,2.0,4.18,0.0,2.97,4.0,1.0,3.65,4.0,3.0,3.66,4.22,3.83,2.56,3.23,3.58,4.0,3.77,0.0,0.0,0.0,0.0,0.0,0.0,0.0,0.0,0.0,0.0,0.0,0.0,0.0,0.0,0.0,0.0,0.0,0.0,0.0,0.0,4.81,0.0,0.0,3.38,0.0,0.0,0.0,0.0,0.0,0.0,0.0,3.72,0.0,0.0,0.0,0.0,3.19,0.0,0.0,0.0,0.0,1.65,1.6,0.0,0.0,0.0,0.0,0.0,0.0,0.0,3.35
40311207,0.0,0.0,4.47,0.0,0.0,0.0,5.0,0.0,3.28,0.0,0.0,0.0,2.8,0.0,0.0,0.0,0.0,0.0,0.0,3.4,0.0,0.0,0.0,0.0,0.0,2.21,0.0,0.0,5.0,5.0,0.0,4.79,0.0,4.64,2.0,4.0,0.0,0.0,5.0,3.93,3.56,3.36,3.0,3.37,4.0,4.51,5.0,4.29,1.0,0.0,4.0,3.09,3.83,4.02,4.0,4.35,4.0,4.43,5.0,0.0,4.63,5.0,3.67,1.69,5.0,3.81,4.54,4.33,4.44,4.49,4.0,4.0,3.31,0.0,4.24,4.83,5.0,0.0,3.61,5.0,0.0,5.0,0.0,4.23,5.0,0.0,3.15,4.0,3.0,3.83,4.0,3.0,4.01,4.49,4.14,2.92,3.73,4.73,5.0,4.08,0.0,0.0,0.0,0.0,0.0,0.0,0.0,0.0,0.0,0.0,0.0,0.0,0.0,0.0,0.0,0.0,0.0,0.0,0.0,0.0,5.0,0.0,0.0,3.27,0.0,0.0,0.0,0.0,0.0,0.0,0.0,4.52,0.0,0.0,0.0,0.0,4.0,0.0,0.0,0.0,0.0,2.07,2.26,0.0,0.0,0.0,0.0,0.0,0.0,0.0,3.35
40311208,0.0,0.0,4.46,0.0,0.0,0.0,0.0,0.0,4.12,0.0,0.0,0.0,1.85,0.0,0.0,4.33,0.0,0.0,0.0,3.73,0.0,0.0,0.0,0.0,0.0,1.74,0.0,0.0,4.82,5.0,0.0,4.39,0.0,4.13,2.0,4.0,0.0,0.0,0.0,4.93,5.0,2.36,4.0,3.91,4.0,3.51,3.0,0.0,4.0,0.0,3.0,0.0,4.29,4.01,3.0,3.37,3.0,0.0,4.0,0.0,4.84,0.0,3.8,2.52,4.0,3.25,4.08,3.63,0.0,3.49,4.0,4.0,3.65,0.0,3.24,0.0,4.34,0.0,2.61,4.3,3.86,4.18,5.0,4.23,0.0,0.0,4.12,4.0,3.0,4.4,3.0,3.0,4.35,5.0,4.59,3.37,4.06,4.23,5.0,3.96,0.0,0.0,0.0,0.0,0.0,0.0,0.0,0.0,0.0,0.0,0.0,0.0,0.0,0.0,0.0,0.0,0.0,0.0,0.0,0.0,0.0,0.0,0.0,4.46,0.0,0.0,0.0,0.0,0.0,0.0,0.0,3.53,0.0,0.0,0.0,0.0,4.12,0.0,0.0,0.0,0.0,1.85,1.79,0.0,0.0,0.0,0.0,0.0,0.0,0.0,4.3
40311209,0.0,0.0,2.47,0.0,0.0,0.0,3.47,0.0,2.05,0.0,1.0,0.0,0.57,0.0,0.0,0.0,0.0,0.0,0.0,2.04,0.0,0.0,0.0,0.0,0.0,0.41,0.0,0.0,3.04,3.4,0.0,2.66,0.0,2.13,1.0,3.05,0.0,0.0,3.45,1.93,2.51,0.0,1.0,1.37,1.0,1.51,2.0,2.29,1.0,0.0,3.0,1.09,2.34,2.02,2.0,2.09,2.0,2.43,3.0,0.0,3.04,3.21,2.02,0.36,2.0,1.22,2.81,2.07,2.44,1.49,2.0,1.0,1.89,0.0,1.78,2.83,2.34,0.0,0.0,2.3,0.0,0.0,0.0,2.23,3.18,0.0,1.92,4.0,2.0,2.53,1.0,3.0,2.54,3.2,2.73,1.4,2.36,2.29,3.0,1.95,0.0,0.0,0.0,0.0,0.0,0.0,0.0,0.0,0.0,0.0,0.0,0.0,0.0,0.0,0.0,0.0,0.0,0.0,0.0,0.0,3.81,0.0,0.0,2.08,0.0,0.0,0.0,0.0,0.0,0.0,0.0,1.84,0.0,0.0,0.0,0.0,1.87,0.0,0.0,0.0,0.0,0.0,1.0,0.0,0.0,0.0,0.0,0.0,0.0,0.0,1.85
40311210,0.0,0.0,1.47,0.0,0.0,0.0,2.47,0.0,1.96,0.0,1.0,0.0,0.47,0.0,0.0,0.0,0.0,0.0,0.0,2.23,0.0,0.0,0.0,0.0,0.0,0.26,0.0,0.0,3.17,3.15,0.0,3.01,0.0,2.16,1.0,3.01,0.0,0.0,2.32,1.93,2.97,0.0,1.0,0.9,1.0,1.84,3.0,1.45,1.0,1.65,3.0,0.09,2.32,1.14,2.0,2.16,1.0,1.57,3.0,0.0,2.75,2.21,1.92,0.0,3.0,1.04,1.81,1.86,1.44,1.34,1.0,1.0,1.86,0.0,2.78,1.83,2.4,0.0,1.4,2.69,0.86,0.0,2.02,1.23,2.18,0.0,1.98,3.0,2.0,2.5,4.0,3.0,2.46,3.08,2.69,1.53,2.12,2.52,2.0,1.78,0.0,0.0,0.0,0.0,0.0,0.0,0.0,0.0,0.0,0.0,0.0,0.0,0.0,0.0,0.0,0.0,0.0,0.0,0.0,0.0,2.81,0.0,0.0,2.42,0.0,0.0,0.0,0.0,0.0,0.0,0.0,2.3,0.0,0.0,0.0,0.0,2.19,0.0,0.0,0.0,0.0,0.28,1.0,0.0,0.0,0.0,0.0,0.0,0.0,0.0,2.17
40311211,0.0,0.0,1.97,0.0,0.0,0.0,3.47,0.0,3.31,0.0,0.0,0.0,2.08,0.0,0.0,3.33,0.0,0.0,0.0,3.2,0.0,0.0,0.0,0.0,0.0,1.49,0.0,0.0,3.69,4.83,0.0,3.68,0.0,2.97,3.0,3.0,0.0,0.0,3.85,1.92,3.42,3.36,1.0,1.9,1.0,0.0,4.0,2.29,1.0,0.0,4.0,1.09,3.44,1.4,4.0,3.11,4.0,2.43,4.0,0.0,4.12,3.21,3.1,1.86,3.0,0.84,3.01,2.52,2.44,0.0,3.0,3.0,2.98,0.0,3.7,2.83,2.09,0.0,3.61,0.0,0.86,5.0,2.02,1.61,3.18,0.0,3.02,5.0,2.0,3.73,3.0,4.0,3.64,4.28,3.75,2.5,3.44,3.82,3.0,2.99,0.0,0.0,0.0,0.0,0.0,0.0,0.0,0.0,2.0,0.0,0.0,0.0,0.0,0.0,0.0,0.0,0.0,0.0,0.0,0.0,3.81,0.0,0.0,3.26,0.0,0.0,0.0,0.0,0.0,0.0,0.0,2.77,0.0,0.0,0.0,0.0,3.62,0.0,0.0,0.0,0.0,1.72,2.0,0.0,0.0,0.0,0.0,0.0,0.0,0.0,3.71
40311212,0.0,0.0,0.0,0.0,0.0,0.0,0.0,0.0,2.27,0.0,0.0,0.0,1.69,0.0,0.0,0.0,0.0,0.0,0.0,2.42,0.0,0.0,0.0,0.0,0.0,1.28,0.0,0.0,1.99,3.53,0.0,3.21,0.0,1.13,2.0,3.11,0.0,0.0,3.63,1.93,2.4,3.36,1.0,0.91,1.0,0.51,4.0,0.0,4.0,0.0,3.0,0.0,2.76,0.0,4.0,2.37,1.0,0.0,2.0,0.0,3.56,0.0,2.33,0.6,1.0,0.06,4.35,2.35,0.0,0.49,1.0,1.0,2.33,0.0,2.24,0.0,1.21,0.0,3.61,1.3,0.0,5.0,0.0,0.0,0.0,0.0,1.62,1.0,2.06,2.98,1.94,2.53,3.09,3.57,3.02,2.04,2.62,1.92,3.01,1.79,0.0,0.0,0.0,0.0,0.0,0.0,0.0,0.0,0.0,0.0,0.0,0.0,0.0,0.0,0.0,0.0,0.0,0.0,0.0,0.0,0.0,0.0,0.0,2.88,0.0,0.0,0.0,0.0,0.0,0.0,0.0,2.54,0.0,0.0,0.0,0.0,3.8,0.0,0.0,0.0,0.0,1.07,0.54,0.0,0.0,0.0,0.0,0.0,0.0,0.0,2.55
40311213,0.0,0.0,0.0,0.0,0.0,0.0,0.0,0.0,0.0,0.0,0.0,0.0,2.89,0.0,0.0,0.0,0.0,0.0,0.0,0.0,0.0,0.0,0.0,0.0,0.0,2.74,0.0,0.0,0.0,5.0,0.0,5.0,0.0,0.0,1.0,5.0,0.0,0.0,0.0,0.0,0.0,0.0,1.0,0.0,0.0,0.0,4.0,0.0,0.0,0.0,4.55,0.0,4.78,0.0,0.0,0.0,0.0,0.0,4.59,0.0,5.0,0.0,4.31,0.0,4.25,0.0,0.0,0.0,0.0,0.0,4.57,0.0,4.18,0.0,0.0,0.0,0.0,0.0,0.0,0.0,0.0,0.0,0.0,0.0,0.0,0.0,0.0,4.84,4.28,4.89,4.25,0.0,4.89,5.0,5.0,3.86,4.57,0.0,0.0,4.47,0.0,0.0,0.0,0.0,0.0,0.0,0.0,0.0,0.0,0.0,0.0,0.0,0.0,0.0,0.0,0.0,0.0,0.0,0.0,0.0,0.0,0.0,0.0,0.0,0.0,0.0,0.0,0.0,0.0,0.0,0.0,4.2,0.0,0.0,0.0,0.0,5.0,0.0,0.0,0.0,0.0,2.84,2.73,0.0,0.0,0.0,0.0,0.0,0.0,0.0,0.0
40311214,0.0,0.0,1.97,0.0,0.0,0.0,3.47,0.0,2.33,0.0,0.0,0.0,0.51,0.0,0.0,2.33,0.0,0.0,0.0,2.22,0.0,0.0,0.0,0.0,0.0,0.94,0.0,0.0,3.23,3.61,0.0,3.11,0.0,1.13,2.0,3.05,0.0,0.0,3.85,2.43,3.0,1.36,2.0,1.9,1.0,0.51,3.0,2.29,1.0,0.0,4.0,1.09,2.61,1.4,2.0,1.65,2.0,2.43,2.0,0.0,3.23,3.21,2.3,0.61,1.0,0.55,2.27,1.55,2.44,0.49,1.0,2.0,2.17,0.0,1.24,2.83,1.65,0.0,1.61,1.3,0.86,3.18,2.02,1.61,3.18,0.0,2.29,3.0,2.0,2.92,3.0,3.0,2.84,3.46,2.99,1.85,2.61,2.93,3.0,1.5,0.0,0.0,0.0,0.0,0.0,0.0,0.0,0.0,0.0,0.0,0.0,0.0,0.0,0.0,0.0,0.0,0.0,0.0,0.0,0.0,3.81,0.0,0.0,2.55,0.0,0.0,0.0,0.0,0.0,0.0,0.0,2.12,0.0,0.0,0.0,0.0,2.68,0.0,0.0,0.0,0.0,0.93,1.0,0.0,0.0,0.0,0.0,0.0,0.0,0.0,2.64
40311215,0.0,0.0,3.47,0.0,0.0,0.0,4.47,0.0,3.6,0.0,0.0,0.0,2.56,0.0,0.0,4.33,0.0,0.0,0.0,3.38,0.0,0.0,0.0,0.0,0.0,1.62,0.0,0.0,4.54,5.0,0.0,3.77,0.0,5.0,2.0,5.0,0.0,0.0,4.45,3.93,3.92,3.36,3.0,2.9,3.0,4.51,3.0,3.29,1.0,0.0,4.0,2.09,3.8,3.01,4.0,4.04,2.0,3.43,5.0,0.0,4.55,4.21,3.38,2.74,5.0,3.04,4.01,3.85,3.44,4.49,3.0,4.0,3.24,0.0,4.24,3.83,4.4,0.0,3.61,5.0,2.86,5.0,4.02,3.23,4.18,0.0,3.31,3.0,3.0,3.97,3.0,4.0,4.0,4.6,4.05,2.86,3.69,3.83,4.0,4.43,0.0,0.0,0.0,0.0,0.0,0.0,0.0,0.0,0.0,0.0,0.0,0.0,0.0,0.0,0.0,0.0,0.0,0.0,0.0,0.0,4.81,0.0,0.0,3.96,0.0,0.0,0.0,0.0,0.0,0.0,0.0,3.42,0.0,0.0,0.0,0.0,4.49,0.0,0.0,0.0,0.0,0.87,2.34,0.0,0.0,0.0,0.0,0.0,0.0,0.0,4.3
40311216,0.0,0.0,3.47,0.0,0.0,0.0,4.47,0.0,3.08,0.0,0.0,0.0,2.04,0.0,0.0,2.33,0.0,0.0,0.0,3.05,0.0,0.0,0.0,0.0,0.0,3.02,0.0,0.0,4.35,4.69,0.0,4.14,0.0,3.13,3.0,3.0,0.0,0.0,4.45,2.93,3.49,2.36,2.0,2.37,3.0,2.51,5.0,3.29,1.0,0.0,4.0,2.09,3.4,3.02,3.0,3.0,3.0,3.43,4.0,0.0,4.18,4.21,3.12,1.76,3.0,2.22,3.54,2.98,3.44,2.49,3.0,2.0,2.87,0.0,2.74,3.83,3.34,0.0,2.61,3.3,0.0,4.18,0.0,3.23,4.18,0.0,2.87,4.0,3.0,3.62,4.0,3.0,3.68,4.13,3.81,2.63,3.23,3.08,4.0,3.15,0.0,0.0,0.0,0.0,0.0,0.0,0.0,0.0,0.0,0.0,0.0,0.0,0.0,0.0,0.0,0.0,0.0,0.0,0.0,0.0,4.81,0.0,0.0,3.29,0.0,0.0,0.0,0.0,0.0,0.0,0.0,3.39,0.0,0.0,0.0,0.0,4.45,0.0,0.0,0.0,0.0,3.84,1.59,0.0,0.0,0.0,0.0,0.0,0.0,0.0,3.24
40311217,0.0,0.0,3.47,0.0,0.0,0.0,4.47,0.0,3.6,0.0,0.0,0.0,1.84,0.0,0.0,2.33,0.0,0.0,0.0,3.56,0.0,0.0,0.0,0.0,0.0,1.31,0.0,0.0,4.82,4.76,0.0,4.06,0.0,4.13,3.0,4.0,0.0,0.0,4.32,3.93,4.41,2.36,3.0,2.9,3.0,3.51,2.0,3.29,1.0,0.0,3.0,2.09,3.62,3.01,3.0,3.35,2.0,3.43,5.0,0.0,4.18,4.21,3.13,1.87,4.0,2.67,3.64,3.32,3.44,3.49,4.0,2.0,2.96,0.0,3.24,3.83,3.9,0.0,2.61,4.3,2.86,4.18,4.02,3.23,4.18,0.0,3.44,3.0,3.0,3.62,3.0,4.0,3.73,4.33,4.0,2.68,3.33,3.17,4.0,3.74,0.0,0.0,0.0,0.0,0.0,0.0,0.0,0.0,0.0,0.0,0.0,0.0,0.0,0.0,0.0,0.0,0.0,0.0,0.0,0.0,4.81,0.0,0.0,3.97,0.0,0.0,0.0,0.0,0.0,0.0,0.0,3.04,0.0,0.0,0.0,0.0,3.62,0.0,0.0,0.0,0.0,1.05,1.84,0.0,0.0,0.0,0.0,0.0,0.0,0.0,3.64
40311218,0.0,0.0,3.47,0.0,0.0,0.0,4.47,0.0,3.13,0.0,0.0,0.0,1.75,0.0,0.0,0.0,0.0,0.0,0.0,3.19,0.0,0.0,0.0,0.0,0.0,1.68,0.0,0.0,3.85,4.53,0.0,3.49,0.0,1.62,2.0,4.0,0.0,0.0,4.45,1.93,3.03,3.36,1.0,1.84,1.0,0.51,3.0,3.29,1.0,0.0,4.0,2.09,3.45,3.02,4.0,2.65,2.0,3.43,5.0,0.0,4.16,4.21,2.94,1.51,1.0,1.03,4.13,2.63,3.44,0.49,2.0,1.0,2.96,0.0,2.24,3.83,2.01,0.0,3.61,1.3,0.0,5.0,0.0,3.23,4.18,0.0,2.96,3.0,2.0,3.53,4.0,4.0,3.71,4.24,3.75,2.56,3.4,3.09,4.0,2.22,0.0,0.0,0.0,0.0,0.0,0.0,0.0,0.0,1.0,0.0,0.0,0.0,0.0,0.0,0.0,0.0,0.0,0.0,0.0,0.0,4.81,0.0,0.0,3.54,0.0,0.0,0.0,0.0,0.0,0.0,0.0,3.07,0.0,0.0,0.0,0.0,4.45,0.0,0.0,0.0,0.0,1.48,1.42,0.0,0.0,0.0,0.0,0.0,0.0,0.0,3.43
40311219,0.0,0.0,0.0,0.0,0.0,0.0,0.0,0.0,2.14,0.0,0.0,0.0,0.22,0.0,0.0,0.0,0.0,0.0,0.0,2.36,0.0,0.0,0.0,0.0,0.0,0.0,0.0,0.0,3.99,3.6,0.0,2.79,0.0,3.13,1.0,3.16,0.0,0.0,4.63,1.93,2.9,0.36,1.0,0.91,2.0,2.51,5.0,0.0,1.0,0.0,4.0,0.0,2.17,0.0,1.0,1.87,2.17,0.0,2.69,0.0,2.42,0.0,1.97,0.85,3.0,2.06,1.35,1.85,0.0,2.49,3.0,2.38,1.47,0.0,1.74,0.0,3.21,0.0,0.61,3.3,0.0,2.18,0.0,0.0,0.0,0.0,1.5,2.9,3.0,2.39,1.0,2.4,2.25,3.05,2.3,1.1,2.12,2.0,2.63,2.51,0.0,0.0,0.0,0.0,0.0,0.0,0.0,0.0,0.0,0.0,0.0,0.0,0.0,0.0,0.0,0.0,0.0,0.0,0.0,0.0,0.0,0.0,0.0,1.77,0.0,0.0,0.0,0.0,0.0,0.0,0.0,2.63,0.0,0.0,0.0,0.0,1.49,0.0,0.0,0.0,0.0,0.0,1.03,0.0,0.0,0.0,0.0,0.0,0.0,0.0,1.55
40311221,0.0,0.0,1.97,0.0,0.0,0.0,2.47,0.0,2.5,0.0,0.0,0.0,0.84,0.0,0.0,0.0,0.0,0.0,0.0,2.58,0.0,0.0,0.0,0.0,0.0,0.06,0.0,0.0,3.63,3.77,0.0,3.05,0.0,3.13,2.0,3.11,0.0,0.0,2.32,2.43,3.65,1.36,1.0,0.9,2.0,2.51,3.0,1.29,1.0,0.0,4.0,0.09,2.62,1.62,2.0,2.04,2.0,1.43,4.0,0.0,3.0,2.21,2.13,1.02,3.0,1.41,2.37,2.08,1.44,2.49,3.0,2.0,1.99,0.0,2.24,1.83,2.65,0.0,1.61,3.3,1.86,3.18,3.02,1.84,2.18,0.0,2.22,3.0,2.0,2.68,3.0,3.0,2.65,3.31,2.9,1.62,2.31,2.65,2.0,2.74,0.0,0.0,0.0,0.0,0.0,0.0,0.0,0.0,0.0,0.0,0.0,0.0,0.0,0.0,0.0,0.0,0.0,0.0,0.0,0.0,2.81,0.0,0.0,2.64,0.0,0.0,0.0,0.0,0.0,0.0,0.0,2.45,0.0,0.0,0.0,0.0,2.62,0.0,0.0,0.0,0.0,0.38,0.71,0.0,0.0,0.0,0.0,0.0,0.0,0.0,2.39
40311223,0.0,0.0,2.46,0.0,0.0,0.0,0.0,0.0,2.69,0.0,0.0,0.0,0.67,0.0,0.0,1.33,0.0,0.0,0.0,2.32,0.0,0.0,0.0,0.0,0.0,0.96,0.0,0.0,3.69,3.91,0.0,3.17,0.0,1.29,3.0,2.63,0.0,0.0,0.0,2.92,3.5,1.36,3.0,0.0,2.0,0.51,2.0,0.0,1.0,0.0,3.0,0.0,2.71,2.01,2.0,1.37,3.0,0.0,2.0,0.0,3.28,0.0,2.22,1.04,1.0,0.75,2.58,1.63,0.0,0.49,2.0,1.0,2.09,0.0,1.24,0.0,1.67,0.0,1.61,1.3,1.86,3.18,3.02,2.23,0.0,0.0,2.75,3.0,3.0,2.76,3.0,3.0,2.82,3.34,3.15,1.86,2.45,2.57,3.0,1.94,0.0,0.0,0.0,0.0,0.0,0.0,0.0,0.0,0.0,0.0,0.0,0.0,0.0,0.0,0.0,0.0,0.0,0.0,0.0,0.0,0.0,0.0,0.0,2.76,0.0,0.0,0.0,0.0,0.0,0.0,0.0,1.97,0.0,0.0,0.0,0.0,3.02,0.0,0.0,0.0,0.0,1.19,0.63,0.0,0.0,0.0,0.0,0.0,0.0,0.0,2.57
40311224,0.0,0.0,1.46,0.0,0.0,0.0,0.0,0.0,1.58,0.0,0.0,0.0,0.0,0.0,0.0,0.0,0.0,0.0,0.0,1.53,0.0,0.0,0.0,0.0,0.0,0.0,0.0,0.0,2.15,2.7,0.0,2.08,0.0,0.97,1.0,2.26,0.0,0.0,2.63,1.93,2.36,0.0,1.0,0.91,1.0,0.0,1.0,0.0,1.0,0.0,2.0,0.0,1.82,1.01,0.97,0.0,0.91,0.0,1.7,0.0,2.31,0.0,1.37,0.0,1.29,0.43,1.8,1.27,0.0,0.0,1.0,1.3,1.27,0.0,0.0,0.0,1.58,0.0,0.0,0.0,0.86,0.0,2.02,1.23,0.0,0.0,1.51,1.74,1.0,1.91,1.34,2.07,1.92,2.58,2.09,0.92,1.69,2.0,0.0,1.11,0.0,0.0,0.0,0.0,0.0,0.0,0.0,0.0,0.0,0.0,0.0,0.0,0.0,0.0,0.0,0.0,0.0,0.0,0.0,0.0,0.0,0.0,0.0,1.88,0.0,0.0,0.0,0.0,0.0,0.0,0.0,1.11,0.0,0.0,0.0,0.0,1.69,0.0,0.0,0.0,0.0,0.0,0.0,0.0,0.0,0.0,0.0,0.0,0.0,0.0,1.56
40311226,0.0,0.0,3.47,0.0,0.0,0.0,4.47,0.0,3.79,0.0,0.0,0.0,2.46,0.0,0.0,2.33,0.0,0.0,0.0,3.61,0.0,0.0,0.0,0.0,0.0,1.42,0.0,0.0,4.84,5.0,0.0,4.13,0.0,3.62,3.0,4.0,0.0,0.0,4.45,4.93,3.9,3.36,4.0,3.44,3.0,2.51,4.0,3.29,1.0,0.0,4.0,2.09,3.77,3.02,4.0,3.35,3.0,3.43,5.0,0.0,4.44,4.21,3.38,2.08,3.0,2.22,4.13,3.33,3.44,2.49,4.0,2.0,3.17,0.0,3.24,3.83,3.34,0.0,3.61,3.3,0.0,5.0,0.0,3.23,4.18,0.0,3.51,4.0,3.0,3.86,4.0,4.0,3.95,4.54,4.12,2.86,3.6,3.59,4.0,3.57,0.0,0.0,0.0,0.0,0.0,0.0,0.0,0.0,0.0,0.0,0.0,0.0,0.0,0.0,0.0,0.0,0.0,0.0,0.0,0.0,4.81,0.0,0.0,4.06,0.0,0.0,0.0,0.0,0.0,0.0,0.0,3.14,0.0,0.0,0.0,0.0,3.99,0.0,0.0,0.0,0.0,1.38,1.89,0.0,0.0,0.0,0.0,0.0,0.0,0.0,4.07
40311227,0.0,0.0,1.47,0.0,0.0,0.0,3.02,0.0,3.15,0.0,0.0,1.24,2.33,0.0,0.0,1.33,2.24,0.0,0.0,2.97,0.0,0.0,0.0,0.0,2.57,1.46,0.0,0.0,3.43,4.52,0.0,3.85,0.0,2.45,2.0,3.0,3.73,0.0,3.25,4.05,3.47,2.1,4.0,2.0,1.0,1.76,5.0,1.64,1.0,2.43,4.0,0.51,3.16,1.55,3.0,2.04,3.0,1.43,3.0,2.12,3.81,2.69,2.93,1.13,2.0,1.01,2.75,2.03,1.44,1.89,4.0,1.0,2.61,2.0,2.24,2.27,2.01,2.57,2.43,2.47,1.97,3.95,3.12,1.7,2.63,0.0,2.75,3.0,5.0,3.52,3.0,3.0,3.38,3.96,3.51,2.39,2.95,2.94,2.0,2.66,0.0,0.0,0.0,0.0,0.0,2.24,0.0,0.0,0.0,0.0,3.57,0.0,0.0,0.0,0.0,0.0,0.0,0.0,0.0,0.0,3.17,0.0,0.0,3.32,0.0,0.0,0.0,3.07,0.0,0.0,0.0,2.77,0.0,0.0,0.0,0.0,3.6,0.0,0.0,0.0,0.0,1.86,1.43,0.0,0.0,0.0,2.24,0.0,0.0,0.0,3.26
40311229,0.0,0.0,3.46,0.0,0.0,0.0,0.0,0.0,3.47,0.0,0.0,0.0,3.02,0.0,0.0,4.33,0.0,0.0,0.0,3.62,0.0,0.0,0.0,0.0,0.0,1.93,0.0,0.0,5.0,5.0,0.0,4.51,0.0,3.97,2.0,4.0,0.0,0.0,4.63,3.43,4.09,0.0,2.0,1.91,3.0,0.0,5.0,0.0,1.0,0.0,4.0,0.0,3.86,3.01,3.0,0.0,3.0,0.0,5.0,0.0,4.5,0.0,3.57,1.88,4.0,2.43,3.8,3.27,0.0,0.0,4.0,4.0,3.34,0.0,0.0,0.0,3.58,0.0,0.0,0.0,2.86,0.0,4.02,3.23,0.0,0.0,3.22,4.0,3.0,3.99,4.0,4.0,4.02,4.62,4.14,2.91,3.73,4.13,4.0,3.55,0.0,0.0,0.0,0.0,0.0,0.0,0.0,0.0,0.0,0.0,0.0,0.0,0.0,0.0,0.0,0.0,0.0,0.0,0.0,0.0,0.0,0.0,0.0,3.56,0.0,0.0,0.0,0.0,0.0,0.0,0.0,4.05,0.0,0.0,0.0,0.0,3.69,0.0,0.0,0.0,0.0,1.86,2.16,0.0,0.0,0.0,0.0,0.0,0.0,0.0,3.51
40311230,0.0,0.0,1.97,0.0,0.0,0.0,3.47,0.0,2.65,0.0,0.0,0.0,0.0,0.0,0.0,2.33,0.0,0.0,0.0,2.41,0.0,0.0,0.0,0.0,0.0,0.7,0.0,0.0,3.4,3.95,0.0,2.99,0.0,2.29,3.0,2.0,0.0,0.0,3.45,2.43,3.3,0.0,2.0,1.9,1.0,1.51,1.0,2.29,2.0,0.0,3.0,1.09,2.73,1.4,3.0,2.09,3.0,2.43,3.0,0.0,3.31,3.21,2.28,1.4,2.0,0.92,2.22,1.82,2.44,1.49,3.0,2.0,2.16,0.0,1.78,2.83,2.15,0.0,0.0,2.3,0.86,0.0,2.02,1.61,3.18,0.0,2.56,4.0,3.0,2.86,2.0,3.0,2.84,3.47,3.06,1.79,2.62,3.01,3.0,2.22,0.0,0.0,0.0,0.0,0.0,0.0,0.0,0.0,0.0,0.0,0.0,0.0,0.0,0.0,0.0,0.0,0.0,0.0,0.0,0.0,3.81,0.0,0.0,2.67,0.0,0.0,0.0,0.0,0.0,0.0,0.0,1.83,0.0,0.0,0.0,0.0,2.69,0.0,0.0,0.0,0.0,0.82,1.0,0.0,0.0,0.0,0.0,0.0,0.0,0.0,2.89
40311231,0.0,0.0,3.97,0.0,0.0,0.0,4.47,0.0,3.57,0.0,0.0,0.0,1.27,0.0,0.0,0.0,0.0,0.0,0.0,3.3,0.0,0.0,0.0,0.0,0.0,1.47,0.0,0.0,4.42,4.77,0.0,3.79,0.0,2.64,3.0,4.0,0.0,0.0,4.45,4.93,4.08,2.36,4.0,3.44,4.0,2.51,3.0,3.29,1.0,0.0,4.0,2.09,3.8,3.62,3.0,3.0,2.0,3.43,5.0,0.0,4.46,4.21,3.4,1.4,3.0,2.67,4.01,3.28,3.44,2.49,2.0,2.0,3.35,0.0,2.74,3.83,3.65,0.0,2.61,3.3,3.86,4.18,5.0,3.84,4.18,0.0,3.6,4.0,2.0,3.96,4.0,3.0,4.0,4.64,4.16,2.98,3.76,3.92,4.0,2.79,0.0,0.0,0.0,0.0,0.0,0.0,0.0,0.0,0.0,0.0,0.0,0.0,0.0,0.0,0.0,0.0,0.0,0.0,0.0,0.0,4.81,0.0,0.0,4.12,0.0,0.0,0.0,0.0,0.0,0.0,0.0,3.45,0.0,0.0,0.0,0.0,3.85,0.0,0.0,0.0,0.0,1.34,1.52,0.0,0.0,0.0,0.0,0.0,0.0,0.0,4.23
40311232,0.0,0.0,2.47,0.0,0.0,0.0,3.47,0.0,2.96,0.0,0.0,0.0,0.0,0.0,0.0,1.33,0.0,0.0,0.0,2.53,0.0,0.0,0.0,0.0,0.0,0.62,0.0,0.0,3.32,3.97,0.0,2.96,0.0,1.64,3.0,3.39,0.0,0.0,3.32,3.93,3.24,0.0,4.0,2.97,2.0,1.51,2.0,2.29,1.0,0.0,3.0,1.09,2.93,2.01,2.0,2.09,1.0,2.43,5.0,0.0,3.64,3.21,2.48,0.0,2.0,1.3,2.81,2.13,2.44,1.49,1.0,1.0,2.46,0.0,1.78,2.83,2.4,0.0,0.0,2.3,1.86,0.0,3.02,2.23,3.18,0.0,3.05,3.0,3.0,3.14,3.0,2.0,3.2,3.77,3.4,2.24,2.81,2.62,3.0,1.59,0.0,0.0,0.0,0.0,0.0,0.0,0.0,0.0,0.0,0.0,0.0,0.0,0.0,0.0,0.0,0.0,0.0,0.0,0.0,0.0,3.81,0.0,0.0,3.84,0.0,0.0,0.0,0.0,0.0,0.0,0.0,2.14,0.0,0.0,0.0,0.0,3.13,0.0,0.0,0.0,0.0,0.0,1.02,0.0,0.0,0.0,0.0,0.0,0.0,0.0,4.06
40311233,0.0,0.0,2.97,0.0,0.0,0.0,4.47,0.0,3.44,0.0,0.0,0.0,1.84,0.0,0.0,3.33,0.0,0.0,0.0,3.52,0.0,0.0,0.0,0.0,0.0,1.37,0.0,0.0,4.86,4.84,0.0,4.42,0.0,3.62,3.0,3.0,0.0,0.0,4.45,3.43,4.46,2.36,3.0,2.9,2.0,2.51,5.0,3.29,1.0,0.0,4.0,2.09,3.57,2.4,3.0,3.0,2.0,3.43,4.0,0.0,4.05,4.21,3.21,2.1,3.0,1.92,3.27,2.82,3.44,2.49,4.0,3.0,2.93,0.0,2.74,3.83,3.15,0.0,2.61,3.3,1.86,4.18,3.02,2.61,4.18,0.0,3.22,4.0,3.0,3.65,4.0,3.0,3.65,4.28,3.85,2.61,3.36,3.93,4.0,3.4,0.0,0.0,0.0,0.0,0.0,0.0,0.0,0.0,0.0,0.0,0.0,0.0,0.0,0.0,0.0,0.0,0.0,0.0,0.0,0.0,4.81,0.0,0.0,3.64,0.0,0.0,0.0,0.0,0.0,0.0,0.0,3.19,0.0,0.0,0.0,0.0,3.42,0.0,0.0,0.0,0.0,1.14,1.61,0.0,0.0,0.0,0.0,0.0,0.0,0.0,3.69
40311235,0.0,0.0,1.97,0.0,0.0,0.0,3.47,0.0,2.43,0.0,0.0,0.0,0.56,0.0,0.0,0.0,0.0,0.0,0.0,2.41,0.0,0.0,0.0,0.0,0.0,1.56,0.0,0.0,3.54,3.93,0.0,3.4,0.0,1.62,3.0,3.13,0.0,0.0,3.85,1.93,3.37,0.36,1.0,1.37,1.0,0.51,4.0,2.29,1.0,0.0,4.0,1.09,2.77,1.4,1.0,1.3,2.0,2.43,3.0,0.0,3.37,3.21,2.5,1.06,1.0,0.55,1.9,1.28,2.44,0.49,2.0,2.0,2.3,0.0,0.74,2.83,1.65,0.0,0.61,1.3,0.86,2.18,2.02,1.61,3.18,0.0,2.42,4.0,3.0,3.12,3.0,3.0,2.98,3.57,3.16,2.0,2.7,2.92,3.0,1.75,0.0,0.0,0.0,0.0,0.0,0.0,0.0,0.0,1.0,0.0,0.0,0.0,0.0,0.0,0.0,0.0,0.0,0.0,0.0,0.0,3.81,0.0,0.0,2.46,0.0,0.0,0.0,0.0,0.0,0.0,0.0,2.63,0.0,0.0,0.0,0.0,2.62,0.0,0.0,0.0,0.0,2.12,1.0,0.0,0.0,0.0,0.0,0.0,0.0,0.0,2.46
40311236,0.0,0.0,4.47,0.0,0.0,0.0,5.0,0.0,4.27,0.0,0.0,0.0,2.57,0.0,0.0,4.33,0.0,0.0,0.0,4.29,0.0,0.0,0.0,0.0,0.0,1.78,0.0,0.0,5.0,5.0,0.0,5.0,0.0,3.97,2.0,4.0,0.0,0.0,5.0,5.0,4.9,0.0,5.0,4.44,4.0,0.0,4.0,4.29,4.0,0.0,4.0,3.09,4.55,4.01,4.0,4.29,4.0,4.43,5.0,0.0,5.0,5.0,4.19,1.88,4.0,3.44,4.81,4.27,4.44,0.0,4.0,4.0,3.97,0.0,0.0,4.83,4.59,0.0,0.0,0.0,3.86,0.0,5.0,4.23,5.0,0.0,4.25,4.0,3.0,4.54,4.0,4.0,4.61,5.0,4.85,3.61,4.36,4.89,5.0,3.77,0.0,0.0,0.0,0.0,0.0,0.0,0.0,0.0,0.0,0.0,0.0,0.0,0.0,0.0,0.0,0.0,0.0,0.0,0.0,0.0,5.0,0.0,0.0,4.73,0.0,0.0,0.0,0.0,0.0,0.0,0.0,4.1,0.0,0.0,0.0,0.0,3.69,0.0,0.0,0.0,0.0,1.39,2.03,0.0,0.0,0.0,0.0,0.0,0.0,0.0,4.37
40311237,0.0,0.0,2.47,0.0,0.0,0.0,4.47,0.0,2.75,0.0,0.0,0.0,1.32,0.0,0.0,0.0,0.0,0.0,0.0,2.74,0.0,0.0,0.0,0.0,0.0,0.88,0.0,0.0,3.64,4.11,0.0,3.56,0.0,2.97,2.0,3.41,0.0,0.0,4.45,2.43,3.38,0.0,2.0,2.37,1.0,0.0,3.0,3.29,3.0,0.0,4.0,2.09,3.0,1.79,3.0,3.29,3.0,3.43,1.0,0.0,3.6,4.21,2.64,1.36,2.0,1.25,2.64,2.27,3.44,0.0,3.0,1.0,2.35,0.0,0.0,3.83,2.59,0.0,0.0,0.0,0.86,0.0,2.02,2.0,4.18,0.0,2.63,3.0,3.0,3.08,1.0,3.0,3.1,3.72,3.22,2.03,2.91,3.27,4.0,2.69,0.0,0.0,0.0,0.0,0.0,0.0,0.0,0.0,0.0,0.0,0.0,0.0,0.0,0.0,0.0,0.0,0.0,0.0,0.0,0.0,4.81,0.0,0.0,2.62,0.0,0.0,0.0,0.0,0.0,0.0,0.0,1.94,0.0,0.0,0.0,0.0,2.25,0.0,0.0,0.0,0.0,0.72,1.36,0.0,0.0,0.0,0.0,0.0,0.0,0.0,2.37
40311238,0.0,0.0,1.46,0.0,0.0,0.0,0.0,0.0,2.8,0.0,0.0,0.0,2.09,0.0,0.0,0.0,0.0,0.0,0.0,2.99,0.0,0.0,0.0,0.0,0.0,1.46,0.0,0.0,4.46,4.46,0.0,4.41,0.0,4.13,2.0,3.0,0.0,0.0,0.0,2.43,3.49,2.36,2.0,1.91,1.0,3.51,4.0,0.0,1.0,0.0,4.0,0.0,3.1,1.01,3.0,3.37,3.0,0.0,3.0,0.0,3.73,0.0,2.86,1.58,4.0,1.75,2.58,2.72,0.0,3.49,4.0,3.0,2.46,0.0,3.24,0.0,3.34,0.0,2.61,4.3,0.86,4.18,2.02,1.23,0.0,0.0,2.42,4.0,4.0,3.27,4.0,3.0,3.21,3.77,3.35,2.14,2.84,3.59,4.0,3.52,0.0,0.0,0.0,0.0,0.0,0.0,0.0,0.0,0.0,0.0,0.0,0.0,0.0,0.0,0.0,0.0,0.0,0.0,0.0,0.0,0.0,0.0,0.0,2.65,0.0,0.0,0.0,0.0,0.0,0.0,0.0,3.12,0.0,0.0,0.0,0.0,3.18,0.0,0.0,0.0,0.0,1.49,1.62,0.0,0.0,0.0,0.0,0.0,0.0,0.0,2.75
40311240,0.0,0.0,0.0,0.0,0.0,0.0,0.0,0.0,1.21,0.0,0.0,0.0,0.0,0.0,0.0,0.0,0.0,0.0,0.0,0.77,0.0,0.0,0.0,0.0,0.0,0.0,0.0,0.0,1.99,2.42,0.0,1.87,0.0,0.97,1.0,2.08,0.0,0.0,0.0,1.93,1.87,0.0,1.0,0.91,0.66,0.0,1.0,0.0,0.0,0.0,1.49,0.0,1.49,0.0,0.7,0.0,0.72,0.0,1.51,0.0,2.14,0.0,1.14,0.0,1.03,0.0,0.0,0.0,0.0,0.0,1.0,0.98,1.0,0.0,0.0,0.0,0.0,0.0,0.0,0.0,0.0,0.0,0.0,0.0,0.0,0.0,1.2,1.51,1.1,1.66,1.12,1.79,1.64,2.27,1.81,0.67,1.41,2.0,0.0,0.92,0.0,0.0,0.0,0.0,0.0,0.0,0.0,0.0,0.0,0.0,0.0,0.0,0.0,0.0,0.0,0.0,0.0,0.0,0.0,0.0,0.0,0.0,0.0,1.56,0.0,0.0,0.0,0.0,0.0,0.0,0.0,1.0,0.0,0.0,0.0,0.0,1.54,0.0,0.0,0.0,0.0,0.0,0.0,0.0,0.0,0.0,0.0,0.0,0.0,0.0,1.56
40311241,0.0,0.0,1.47,0.0,0.0,0.0,2.47,0.0,1.69,0.0,0.0,0.0,0.0,0.0,0.0,1.33,0.0,0.0,0.0,1.57,0.0,0.0,0.0,0.0,0.0,0.0,0.0,0.0,2.37,3.03,0.0,2.23,0.0,0.97,1.0,2.15,0.0,0.0,2.45,1.93,2.12,0.0,1.0,0.9,1.0,0.0,1.0,1.29,1.0,0.0,2.0,0.09,1.94,1.01,2.0,1.29,3.0,1.43,1.0,0.0,2.5,2.21,1.51,0.0,1.0,0.44,1.81,1.27,1.44,0.0,1.0,1.0,1.39,0.0,0.0,1.83,1.59,0.0,0.0,0.0,0.86,0.0,2.02,1.23,2.18,0.0,1.73,3.0,1.0,1.98,1.0,1.0,2.03,2.63,2.25,1.03,1.83,2.24,2.0,1.05,0.0,0.0,0.0,0.0,0.0,0.0,0.0,0.0,0.0,0.0,0.0,0.0,0.0,0.0,0.0,0.0,0.0,0.0,0.0,0.0,2.81,0.0,0.0,1.67,0.0,0.0,0.0,0.0,0.0,0.0,0.0,1.25,0.0,0.0,0.0,0.0,1.69,0.0,0.0,0.0,0.0,0.0,1.0,0.0,0.0,0.0,0.0,0.0,0.0,0.0,1.55
40311242,0.0,0.0,0.0,0.0,0.0,0.0,0.0,0.0,2.73,0.0,0.0,0.0,0.0,0.0,0.0,0.0,0.0,0.0,0.0,0.0,0.0,0.0,0.0,0.0,0.0,0.0,0.0,0.0,0.0,3.43,0.0,2.34,0.0,0.0,2.0,2.91,0.0,0.0,0.0,2.93,0.0,0.0,2.0,1.91,2.01,0.0,1.0,0.0,1.54,0.0,2.0,0.0,2.41,0.0,0.0,0.0,2.11,0.0,2.24,0.0,2.93,0.0,1.87,0.0,1.85,0.0,0.0,0.0,0.0,0.0,2.16,2.48,1.76,0.0,0.0,0.0,0.0,0.0,0.0,0.0,0.0,0.0,0.0,0.0,0.0,0.0,2.61,2.51,1.89,2.46,1.75,3.28,2.44,3.19,2.66,1.43,2.3,3.0,0.0,1.47,0.0,0.0,0.0,0.0,0.0,0.0,0.0,0.0,0.0,0.0,0.0,0.0,0.0,0.0,0.0,0.0,0.0,0.0,0.0,0.0,0.0,0.0,0.0,2.98,0.0,0.0,0.0,0.0,0.0,0.0,0.0,1.2,0.0,0.0,0.0,0.0,2.01,0.0,0.0,0.0,0.0,0.0,0.0,0.0,0.0,0.0,0.0,0.0,0.0,0.0,2.98
40311243,0.0,0.0,4.47,0.0,0.0,0.0,5.0,0.0,4.03,0.0,0.0,0.0,2.57,0.0,0.0,4.33,0.0,0.0,0.0,4.2,0.0,0.0,0.0,0.0,0.0,2.19,0.0,0.0,5.0,5.0,0.0,4.95,0.0,4.13,3.0,5.0,0.0,0.0,5.0,4.43,4.68,0.0,3.0,3.37,4.0,3.51,4.0,4.29,1.0,0.0,4.0,3.09,4.41,4.01,4.0,4.09,4.0,4.43,5.0,0.0,4.99,5.0,4.0,2.23,4.0,3.3,4.81,4.13,4.44,3.49,4.0,4.0,3.84,0.0,3.78,4.83,4.4,0.0,0.0,4.3,3.86,0.0,5.0,4.23,5.0,0.0,4.01,4.0,4.0,4.36,4.0,4.0,4.5,5.0,4.72,3.44,4.22,4.66,5.0,3.96,0.0,0.0,0.0,0.0,0.0,0.0,0.0,0.0,0.0,0.0,0.0,0.0,0.0,0.0,0.0,0.0,0.0,0.0,0.0,0.0,5.0,0.0,0.0,4.33,0.0,0.0,0.0,0.0,0.0,0.0,0.0,4.15,0.0,0.0,0.0,0.0,4.19,0.0,0.0,0.0,0.0,2.13,2.42,0.0,0.0,0.0,0.0,0.0,0.0,0.0,4.0
40311244,0.0,0.0,0.0,0.0,0.0,0.0,0.0,0.0,3.12,0.0,0.0,0.0,1.56,0.0,0.0,0.0,0.0,0.0,0.0,2.91,0.0,0.0,0.0,0.0,0.0,0.0,0.0,0.0,0.0,4.76,0.0,3.3,0.0,2.29,2.0,5.0,0.0,0.0,4.63,3.93,3.11,2.36,3.0,2.91,4.0,1.51,4.0,0.0,1.0,0.0,4.0,0.0,3.18,0.0,3.0,2.37,2.0,0.0,3.0,0.0,3.92,0.0,2.96,2.35,2.0,1.06,3.35,2.35,0.0,1.49,4.0,3.0,2.64,0.0,2.24,0.0,2.21,0.0,2.61,2.3,0.0,4.18,0.0,0.0,0.0,0.0,2.66,3.0,3.0,3.49,4.0,3.0,3.43,4.05,3.38,2.31,3.19,4.0,4.0,2.61,0.0,0.0,0.0,0.0,0.0,0.0,0.0,0.0,0.0,0.0,0.0,0.0,0.0,0.0,0.0,0.0,0.0,0.0,0.0,0.0,0.0,0.0,0.0,3.31,0.0,0.0,0.0,0.0,0.0,0.0,0.0,0.0,0.0,0.0,0.0,0.0,3.68,0.0,0.0,0.0,0.0,0.0,1.19,0.0,0.0,0.0,0.0,0.0,0.0,0.0,3.82
40311245,0.0,0.0,2.47,0.0,0.0,0.0,2.47,0.0,2.81,0.0,0.0,0.0,0.67,0.0,0.0,0.0,0.0,0.0,0.0,2.59,0.0,0.0,0.0,0.0,0.0,0.31,0.0,0.0,3.15,3.83,0.0,2.74,0.0,2.29,2.0,3.0,0.0,0.0,2.85,3.92,3.54,1.36,4.0,0.9,3.0,1.51,2.0,1.29,2.0,0.0,3.0,0.09,2.87,2.24,2.0,1.69,2.0,1.43,2.0,0.0,3.33,2.21,2.4,0.85,2.0,1.41,2.74,2.05,1.44,1.49,2.0,1.0,2.29,0.0,1.74,1.83,2.4,0.0,1.61,2.3,2.86,3.18,4.02,2.46,2.18,0.0,2.5,4.0,2.0,3.05,3.0,4.0,2.94,3.67,3.15,1.93,2.66,2.48,2.0,2.35,0.0,0.0,0.0,0.0,0.0,0.0,0.0,0.0,0.0,0.0,0.0,0.0,0.0,0.0,0.0,0.0,0.0,0.0,0.0,0.0,2.81,0.0,0.0,2.87,0.0,0.0,0.0,0.0,0.0,0.0,0.0,2.43,0.0,0.0,0.0,0.0,2.85,0.0,0.0,0.0,0.0,0.55,0.78,0.0,0.0,0.0,0.0,0.0,0.0,0.0,2.26
40311246,0.0,0.0,0.0,0.0,0.0,0.0,0.0,0.0,1.02,0.0,0.0,0.0,0.47,0.0,0.0,0.0,0.0,0.0,0.0,0.77,0.0,0.0,0.0,0.0,0.0,1.74,0.0,0.0,1.99,2.96,0.0,2.87,0.0,0.97,2.0,2.88,0.0,0.0,0.0,0.0,1.94,0.0,2.0,0.0,0.0,0.0,3.0,0.0,0.0,0.0,2.82,0.0,2.57,0.0,0.76,0.0,0.4,0.0,2.47,0.0,3.88,0.0,2.41,0.0,1.74,0.0,0.0,0.0,0.0,0.0,1.0,0.77,3.18,0.0,0.0,0.0,0.0,0.0,0.0,0.0,0.0,0.0,0.0,0.0,0.0,0.0,0.0,2.05,2.0,3.28,2.11,1.57,3.33,3.52,3.27,2.86,3.57,0.0,0.0,1.15,0.0,0.0,0.0,0.0,0.0,0.0,0.0,0.0,0.0,0.0,0.0,0.0,0.0,0.0,0.0,0.0,0.0,0.0,0.0,0.0,0.0,0.0,0.0,0.0,0.0,0.0,0.0,0.0,0.0,0.0,0.0,2.32,0.0,0.0,0.0,0.0,4.01,0.0,0.0,0.0,0.0,1.84,0.51,0.0,0.0,0.0,0.0,0.0,0.0,0.0,0.0
40311247,0.0,0.0,0.0,0.0,0.0,0.0,0.0,0.0,3.33,0.0,0.0,0.0,3.02,0.0,0.0,0.0,0.0,0.0,0.0,2.61,0.0,0.0,0.0,0.0,0.0,1.84,0.0,0.0,4.99,4.44,0.0,4.88,0.0,4.13,2.0,5.0,0.0,0.0,0.0,5.0,3.8,0.0,5.0,4.91,5.0,3.51,5.0,0.0,5.0,0.0,4.0,0.0,3.61,0.0,4.0,3.91,2.0,0.0,2.0,0.0,4.38,0.0,3.5,1.54,4.0,3.06,0.0,3.9,0.0,3.49,4.0,2.0,3.03,0.0,3.78,0.0,4.21,0.0,0.0,4.3,0.0,0.0,0.0,0.0,0.0,0.0,3.05,3.0,4.0,3.99,4.0,4.0,3.8,4.44,3.92,2.88,3.37,3.92,4.0,3.83,0.0,0.0,0.0,0.0,0.0,0.0,0.0,0.0,0.0,0.0,0.0,0.0,0.0,0.0,0.0,0.0,0.0,0.0,0.0,0.0,0.0,0.0,0.0,3.46,0.0,4.0,0.0,0.0,0.0,0.0,0.0,3.48,0.0,0.0,0.0,0.0,3.54,0.0,0.0,0.0,0.0,1.65,1.92,0.0,0.0,0.0,0.0,0.0,0.0,0.0,3.7
40311248,0.0,0.0,4.47,0.0,0.0,0.0,4.47,0.0,4.99,0.0,0.0,0.0,2.62,0.0,0.0,4.33,0.0,0.0,0.0,4.81,0.0,0.0,0.0,0.0,0.0,3.02,0.0,0.0,5.0,5.0,0.0,5.0,0.0,5.0,3.0,5.0,0.0,0.0,4.85,5.0,5.0,2.36,5.0,3.97,5.0,4.51,5.0,3.29,5.0,0.0,5.0,2.09,5.0,4.24,3.0,3.69,4.0,3.43,5.0,0.0,5.0,4.21,4.67,3.26,5.0,3.78,4.37,4.05,3.44,4.49,5.0,4.0,4.41,0.0,3.74,3.83,4.9,0.0,2.61,5.0,4.86,4.18,5.0,4.46,4.18,0.0,4.87,4.0,4.0,5.0,5.0,4.0,5.0,5.0,5.0,4.16,4.69,4.83,4.0,4.85,0.0,0.0,0.0,0.0,0.0,0.0,0.0,0.0,0.0,0.0,0.0,0.0,0.0,0.0,0.0,0.0,0.0,0.0,0.0,0.0,4.81,0.0,0.0,5.0,0.0,0.0,0.0,0.0,0.0,0.0,0.0,4.67,0.0,0.0,0.0,0.0,4.87,0.0,0.0,0.0,0.0,3.84,2.5,0.0,0.0,0.0,0.0,0.0,0.0,0.0,5.0
40311249,0.0,0.0,3.47,0.0,0.0,0.0,4.47,0.0,3.57,0.0,0.0,0.0,3.0,0.0,0.0,0.0,0.0,0.0,0.0,3.73,0.0,0.0,0.0,0.0,0.0,1.92,0.0,0.0,4.69,4.98,0.0,4.8,0.0,4.29,2.0,5.0,0.0,0.0,4.45,3.93,3.54,3.36,3.0,2.9,3.0,3.51,5.0,3.29,3.0,0.0,4.0,2.09,3.93,3.01,4.0,3.69,3.0,3.43,4.0,0.0,4.56,4.21,3.63,1.44,4.0,2.67,4.01,3.58,3.44,3.49,5.0,3.0,3.37,0.0,3.74,3.83,3.9,0.0,3.61,4.3,2.86,5.0,4.02,3.23,4.18,0.0,3.31,5.0,4.0,4.08,5.0,4.0,4.08,4.68,4.21,3.03,3.74,3.95,4.0,3.83,0.0,0.0,0.0,0.0,0.0,0.0,0.0,0.0,0.0,0.0,0.0,0.0,0.0,0.0,0.0,0.0,0.0,0.0,0.0,0.0,4.81,0.0,0.0,3.77,0.0,0.0,0.0,0.0,0.0,0.0,0.0,3.94,0.0,0.0,0.0,0.0,4.02,0.0,0.0,0.0,0.0,1.86,2.44,0.0,0.0,0.0,0.0,0.0,0.0,0.0,3.5
40311250,0.0,0.0,3.47,0.0,5.0,0.0,4.47,0.0,4.14,0.0,0.0,0.0,2.84,0.0,0.0,4.33,0.0,0.0,0.0,3.91,0.0,0.0,0.0,0.0,0.0,1.52,0.0,0.0,5.0,5.0,0.0,4.63,0.0,5.0,3.0,5.0,0.0,0.0,4.45,5.0,4.48,3.36,5.0,3.97,5.0,4.51,5.0,3.29,1.0,0.0,4.0,2.09,4.26,3.02,4.0,4.04,4.0,3.43,5.0,0.0,4.93,4.21,3.97,2.61,5.0,3.4,4.13,4.03,3.44,4.49,5.0,4.0,3.69,0.0,4.24,3.83,4.67,0.0,3.61,5.0,0.0,5.0,0.0,3.23,4.18,0.0,3.86,4.0,5.0,4.41,4.0,4.0,4.38,5.0,4.52,3.28,4.13,4.69,4.0,4.52,0.0,0.0,0.0,0.0,0.0,0.0,0.0,0.0,0.0,0.0,0.0,0.0,0.0,0.0,0.0,0.0,0.0,0.0,0.0,0.0,4.81,0.0,0.0,4.32,0.0,0.0,0.0,0.0,0.0,0.0,0.0,4.0,0.0,0.0,0.0,5.0,3.99,0.0,0.0,0.0,0.0,1.72,2.74,0.0,0.0,0.0,0.0,0.0,0.0,0.0,4.64
40311253,0.0,0.0,2.97,0.0,0.0,0.0,4.47,0.0,2.76,0.0,0.0,0.0,1.57,0.0,0.0,2.33,0.0,0.0,0.0,2.46,0.0,0.0,0.0,0.0,0.0,1.52,0.0,0.0,4.26,4.09,0.0,3.71,0.0,3.13,3.0,2.0,0.0,0.0,4.32,2.92,3.61,0.0,2.0,2.9,2.0,2.51,3.0,3.29,1.0,0.0,3.0,2.09,3.05,2.4,3.0,3.09,3.0,3.43,3.0,0.0,3.77,4.21,2.64,1.44,3.0,1.92,3.22,2.82,3.44,2.49,3.0,2.0,2.46,0.0,2.78,3.83,3.15,0.0,0.0,3.3,1.86,0.0,3.02,2.61,4.18,0.0,2.79,3.0,3.0,3.1,3.0,3.0,3.23,3.72,3.45,2.21,2.86,3.1,4.0,2.95,0.0,0.0,0.0,0.0,0.0,0.0,0.0,0.0,0.0,0.0,0.0,0.0,0.0,0.0,0.0,0.0,0.0,0.0,0.0,0.0,4.81,0.0,0.0,2.95,0.0,0.0,0.0,0.0,0.0,0.0,0.0,2.58,0.0,0.0,0.0,0.0,3.44,0.0,0.0,0.0,0.0,1.47,1.02,0.0,0.0,0.0,0.0,0.0,0.0,0.0,3.01
40311254,0.0,0.0,1.46,0.0,0.0,0.0,0.0,0.0,3.46,0.0,0.0,0.0,2.12,0.0,0.0,0.0,0.0,0.0,0.0,3.43,0.0,0.0,0.0,0.0,0.0,1.4,0.0,0.0,4.46,4.61,0.0,4.65,0.0,3.97,3.0,3.97,0.0,0.0,3.63,2.93,4.51,0.0,3.0,2.91,1.0,0.0,3.0,0.0,4.0,0.0,3.0,0.0,3.62,1.01,2.96,0.0,2.8,0.0,3.16,0.0,4.03,0.0,3.15,1.96,3.2,0.43,1.8,1.27,0.0,0.0,4.0,3.25,2.87,0.0,0.0,0.0,1.58,0.0,0.0,0.0,0.86,0.0,2.02,1.23,0.0,0.0,3.42,3.96,4.0,3.71,3.06,3.77,3.6,4.25,3.85,2.63,3.24,4.0,0.0,3.47,0.0,0.0,0.0,0.0,0.0,0.0,0.0,0.0,0.0,0.0,0.0,0.0,0.0,0.0,0.0,0.0,0.0,0.0,0.0,0.0,0.0,0.0,0.0,3.63,0.0,0.0,0.0,0.0,0.0,0.0,0.0,2.66,0.0,0.0,0.0,0.0,3.19,0.0,0.0,0.0,0.0,1.47,1.95,0.0,0.0,0.0,0.0,0.0,0.0,0.0,3.56
40311255,0.0,0.0,1.46,0.0,0.0,0.0,0.0,0.0,1.95,0.0,0.0,0.0,0.57,0.0,0.0,0.0,0.0,0.0,0.0,1.48,0.0,0.0,0.0,0.0,0.0,0.4,0.0,0.0,2.92,3.12,0.0,2.83,0.0,1.97,2.0,2.66,0.0,0.0,1.63,2.43,2.89,0.0,2.0,1.91,1.0,0.0,2.0,0.0,1.0,0.0,1.0,0.0,2.24,1.01,1.62,0.0,1.27,0.0,1.93,0.0,2.95,0.0,1.8,0.36,1.63,0.43,1.8,1.27,0.0,0.0,2.0,1.74,1.65,0.0,0.0,0.0,1.58,0.0,0.0,0.0,0.86,0.0,2.02,1.23,0.0,0.0,2.05,2.31,1.7,2.35,1.71,2.63,2.34,2.89,2.6,1.38,1.95,3.0,0.0,1.84,0.0,0.0,0.0,0.0,0.0,0.0,0.0,0.0,0.0,0.0,0.0,0.0,0.0,0.0,0.0,0.0,0.0,0.0,0.0,0.0,0.0,0.0,0.0,2.38,0.0,0.0,0.0,0.0,0.0,0.0,0.0,1.77,0.0,0.0,0.0,0.0,2.44,0.0,0.0,0.0,0.0,0.47,0.0,0.0,0.0,0.0,0.0,0.0,0.0,0.0,2.56
40311256,0.0,0.0,3.97,0.0,0.0,0.0,4.47,0.0,3.92,0.0,0.0,0.0,1.56,0.0,0.0,3.33,0.0,0.0,0.0,4.06,0.0,0.0,0.0,0.0,0.0,1.53,0.0,0.0,4.52,5.0,0.0,4.41,0.0,4.16,3.0,5.0,0.0,0.0,4.45,4.92,5.0,2.36,5.0,2.9,4.0,4.51,3.0,3.29,5.0,0.0,4.0,2.09,4.08,3.62,3.0,3.69,3.0,3.43,5.0,0.0,4.49,4.21,3.6,1.77,5.0,3.41,4.01,3.81,3.44,4.49,3.0,3.0,3.47,0.0,3.74,3.83,4.65,0.0,2.61,5.0,3.86,4.18,5.0,3.84,4.18,0.0,3.93,4.0,4.0,4.06,5.0,3.0,4.13,4.77,4.41,3.14,3.8,3.77,4.0,3.78,0.0,0.0,0.0,0.0,0.0,0.0,0.0,0.0,0.0,0.0,0.0,0.0,0.0,0.0,0.0,0.0,0.0,0.0,0.0,0.0,4.81,0.0,0.0,4.66,0.0,0.0,0.0,0.0,0.0,0.0,0.0,3.44,0.0,0.0,0.0,0.0,3.85,0.0,0.0,0.0,0.0,1.55,2.15,0.0,0.0,0.0,0.0,0.0,0.0,0.0,3.71
40311257,0.0,0.0,0.0,0.0,0.0,0.0,0.0,0.0,4.25,0.0,0.0,0.0,1.32,0.0,0.0,0.0,0.0,0.0,0.0,4.09,0.0,0.0,0.0,0.0,0.0,1.16,0.0,0.0,5.0,5.0,0.0,4.79,0.0,3.64,3.0,5.0,0.0,0.0,4.63,5.0,4.7,0.0,5.0,4.91,5.0,3.51,5.0,0.0,4.0,0.0,4.0,0.0,4.49,0.0,3.0,3.91,3.0,0.0,5.0,0.0,5.0,0.0,4.1,1.76,4.0,3.06,0.0,3.9,0.0,3.49,3.0,3.0,4.06,0.0,3.78,0.0,4.21,0.0,0.0,4.3,0.0,0.0,0.0,0.0,0.0,0.0,4.39,4.0,4.0,4.59,5.0,3.0,4.62,5.0,4.86,3.7,4.41,4.89,4.0,3.38,0.0,0.0,0.0,0.0,0.0,0.0,0.0,0.0,0.0,0.0,0.0,0.0,0.0,0.0,0.0,0.0,0.0,0.0,0.0,0.0,0.0,0.0,0.0,4.99,0.0,0.0,0.0,0.0,0.0,0.0,0.0,4.08,0.0,0.0,0.0,0.0,3.31,0.0,0.0,0.0,0.0,1.38,2.31,0.0,0.0,0.0,0.0,0.0,0.0,0.0,4.85
40311258,0.0,0.0,4.47,0.0,0.0,0.0,4.47,0.0,4.19,0.0,0.0,0.0,1.0,0.0,0.0,3.33,0.0,0.0,0.0,4.38,0.0,0.0,0.0,0.0,0.0,0.74,0.0,0.0,5.0,5.0,0.0,3.37,0.0,4.29,3.0,3.0,0.0,0.0,4.85,5.0,4.94,2.36,4.0,2.9,5.0,3.51,1.0,3.29,1.0,0.0,5.0,2.09,4.03,4.24,3.0,3.35,3.0,3.43,5.0,0.0,4.37,4.21,3.48,2.09,4.0,3.41,4.37,3.78,3.44,3.49,3.0,3.0,3.39,0.0,3.24,3.83,4.4,0.0,2.61,4.3,4.86,4.18,5.0,4.46,4.18,0.0,3.92,3.0,4.0,3.91,5.0,4.0,4.06,4.81,4.31,2.95,3.86,3.71,4.0,3.79,0.0,0.0,0.0,0.0,0.0,0.0,0.0,0.0,0.0,0.0,0.0,0.0,0.0,0.0,0.0,0.0,0.0,0.0,0.0,0.0,4.81,0.0,0.0,4.47,0.0,0.0,0.0,0.0,0.0,0.0,0.0,3.26,0.0,0.0,0.0,0.0,3.68,0.0,0.0,0.0,0.0,0.54,1.56,0.0,0.0,0.0,0.0,0.0,0.0,0.0,3.71
40311259,0.0,0.0,2.97,0.0,0.0,0.0,4.47,0.0,3.47,0.0,0.0,0.0,2.8,0.0,0.0,0.0,0.0,0.0,0.0,3.33,0.0,0.0,0.0,0.0,0.0,2.29,0.0,0.0,4.69,5.0,0.0,4.49,0.0,4.13,3.0,4.0,0.0,0.0,4.45,3.43,3.85,3.36,3.0,2.9,2.0,3.51,5.0,3.29,1.0,0.0,4.0,2.09,3.75,2.4,4.0,3.69,1.0,3.43,4.0,0.0,4.53,4.21,3.49,2.22,4.0,2.3,3.64,3.35,3.44,3.49,4.0,3.0,3.21,0.0,3.74,3.83,3.65,0.0,3.61,4.3,1.86,5.0,3.02,2.61,4.18,0.0,3.13,4.0,4.0,4.01,3.0,4.0,3.98,4.52,4.04,2.89,3.63,3.99,4.0,3.82,0.0,0.0,0.0,0.0,0.0,0.0,0.0,0.0,0.0,0.0,0.0,0.0,0.0,0.0,0.0,0.0,0.0,0.0,0.0,0.0,4.81,0.0,0.0,3.55,0.0,0.0,0.0,0.0,0.0,0.0,0.0,3.76,0.0,0.0,0.0,0.0,4.18,0.0,0.0,0.0,0.0,2.39,2.27,0.0,0.0,0.0,0.0,0.0,0.0,0.0,3.83
40311260,0.0,0.0,3.47,0.0,0.0,0.0,4.02,0.0,3.48,0.0,0.0,1.24,2.09,0.0,0.0,0.0,2.24,0.0,0.0,3.32,0.0,0.0,0.0,0.0,2.57,1.34,0.0,0.0,4.68,4.94,0.0,3.91,0.0,3.45,1.0,5.0,3.73,0.0,4.32,2.98,3.98,2.51,2.0,2.0,1.0,2.24,2.0,3.0,1.0,2.43,4.0,1.75,3.65,2.58,4.0,3.35,4.0,3.43,4.0,2.12,4.27,3.83,3.12,2.3,3.0,2.03,3.87,3.33,3.44,2.05,4.0,4.0,3.01,2.0,3.13,3.47,3.34,2.57,3.03,3.13,1.97,4.44,3.12,2.85,3.8,0.0,3.2,5.0,3.0,3.53,3.0,4.0,3.73,4.29,3.89,2.58,3.5,3.8,4.0,3.59,0.0,0.0,0.0,0.0,0.0,2.24,0.0,0.0,0.0,0.0,3.57,0.0,0.0,0.0,0.0,0.0,0.0,0.0,0.0,0.0,4.51,0.0,0.0,3.38,0.0,0.0,0.0,3.07,0.0,0.0,0.0,2.91,0.0,0.0,0.0,0.0,4.12,0.0,0.0,0.0,0.0,1.58,1.89,0.0,0.0,0.0,2.24,0.0,0.0,0.0,3.51
40311261,0.0,0.0,5.0,0.0,0.0,0.0,0.0,0.0,4.24,0.0,0.0,0.0,2.33,0.0,0.0,0.0,0.0,0.0,0.0,4.04,0.0,0.0,0.0,0.0,0.0,3.74,0.0,0.0,5.0,5.0,0.0,5.0,0.0,3.97,2.0,4.0,0.0,0.0,4.63,5.0,5.0,2.36,3.0,0.0,5.0,0.0,5.0,0.0,1.0,0.0,4.0,0.0,4.67,5.0,3.0,2.83,3.0,0.0,5.0,0.0,5.0,0.0,4.37,2.49,4.0,4.43,4.58,3.95,0.0,0.0,4.0,3.0,4.19,0.0,2.7,0.0,5.0,0.0,2.61,0.0,4.86,4.18,5.0,5.0,0.0,0.0,4.46,3.0,3.0,4.8,4.0,4.0,4.81,5.0,5.0,3.88,4.43,0.0,5.0,4.02,0.0,0.0,0.0,0.0,0.0,0.0,0.0,0.0,0.0,0.0,0.0,0.0,0.0,0.0,0.0,0.0,0.0,0.0,0.0,0.0,0.0,0.0,0.0,4.91,0.0,0.0,0.0,0.0,0.0,0.0,0.0,4.82,0.0,0.0,0.0,0.0,4.87,0.0,0.0,0.0,0.0,3.84,1.8,0.0,0.0,0.0,0.0,0.0,0.0,0.0,4.38
40311262,0.0,0.0,0.0,0.0,0.0,0.0,0.0,0.0,4.0,0.0,0.0,0.0,0.0,0.0,0.0,0.0,0.0,0.0,0.0,3.75,0.0,0.0,0.0,0.0,0.0,0.0,0.0,0.0,0.0,5.0,0.0,4.5,0.0,2.29,0.86,3.55,0.0,0.0,0.0,0.0,0.0,0.0,2.51,1.0,1.63,1.51,2.57,0.0,0.54,0.0,2.73,0.0,4.19,0.0,3.74,1.91,1.76,0.0,4.0,0.0,4.78,0.0,3.72,0.0,2.0,1.06,0.0,1.9,0.0,1.49,2.05,1.73,3.59,0.0,1.78,0.0,2.21,0.0,0.0,2.3,0.0,0.0,0.0,0.0,0.0,0.0,3.88,1.0,1.56,4.3,2.0,1.0,4.3,4.9,4.49,3.27,3.98,0.0,3.53,2.22,0.0,0.0,0.0,0.0,0.0,0.0,0.0,0.0,0.0,0.0,0.0,0.0,0.0,0.0,0.0,0.0,0.0,0.0,0.0,0.0,0.0,0.0,0.0,4.25,0.0,0.0,0.0,0.0,0.0,0.0,0.0,3.61,0.0,0.0,0.0,0.0,0.0,0.0,0.0,0.0,0.0,0.0,0.21,0.0,0.0,0.0,0.0,0.0,0.0,0.0,4.25
40311263,0.0,0.0,0.0,0.0,0.0,0.0,0.0,0.0,1.0,0.0,0.0,0.0,0.0,0.0,0.0,0.0,0.0,0.0,0.0,1.37,0.0,0.0,0.0,0.0,0.0,0.0,0.0,0.0,0.0,2.82,0.0,2.12,0.0,0.0,1.6,1.39,0.0,0.0,0.0,0.0,0.0,0.0,0.26,0.0,0.0,0.0,1.03,0.0,0.53,0.0,2.37,0.0,1.28,0.0,1.36,0.0,1.0,0.0,1.0,0.0,1.87,0.0,0.99,0.0,1.77,0.0,0.0,0.0,0.0,0.0,2.64,1.83,0.7,0.0,0.0,0.0,0.0,0.0,0.0,0.0,0.0,0.0,0.0,0.0,0.0,0.0,0.92,4.0,1.61,1.28,2.49,1.0,1.35,1.88,1.55,0.3,1.1,1.89,0.0,0.0,0.0,0.0,0.0,0.0,0.0,0.0,0.0,0.0,0.0,0.0,0.0,0.0,0.0,0.0,0.0,0.0,0.0,0.0,0.0,0.0,0.0,0.0,0.0,0.0,0.0,0.0,0.0,0.0,0.0,0.0,0.0,1.23,0.0,0.0,0.0,0.0,0.0,0.0,0.0,0.0,0.0,0.0,1.08,0.0,0.0,0.0,0.0,0.0,0.0,0.0,0.0
40311264,0.0,0.0,0.0,2.0,0.0,4.0,0.0,0.0,0.0,2.0,0.0,0.0,0.0,0.0,0.0,0.0,0.0,0.0,0.0,0.0,0.0,0.0,0.0,0.0,0.0,0.0,0.0,0.0,0.0,0.0,0.0,0.0,0.0,0.0,2.86,3.35,0.0,0.0,0.0,0.0,0.0,0.0,0.0,0.0,0.0,0.0,0.0,0.0,1.56,0.0,2.71,0.0,0.0,0.0,0.0,0.0,2.13,0.0,0.0,0.0,0.0,0.0,0.0,0.0,2.41,0.0,0.0,0.0,0.0,0.0,2.73,2.5,0.0,0.0,0.0,0.0,0.0,0.0,0.0,0.0,0.0,0.0,0.0,0.0,0.0,0.0,0.0,3.0,2.44,0.0,2.41,3.3,0.0,0.0,0.0,0.0,0.0,0.0,0.0,0.0,0.0,0.0,0.0,0.0,0.0,0.0,0.0,0.0,0.0,0.0,0.0,0.0,0.0,0.0,0.0,0.0,0.0,0.0,0.0,0.0,0.0,0.0,0.0,0.0,0.0,0.0,0.0,0.0,0.0,0.0,0.0,0.0,0.0,0.0,0.0,0.0,0.0,0.0,0.0,0.0,0.0,0.0,0.89,0.0,0.0,0.0,0.0,0.0,0.0,0.0,0.0
40311265,0.0,0.0,0.0,2.0,0.0,4.0,0.0,0.0,0.0,2.0,0.0,0.0,0.0,0.0,0.0,0.0,0.0,0.0,0.0,0.0,0.0,0.0,0.0,0.0,0.0,0.0,0.0,0.0,0.0,0.0,0.0,0.0,0.0,0.0,0.0,0.0,0.0,0.0,0.0,0.0,0.0,0.0,0.0,0.0,0.0,0.0,0.0,0.0,0.0,0.0,0.0,0.0,0.0,0.0,0.0,0.0,0.0,0.0,0.0,0.0,0.0,0.0,0.0,0.0,0.0,0.0,0.0,0.0,0.0,0.0,0.0,0.0,0.0,0.0,0.0,0.0,0.0,0.0,0.0,0.0,0.0,0.0,0.0,0.0,0.0,0.0,0.0,4.0,0.0,0.0,0.0,0.0,0.0,0.0,0.0,0.0,0.0,0.0,0.0,0.0,0.0,0.0,0.0,0.0,0.0,0.0,0.0,0.0,0.0,0.0,0.0,0.0,0.0,0.0,0.0,0.0,0.0,0.0,0.0,0.0,0.0,0.0,0.0,0.0,0.0,0.0,0.0,0.0,0.0,0.0,0.0,0.0,0.0,0.0,0.0,0.0,0.0,0.0,0.0,0.0,0.0,0.0,0.0,0.0,0.0,0.0,0.0,0.0,0.0,0.0,0.0
40311266,0.0,0.0,0.0,1.0,0.0,4.0,0.0,0.0,0.0,2.0,0.0,0.0,0.0,0.0,0.0,0.0,0.0,0.0,0.0,0.0,0.0,0.0,0.0,0.0,0.0,0.0,0.0,0.0,0.0,0.0,0.0,0.0,0.0,0.0,2.86,3.35,0.0,0.0,0.0,0.0,0.0,0.0,0.0,0.0,0.0,0.0,0.0,0.0,1.56,0.0,2.71,0.0,0.0,0.0,0.0,0.0,2.13,0.0,0.0,0.0,0.0,0.0,0.0,0.0,2.41,0.0,0.0,0.0,0.0,0.0,2.73,2.5,0.0,0.0,0.0,0.0,0.0,0.0,0.0,0.0,0.0,0.0,0.0,0.0,0.0,0.0,0.0,3.0,2.44,0.0,2.41,3.3,0.0,0.0,0.0,0.0,0.0,0.0,0.0,0.0,0.0,0.0,0.0,0.0,0.0,0.0,0.0,0.0,0.0,0.0,0.0,0.0,0.0,0.0,0.0,0.0,0.0,0.0,0.0,0.0,0.0,0.0,0.0,0.0,0.0,0.0,0.0,0.0,0.0,0.0,0.0,0.0,0.0,0.0,0.0,0.0,0.0,0.0,0.0,0.0,0.0,0.0,0.89,0.0,0.0,0.0,0.0,0.0,0.0,0.0,0.0
40312142,0.0,0.0,4.06,0.0,0.0,0.0,3.26,0.0,0.0,0.0,2.02,1.08,0.0,0.0,0.0,0.0,0.0,0.0,0.0,0.0,0.0,0.0,2.61,0.0,3.22,0.0,0.0,0.0,0.0,0.0,0.0,0.0,0.0,3.28,0.0,0.0,4.13,0.0,0.0,3.16,3.81,2.0,0.0,2.74,3.22,5.0,0.0,1.0,0.0,3.21,0.0,1.82,0.0,4.0,3.19,3.0,0.0,3.0,0.0,2.0,0.0,3.65,0.0,3.0,3.51,3.0,4.0,3.0,2.63,2.36,0.0,0.0,0.0,2.5,2.86,3.05,2.71,3.08,2.64,3.0,2.0,4.0,3.12,2.85,3.57,2.91,3.56,0.0,0.0,0.0,0.0,0.0,0.0,0.0,0.0,0.0,0.0,3.42,3.63,0.0,0.0,0.0,3.96,3.56,4.15,2.32,0.0,0.0,0.0,0.0,0.0,0.0,0.0,0.0,0.0,1.32,0.0,0.0,0.0,0.0,4.31,0.0,0.0,0.0,0.0,0.0,0.0,3.97,0.0,0.0,0.0,0.0,3.16,0.0,0.0,0.0,0.0,0.0,0.0,0.0,0.0,0.0,0.0,0.0,0.0,0.0,3.24,0.0,0.0,0.0,0.0
40320310,0.0,0.0,2.06,0.0,0.0,0.0,3.38,0.0,0.0,0.0,1.35,0.82,0.0,1.0,0.0,0.0,1.24,0.0,0.0,0.0,0.0,0.0,0.0,0.0,2.31,0.0,0.0,0.0,0.0,0.0,0.0,0.0,0.0,2.12,0.0,0.0,3.05,0.0,0.0,2.72,2.99,1.49,1.09,1.0,1.86,1.68,0.0,1.0,0.0,3.0,0.0,0.98,0.0,1.0,2.38,3.0,0.0,2.0,0.0,1.0,0.0,3.01,0.0,1.0,2.26,2.0,3.0,1.0,2.34,3.0,0.0,0.0,0.0,1.63,1.0,2.48,2.0,2.25,3.0,2.0,1.73,3.37,2.47,1.94,2.85,2.39,2.48,0.0,0.0,0.0,0.0,0.0,0.0,0.0,0.0,0.0,0.0,2.95,2.98,1.45,0.0,0.0,2.96,3.32,0.0,2.03,0.0,0.0,0.0,0.0,2.66,0.0,0.0,0.0,0.0,1.66,0.0,3.21,0.0,0.0,3.91,0.0,0.0,0.0,0.0,0.0,0.0,2.44,0.0,0.0,0.0,1.43,2.16,0.0,0.0,0.0,0.0,0.0,0.0,0.0,0.0,0.0,0.0,0.0,0.0,0.0,1.6,0.0,0.0,0.0,0.0
40320324,0.0,0.0,2.1,0.0,0.0,0.0,2.65,0.0,0.0,0.0,1.65,0.3,0.0,0.0,0.0,0.0,0.0,0.0,0.0,0.0,0.0,0.0,1.9,0.0,1.56,0.0,0.0,0.0,0.0,0.0,0.0,0.0,0.0,2.43,1.0,0.0,3.28,0.0,2.43,2.52,3.43,1.47,0.0,1.76,1.53,1.0,0.0,1.74,0.0,2.19,0.0,0.59,0.0,1.0,2.35,1.0,0.0,2.0,0.0,1.0,0.0,2.93,0.0,1.0,2.12,1.0,3.0,2.0,2.09,1.69,0.0,0.0,0.0,1.53,2.1,2.34,2.24,2.1,3.0,4.0,1.0,3.26,2.52,1.88,2.91,2.08,2.27,0.0,0.0,0.0,0.0,0.0,0.0,0.0,0.0,0.0,0.0,2.77,2.45,0.0,0.0,0.0,2.96,2.19,0.0,1.71,0.0,0.0,0.0,0.0,3.12,0.0,0.0,0.0,0.0,1.93,0.0,0.0,0.0,0.0,3.33,0.0,0.0,0.0,0.0,0.0,0.0,3.01,0.0,0.0,0.0,0.0,1.62,0.0,0.0,0.0,0.0,0.0,0.0,0.0,0.0,0.0,0.0,0.0,0.0,0.0,1.33,0.0,0.0,0.0,0.0
40320326,0.0,0.0,3.43,0.0,0.0,0.0,3.19,0.0,0.0,0.0,2.64,0.86,0.0,0.0,0.0,0.0,0.0,0.0,0.0,0.0,0.0,0.0,2.2,0.0,2.32,0.0,0.0,0.0,0.0,0.0,0.0,0.0,0.0,3.47,2.53,0.0,3.91,0.0,5.0,3.18,3.8,2.71,0.0,1.0,3.05,4.0,0.0,1.0,0.0,3.0,2.38,1.55,0.0,2.0,3.1,2.0,0.0,3.0,0.0,2.0,0.0,3.53,0.0,1.0,2.66,1.0,5.0,2.0,2.42,3.0,2.4,2.17,0.0,2.45,2.68,2.92,2.64,2.85,3.0,3.0,1.0,3.0,3.23,2.86,3.75,2.53,3.15,0.0,0.0,2.72,0.0,0.0,0.0,3.32,0.0,0.0,0.0,3.18,3.43,3.74,0.0,0.0,3.96,3.17,0.0,2.81,0.0,0.0,0.0,0.0,3.2,0.0,0.0,0.0,0.0,2.3,0.0,0.0,0.0,0.0,3.9,0.0,0.0,0.0,0.0,0.0,0.0,3.72,0.0,0.0,0.0,0.0,4.12,0.0,0.0,0.0,0.0,0.0,0.0,0.0,0.0,0.0,0.0,0.0,0.0,0.0,2.12,0.0,0.0,0.0,0.0
40327247,0.0,0.0,0.0,0.0,0.0,0.0,2.39,0.0,0.0,0.0,1.67,0.09,0.0,0.0,0.0,0.0,1.24,0.0,0.0,0.0,0.0,0.0,0.0,0.0,1.57,0.0,0.0,0.0,0.0,0.0,0.0,0.0,0.0,3.04,0.0,0.0,2.62,0.0,0.0,2.92,3.29,1.59,1.09,1.0,0.0,1.63,0.0,1.0,0.0,4.0,0.0,1.22,0.0,2.01,0.0,1.01,0.0,1.79,0.0,1.12,0.0,2.82,0.0,1.2,2.51,1.56,3.27,0.0,2.47,2.0,0.0,0.0,0.0,1.95,2.0,2.69,1.31,2.58,1.91,2.96,2.25,3.46,3.08,2.52,3.08,3.05,4.28,0.0,0.0,0.0,0.0,0.0,0.0,0.0,0.0,0.0,0.0,2.82,1.87,2.74,0.0,0.0,0.0,4.81,0.0,2.53,0.0,0.0,0.0,0.0,2.57,0.0,0.0,0.0,0.0,2.17,0.0,0.0,0.0,0.0,3.81,0.0,0.0,0.0,0.0,0.0,0.0,2.07,0.0,0.0,0.0,1.43,0.0,0.0,0.0,0.0,0.0,0.0,0.0,0.0,0.0,0.0,0.0,0.0,0.0,0.0,1.24,0.0,0.0,0.0,0.0
40333126,0.0,0.0,1.46,0.0,0.0,0.0,2.39,0.0,0.0,0.0,0.62,0.09,0.0,0.0,0.0,0.0,1.24,0.0,0.0,0.0,0.0,0.0,0.0,0.0,1.57,0.0,0.0,0.0,0.0,0.0,0.0,0.0,0.0,1.74,2.53,0.0,2.61,0.0,0.0,1.9,2.6,0.96,1.09,1.0,0.99,1.01,0.0,1.0,0.0,3.0,2.38,0.04,0.0,1.0,1.39,1.4,0.0,1.61,0.0,1.48,0.0,2.15,0.0,1.0,1.51,1.0,1.97,1.54,1.79,1.0,2.4,2.17,0.0,0.87,1.0,1.76,1.63,1.71,1.0,1.9,1.08,2.8,2.07,1.2,2.11,1.8,1.59,0.0,0.0,2.72,0.0,0.0,0.0,3.32,0.0,0.0,0.0,1.9,1.9,1.74,0.0,0.0,0.0,0.0,0.0,1.24,0.0,0.0,0.0,0.0,2.57,0.0,0.0,0.0,0.0,0.69,0.0,0.0,0.0,0.0,2.63,0.0,0.0,0.0,0.0,0.0,0.0,2.02,0.0,0.0,0.0,1.43,0.0,0.0,0.0,0.0,0.0,0.0,0.0,0.0,0.0,0.0,0.0,0.0,0.0,0.0,1.18,0.0,0.0,0.0,0.0
40411101,0.0,0.0,0.0,0.0,0.0,0.0,2.19,0.0,4.02,0.0,1.03,0.0,1.0,0.0,0.0,0.0,0.0,0.0,0.0,3.77,0.0,0.0,0.0,0.0,0.0,0.0,0.0,0.0,4.99,5.0,0.0,4.52,0.0,4.0,4.13,4.2,3.85,0.0,2.43,3.16,4.28,1.0,2.92,1.0,2.63,1.0,2.72,1.0,2.41,4.0,3.5,1.25,4.21,2.5,3.0,2.25,3.07,1.79,3.61,3.35,4.8,3.3,3.74,1.89,3.0,2.47,3.68,2.9,2.36,2.0,4.0,3.32,0.0,1.61,5.0,2.84,2.82,2.39,2.39,3.77,2.6,4.05,1.91,1.91,3.02,2.55,3.93,3.94,3.4,4.32,3.31,4.03,4.32,4.92,4.51,0.0,0.0,1.71,2.41,4.0,0.0,0.0,0.0,0.0,0.0,0.0,0.0,0.0,0.0,0.0,0.0,0.0,0.0,0.0,0.0,0.69,0.0,0.0,0.0,0.0,2.52,0.0,0.0,0.0,0.0,0.0,0.0,4.3,0.0,0.0,0.0,3.63,1.08,0.0,0.0,0.0,0.0,0.0,0.0,0.0,0.0,0.0,1.69,0.0,0.0,0.0,0.0,0.0,0.0,0.0,0.0
40411102,0.0,0.0,0.0,0.0,0.0,0.0,4.86,0.0,0.0,0.0,3.78,2.48,0.0,0.0,0.0,0.0,3.24,0.0,0.0,0.0,0.0,0.0,0.0,0.0,3.57,0.0,0.0,0.0,0.0,0.0,0.0,0.0,0.0,5.0,4.53,0.0,5.0,0.0,5.0,4.98,5.0,3.0,3.09,3.0,0.0,5.0,0.0,4.0,0.0,5.0,4.38,3.13,0.0,2.0,4.21,4.2,0.0,4.13,0.0,3.72,0.0,5.0,0.0,3.0,5.0,3.0,4.57,3.65,4.43,4.0,4.69,4.17,0.0,3.88,5.0,4.68,4.22,4.39,3.0,4.62,3.58,5.0,4.7,4.34,5.0,4.55,5.0,0.0,0.0,4.72,0.0,0.0,0.0,5.0,0.0,0.0,0.0,4.82,4.47,5.0,0.0,0.0,0.0,5.0,5.0,3.77,0.0,0.0,0.0,0.0,4.57,0.0,0.0,0.0,0.0,4.17,0.0,0.0,0.0,0.0,5.0,0.0,0.0,0.0,0.0,0.0,0.0,4.51,0.0,0.0,0.0,3.43,5.0,0.0,0.0,0.0,0.0,0.0,0.0,0.0,0.0,0.0,0.0,0.0,0.0,0.0,3.24,0.0,0.0,0.0,0.0
40411104,0.0,0.0,3.46,0.0,0.0,0.0,4.32,0.0,0.0,0.0,2.92,1.87,0.0,0.0,0.0,0.0,2.24,0.0,0.0,0.0,0.0,0.0,0.0,0.0,2.8,0.0,0.0,0.0,0.0,0.0,0.0,0.0,0.0,3.0,4.53,0.0,4.2,0.0,4.43,3.55,4.22,2.0,2.09,2.0,2.78,3.0,0.0,4.0,0.0,2.0,4.38,1.81,0.0,3.0,4.42,3.47,0.0,3.96,0.0,2.81,0.0,3.88,0.0,3.0,3.62,2.0,3.51,3.43,3.65,3.0,3.76,4.17,0.0,2.58,5.0,3.52,3.74,3.35,3.18,3.73,2.52,4.72,3.34,2.95,3.85,3.65,3.22,0.0,0.0,4.72,0.0,0.0,0.0,5.0,0.0,0.0,0.0,3.72,3.93,4.17,0.0,0.0,0.0,0.0,4.15,2.28,0.0,0.0,0.0,0.0,3.57,0.0,0.0,0.0,0.0,3.69,0.0,0.0,0.0,0.0,4.62,0.0,0.0,0.0,0.0,0.0,0.0,3.36,0.0,0.0,0.0,2.43,3.08,0.0,0.0,0.0,0.0,0.0,0.0,0.0,0.0,0.0,0.0,0.0,0.0,0.0,2.69,0.0,0.0,0.0,0.0
40411105,0.0,0.0,3.46,0.0,0.0,0.0,2.57,0.0,0.0,0.0,2.94,0.24,0.0,0.0,0.0,0.0,1.24,0.0,0.0,0.0,0.0,0.0,0.0,0.0,2.3,0.0,0.0,0.0,0.0,0.0,0.0,0.0,0.0,5.0,5.0,0.0,4.31,0.0,0.0,3.95,4.5,1.0,1.09,1.0,2.78,3.0,0.0,4.0,0.0,4.0,5.0,2.07,0.0,3.0,0.0,3.96,0.0,5.0,0.0,3.36,0.0,4.02,0.0,4.0,3.78,2.0,4.02,3.85,4.4,4.0,5.0,5.0,0.0,2.71,5.0,3.86,4.56,3.81,5.0,4.05,3.12,5.0,3.2,3.19,4.05,4.33,4.0,0.0,0.0,5.0,0.0,0.0,0.0,5.0,0.0,0.0,0.0,3.46,3.19,4.93,0.0,0.0,0.0,4.81,0.0,2.53,0.0,0.0,0.0,0.0,2.57,0.0,0.0,0.0,0.0,3.65,0.0,0.0,0.0,0.0,4.5,0.0,0.0,0.0,0.0,0.0,0.0,3.8,0.0,0.0,0.0,1.43,0.0,0.0,0.0,0.0,0.0,0.0,0.0,0.0,0.0,0.0,0.0,0.0,0.0,0.0,2.39,0.0,0.0,0.0,0.0
40411106,0.0,0.0,5.0,0.0,0.0,0.0,5.0,0.0,0.0,0.0,4.35,3.24,0.0,0.0,0.0,0.0,4.24,0.0,0.0,0.0,0.0,0.0,0.0,0.0,4.8,0.0,0.0,0.0,0.0,0.0,0.0,0.0,0.0,5.0,5.0,0.0,5.0,0.0,4.43,5.0,5.0,5.0,4.09,4.0,4.78,3.0,0.0,5.0,0.0,5.0,5.0,3.66,0.0,5.0,5.0,4.76,0.0,5.0,0.0,4.47,0.0,5.0,0.0,4.0,4.76,4.0,5.0,5.0,5.0,5.0,5.0,5.0,0.0,4.29,5.0,5.0,5.0,4.95,5.0,5.0,4.5,5.0,5.0,4.61,5.0,5.0,5.0,0.0,0.0,5.0,0.0,0.0,0.0,5.0,0.0,0.0,0.0,5.0,5.0,5.0,0.0,0.0,0.0,5.0,0.0,4.53,0.0,0.0,0.0,0.0,5.0,0.0,0.0,0.0,0.0,4.65,0.0,0.0,0.0,0.0,5.0,0.0,0.0,0.0,0.0,0.0,0.0,5.0,0.0,0.0,0.0,4.43,3.08,0.0,0.0,0.0,0.0,0.0,0.0,0.0,0.0,0.0,0.0,0.0,0.0,0.0,4.69,0.0,0.0,0.0,0.0
40411108,0.0,0.0,0.0,0.0,0.0,0.0,5.0,0.0,0.0,0.0,2.96,3.24,0.0,0.0,0.0,0.0,4.24,0.0,0.0,0.0,0.0,0.0,0.0,0.0,4.57,0.0,0.0,0.0,0.0,0.0,0.0,0.0,0.0,3.0,3.53,0.0,4.99,0.0,4.43,4.28,5.0,4.0,4.09,4.0,0.0,3.0,0.0,4.0,0.0,4.0,3.38,2.48,0.0,2.0,4.64,3.03,0.0,3.33,0.0,3.0,0.0,4.58,0.0,2.0,3.04,3.0,4.19,2.97,3.27,3.0,3.23,3.17,0.0,3.5,2.0,4.35,3.09,3.78,4.0,3.8,3.21,4.87,4.97,3.78,4.79,3.41,3.58,0.0,0.0,3.72,0.0,0.0,0.0,4.32,0.0,0.0,0.0,4.88,5.0,3.43,0.0,0.0,0.0,4.81,5.0,4.13,0.0,0.0,0.0,0.0,5.0,0.0,0.0,0.0,0.0,3.65,0.0,0.0,0.0,0.0,5.0,0.0,0.0,0.0,0.0,0.0,0.0,4.51,0.0,0.0,0.0,4.43,3.08,0.0,0.0,0.0,0.0,0.0,0.0,0.0,0.0,0.0,0.0,0.0,0.0,0.0,4.24,0.0,0.0,0.0,0.0
40411109,0.0,0.0,0.0,0.0,0.0,0.0,2.19,0.0,5.0,0.0,0.79,0.0,1.0,0.0,0.0,0.0,0.0,0.0,0.0,4.77,0.0,0.0,0.0,0.0,0.0,0.0,0.0,0.0,5.0,5.0,0.0,5.0,0.0,5.0,5.0,5.0,4.4,0.0,0.0,3.45,4.39,1.0,4.29,1.0,0.0,1.0,4.43,1.0,3.83,2.0,4.98,1.36,5.0,1.81,3.0,2.15,4.4,1.33,5.0,4.35,5.0,3.58,4.74,1.56,1.0,0.9,2.96,0.0,2.61,1.0,5.0,4.77,0.0,1.8,2.0,2.86,2.87,2.51,1.68,3.12,1.97,3.67,2.39,2.14,3.06,2.66,3.66,5.0,4.71,5.0,4.68,5.0,5.0,5.0,5.0,0.0,0.0,2.18,1.71,3.0,0.0,0.0,0.0,2.81,3.15,1.55,0.0,0.0,0.0,0.0,0.0,0.0,0.0,0.0,0.0,1.17,0.0,0.0,0.0,0.0,3.0,0.0,0.0,0.0,0.0,0.0,0.0,3.66,0.0,0.0,0.0,4.63,0.0,0.0,0.0,0.0,0.0,0.0,0.0,0.0,0.0,0.0,3.16,0.0,0.0,0.0,0.0,0.0,0.0,0.0,0.0
40411110,0.0,0.0,1.46,0.0,0.0,0.0,3.19,0.0,0.0,0.0,1.4,0.85,0.0,0.0,0.0,0.0,0.0,0.0,0.0,0.0,0.0,0.0,0.0,0.0,2.03,0.0,0.0,0.0,0.0,0.0,0.0,0.0,0.0,5.0,2.53,0.0,3.88,0.0,0.0,3.76,3.98,1.0,0.0,3.0,1.29,2.0,0.0,2.0,0.0,3.0,2.38,1.27,0.0,1.0,2.61,2.15,0.0,2.13,0.0,2.4,0.0,3.67,0.0,1.0,3.24,1.0,2.82,1.85,2.66,1.0,3.62,2.17,0.0,1.99,3.0,3.13,2.85,2.5,2.0,3.33,2.14,3.77,2.98,2.31,3.34,2.63,3.01,0.0,0.0,2.72,0.0,0.0,0.0,3.32,0.0,0.0,0.0,2.87,2.48,4.04,0.0,0.0,0.0,3.81,3.15,2.01,0.0,0.0,0.0,0.0,0.0,0.0,0.0,0.0,0.0,2.17,0.0,0.0,0.0,0.0,3.66,0.0,0.0,0.0,0.0,0.0,0.0,3.14,0.0,0.0,0.0,0.0,0.0,0.0,0.0,0.0,0.0,0.0,0.0,0.0,0.0,0.0,0.0,0.0,0.0,0.0,1.45,0.0,0.0,0.0,0.0
40411111,0.0,0.0,0.0,0.0,0.0,0.0,0.0,0.0,0.0,0.0,1.07,0.0,0.0,0.0,0.0,0.0,0.0,0.0,0.0,0.0,0.0,0.0,0.0,0.0,2.03,0.0,0.0,0.0,0.0,0.0,0.0,0.0,0.0,5.0,2.53,0.0,4.65,0.0,4.43,3.59,4.6,3.0,0.0,3.0,1.57,3.0,0.0,1.0,0.0,1.0,2.38,1.08,0.0,1.0,2.14,2.45,0.0,1.86,0.0,2.4,0.0,3.62,0.0,1.0,3.21,1.0,2.8,1.7,2.43,1.0,3.62,2.17,0.0,2.11,1.0,3.46,2.71,2.58,1.0,2.59,1.79,3.81,2.95,2.42,3.42,2.32,2.84,0.0,0.0,2.72,0.0,0.0,0.0,3.32,0.0,0.0,0.0,2.26,2.56,2.95,0.0,0.0,0.0,1.81,5.0,2.15,0.0,0.0,0.0,0.0,0.0,0.0,0.0,0.0,0.0,0.65,0.0,0.0,0.0,0.0,3.1,0.0,0.0,0.0,0.0,0.0,0.0,4.62,0.0,0.0,0.0,0.0,3.08,0.0,0.0,0.0,0.0,0.0,0.0,0.0,0.0,0.0,0.0,0.0,0.0,0.0,1.7,0.0,0.0,0.0,0.0
40411113,0.0,0.0,5.0,0.0,0.0,0.0,5.0,0.0,0.0,0.0,4.36,3.09,0.0,0.0,0.0,0.0,4.24,0.0,0.0,0.0,0.0,0.0,0.0,0.0,4.8,0.0,0.0,0.0,0.0,0.0,0.0,0.0,0.0,5.0,5.0,0.0,5.0,0.0,5.0,5.0,5.0,5.0,4.09,4.0,4.78,5.0,0.0,4.0,0.0,5.0,5.0,3.56,0.0,5.0,5.0,5.0,0.0,5.0,0.0,4.81,0.0,5.0,0.0,5.0,5.0,4.0,5.0,5.0,5.0,5.0,5.0,5.0,0.0,4.45,5.0,5.0,5.0,5.0,5.0,5.0,4.65,5.0,5.0,4.85,5.0,5.0,5.0,0.0,0.0,5.0,0.0,0.0,0.0,5.0,0.0,0.0,0.0,5.0,5.0,5.0,0.0,0.0,0.0,5.0,5.0,4.82,0.0,0.0,0.0,0.0,5.0,0.0,0.0,0.0,0.0,4.17,0.0,0.0,0.0,0.0,5.0,0.0,0.0,0.0,0.0,0.0,0.0,5.0,0.0,0.0,0.0,4.43,5.0,0.0,0.0,0.0,0.0,0.0,0.0,0.0,0.0,0.0,0.0,0.0,0.0,0.0,4.69,0.0,0.0,0.0,0.0
40411114,0.0,0.0,2.46,0.0,0.0,0.0,2.39,0.0,0.0,0.0,0.85,0.09,0.0,0.0,0.0,0.0,1.24,0.0,0.0,0.0,0.0,0.0,0.0,0.0,1.57,0.0,0.0,0.0,0.0,0.0,0.0,0.0,0.0,2.0,0.0,0.0,2.91,0.0,0.0,2.02,2.8,3.0,1.09,1.0,1.99,3.0,0.0,1.0,0.0,1.0,0.0,0.29,0.0,2.0,1.3,1.57,0.0,1.14,0.0,1.23,0.0,2.29,0.0,1.0,1.45,1.0,2.13,2.26,1.34,3.0,2.03,0.0,0.0,1.05,1.0,1.96,1.57,1.62,1.17,1.71,0.89,2.75,1.93,1.4,2.27,1.56,1.94,0.0,0.0,0.0,0.0,0.0,0.0,0.0,0.0,0.0,0.0,1.82,2.16,1.64,0.0,0.0,0.0,1.81,0.0,1.03,0.0,0.0,0.0,0.0,2.57,0.0,0.0,0.0,0.0,0.67,0.0,0.0,0.0,0.0,2.57,0.0,0.0,0.0,0.0,0.0,0.0,2.43,0.0,0.0,0.0,1.43,0.0,0.0,0.0,0.0,0.0,0.0,0.0,0.0,0.0,0.0,0.0,0.0,0.0,0.0,1.68,0.0,0.0,0.0,0.0
40411115,0.0,0.0,3.46,0.0,0.0,0.0,2.93,0.0,0.0,0.0,1.62,0.7,0.0,0.0,0.0,0.0,2.24,0.0,0.0,0.0,0.0,0.0,0.0,0.0,2.8,0.0,0.0,0.0,0.0,0.0,0.0,0.0,0.0,4.0,2.53,0.0,3.99,0.0,0.0,3.29,3.78,1.0,2.09,2.0,2.78,1.0,0.0,1.0,0.0,1.0,2.38,1.54,0.0,3.0,1.64,2.34,0.0,1.91,0.0,2.35,0.0,3.48,0.0,1.0,3.25,2.0,3.17,2.58,2.41,2.0,3.16,2.17,0.0,2.1,2.0,2.91,2.53,2.59,2.18,3.11,2.08,3.74,2.69,2.48,3.24,2.61,3.57,0.0,0.0,2.72,0.0,0.0,0.0,3.32,0.0,0.0,0.0,2.97,2.92,3.19,0.0,0.0,0.0,0.0,3.15,1.74,0.0,0.0,0.0,0.0,3.57,0.0,0.0,0.0,0.0,0.69,0.0,0.0,0.0,0.0,3.83,0.0,0.0,0.0,0.0,0.0,0.0,3.33,0.0,0.0,0.0,2.43,0.0,0.0,0.0,0.0,0.0,0.0,0.0,0.0,0.0,0.0,0.0,0.0,0.0,0.0,2.69,0.0,0.0,0.0,0.0
40411117,0.0,0.0,1.46,0.0,0.0,0.0,0.0,0.0,0.0,0.0,0.63,0.0,0.0,0.0,0.0,0.0,0.0,0.0,0.0,0.0,0.0,0.0,0.0,0.0,0.0,0.0,0.0,0.0,0.0,0.0,0.0,0.0,0.0,4.0,2.53,0.0,3.12,0.0,0.0,1.76,2.93,2.0,0.0,1.0,0.99,1.0,0.0,2.0,0.0,1.0,2.38,0.0,0.0,1.0,2.64,1.68,0.0,1.86,0.0,1.71,0.0,2.0,0.0,1.0,1.51,1.0,2.08,1.69,1.83,1.0,2.4,2.17,0.0,0.96,1.35,2.0,2.29,1.8,1.23,1.86,1.23,3.04,2.39,1.29,2.31,1.7,1.43,0.0,0.0,2.72,0.0,0.0,0.0,3.32,0.0,0.0,0.0,1.66,1.98,1.74,0.0,0.0,0.0,1.81,4.15,1.62,0.0,0.0,0.0,0.0,0.0,0.0,0.0,0.0,0.0,0.65,0.0,0.0,0.0,0.0,2.48,0.0,0.0,0.0,0.0,0.0,0.0,2.62,0.0,0.0,0.0,0.0,0.0,0.0,0.0,0.0,0.0,0.0,0.0,0.0,0.0,0.0,0.0,0.0,0.0,0.0,1.12,0.0,0.0,0.0,0.0
40411118,0.0,0.0,0.0,0.0,0.0,0.0,2.57,0.0,0.0,0.0,0.66,0.24,0.0,0.0,0.0,0.0,1.24,0.0,0.0,0.0,0.0,0.0,0.0,0.0,1.57,0.0,0.0,0.0,0.0,0.0,0.0,0.0,0.0,1.0,0.0,0.0,2.73,0.0,2.43,1.85,2.59,1.0,1.09,1.0,0.0,1.0,0.0,1.0,0.0,1.0,0.0,0.0,0.0,1.01,0.0,1.4,0.0,1.56,0.0,1.12,0.0,2.15,0.0,0.31,1.49,0.44,1.73,0.0,1.11,1.0,0.0,0.0,0.0,0.82,1.1,1.71,0.0,1.38,1.07,1.66,0.82,2.63,1.96,1.14,2.06,1.15,1.28,0.0,0.0,0.0,0.0,0.0,0.0,0.0,0.0,0.0,0.0,1.88,2.1,1.74,0.0,0.0,0.0,1.81,0.0,1.03,0.0,0.0,0.0,0.0,2.57,0.0,0.0,0.0,0.0,0.65,0.0,0.0,0.0,0.0,2.6,0.0,0.0,0.0,0.0,0.0,0.0,2.07,0.0,0.0,0.0,1.43,1.08,0.0,0.0,0.0,0.0,0.0,0.0,0.0,0.0,0.0,0.0,0.0,0.0,0.0,1.24,0.0,0.0,0.0,0.0
40411119,0.0,0.0,0.0,0.0,0.0,0.0,0.0,0.0,0.0,0.0,0.0,0.0,0.0,0.0,0.0,0.0,0.0,0.0,0.0,0.0,0.0,0.0,0.0,0.0,0.0,0.0,0.0,0.0,0.0,0.0,0.0,0.0,0.0,1.0,0.0,0.0,1.96,0.0,0.0,1.26,1.97,1.0,0.0,0.0,0.0,1.0,0.0,0.0,0.0,0.66,0.0,0.0,0.0,0.34,0.0,0.62,0.0,0.0,0.0,0.35,0.0,1.54,0.0,0.0,0.71,0.0,1.14,0.0,0.77,0.19,1.03,0.0,0.0,0.23,0.49,1.16,0.92,0.8,0.4,1.01,0.2,1.97,0.0,0.56,1.51,0.8,0.93,0.0,0.0,0.0,0.0,0.0,0.0,0.0,0.0,0.0,0.0,0.0,0.0,0.93,0.0,0.0,0.0,0.0,0.0,0.0,0.0,0.0,0.0,0.0,0.0,0.0,0.0,0.0,0.0,0.0,0.0,0.0,0.0,0.0,0.0,0.0,0.0,0.0,0.0,0.0,0.0,1.3,0.0,0.0,0.0,0.0,0.0,0.0,0.0,0.0,0.0,0.0,0.0,0.0,0.0,0.0,0.0,0.0,0.0,0.0,0.0,0.0,0.0,0.0,0.0
40411120,0.0,0.0,4.46,0.0,0.0,0.0,4.32,0.0,0.0,0.0,3.58,1.87,0.0,0.0,0.0,0.0,2.24,0.0,0.0,0.0,0.0,0.0,0.0,0.0,3.3,0.0,0.0,0.0,0.0,0.0,0.0,0.0,0.0,4.0,0.0,0.0,4.63,0.0,4.43,4.1,4.57,1.0,2.09,2.0,3.78,3.0,0.0,4.0,0.0,4.0,0.0,2.54,0.0,4.0,4.61,4.06,0.0,4.33,0.0,3.03,0.0,4.47,0.0,4.0,4.19,3.0,4.12,4.44,4.01,4.0,4.03,0.0,0.0,3.03,5.0,3.91,4.55,3.62,5.0,4.43,3.16,5.0,3.48,3.42,4.28,4.11,4.24,0.0,0.0,0.0,0.0,0.0,0.0,0.0,0.0,0.0,0.0,4.31,4.37,4.8,0.0,0.0,0.0,4.81,3.15,2.4,0.0,0.0,0.0,0.0,3.57,0.0,0.0,0.0,0.0,3.67,0.0,0.0,0.0,0.0,5.0,0.0,0.0,0.0,0.0,0.0,0.0,3.57,0.0,0.0,0.0,2.43,3.08,0.0,0.0,0.0,0.0,0.0,0.0,0.0,0.0,0.0,0.0,0.0,0.0,0.0,3.39,0.0,0.0,0.0,0.0
40411121,0.0,0.0,0.0,0.0,0.0,0.0,0.0,0.0,0.0,0.0,0.78,0.0,0.0,0.0,0.0,0.0,0.0,0.0,0.0,0.0,0.0,0.0,0.0,0.0,0.0,0.0,0.0,0.0,0.0,0.0,0.0,0.0,0.0,1.0,0.0,0.0,2.33,0.0,2.43,1.46,2.31,1.0,0.0,1.05,0.0,1.0,0.0,1.4,0.0,0.66,0.0,0.0,0.0,0.9,1.64,1.08,0.0,0.0,0.0,0.35,0.0,1.54,0.0,0.26,1.0,0.62,1.56,0.0,0.77,0.81,1.03,0.0,0.0,0.74,0.78,1.5,0.92,1.27,0.84,1.01,0.59,2.49,2.19,1.12,1.89,0.8,0.93,0.0,0.0,0.0,0.0,0.0,0.0,0.0,0.0,0.0,0.0,0.0,0.0,0.93,0.0,0.0,0.0,0.0,3.15,1.32,0.0,0.0,0.0,0.0,0.0,0.0,0.0,0.0,0.0,0.0,0.0,0.0,0.0,0.0,0.0,0.0,0.0,0.0,0.0,0.0,0.0,1.74,0.0,0.0,0.0,0.0,1.08,0.0,0.0,0.0,0.0,0.0,0.0,0.0,0.0,0.0,0.0,0.0,0.0,0.0,0.0,0.0,0.0,0.0,0.0
40411122,0.0,0.0,0.0,0.0,0.0,0.0,2.39,0.0,0.0,0.0,0.58,0.09,0.0,0.0,0.0,0.0,1.24,0.0,0.0,0.0,0.0,0.0,0.0,0.0,1.57,0.0,0.0,0.0,0.0,0.0,0.0,0.0,0.0,3.0,0.0,0.0,2.67,0.0,2.43,1.82,2.58,1.0,1.09,1.0,0.0,1.0,0.0,1.0,0.0,1.0,0.0,0.0,0.0,1.13,2.08,1.16,0.0,1.33,0.0,1.12,0.0,2.08,0.0,0.41,1.93,0.63,1.8,0.0,1.14,1.0,0.0,0.0,0.0,0.82,2.0,1.72,1.31,1.39,1.14,1.86,0.87,2.74,2.0,1.15,2.06,1.16,1.28,0.0,0.0,0.0,0.0,0.0,0.0,0.0,0.0,0.0,0.0,1.82,1.87,2.08,0.0,0.0,0.0,1.81,3.15,1.13,0.0,0.0,0.0,0.0,2.57,0.0,0.0,0.0,0.0,0.67,0.0,0.0,0.0,0.0,2.57,0.0,0.0,0.0,0.0,0.0,0.0,2.11,0.0,0.0,0.0,1.43,1.08,0.0,0.0,0.0,0.0,0.0,0.0,0.0,0.0,0.0,0.0,0.0,0.0,0.0,1.24,0.0,0.0,0.0,0.0
40411124,0.0,0.0,0.0,0.0,0.0,0.0,2.57,0.0,0.0,0.0,0.8,0.24,0.0,0.0,0.0,0.0,1.24,0.0,0.0,0.0,0.0,0.0,0.0,0.0,2.3,0.0,0.0,0.0,0.0,0.0,0.0,0.0,0.0,5.0,2.53,0.0,4.07,0.0,2.43,3.46,4.21,1.0,1.09,1.0,2.57,1.0,0.0,1.0,0.0,1.0,2.38,1.78,0.0,1.0,4.3,2.5,0.0,1.86,0.0,2.36,0.0,3.81,0.0,1.0,3.48,2.0,3.08,2.33,2.98,1.0,3.62,2.17,0.0,1.93,4.0,3.54,3.55,2.61,2.16,3.2,2.08,3.94,2.13,2.31,3.62,2.99,4.07,0.0,0.0,2.72,0.0,0.0,0.0,3.32,0.0,0.0,0.0,3.06,2.84,3.5,0.0,0.0,0.0,0.0,0.0,1.24,0.0,0.0,0.0,0.0,2.57,0.0,0.0,0.0,0.0,0.0,0.0,0.0,0.0,0.0,4.15,0.0,0.0,0.0,0.0,0.0,0.0,3.74,0.0,0.0,0.0,1.43,1.08,0.0,0.0,0.0,0.0,0.0,0.0,0.0,0.0,0.0,0.0,0.0,0.0,0.0,2.07,0.0,0.0,0.0,0.0
40411125,0.0,0.0,0.0,0.0,0.0,0.0,2.39,0.0,0.0,0.0,1.03,0.09,0.0,0.0,0.0,0.0,1.24,0.0,0.0,0.0,0.0,0.0,0.0,0.0,1.57,0.0,0.0,0.0,0.0,0.0,0.0,0.0,0.0,5.0,0.0,0.0,3.66,0.0,2.43,3.1,3.57,1.0,1.09,1.0,0.0,1.0,0.0,1.0,0.0,1.0,0.0,1.26,0.0,2.22,4.08,1.92,0.0,1.79,0.0,2.74,0.0,3.26,0.0,1.41,4.12,1.72,3.03,0.0,2.83,2.0,5.0,0.0,0.0,1.49,5.0,2.71,2.87,2.25,2.18,3.84,2.12,3.86,2.12,1.85,2.88,3.07,4.93,0.0,0.0,0.0,0.0,0.0,0.0,0.0,0.0,0.0,0.0,1.9,1.87,4.26,0.0,0.0,0.0,0.0,3.15,1.28,0.0,0.0,0.0,0.0,2.57,0.0,0.0,0.0,0.0,0.69,0.0,0.0,0.0,0.0,2.63,0.0,0.0,0.0,0.0,0.0,0.0,3.17,0.0,0.0,0.0,1.43,1.08,0.0,0.0,0.0,0.0,0.0,0.0,0.0,0.0,0.0,0.0,0.0,0.0,0.0,1.24,0.0,0.0,0.0,0.0
40411126,0.0,0.0,3.46,0.0,0.0,0.0,2.93,0.0,0.0,0.0,1.75,0.7,0.0,0.0,0.0,0.0,2.24,0.0,0.0,0.0,0.0,0.0,0.0,0.0,3.3,0.0,0.0,0.0,0.0,0.0,0.0,0.0,0.0,5.0,2.53,0.0,3.96,0.0,3.43,2.83,3.42,1.0,2.09,2.0,3.29,2.0,0.0,1.0,0.0,4.0,2.38,1.64,0.0,3.0,2.81,2.49,0.0,1.63,0.0,2.37,0.0,3.42,0.0,1.0,3.43,3.0,3.26,2.97,2.37,3.0,2.4,2.17,0.0,2.03,4.0,2.56,2.66,2.59,3.0,3.21,2.22,3.8,2.71,2.43,3.12,2.58,3.87,0.0,0.0,2.72,0.0,0.0,0.0,3.32,0.0,0.0,0.0,3.47,3.15,0.0,0.0,0.0,0.0,0.0,3.15,1.74,0.0,0.0,0.0,0.0,3.57,0.0,0.0,0.0,0.0,0.69,0.0,0.0,0.0,0.0,4.45,0.0,0.0,0.0,0.0,0.0,0.0,3.03,0.0,0.0,0.0,2.43,2.08,0.0,0.0,0.0,0.0,0.0,0.0,0.0,0.0,0.0,0.0,0.0,0.0,0.0,3.09,0.0,0.0,0.0,0.0
40411127,0.0,0.0,0.0,0.0,0.0,0.0,4.19,0.0,1.73,0.0,2.21,1.85,0.0,0.0,0.0,0.0,0.0,0.0,0.0,0.0,0.0,0.0,0.0,0.0,0.0,0.0,0.0,0.0,0.0,2.93,0.0,2.23,0.0,5.0,2.34,2.33,5.0,0.0,3.43,3.74,5.0,1.0,1.0,2.0,1.01,2.0,1.14,3.0,0.54,4.0,2.08,2.73,1.92,3.0,2.39,2.7,1.11,2.62,1.73,2.75,2.51,4.8,1.45,1.0,3.25,2.0,3.77,2.07,3.21,2.0,3.32,1.77,1.32,3.23,5.0,4.4,3.25,3.32,2.0,3.55,2.71,4.25,4.37,3.52,4.69,3.33,3.41,1.98,1.41,2.45,1.39,2.28,2.03,2.63,2.22,1.0,1.71,3.75,3.71,3.57,0.0,0.0,0.0,4.81,0.0,3.81,0.0,0.0,0.0,0.0,0.0,0.0,0.0,0.0,0.0,3.17,0.0,0.0,0.0,0.0,5.0,0.0,0.0,1.98,0.0,0.0,0.0,5.0,0.0,0.0,0.0,0.0,2.08,0.0,0.0,0.0,0.0,0.0,0.0,0.0,0.0,0.0,0.0,0.0,0.0,0.0,0.0,0.0,0.0,0.0,1.98
40411128,0.0,0.0,3.46,0.0,0.0,0.0,4.19,0.0,0.0,0.0,2.38,1.85,0.0,0.0,0.0,0.0,0.0,0.0,0.0,0.0,0.0,0.0,0.0,0.0,3.03,0.0,0.0,0.0,0.0,0.0,0.0,0.0,0.0,3.0,5.0,0.0,4.03,0.0,0.0,3.81,4.19,1.0,0.0,1.0,2.78,3.0,0.0,3.0,0.0,4.0,5.0,1.99,0.0,3.0,3.01,3.33,0.0,3.65,0.0,3.43,0.0,3.99,0.0,4.0,3.27,2.0,3.59,3.46,3.87,2.0,4.3,5.0,0.0,2.71,4.0,3.51,3.35,3.63,2.0,3.67,2.52,4.61,3.57,3.06,3.89,3.93,3.48,0.0,0.0,5.0,0.0,0.0,0.0,5.0,0.0,0.0,0.0,3.87,3.74,3.41,0.0,0.0,0.0,4.81,3.15,2.47,0.0,0.0,0.0,0.0,0.0,0.0,0.0,0.0,0.0,3.17,0.0,0.0,0.0,0.0,4.66,0.0,0.0,0.0,0.0,0.0,0.0,3.09,0.0,0.0,0.0,0.0,0.0,0.0,0.0,0.0,0.0,0.0,0.0,0.0,0.0,0.0,0.0,0.0,0.0,0.0,2.88,0.0,0.0,0.0,0.0
40411129,0.0,0.0,0.0,0.0,0.0,0.0,2.39,0.0,0.0,0.0,0.39,0.09,0.0,0.0,0.0,0.0,1.24,0.0,0.0,0.0,0.0,0.0,0.0,0.0,1.57,0.0,0.0,0.0,0.0,0.0,0.0,0.0,0.0,2.0,0.0,0.0,2.76,0.0,0.0,2.04,2.74,1.0,1.09,1.0,0.0,1.0,0.0,1.0,0.0,2.0,0.0,0.16,0.0,1.48,2.75,1.2,0.0,1.14,0.0,1.23,0.0,2.27,0.0,0.79,2.5,1.12,2.02,0.0,1.44,1.0,2.03,0.0,0.0,0.97,3.0,1.9,1.57,1.57,1.45,2.35,1.07,3.06,2.12,1.32,2.23,1.51,1.93,0.0,0.0,0.0,0.0,0.0,0.0,0.0,0.0,0.0,0.0,1.9,1.87,2.84,0.0,0.0,0.0,0.0,3.15,1.28,0.0,0.0,0.0,0.0,2.57,0.0,0.0,0.0,0.0,0.69,0.0,0.0,0.0,0.0,2.63,0.0,0.0,0.0,0.0,0.0,0.0,2.18,0.0,0.0,0.0,1.43,0.0,0.0,0.0,0.0,0.0,0.0,0.0,0.0,0.0,0.0,0.0,0.0,0.0,0.0,1.24,0.0,0.0,0.0,0.0
40411130,0.0,0.0,0.0,0.0,0.0,0.0,3.57,0.0,3.26,0.0,0.8,1.24,1.0,0.0,0.0,0.0,2.24,0.0,0.0,3.01,0.0,0.0,0.0,0.0,2.57,0.0,0.0,0.0,0.0,4.46,0.0,3.76,0.0,4.0,3.37,3.37,3.31,0.0,2.43,2.77,3.4,1.0,1.92,2.0,1.63,1.0,2.12,1.0,1.45,2.0,2.31,1.19,3.45,1.91,3.0,2.22,2.18,1.56,2.85,2.12,4.04,3.31,2.98,1.3,2.0,1.38,2.79,2.35,0.0,1.0,5.0,2.09,2.85,1.56,4.0,2.56,2.21,2.08,2.23,2.71,1.33,3.69,2.73,1.77,2.94,0.0,0.0,2.73,2.53,3.56,2.36,3.35,3.56,4.16,3.75,2.53,3.24,3.09,3.07,3.0,0.0,0.0,0.0,0.0,3.15,1.74,0.0,0.0,0.0,0.0,3.57,0.0,0.0,0.0,0.0,0.0,0.0,0.0,0.0,0.0,3.91,0.0,0.0,3.51,0.0,0.0,0.0,2.58,0.0,0.0,0.0,2.43,1.08,0.0,0.0,0.0,3.68,0.0,0.0,0.0,0.0,0.0,0.95,0.0,0.0,0.0,2.24,0.0,0.0,0.0,3.51
40411131,0.0,0.0,0.0,0.0,0.0,0.0,2.57,0.0,0.0,0.0,0.8,0.24,0.0,0.0,0.0,0.0,1.24,0.0,0.0,0.0,0.0,0.0,0.0,0.0,1.57,0.0,0.0,0.0,0.0,0.0,0.0,0.0,0.0,1.0,0.0,0.0,2.42,0.0,2.43,1.69,2.39,1.0,1.09,1.0,0.0,1.0,0.0,1.0,0.0,1.0,0.0,0.0,0.0,0.96,0.0,1.08,0.0,1.56,0.0,0.73,0.0,1.95,0.0,0.3,1.04,0.56,1.62,0.0,0.77,1.0,1.03,0.0,0.0,0.81,0.94,1.55,0.92,1.3,1.06,1.48,0.71,2.51,2.13,1.13,1.96,0.8,0.93,0.0,0.0,0.0,0.0,0.0,0.0,0.0,0.0,0.0,0.0,2.09,2.1,1.43,0.0,0.0,0.0,0.0,0.0,1.24,0.0,0.0,0.0,0.0,2.57,0.0,0.0,0.0,0.0,0.0,0.0,0.0,0.0,0.0,2.91,0.0,0.0,0.0,0.0,0.0,0.0,1.67,0.0,0.0,0.0,1.43,1.08,0.0,0.0,0.0,0.0,0.0,0.0,0.0,0.0,0.0,0.0,0.0,0.0,0.0,1.24,0.0,0.0,0.0,0.0
40411132,0.0,0.0,0.0,0.0,0.0,0.0,0.0,0.0,0.0,0.0,0.78,0.0,0.0,0.0,0.0,0.0,0.0,0.0,0.0,0.0,0.0,0.0,0.0,0.0,0.0,0.0,0.0,0.0,0.0,0.0,0.0,0.0,0.0,2.0,0.0,0.0,2.87,0.0,2.43,2.2,2.91,1.0,0.0,1.05,0.0,1.0,0.0,1.4,0.0,1.66,0.0,0.42,0.0,1.22,1.64,1.49,0.0,0.0,0.0,1.35,0.0,2.54,0.0,0.49,1.63,0.62,2.07,0.0,1.77,1.05,2.03,0.0,0.0,1.11,1.41,2.1,1.92,1.7,1.29,2.01,1.13,2.84,2.19,1.43,2.44,1.8,1.93,0.0,0.0,0.0,0.0,0.0,0.0,0.0,0.0,0.0,0.0,0.0,0.0,1.93,0.0,0.0,0.0,0.0,3.15,1.32,0.0,0.0,0.0,0.0,0.0,0.0,0.0,0.0,0.0,0.0,0.0,0.0,0.0,0.0,0.0,0.0,0.0,0.0,0.0,0.0,0.0,2.22,0.0,0.0,0.0,0.0,1.08,0.0,0.0,0.0,0.0,0.0,0.0,0.0,0.0,0.0,0.0,0.0,0.0,0.0,0.0,0.0,0.0,0.0,0.0
40411133,0.0,0.0,2.46,0.0,0.0,0.0,4.32,0.0,0.0,0.0,1.78,1.87,0.0,0.0,0.0,0.0,2.24,0.0,0.0,0.0,0.0,0.0,0.0,0.0,2.8,0.0,0.0,0.0,0.0,0.0,0.0,0.0,0.0,4.0,3.53,0.0,4.34,0.0,4.43,3.0,4.14,4.0,2.09,2.0,2.29,3.0,0.0,4.0,0.0,1.0,3.38,1.16,0.0,2.0,3.21,3.03,0.0,3.02,0.0,2.51,0.0,3.53,0.0,2.0,3.08,2.0,2.95,2.61,2.98,1.0,3.4,3.17,0.0,2.17,3.0,3.25,3.36,2.89,2.0,2.66,1.99,4.18,3.36,2.49,3.54,2.72,2.35,0.0,0.0,3.72,0.0,0.0,0.0,4.32,0.0,0.0,0.0,3.31,3.73,2.56,0.0,0.0,0.0,1.81,5.0,2.55,0.0,0.0,0.0,0.0,3.57,0.0,0.0,0.0,0.0,2.17,0.0,0.0,0.0,0.0,4.17,0.0,0.0,0.0,0.0,0.0,0.0,3.81,0.0,0.0,0.0,2.43,3.08,0.0,0.0,0.0,0.0,0.0,0.0,0.0,0.0,0.0,0.0,0.0,0.0,0.0,2.39,0.0,0.0,0.0,0.0
40411134,0.0,0.0,0.0,0.0,0.0,0.0,0.0,0.0,0.0,0.0,1.09,0.0,0.0,0.0,0.0,0.0,0.0,0.0,0.0,0.0,0.0,0.0,0.0,0.0,0.0,0.0,0.0,0.0,0.0,0.0,0.0,0.0,0.0,2.0,0.0,0.0,2.77,0.0,2.43,2.45,3.06,1.0,0.0,1.0,0.0,1.0,0.0,1.0,0.0,2.0,0.0,0.76,0.0,1.35,1.64,1.4,0.0,0.0,0.0,0.0,0.0,2.89,0.0,0.64,1.49,0.88,2.27,0.0,2.11,1.0,0.0,0.0,0.0,1.34,2.0,2.31,0.0,1.9,1.53,2.36,1.32,2.94,2.44,1.66,2.68,2.15,2.28,0.0,0.0,0.0,0.0,0.0,0.0,0.0,0.0,0.0,0.0,2.66,0.0,0.0,0.0,0.0,0.0,2.81,3.15,1.55,0.0,0.0,0.0,0.0,0.0,0.0,0.0,0.0,0.0,1.65,0.0,0.0,0.0,0.0,3.48,0.0,0.0,0.0,0.0,0.0,0.0,2.15,0.0,0.0,0.0,0.0,1.08,0.0,0.0,0.0,0.0,0.0,0.0,0.0,0.0,0.0,0.0,0.0,0.0,0.0,0.0,0.0,0.0,0.0,0.0
40411137,0.0,0.0,0.0,0.0,0.0,0.0,0.0,0.0,0.0,0.0,0.0,0.0,0.0,0.0,0.0,0.0,0.0,0.0,0.0,0.0,0.0,0.0,0.0,0.0,0.0,0.0,0.0,0.0,0.0,0.0,0.0,0.0,0.0,2.0,0.0,0.0,2.96,0.0,0.0,2.26,2.97,1.0,0.0,0.0,0.0,1.0,0.0,0.0,0.0,1.66,0.0,0.42,0.0,1.34,0.0,1.62,0.0,0.0,0.0,1.35,0.0,2.54,0.0,0.63,1.71,0.0,2.14,0.0,1.77,1.19,2.03,0.0,0.0,1.23,1.49,2.16,1.92,1.8,1.4,2.01,1.2,2.97,0.0,1.56,2.51,1.8,1.93,0.0,0.0,0.0,0.0,0.0,0.0,0.0,0.0,0.0,0.0,0.0,0.0,1.93,0.0,0.0,0.0,0.0,0.0,0.0,0.0,0.0,0.0,0.0,0.0,0.0,0.0,0.0,0.0,0.0,0.0,0.0,0.0,0.0,0.0,0.0,0.0,0.0,0.0,0.0,0.0,2.3,0.0,0.0,0.0,0.0,0.0,0.0,0.0,0.0,0.0,0.0,0.0,0.0,0.0,0.0,0.0,0.0,0.0,0.0,0.0,0.0,0.0,0.0,0.0
40411138,0.0,0.0,0.0,0.0,0.0,0.0,2.39,0.0,0.0,0.0,0.6,0.09,0.0,0.0,0.0,0.0,1.24,0.0,0.0,0.0,0.0,0.0,0.0,0.0,1.8,0.0,0.0,0.0,0.0,0.0,0.0,0.0,0.0,3.0,2.53,0.0,3.12,0.0,0.0,2.43,3.02,1.0,1.09,1.0,1.57,2.0,0.0,1.0,0.0,1.0,2.38,0.57,0.0,1.0,1.64,1.74,0.0,1.61,0.0,1.69,0.0,2.64,0.0,1.0,2.25,1.0,2.34,1.91,2.01,1.0,2.69,2.17,0.0,1.21,2.0,2.17,2.09,1.96,1.0,2.3,1.38,3.12,2.12,1.58,2.48,2.09,2.56,0.0,0.0,2.72,0.0,0.0,0.0,3.32,0.0,0.0,0.0,2.22,2.07,2.19,0.0,0.0,0.0,0.0,3.15,1.28,0.0,0.0,0.0,0.0,2.57,0.0,0.0,0.0,0.0,0.69,0.0,0.0,0.0,0.0,3.09,0.0,0.0,0.0,0.0,0.0,0.0,2.51,0.0,0.0,0.0,1.43,0.0,0.0,0.0,0.0,0.0,0.0,0.0,0.0,0.0,0.0,0.0,0.0,0.0,0.0,1.5,0.0,0.0,0.0,0.0
40411140,0.0,0.0,0.0,0.0,0.0,0.0,2.39,0.0,0.0,0.0,1.5,0.09,0.0,0.0,0.0,0.0,1.24,0.0,0.0,0.0,0.0,0.0,0.0,0.0,1.8,0.0,0.0,0.0,0.0,0.0,0.0,0.0,0.0,3.0,0.0,0.0,2.95,0.0,3.43,2.58,2.99,1.0,1.09,1.0,1.57,2.0,0.0,1.0,0.0,3.0,0.0,0.74,0.0,2.0,2.61,1.76,0.0,1.79,0.0,1.35,0.0,2.62,0.0,1.0,2.56,1.0,2.59,2.02,2.01,2.0,0.0,0.0,0.0,1.54,3.0,2.28,1.95,2.1,2.0,2.72,1.66,3.43,2.6,1.98,2.67,2.31,2.71,0.0,0.0,0.0,0.0,0.0,0.0,0.0,0.0,0.0,0.0,2.51,2.07,3.08,0.0,0.0,0.0,3.81,3.15,1.77,0.0,0.0,0.0,0.0,2.57,0.0,0.0,0.0,0.0,1.67,0.0,0.0,0.0,0.0,3.38,0.0,0.0,0.0,0.0,0.0,0.0,2.13,0.0,0.0,0.0,1.43,2.08,0.0,0.0,0.0,0.0,0.0,0.0,0.0,0.0,0.0,0.0,0.0,0.0,0.0,1.5,0.0,0.0,0.0,0.0
40411141,0.0,0.0,1.46,0.0,0.0,0.0,2.39,0.0,0.0,0.0,0.76,0.09,0.0,0.0,0.0,0.0,1.24,0.0,0.0,0.0,0.0,0.0,0.0,0.0,1.8,0.0,0.0,0.0,0.0,0.0,0.0,0.0,0.0,3.0,2.53,0.0,3.09,0.0,0.0,2.37,2.98,4.0,1.09,1.0,1.29,1.0,0.0,1.0,0.0,1.0,2.38,0.44,0.0,1.0,1.85,1.73,0.0,1.61,0.0,1.69,0.0,2.6,0.0,1.0,1.91,1.0,2.3,1.85,2.01,1.0,2.69,2.17,0.0,1.14,1.0,2.12,2.2,1.91,2.0,2.24,1.49,3.09,2.07,1.5,2.44,2.0,2.24,0.0,0.0,2.72,0.0,0.0,0.0,3.32,0.0,0.0,0.0,2.22,2.05,1.92,0.0,0.0,0.0,0.0,0.0,1.24,0.0,0.0,0.0,0.0,2.57,0.0,0.0,0.0,0.0,0.69,0.0,0.0,0.0,0.0,3.09,0.0,0.0,0.0,0.0,0.0,0.0,2.47,0.0,0.0,0.0,1.43,0.0,0.0,0.0,0.0,0.0,0.0,0.0,0.0,0.0,0.0,0.0,0.0,0.0,0.0,1.39,0.0,0.0,0.0,0.0
40411143,0.0,0.0,0.0,0.0,0.0,0.0,2.39,0.0,0.0,0.0,0.63,0.09,0.0,0.0,0.0,0.0,1.24,0.0,0.0,0.0,0.0,0.0,0.0,0.0,1.8,0.0,0.0,0.0,0.0,0.0,0.0,0.0,0.0,3.0,0.0,0.0,3.08,0.0,2.43,2.0,3.18,3.0,1.09,1.0,1.57,1.0,0.0,1.0,0.0,1.0,0.0,0.29,0.0,1.0,2.61,1.35,0.0,1.33,0.0,1.35,0.0,2.33,0.0,1.0,2.31,1.0,2.49,1.52,1.58,1.0,0.0,0.0,0.0,1.3,3.0,2.31,1.57,1.99,1.0,2.17,1.44,3.18,2.77,1.69,2.64,1.63,2.16,0.0,0.0,0.0,0.0,0.0,0.0,0.0,0.0,0.0,0.0,2.22,2.07,2.56,0.0,0.0,0.0,0.0,5.0,2.35,0.0,0.0,0.0,0.0,2.57,0.0,0.0,0.0,0.0,0.69,0.0,0.0,0.0,0.0,3.09,0.0,0.0,0.0,0.0,0.0,0.0,3.17,0.0,0.0,0.0,1.43,1.08,0.0,0.0,0.0,0.0,0.0,0.0,0.0,0.0,0.0,0.0,0.0,0.0,0.0,1.5,0.0,0.0,0.0,0.0
40411145,0.0,0.0,1.46,0.0,0.0,0.0,2.93,0.0,0.0,0.0,0.92,0.7,0.0,0.0,0.0,0.0,2.24,0.0,0.0,0.0,0.0,0.0,0.0,0.0,2.3,0.0,0.0,0.0,0.0,0.0,0.0,0.0,0.0,4.0,0.0,0.0,3.52,0.0,2.43,2.97,3.59,2.0,2.09,2.0,1.29,1.0,0.0,1.0,0.0,2.0,0.0,0.8,0.0,1.0,0.0,1.64,0.0,1.79,0.0,2.33,0.0,3.1,0.0,1.0,2.5,1.0,2.72,1.57,2.24,2.0,4.03,0.0,0.0,1.53,1.0,2.64,2.37,2.18,1.71,3.08,2.13,3.34,2.87,1.81,2.9,2.17,2.58,0.0,0.0,0.0,0.0,0.0,0.0,0.0,0.0,0.0,0.0,2.47,2.28,3.19,0.0,0.0,0.0,0.0,0.0,2.24,0.0,0.0,0.0,0.0,3.57,0.0,0.0,0.0,0.0,0.69,0.0,0.0,0.0,0.0,3.2,0.0,0.0,0.0,0.0,0.0,0.0,3.14,0.0,0.0,0.0,2.43,1.08,0.0,0.0,0.0,0.0,0.0,0.0,0.0,0.0,0.0,0.0,0.0,0.0,0.0,1.69,0.0,0.0,0.0,0.0
40411146,0.0,0.0,2.46,0.0,0.0,0.0,3.47,0.0,0.0,0.0,1.26,1.31,0.0,0.0,0.0,0.0,3.24,0.0,0.0,0.0,0.0,0.0,0.0,0.0,3.57,0.0,0.0,0.0,0.0,0.0,0.0,0.0,0.0,4.0,2.53,0.0,4.32,0.0,4.43,3.36,3.98,5.0,3.09,3.0,1.99,3.0,0.0,1.0,0.0,2.0,2.38,1.25,0.0,2.0,2.3,2.22,0.0,1.61,0.0,2.57,0.0,3.5,0.0,1.0,2.97,2.0,2.99,2.08,2.23,1.0,3.16,2.17,0.0,2.17,2.0,2.99,2.39,2.61,1.97,2.89,2.04,3.83,3.43,2.48,3.29,2.31,2.95,0.0,0.0,2.72,0.0,0.0,0.0,3.32,0.0,0.0,0.0,2.82,2.75,2.53,0.0,0.0,0.0,2.81,0.0,2.53,0.0,0.0,0.0,0.0,4.57,0.0,0.0,0.0,0.0,1.17,0.0,0.0,0.0,0.0,3.32,0.0,0.0,0.0,0.0,0.0,0.0,3.8,0.0,0.0,0.0,3.43,3.08,0.0,0.0,0.0,0.0,0.0,0.0,0.0,0.0,0.0,0.0,0.0,0.0,0.0,2.68,0.0,0.0,0.0,0.0
40411147,0.0,0.0,3.46,0.0,0.0,0.0,4.47,0.0,0.0,0.0,2.46,2.31,0.0,0.0,0.0,0.0,4.24,0.0,0.0,0.0,0.0,0.0,0.0,0.0,4.8,0.0,0.0,0.0,0.0,0.0,0.0,0.0,0.0,5.0,0.0,0.0,5.0,0.0,4.43,4.27,4.89,5.0,4.09,4.0,3.8,3.0,0.0,2.0,0.0,4.0,0.0,2.6,0.0,3.0,3.85,3.27,0.0,2.14,0.0,4.35,0.0,4.7,0.0,4.0,4.35,4.0,4.45,3.79,3.74,2.0,0.0,0.0,0.0,3.29,4.0,3.96,3.38,3.98,3.0,4.5,3.74,5.0,4.73,3.62,4.5,3.81,4.34,0.0,0.0,0.0,0.0,0.0,0.0,0.0,0.0,0.0,0.0,4.71,4.17,4.45,0.0,0.0,0.0,4.81,0.0,4.03,0.0,0.0,0.0,0.0,5.0,0.0,0.0,0.0,0.0,2.67,0.0,0.0,0.0,0.0,5.0,0.0,0.0,0.0,0.0,0.0,0.0,4.57,0.0,0.0,0.0,4.43,3.08,0.0,0.0,0.0,0.0,0.0,0.0,0.0,0.0,0.0,0.0,0.0,0.0,0.0,4.09,0.0,0.0,0.0,0.0
40411148,0.0,0.0,0.0,0.0,0.0,0.0,5.0,0.0,0.0,0.0,4.66,4.24,0.0,0.0,0.0,0.0,5.0,0.0,0.0,0.0,0.0,0.0,0.0,0.0,5.0,0.0,0.0,0.0,0.0,0.0,0.0,0.0,0.0,5.0,0.0,0.0,5.0,0.0,5.0,5.0,5.0,5.0,5.0,5.0,0.0,5.0,0.0,5.0,0.0,5.0,0.0,3.94,0.0,5.0,5.0,5.0,0.0,5.0,0.0,5.0,0.0,5.0,0.0,4.33,5.0,4.47,5.0,0.0,5.0,5.0,0.0,0.0,0.0,4.86,5.0,5.0,0.0,5.0,5.0,5.0,4.87,5.0,5.0,5.0,5.0,5.0,5.0,0.0,0.0,0.0,0.0,0.0,0.0,0.0,0.0,0.0,0.0,5.0,5.0,5.0,0.0,0.0,0.0,5.0,5.0,5.0,0.0,0.0,0.0,0.0,5.0,0.0,0.0,0.0,0.0,4.65,0.0,0.0,0.0,0.0,5.0,0.0,0.0,0.0,0.0,0.0,0.0,5.0,0.0,0.0,0.0,5.0,5.0,0.0,0.0,0.0,0.0,0.0,0.0,0.0,0.0,0.0,0.0,0.0,0.0,0.0,5.0,0.0,0.0,0.0,0.0
40411149,0.0,0.0,0.0,0.0,0.0,0.0,3.57,0.0,0.0,0.0,1.35,1.24,0.0,0.0,0.0,0.0,2.24,0.0,0.0,0.0,0.0,0.0,0.0,0.0,2.57,0.0,0.0,0.0,0.0,0.0,0.0,0.0,0.0,5.0,0.0,0.0,4.6,0.0,0.0,2.93,4.46,5.0,2.09,2.0,0.0,4.0,0.0,1.0,0.0,2.0,0.0,0.94,0.0,2.86,4.08,0.0,0.0,0.0,0.0,2.12,0.0,3.15,0.0,2.11,3.22,2.23,3.68,0.0,2.11,1.0,0.0,0.0,0.0,2.35,3.0,3.53,0.0,3.08,2.44,2.87,2.75,4.5,3.8,2.72,3.78,2.15,2.28,0.0,0.0,0.0,0.0,0.0,0.0,0.0,0.0,0.0,0.0,2.88,3.1,3.45,0.0,0.0,0.0,2.81,5.0,3.23,0.0,0.0,0.0,0.0,3.57,0.0,0.0,0.0,0.0,1.65,0.0,0.0,0.0,0.0,3.6,0.0,0.0,0.0,0.0,0.0,0.0,4.73,0.0,0.0,0.0,2.43,0.0,0.0,0.0,0.0,0.0,0.0,0.0,0.0,0.0,0.0,0.0,0.0,0.0,0.0,2.24,0.0,0.0,0.0,0.0
40411150,0.0,0.0,0.0,0.0,0.0,0.0,2.39,0.0,0.0,0.0,0.39,0.09,0.0,0.0,0.0,0.0,1.24,0.0,0.0,0.0,0.0,0.0,0.0,0.0,1.57,0.0,0.0,0.0,0.0,0.0,0.0,0.0,0.0,5.0,0.0,0.0,3.95,0.0,0.0,3.24,3.75,2.0,1.09,1.0,0.0,1.0,0.0,1.0,0.0,3.0,0.0,1.26,0.0,1.7,1.3,2.15,0.0,1.14,0.0,2.74,0.0,3.26,0.0,0.66,2.88,0.43,3.56,0.0,2.83,2.0,5.0,0.0,0.0,1.67,1.0,2.87,2.87,2.53,1.46,3.08,2.68,3.52,2.07,2.14,3.0,3.07,4.93,0.0,0.0,0.0,0.0,0.0,0.0,0.0,0.0,0.0,0.0,1.9,1.87,2.83,0.0,0.0,0.0,0.0,0.0,1.24,0.0,0.0,0.0,0.0,2.57,0.0,0.0,0.0,0.0,0.69,0.0,0.0,0.0,0.0,2.63,0.0,0.0,0.0,0.0,0.0,0.0,3.74,0.0,0.0,0.0,1.43,0.0,0.0,0.0,0.0,0.0,0.0,0.0,0.0,0.0,0.0,0.0,0.0,0.0,0.0,1.24,0.0,0.0,0.0,0.0
40411151,0.0,0.0,0.0,0.0,0.0,0.0,5.0,0.0,0.0,0.0,4.53,3.85,0.0,0.0,0.0,0.0,0.0,0.0,0.0,0.0,0.0,0.0,0.0,0.0,0.0,0.0,0.0,0.0,0.0,0.0,0.0,0.0,0.0,5.0,0.0,0.0,5.0,0.0,5.0,5.0,5.0,3.0,0.0,3.0,0.0,5.0,0.0,5.0,0.0,3.0,0.0,3.59,0.0,4.02,3.42,5.0,0.0,5.0,0.0,4.35,0.0,5.0,0.0,3.37,4.27,2.43,4.58,0.0,4.98,4.0,5.0,0.0,0.0,4.26,3.0,5.0,5.0,4.75,4.18,4.43,3.66,5.0,4.72,4.62,5.0,4.99,4.93,0.0,0.0,0.0,0.0,0.0,0.0,0.0,0.0,0.0,0.0,5.0,5.0,4.04,0.0,0.0,0.0,0.0,5.0,3.32,0.0,0.0,0.0,0.0,0.0,0.0,0.0,0.0,0.0,4.69,0.0,0.0,0.0,0.0,5.0,0.0,0.0,0.0,0.0,0.0,0.0,4.7,0.0,0.0,0.0,0.0,5.0,0.0,0.0,0.0,0.0,0.0,0.0,0.0,0.0,0.0,0.0,0.0,0.0,0.0,0.0,0.0,0.0,0.0,0.0
40411152,0.0,0.0,3.46,0.0,0.0,0.0,3.57,0.0,0.0,0.0,1.26,1.24,0.0,0.0,0.0,0.0,2.24,0.0,0.0,0.0,0.0,0.0,0.0,0.0,2.57,0.0,0.0,0.0,0.0,0.0,0.0,0.0,0.0,2.0,3.53,0.0,3.78,0.0,0.0,2.52,3.65,3.0,2.09,2.0,2.99,3.0,0.0,1.0,0.0,1.0,3.38,0.86,0.0,3.0,2.21,2.47,0.0,2.4,0.0,2.16,0.0,2.87,0.0,2.0,1.95,1.0,2.8,2.5,2.34,1.0,2.76,3.17,0.0,1.83,2.0,2.75,2.14,2.58,1.0,2.21,1.54,3.58,2.97,2.14,3.07,2.4,2.27,0.0,0.0,3.72,0.0,0.0,0.0,4.32,0.0,0.0,0.0,2.38,3.52,2.04,0.0,0.0,0.0,1.81,5.0,2.18,0.0,0.0,0.0,0.0,3.57,0.0,0.0,0.0,0.0,0.65,0.0,0.0,0.0,0.0,2.89,0.0,0.0,0.0,0.0,0.0,0.0,3.38,0.0,0.0,0.0,2.43,0.0,0.0,0.0,0.0,0.0,0.0,0.0,0.0,0.0,0.0,0.0,0.0,0.0,0.0,2.68,0.0,0.0,0.0,0.0
40411153,0.0,0.0,0.0,0.0,0.0,0.0,0.0,0.0,0.0,0.0,0.0,0.0,0.0,0.0,0.0,0.0,0.0,0.0,0.0,0.0,0.0,0.0,0.0,0.0,0.0,0.0,0.0,0.0,0.0,0.0,0.0,0.0,0.0,4.0,0.0,0.0,5.0,0.0,0.0,4.31,5.0,4.0,0.0,4.08,0.0,1.0,0.0,0.0,0.0,3.66,0.0,2.42,0.0,3.78,4.64,3.62,0.0,0.0,0.0,3.35,0.0,4.54,0.0,3.13,3.71,3.62,4.56,0.0,3.77,3.69,4.03,0.0,0.0,3.62,3.58,4.5,3.92,4.18,3.65,4.01,3.59,5.0,5.0,3.97,4.89,3.8,3.93,0.0,0.0,0.0,0.0,0.0,0.0,0.0,0.0,0.0,0.0,0.0,0.0,3.93,0.0,0.0,0.0,0.0,5.0,4.32,0.0,0.0,0.0,0.0,0.0,0.0,0.0,0.0,0.0,0.0,0.0,0.0,0.0,0.0,0.0,0.0,0.0,0.0,0.0,0.0,0.0,4.74,0.0,0.0,0.0,0.0,0.0,0.0,0.0,0.0,0.0,0.0,0.0,0.0,0.0,0.0,0.0,0.0,0.0,0.0,0.0,0.0,0.0,0.0,0.0
40411155,0.0,0.0,0.0,0.0,0.0,0.0,3.47,0.0,0.0,0.0,1.35,1.31,0.0,0.0,0.0,0.0,3.24,0.0,0.0,0.0,0.0,0.0,0.0,0.0,3.57,0.0,0.0,0.0,0.0,0.0,0.0,0.0,0.0,5.0,0.0,0.0,4.19,0.0,4.43,3.43,3.96,4.0,3.09,3.0,0.0,3.0,0.0,1.0,0.0,3.0,0.0,1.38,0.0,2.51,4.3,1.95,0.0,1.33,0.0,3.12,0.0,3.41,0.0,1.72,3.77,2.12,3.28,0.0,2.02,1.0,0.0,0.0,0.0,2.42,4.0,2.99,1.31,2.94,2.31,3.32,2.15,4.28,3.79,2.78,3.4,2.42,3.28,0.0,0.0,0.0,0.0,0.0,0.0,0.0,0.0,0.0,0.0,3.15,2.67,3.04,0.0,0.0,0.0,3.81,0.0,3.03,0.0,0.0,0.0,0.0,4.57,0.0,0.0,0.0,0.0,1.67,0.0,0.0,0.0,0.0,3.74,0.0,0.0,0.0,0.0,0.0,0.0,4.07,0.0,0.0,0.0,3.43,3.08,0.0,0.0,0.0,0.0,0.0,0.0,0.0,0.0,0.0,0.0,0.0,0.0,0.0,3.24,0.0,0.0,0.0,0.0
40411156,0.0,0.0,0.0,0.0,0.0,0.0,4.0,0.0,0.0,0.0,1.56,1.92,0.0,0.0,0.0,0.0,4.24,0.0,0.0,0.0,0.0,0.0,0.0,0.0,4.57,0.0,0.0,0.0,0.0,0.0,0.0,0.0,0.0,5.0,0.0,0.0,5.0,0.0,4.43,4.47,5.0,5.0,4.09,4.0,0.0,3.0,0.0,1.0,0.0,4.0,0.0,2.44,0.0,3.31,4.75,2.54,0.0,1.33,0.0,4.23,0.0,4.47,0.0,2.38,4.1,2.94,4.67,0.0,3.21,1.0,5.0,0.0,0.0,3.45,4.0,4.31,2.87,4.09,2.91,4.14,3.5,5.0,5.0,3.8,4.63,3.55,4.62,0.0,0.0,0.0,0.0,0.0,0.0,0.0,0.0,0.0,0.0,3.82,3.07,3.5,0.0,0.0,0.0,4.81,5.0,4.5,0.0,0.0,0.0,0.0,5.0,0.0,0.0,0.0,0.0,2.17,0.0,0.0,0.0,0.0,4.32,0.0,0.0,0.0,0.0,0.0,0.0,5.0,0.0,0.0,0.0,4.43,3.08,0.0,0.0,0.0,0.0,0.0,0.0,0.0,0.0,0.0,0.0,0.0,0.0,0.0,4.24,0.0,0.0,0.0,0.0
40411157,0.0,0.0,0.0,0.0,0.0,0.0,4.86,0.0,0.0,0.0,3.12,2.48,0.0,0.0,0.0,0.0,3.24,0.0,0.0,0.0,0.0,0.0,0.0,0.0,3.57,0.0,0.0,0.0,0.0,0.0,0.0,0.0,0.0,3.0,0.0,0.0,4.84,0.0,5.0,3.7,4.39,3.0,3.09,3.0,0.0,5.0,0.0,4.0,0.0,2.0,0.0,1.65,0.0,3.16,0.0,4.13,0.0,4.14,0.0,2.73,0.0,4.0,0.0,2.63,3.74,1.98,3.12,0.0,3.09,5.0,3.03,0.0,0.0,2.81,4.0,3.53,3.71,3.31,3.11,3.06,2.19,4.91,3.77,3.17,3.87,2.87,2.62,0.0,0.0,0.0,0.0,0.0,0.0,0.0,0.0,0.0,0.0,3.82,4.47,2.93,0.0,0.0,0.0,2.81,0.0,2.53,0.0,0.0,0.0,0.0,4.57,0.0,0.0,0.0,0.0,2.67,0.0,0.0,0.0,0.0,4.57,0.0,0.0,0.0,0.0,0.0,0.0,3.67,0.0,0.0,0.0,3.43,5.0,0.0,0.0,0.0,0.0,0.0,0.0,0.0,0.0,0.0,0.0,0.0,0.0,0.0,3.24,0.0,0.0,0.0,0.0
40411158,0.0,0.0,0.0,0.0,0.0,0.0,2.39,0.0,0.0,0.0,1.29,0.09,0.0,0.0,0.0,0.0,1.24,0.0,0.0,0.0,0.0,0.0,0.0,0.0,1.57,0.0,0.0,0.0,0.0,0.0,0.0,0.0,0.0,2.0,0.0,0.0,3.05,0.0,0.0,2.49,3.3,3.0,1.09,1.0,0.0,2.0,0.0,1.0,0.0,3.0,0.0,0.69,0.0,1.0,2.14,1.21,0.0,1.79,0.0,1.23,0.0,2.57,0.0,2.0,1.81,1.0,2.79,1.21,1.94,2.0,2.03,0.0,0.0,1.69,1.7,2.54,1.56,2.31,1.0,2.3,1.79,3.24,3.07,2.15,2.91,2.24,2.58,0.0,0.0,0.0,0.0,0.0,0.0,0.0,0.0,0.0,0.0,2.49,1.87,2.43,0.0,0.0,0.0,3.81,5.0,2.5,0.0,0.0,0.0,0.0,2.57,0.0,0.0,0.0,0.0,1.67,0.0,0.0,0.0,0.0,3.4,0.0,0.0,0.0,0.0,0.0,0.0,2.9,0.0,0.0,0.0,1.43,0.0,0.0,0.0,0.0,0.0,0.0,0.0,0.0,0.0,0.0,0.0,0.0,0.0,0.0,1.24,0.0,0.0,0.0,0.0
40411159,0.0,0.0,3.46,0.0,0.0,0.0,4.39,0.0,0.0,0.0,2.25,2.09,0.0,0.0,0.0,0.0,3.24,0.0,0.0,0.0,0.0,0.0,0.0,0.0,3.3,0.0,0.0,0.0,0.0,0.0,0.0,0.0,0.0,4.0,3.53,0.0,4.45,0.0,3.43,3.92,4.56,2.0,3.09,3.0,2.78,2.0,0.0,3.0,0.0,1.0,3.38,2.01,0.0,3.0,3.14,3.02,0.0,2.96,0.0,2.91,0.0,4.16,0.0,2.0,3.09,2.0,3.59,3.05,3.22,2.0,3.69,3.17,0.0,2.71,3.0,3.74,3.46,3.24,3.0,3.51,2.57,4.36,3.73,2.99,4.03,3.29,3.57,0.0,0.0,3.72,0.0,0.0,0.0,4.32,0.0,0.0,0.0,3.72,3.82,3.19,0.0,0.0,0.0,0.0,4.15,2.74,0.0,0.0,0.0,0.0,4.57,0.0,0.0,0.0,0.0,2.69,0.0,0.0,0.0,0.0,4.47,0.0,0.0,0.0,0.0,0.0,0.0,3.84,0.0,0.0,0.0,3.43,2.08,0.0,0.0,0.0,0.0,0.0,0.0,0.0,0.0,0.0,0.0,0.0,0.0,0.0,2.99,0.0,0.0,0.0,0.0
40411160,0.0,0.0,0.0,0.0,0.0,0.0,0.0,0.0,4.14,0.0,0.8,0.0,2.46,0.0,0.0,0.0,0.0,0.0,0.0,3.9,0.0,0.0,0.0,0.0,0.0,0.0,0.0,0.0,4.99,5.0,0.0,4.59,0.0,3.0,4.26,3.62,3.87,0.0,2.43,3.04,4.56,3.0,1.81,3.0,0.63,1.0,2.42,1.0,1.6,2.0,2.09,1.42,4.36,1.91,4.0,2.26,2.59,1.56,3.19,2.35,4.99,3.54,3.86,1.71,1.0,0.71,3.7,2.35,2.77,1.0,4.0,2.0,3.85,2.11,1.0,3.5,1.73,2.81,2.47,1.97,2.03,3.97,3.88,2.35,3.89,2.8,2.93,3.08,3.01,4.47,2.65,3.49,4.51,5.0,4.66,3.53,4.24,0.0,3.01,2.0,0.0,0.0,0.0,0.0,5.0,3.32,0.0,0.0,0.0,0.0,0.0,0.0,0.0,0.0,0.0,0.0,0.0,0.0,0.0,0.0,0.0,0.0,0.0,4.51,0.0,0.0,0.0,3.74,0.0,0.0,0.0,3.63,1.08,0.0,0.0,0.0,4.68,0.0,0.0,0.0,0.0,0.0,1.18,0.0,0.0,0.0,0.0,0.0,0.0,0.0,4.51
40411161,0.0,0.0,5.0,0.0,0.0,0.0,5.0,0.0,0.0,0.0,4.41,3.85,0.0,0.0,0.0,0.0,0.0,0.0,0.0,0.0,0.0,0.0,0.0,0.0,4.03,0.0,0.0,0.0,0.0,0.0,0.0,0.0,0.0,5.0,5.0,0.0,5.0,0.0,0.0,5.0,5.0,4.37,0.0,3.0,4.26,4.5,0.0,5.0,0.0,4.0,5.0,3.27,0.0,5.0,5.0,4.87,0.0,5.0,0.0,4.25,0.0,5.0,0.0,4.0,4.64,3.0,5.0,4.82,4.72,5.0,5.0,5.0,0.0,4.17,5.0,5.0,5.0,4.78,5.0,5.0,4.2,5.0,4.88,4.47,5.0,4.79,4.68,0.0,0.0,5.0,0.0,0.0,0.0,5.0,0.0,0.0,0.0,4.87,5.0,5.0,0.0,0.0,0.0,4.81,0.0,3.81,0.0,0.0,0.0,0.0,0.0,0.0,0.0,0.0,0.0,4.17,0.0,0.0,0.0,0.0,5.0,0.0,0.0,0.0,0.0,0.0,0.0,5.0,0.0,0.0,0.0,0.0,0.0,0.0,0.0,0.0,0.0,0.0,0.0,0.0,0.0,0.0,0.0,0.0,0.0,0.0,4.31,0.0,0.0,0.0,0.0
40411163,0.0,0.0,0.0,0.0,0.0,0.0,0.0,0.0,0.0,0.0,0.0,0.0,0.0,0.0,0.0,0.0,0.0,0.0,0.0,0.0,0.0,0.0,0.0,0.0,4.03,0.0,0.0,0.0,0.0,0.0,0.0,0.0,0.0,0.0,4.53,0.0,5.0,0.0,0.0,0.0,0.0,3.45,0.0,3.46,3.57,3.53,0.0,3.98,0.0,3.96,4.38,2.65,0.0,3.0,0.0,3.93,0.0,4.12,0.0,3.66,0.0,4.77,0.0,3.0,3.94,3.0,4.43,3.91,4.09,3.49,4.4,4.17,0.0,3.46,3.79,0.0,4.23,4.11,4.0,4.32,3.48,5.0,0.0,3.79,4.74,4.12,4.16,0.0,0.0,4.72,0.0,0.0,0.0,5.0,0.0,0.0,0.0,4.55,4.56,0.0,0.0,0.0,0.0,0.0,0.0,0.0,0.0,0.0,0.0,0.0,0.0,0.0,0.0,0.0,0.0,0.0,0.0,0.0,0.0,0.0,5.0,0.0,0.0,0.0,0.0,0.0,0.0,4.53,0.0,0.0,0.0,0.0,0.0,0.0,0.0,0.0,0.0,0.0,0.0,0.0,0.0,0.0,0.0,0.0,0.0,0.0,3.7,0.0,0.0,0.0,0.0
40411164,0.0,0.0,2.46,0.0,0.0,0.0,0.0,0.0,0.0,0.0,1.66,0.0,0.0,0.0,0.0,0.0,0.0,0.0,0.0,0.0,0.0,0.0,0.0,0.0,2.03,0.0,0.0,0.0,0.0,0.0,0.0,0.0,0.0,2.66,2.53,0.0,3.34,0.0,0.0,2.91,3.62,1.58,0.0,1.66,1.78,1.65,0.0,2.09,0.0,2.09,2.38,0.86,0.0,2.0,0.0,2.03,0.0,2.12,0.0,1.66,0.0,2.9,0.0,1.0,1.94,1.0,2.6,2.01,2.09,1.61,2.4,2.17,0.0,1.76,1.9,2.82,2.23,2.21,1.0,2.32,1.48,3.37,0.0,2.09,3.0,2.19,2.38,0.0,0.0,2.72,0.0,0.0,0.0,3.32,0.0,0.0,0.0,2.55,2.76,0.0,0.0,0.0,0.0,0.0,0.0,0.0,0.0,0.0,0.0,0.0,0.0,0.0,0.0,0.0,0.0,0.0,0.0,0.0,0.0,0.0,3.37,0.0,0.0,0.0,0.0,0.0,0.0,2.92,0.0,0.0,0.0,0.0,0.0,0.0,0.0,0.0,0.0,0.0,0.0,0.0,0.0,0.0,0.0,0.0,0.0,0.0,1.88,0.0,0.0,0.0,0.0
40411165,0.0,0.0,1.46,0.0,0.0,0.0,0.0,0.0,0.0,0.0,0.66,0.0,0.0,0.0,0.0,0.0,0.0,0.0,0.0,0.0,0.0,0.0,0.0,0.0,2.03,0.0,0.0,0.0,0.0,0.0,0.0,0.0,0.0,1.66,0.0,0.0,2.97,0.0,0.0,1.91,2.62,1.06,0.0,1.19,1.29,1.12,0.0,1.27,0.0,1.55,0.0,0.36,0.0,1.0,0.0,1.56,0.0,0.0,0.0,1.58,0.0,2.61,0.0,1.0,1.94,1.0,2.02,1.57,2.0,1.14,0.0,0.0,0.0,1.05,1.42,1.82,2.15,1.75,1.36,2.24,1.43,2.93,0.0,1.4,2.38,1.78,1.87,0.0,0.0,0.0,0.0,0.0,0.0,0.0,0.0,0.0,0.0,2.55,2.29,0.0,0.0,0.0,0.0,0.0,0.0,0.0,0.0,0.0,0.0,0.0,0.0,0.0,0.0,0.0,0.0,0.0,0.0,0.0,0.0,0.0,3.37,0.0,0.0,0.0,0.0,0.0,0.0,2.0,0.0,0.0,0.0,0.0,0.0,0.0,0.0,0.0,0.0,0.0,0.0,0.0,0.0,0.0,0.0,0.0,0.0,0.0,1.45,0.0,0.0,0.0,0.0
40411166,0.0,0.0,0.0,0.0,0.0,0.0,0.0,0.0,0.0,0.0,1.6,0.0,0.0,0.0,0.0,0.0,0.0,0.0,0.0,0.0,0.0,0.0,0.0,0.0,2.03,0.0,0.0,0.0,0.0,0.0,0.0,0.0,0.0,0.0,0.0,0.0,3.19,0.0,0.0,0.0,0.0,1.47,0.0,1.65,1.57,1.6,0.0,2.22,0.0,2.1,0.0,0.65,0.0,1.77,2.39,2.01,0.0,0.0,0.0,1.58,0.0,2.77,0.0,3.0,1.94,1.0,2.51,2.02,2.0,1.64,0.0,0.0,0.0,1.46,1.9,0.0,2.39,2.03,2.0,2.44,1.58,3.4,0.0,1.79,2.74,2.03,2.16,0.0,0.0,0.0,0.0,0.0,0.0,0.0,0.0,0.0,0.0,2.55,2.56,0.0,0.0,0.0,0.0,0.0,0.0,0.0,0.0,0.0,0.0,0.0,0.0,0.0,0.0,0.0,0.0,0.0,0.0,0.0,0.0,0.0,3.37,0.0,0.0,0.0,0.0,0.0,0.0,2.53,0.0,0.0,0.0,0.0,0.0,0.0,0.0,0.0,0.0,0.0,0.0,0.0,0.0,0.0,0.0,0.0,0.0,0.0,1.7,0.0,0.0,0.0,0.0
40411167,0.0,0.0,0.0,0.0,0.0,0.0,0.0,0.0,0.0,0.0,0.0,0.0,0.0,0.0,0.0,0.0,0.0,0.0,0.0,0.0,0.0,0.0,0.0,0.0,0.0,0.0,0.0,0.0,0.0,0.0,0.0,0.0,0.0,0.0,3.53,0.0,0.0,0.0,0.0,0.0,0.0,2.52,0.0,0.0,0.0,2.58,0.0,2.98,0.0,3.02,3.38,0.0,0.0,1.0,0.0,2.98,0.0,3.12,0.0,2.71,0.0,0.0,0.0,2.0,0.0,2.0,3.51,2.97,3.13,2.56,3.4,3.17,0.0,0.0,2.85,0.0,3.29,3.17,2.76,3.38,2.56,4.33,0.0,0.0,0.0,3.17,0.0,0.0,0.0,3.72,0.0,0.0,0.0,4.32,0.0,0.0,0.0,0.0,0.0,0.0,0.0,0.0,0.0,0.0,0.0,0.0,0.0,0.0,0.0,0.0,0.0,0.0,0.0,0.0,0.0,0.0,0.0,0.0,0.0,0.0,0.0,0.0,0.0,0.0,0.0,0.0,0.0,0.0,0.0,0.0,0.0,0.0,0.0,0.0,0.0,0.0,0.0,0.0,0.0,0.0,0.0,0.0,0.0,0.0,0.0,0.0,0.0,0.0,0.0,0.0,0.0
40411168,0.0,0.0,0.0,0.0,0.0,0.0,0.0,0.0,1.73,0.0,0.0,0.0,0.0,0.0,0.0,0.0,0.0,0.0,0.0,0.0,0.0,0.0,0.0,0.0,2.03,0.0,0.0,0.0,0.0,2.93,0.0,2.23,0.0,0.0,2.34,2.33,3.19,0.0,0.0,1.93,0.0,1.45,1.0,1.16,1.32,1.53,1.14,1.98,0.54,1.96,2.08,0.65,1.92,1.65,0.0,1.93,1.11,2.12,1.73,1.66,2.51,2.77,1.45,1.0,1.77,1.0,2.43,1.91,2.09,1.49,2.22,1.77,1.32,1.46,1.79,0.0,2.23,2.11,1.69,2.32,1.48,3.28,0.0,1.79,2.74,2.12,1.84,1.98,1.41,2.45,1.39,2.28,2.03,2.63,2.22,1.0,1.71,2.44,2.56,0.0,0.0,0.0,0.0,0.0,0.0,0.0,0.0,0.0,0.0,0.0,0.0,0.0,0.0,0.0,0.0,0.0,0.0,0.0,0.0,0.0,3.37,0.0,0.0,1.98,0.0,0.0,0.0,2.53,0.0,0.0,0.0,0.0,0.0,0.0,0.0,0.0,0.0,0.0,0.0,0.0,0.0,0.0,0.0,0.0,0.0,0.0,1.7,0.0,0.0,0.0,1.98
40411169,0.0,0.0,0.0,0.0,0.0,0.0,0.0,0.0,0.0,0.0,0.0,0.0,0.0,0.0,0.0,0.0,0.0,0.0,0.0,0.0,0.0,0.0,0.0,0.0,3.03,0.0,0.0,0.0,0.0,0.0,0.0,0.0,0.0,0.0,2.53,0.0,4.19,0.0,0.0,0.0,0.0,1.93,0.0,2.46,2.57,1.91,0.0,1.98,0.0,2.38,2.38,1.65,0.0,2.09,0.0,2.35,0.0,2.12,0.0,2.06,0.0,3.77,0.0,1.0,2.94,2.0,2.97,2.33,2.44,1.99,2.4,2.17,0.0,2.46,2.23,0.0,2.67,2.5,2.0,2.78,2.06,3.66,0.0,2.79,3.74,2.44,3.16,0.0,0.0,2.72,0.0,0.0,0.0,3.32,0.0,0.0,0.0,3.55,3.56,0.0,0.0,0.0,0.0,0.0,0.0,0.0,0.0,0.0,0.0,0.0,0.0,0.0,0.0,0.0,0.0,0.0,0.0,0.0,0.0,0.0,4.37,0.0,0.0,0.0,0.0,0.0,0.0,3.53,0.0,0.0,0.0,0.0,0.0,0.0,0.0,0.0,0.0,0.0,0.0,0.0,0.0,0.0,0.0,0.0,0.0,0.0,2.7,0.0,0.0,0.0,0.0
40411201,0.0,0.0,0.0,0.0,0.0,0.0,0.0,0.0,3.57,0.0,0.0,0.0,1.67,0.0,0.0,0.0,0.0,0.0,0.0,3.78,0.0,0.0,0.0,0.0,0.0,0.74,0.0,0.0,4.99,4.79,0.0,3.7,0.0,4.74,3.0,4.43,0.0,0.0,4.63,2.93,4.94,0.0,2.0,1.91,3.0,4.51,2.0,0.0,3.0,0.0,4.0,0.0,3.44,0.0,3.0,4.91,3.45,0.0,3.76,0.0,3.7,0.0,2.92,2.61,5.0,4.06,0.0,4.9,0.0,4.29,4.0,4.02,2.59,0.0,4.68,0.0,5.0,0.0,0.0,5.0,0.0,0.0,0.0,0.0,0.0,0.0,2.61,4.23,4.0,3.47,3.42,4.32,3.45,4.2,3.52,2.22,3.21,3.0,5.0,5.0,0.0,0.0,0.0,0.0,0.0,0.0,0.0,0.0,0.0,0.0,0.0,0.0,0.0,0.0,0.0,0.0,0.0,0.0,0.0,0.0,0.0,0.0,0.0,2.98,0.0,0.0,0.0,0.0,0.0,0.0,0.0,2.69,0.0,0.0,0.0,0.0,3.01,0.0,0.0,0.0,0.0,0.84,2.4,0.0,0.0,0.0,0.0,0.0,0.0,0.0,2.98
40411202,0.0,0.0,2.46,0.0,0.0,0.0,0.0,0.0,2.98,0.0,0.0,0.0,1.62,0.0,0.0,0.0,0.0,0.0,0.0,2.79,0.0,0.0,0.0,0.0,0.0,2.4,0.0,0.0,4.69,4.45,0.0,4.09,0.0,3.5,4.0,3.57,0.0,0.0,3.63,2.43,4.42,1.36,1.0,0.91,2.0,2.51,4.0,0.0,2.0,0.0,3.0,0.0,3.27,2.01,2.0,2.37,2.26,0.0,2.97,0.0,3.89,0.0,2.87,2.21,3.0,1.75,2.58,2.33,0.0,2.29,4.0,2.88,2.62,0.0,2.32,0.0,3.0,0.0,1.61,3.3,1.86,3.18,3.02,2.23,0.0,0.0,2.77,3.59,4.0,3.49,2.84,3.47,3.4,3.91,3.64,2.38,2.92,2.0,3.1,3.0,0.0,0.0,0.0,0.0,0.0,0.0,0.0,0.0,0.0,0.0,0.0,0.0,0.0,0.0,0.0,0.0,0.0,0.0,0.0,0.0,0.0,0.0,0.0,3.01,0.0,0.0,0.0,0.0,0.0,0.0,0.0,3.43,0.0,0.0,0.0,0.0,3.68,0.0,0.0,0.0,0.0,2.47,1.38,0.0,0.0,0.0,0.0,0.0,0.0,0.0,2.95
40411205,0.0,0.0,1.46,0.0,0.0,0.0,0.0,0.0,2.66,0.0,0.0,0.0,1.0,0.0,0.0,0.0,0.0,0.0,0.0,2.65,0.0,0.0,0.0,0.0,0.0,0.74,0.0,0.0,4.46,4.14,0.0,3.39,0.0,3.27,4.0,3.19,0.0,0.0,3.63,1.93,3.6,2.36,1.0,0.91,1.0,0.0,2.0,0.0,1.0,0.0,3.0,0.0,2.71,1.01,3.0,2.83,2.28,0.0,2.68,0.0,3.23,0.0,2.24,2.21,2.0,0.43,2.58,2.09,0.0,1.26,4.0,2.31,1.93,0.0,2.2,0.0,1.58,0.0,2.61,0.0,0.86,4.18,2.02,1.23,0.0,0.0,1.78,3.14,3.0,2.8,2.28,2.79,2.79,3.4,2.86,1.6,2.39,2.0,3.54,2.0,0.0,0.0,0.0,0.0,0.0,0.0,0.0,0.0,0.0,0.0,0.0,0.0,0.0,0.0,0.0,0.0,0.0,0.0,0.0,0.0,0.0,0.0,0.0,2.47,0.0,0.0,0.0,0.0,0.0,0.0,0.0,2.23,0.0,0.0,0.0,0.0,3.12,0.0,0.0,0.0,0.0,0.84,1.38,0.0,0.0,0.0,0.0,0.0,0.0,0.0,2.49
40411207,0.0,0.0,0.0,0.0,0.0,0.0,0.0,0.0,3.33,0.0,0.0,0.0,0.89,0.0,0.0,0.0,0.0,0.0,0.0,2.86,0.0,0.0,0.0,0.0,0.0,0.74,0.0,0.0,0.0,4.35,0.0,3.47,0.0,1.07,4.0,3.72,0.0,0.0,3.63,3.93,4.11,0.0,3.0,2.91,4.0,0.0,2.0,0.0,2.0,0.0,3.0,0.0,3.37,0.0,3.0,0.0,2.36,0.0,3.16,0.0,3.92,0.0,2.85,1.62,1.0,0.0,0.0,0.0,0.0,0.26,1.0,2.87,2.74,0.0,0.55,0.0,0.0,0.0,0.0,0.0,0.0,0.0,0.0,0.0,0.0,0.0,3.34,3.3,2.0,3.43,2.76,3.91,3.43,4.1,3.66,2.42,3.18,4.0,0.0,1.0,0.0,0.0,0.0,0.0,0.0,0.0,0.0,0.0,0.0,0.0,0.0,0.0,0.0,0.0,0.0,0.0,0.0,0.0,0.0,0.0,0.0,0.0,0.0,3.71,0.0,0.0,0.0,0.0,0.0,0.0,0.0,2.2,0.0,0.0,0.0,0.0,3.01,0.0,0.0,0.0,0.0,0.84,0.72,0.0,0.0,0.0,0.0,0.0,0.0,0.0,3.98
40411208,0.0,0.0,3.46,0.0,0.0,0.0,0.0,0.0,3.68,0.0,0.0,0.0,1.85,0.0,0.0,0.0,0.0,0.0,0.0,3.38,0.0,0.0,0.0,0.0,0.0,1.74,0.0,0.0,4.92,4.92,0.0,4.2,0.0,3.1,3.0,3.99,0.0,0.0,0.0,3.93,4.8,2.36,3.0,2.91,3.0,1.51,3.0,0.0,3.0,0.0,3.0,0.0,3.82,3.01,3.0,2.37,2.77,0.0,3.4,0.0,4.37,0.0,3.39,2.44,2.0,1.75,3.58,2.63,0.0,2.15,4.0,3.03,3.17,0.0,2.32,0.0,2.67,0.0,2.61,2.3,2.86,4.18,4.02,3.23,0.0,0.0,3.6,3.62,3.0,3.94,3.09,3.96,3.89,4.53,4.14,2.87,3.57,4.0,3.06,3.0,0.0,0.0,0.0,0.0,0.0,0.0,0.0,0.0,0.0,0.0,0.0,0.0,0.0,0.0,0.0,0.0,0.0,0.0,0.0,0.0,0.0,0.0,0.0,3.82,0.0,0.0,0.0,0.0,0.0,0.0,0.0,3.34,0.0,0.0,0.0,0.0,3.87,0.0,0.0,0.0,0.0,1.84,1.32,0.0,0.0,0.0,0.0,0.0,0.0,0.0,3.82
40411209,0.0,0.0,1.46,0.0,0.0,0.0,0.0,0.0,1.76,0.0,0.0,0.0,0.67,0.0,0.0,0.0,0.0,0.0,0.0,1.86,0.0,0.0,0.0,0.0,0.0,0.0,0.0,0.0,2.69,3.01,0.0,2.81,0.0,3.21,1.0,2.88,0.0,0.0,0.0,1.93,2.5,1.36,1.0,0.91,1.0,2.51,2.0,0.0,1.0,0.0,2.0,0.0,2.07,1.01,2.0,2.37,1.68,0.0,2.3,0.0,2.64,0.0,1.68,0.0,3.0,1.25,2.08,2.03,0.0,2.29,2.0,1.92,1.47,0.0,2.32,0.0,2.67,0.0,1.61,3.3,0.86,3.18,2.02,1.23,0.0,0.0,1.51,2.5,2.0,2.15,2.0,2.41,2.17,2.78,2.33,1.14,1.84,2.0,3.1,3.0,0.0,0.0,0.0,0.0,0.0,0.0,0.0,0.0,0.0,0.0,0.0,0.0,0.0,0.0,0.0,0.0,0.0,0.0,0.0,0.0,0.0,0.0,0.0,2.01,0.0,0.0,0.0,0.0,0.0,0.0,0.0,1.81,0.0,0.0,0.0,0.0,2.18,0.0,0.0,0.0,0.0,0.0,0.73,0.0,0.0,0.0,0.0,0.0,0.0,0.0,1.75
40411210,0.0,0.0,4.46,0.0,0.0,0.0,0.0,0.0,4.68,0.0,0.0,0.0,2.38,0.0,0.0,0.0,0.0,0.0,0.0,4.38,0.0,0.0,0.0,0.0,0.0,0.74,0.0,0.0,5.0,5.0,0.0,4.43,0.0,5.0,4.0,4.97,0.0,0.0,0.0,4.93,5.0,3.36,4.0,3.91,4.0,0.0,2.0,0.0,3.0,0.0,3.0,0.0,4.51,4.01,4.0,3.83,4.07,0.0,4.27,0.0,4.88,0.0,3.87,3.44,3.0,3.43,4.58,4.02,0.0,4.26,5.0,4.56,3.72,0.0,4.07,0.0,4.58,0.0,3.61,0.0,3.86,5.0,5.0,4.23,0.0,0.0,4.6,4.68,3.0,4.36,3.86,5.0,4.44,5.0,4.73,3.32,4.22,5.0,4.54,5.0,0.0,0.0,0.0,0.0,0.0,0.0,0.0,0.0,0.0,0.0,0.0,0.0,0.0,0.0,0.0,0.0,0.0,0.0,0.0,0.0,0.0,0.0,0.0,4.82,0.0,0.0,0.0,0.0,0.0,0.0,0.0,3.47,0.0,0.0,0.0,0.0,4.37,0.0,0.0,0.0,0.0,0.84,2.15,0.0,0.0,0.0,0.0,0.0,0.0,0.0,4.82
40411211,0.0,0.0,3.46,0.0,0.0,0.0,0.0,0.0,3.12,0.0,0.0,0.0,1.67,0.0,0.0,0.0,0.0,0.0,0.0,3.41,0.0,0.0,0.0,0.0,0.0,0.0,0.0,0.0,4.69,4.08,0.0,2.93,0.0,1.86,2.0,3.7,0.0,0.0,3.63,3.43,3.54,3.36,2.0,1.91,3.0,1.51,1.0,0.0,4.0,0.0,3.0,0.0,3.19,3.01,4.0,2.87,2.81,0.0,3.02,0.0,3.6,0.0,2.51,1.16,2.0,1.75,4.08,2.98,0.0,0.43,4.0,2.66,2.5,0.0,2.14,0.0,2.67,0.0,3.61,2.3,2.86,5.0,4.02,3.23,0.0,0.0,2.56,2.95,4.0,2.97,2.51,3.53,3.19,3.89,3.33,2.04,2.95,3.0,3.53,1.0,0.0,0.0,0.0,0.0,0.0,0.0,0.0,0.0,0.0,0.0,0.0,0.0,0.0,0.0,0.0,0.0,0.0,0.0,0.0,0.0,0.0,0.0,0.0,3.4,0.0,0.0,0.0,0.0,0.0,0.0,0.0,2.12,0.0,0.0,0.0,0.0,3.35,0.0,0.0,0.0,0.0,0.0,1.47,0.0,0.0,0.0,0.0,0.0,0.0,0.0,2.95
40411212,0.0,0.0,1.46,0.0,0.0,0.0,0.0,0.0,2.79,0.0,0.0,0.0,1.56,0.0,0.0,0.0,0.0,0.0,0.0,2.96,0.0,0.0,0.0,0.0,0.0,0.0,0.0,0.0,3.69,3.93,0.0,3.17,0.0,2.97,4.0,3.03,0.0,0.0,0.0,1.93,3.66,3.36,1.0,0.91,1.0,0.0,1.0,0.0,2.0,0.0,2.0,0.0,2.82,1.01,4.0,3.83,1.8,0.0,2.51,0.0,3.24,0.0,2.08,1.87,1.0,0.43,3.08,2.63,0.0,0.0,3.0,1.94,2.03,0.0,3.7,0.0,1.58,0.0,3.61,0.0,0.86,5.0,2.02,1.23,0.0,0.0,2.16,2.65,1.0,2.67,2.07,2.97,2.84,3.45,2.92,1.65,2.45,2.0,4.54,2.0,0.0,0.0,0.0,0.0,0.0,0.0,0.0,0.0,0.0,0.0,0.0,0.0,0.0,0.0,0.0,0.0,0.0,0.0,0.0,0.0,0.0,0.0,0.0,2.97,0.0,0.0,0.0,0.0,0.0,0.0,0.0,1.56,0.0,0.0,0.0,0.0,3.37,0.0,0.0,0.0,0.0,0.0,0.71,0.0,0.0,0.0,0.0,0.0,0.0,0.0,2.82
40411213,0.0,0.0,5.0,0.0,0.0,0.0,0.0,0.0,4.36,0.0,0.0,0.0,1.22,0.0,0.0,0.0,0.0,0.0,0.0,3.82,0.0,0.0,0.0,0.0,0.0,0.0,0.0,0.0,5.0,4.98,0.0,3.81,0.0,4.37,4.0,4.7,0.0,0.0,3.63,5.0,5.0,0.0,4.0,3.91,5.0,0.0,1.0,0.0,3.0,0.0,3.0,0.0,4.35,5.0,4.0,0.0,3.51,0.0,3.82,0.0,4.69,0.0,3.53,2.28,3.0,4.43,5.0,5.0,0.0,4.26,4.0,4.1,3.64,0.0,4.55,0.0,5.0,0.0,0.0,0.0,4.86,0.0,5.0,5.0,0.0,0.0,4.66,4.01,3.0,4.0,3.5,5.0,4.21,4.96,4.67,3.2,3.99,5.0,0.0,5.0,0.0,0.0,0.0,0.0,0.0,0.0,0.0,0.0,0.0,0.0,0.0,0.0,0.0,0.0,0.0,0.0,0.0,0.0,0.0,0.0,0.0,0.0,0.0,5.0,0.0,0.0,0.0,0.0,0.0,0.0,0.0,3.14,0.0,0.0,0.0,0.0,4.07,0.0,0.0,0.0,0.0,0.0,1.19,0.0,0.0,0.0,0.0,0.0,0.0,0.0,4.98
40411214,0.0,0.0,1.46,0.0,0.0,0.0,0.0,0.0,2.83,0.0,0.0,0.0,0.0,0.0,0.0,0.0,0.0,0.0,0.0,1.46,0.0,0.0,0.0,0.0,0.0,2.04,0.0,0.0,2.69,4.34,0.0,0.0,0.0,0.0,4.0,2.76,0.0,0.0,0.0,1.92,3.93,0.0,3.0,0.0,1.0,0.0,1.0,0.0,1.0,0.0,3.0,0.0,2.85,1.01,2.7,0.0,1.97,0.0,1.71,0.0,3.68,0.0,2.27,2.47,2.17,0.43,1.8,1.27,0.0,0.0,2.89,2.59,2.21,0.0,0.0,0.0,1.58,0.0,0.0,0.0,0.86,0.0,2.02,1.23,0.0,0.0,2.86,3.55,3.0,3.39,1.38,3.4,3.12,3.54,3.18,2.12,2.67,0.0,0.0,2.82,0.0,0.0,0.0,0.0,0.0,0.0,0.0,0.0,0.0,0.0,0.0,0.0,0.0,0.0,0.0,0.0,0.0,0.0,0.0,0.0,0.0,0.0,0.0,3.05,0.0,0.0,0.0,0.0,0.0,0.0,0.0,1.32,0.0,0.0,0.0,0.0,3.58,0.0,0.0,0.0,0.0,2.14,1.48,0.0,0.0,0.0,0.0,0.0,0.0,0.0,4.14
40411215,0.0,0.0,0.0,0.0,0.0,0.0,0.0,0.0,3.26,0.0,0.0,0.0,1.67,0.0,0.0,0.0,0.0,0.0,0.0,2.58,0.0,0.0,0.0,0.0,0.0,0.86,0.0,0.0,0.0,4.24,0.0,2.97,0.0,3.29,4.0,3.73,0.0,0.0,2.63,3.93,3.96,3.36,3.0,2.91,2.0,2.51,1.0,0.0,1.0,0.0,2.0,0.0,3.26,0.0,4.0,3.37,2.74,0.0,3.02,0.0,3.99,0.0,2.52,2.01,3.0,2.06,4.35,3.35,0.0,2.49,3.0,2.93,2.6,0.0,3.24,0.0,3.21,0.0,3.61,3.3,0.0,5.0,0.0,0.0,0.0,0.0,3.13,3.28,3.0,3.21,2.46,4.08,3.35,3.91,3.52,2.25,3.0,4.0,4.06,5.0,0.0,0.0,0.0,0.0,0.0,0.0,0.0,0.0,0.0,0.0,0.0,0.0,0.0,0.0,0.0,0.0,0.0,0.0,0.0,0.0,0.0,0.0,0.0,3.77,0.0,0.0,0.0,0.0,0.0,0.0,0.0,1.2,0.0,0.0,0.0,0.0,4.0,0.0,0.0,0.0,0.0,1.07,1.3,0.0,0.0,0.0,0.0,0.0,0.0,0.0,4.15
40411216,0.0,0.0,1.46,0.0,0.0,0.0,0.0,0.0,1.73,0.0,0.0,0.0,0.0,0.0,0.0,0.0,0.0,0.0,0.0,1.39,0.0,0.0,0.0,0.0,0.0,0.04,0.0,0.0,2.69,2.75,0.0,2.69,0.0,0.0,2.0,2.18,0.0,0.0,1.63,1.92,2.88,0.0,1.0,0.0,1.0,0.0,1.0,0.0,1.0,0.0,1.0,0.0,2.0,1.01,1.39,0.0,0.74,0.0,1.31,0.0,2.58,0.0,1.4,0.19,1.22,0.43,1.8,1.27,0.0,0.0,1.62,1.45,1.35,0.0,0.0,0.0,1.58,0.0,0.0,0.0,0.86,0.0,2.02,1.23,0.0,0.0,1.84,1.88,1.0,1.99,1.26,2.4,2.03,2.59,2.35,1.07,1.62,0.0,0.0,1.65,0.0,0.0,0.0,0.0,0.0,0.0,0.0,0.0,0.0,0.0,0.0,0.0,0.0,0.0,0.0,0.0,0.0,0.0,0.0,0.0,0.0,0.0,0.0,2.18,0.0,0.0,0.0,0.0,0.0,0.0,0.0,1.32,0.0,0.0,0.0,0.0,2.25,0.0,0.0,0.0,0.0,0.14,0.0,0.0,0.0,0.0,0.0,0.0,0.0,0.0,2.14
40411217,0.0,0.0,4.46,0.0,0.0,0.0,0.0,0.0,4.32,0.0,0.0,0.0,0.89,0.0,0.0,0.0,0.0,0.0,0.0,4.77,0.0,0.0,0.0,0.0,0.0,1.37,0.0,0.0,5.0,5.0,0.0,4.44,0.0,4.57,4.0,4.63,0.0,0.0,4.63,3.93,5.0,0.0,2.0,1.91,4.0,3.51,2.0,0.0,5.0,0.0,4.0,0.0,4.44,4.01,4.0,3.91,3.43,0.0,3.71,0.0,4.5,0.0,3.59,2.52,4.0,3.25,4.8,4.07,0.0,4.15,5.0,4.1,3.65,0.0,4.11,0.0,4.34,0.0,0.0,4.3,3.86,0.0,5.0,4.23,0.0,0.0,4.25,4.3,4.0,4.15,3.63,4.8,4.28,4.99,4.66,3.27,3.98,3.0,4.62,5.0,0.0,0.0,0.0,0.0,0.0,0.0,0.0,0.0,0.0,0.0,0.0,0.0,0.0,0.0,0.0,0.0,0.0,0.0,0.0,0.0,0.0,0.0,0.0,4.63,0.0,0.0,0.0,0.0,0.0,0.0,0.0,3.12,0.0,0.0,0.0,0.0,4.19,0.0,0.0,0.0,0.0,1.54,2.15,0.0,0.0,0.0,0.0,0.0,0.0,0.0,3.56
40411218,0.0,0.0,0.0,0.0,0.0,0.0,0.0,0.0,3.23,0.0,0.0,0.0,2.56,0.0,0.0,0.0,0.0,0.0,0.0,2.91,0.0,0.0,0.0,0.0,0.0,3.04,0.0,0.0,0.0,4.62,0.0,3.18,0.0,2.07,5.0,3.47,0.0,0.0,3.63,1.93,4.46,3.36,1.0,0.91,1.0,0.0,2.0,0.0,1.0,0.0,3.0,0.0,3.43,0.0,4.0,3.83,2.43,0.0,3.04,0.0,4.25,0.0,2.67,2.85,4.0,0.0,4.35,3.81,0.0,1.26,4.0,2.67,2.8,0.0,2.77,0.0,0.0,0.0,3.61,0.0,0.0,5.0,0.0,0.0,0.0,0.0,2.79,3.29,3.0,3.51,2.42,3.92,3.66,4.05,3.72,2.49,3.14,2.0,4.54,2.0,0.0,0.0,0.0,0.0,0.0,0.0,0.0,0.0,0.0,0.0,0.0,0.0,0.0,0.0,0.0,0.0,0.0,0.0,0.0,0.0,0.0,0.0,0.0,3.52,0.0,0.0,0.0,0.0,0.0,0.0,0.0,0.0,0.0,0.0,0.0,0.0,4.99,0.0,0.0,0.0,0.0,3.14,1.95,0.0,0.0,0.0,0.0,0.0,0.0,0.0,3.75
40411219,0.0,0.0,3.46,0.0,0.0,0.0,0.0,0.0,4.1,0.0,0.0,0.0,2.08,0.0,0.0,0.0,0.0,0.0,0.0,4.32,0.0,0.0,0.0,0.0,0.0,3.04,0.0,0.0,4.15,5.0,0.0,4.59,0.0,3.74,5.0,4.43,0.0,0.0,5.0,2.93,5.0,3.36,1.0,0.91,3.0,3.51,3.0,0.0,5.0,0.0,5.0,0.0,4.4,3.01,4.0,3.87,3.06,0.0,3.79,0.0,4.7,0.0,3.69,2.76,4.0,2.75,4.08,3.68,0.0,3.29,3.0,3.84,3.8,0.0,3.69,0.0,4.0,0.0,3.61,4.3,2.86,5.0,4.02,3.23,0.0,0.0,4.06,4.24,4.0,4.46,3.59,4.59,4.5,5.0,4.67,3.5,4.15,2.0,4.58,4.0,0.0,0.0,0.0,0.0,0.0,0.0,0.0,0.0,0.0,0.0,0.0,0.0,0.0,0.0,0.0,0.0,0.0,0.0,0.0,0.0,0.0,0.0,0.0,4.41,0.0,0.0,0.0,0.0,0.0,0.0,0.0,3.04,0.0,0.0,0.0,0.0,4.82,0.0,0.0,0.0,0.0,3.14,2.42,0.0,0.0,0.0,0.0,0.0,0.0,0.0,3.75
40411220,0.0,0.0,3.46,0.0,0.0,0.0,0.0,0.0,3.41,0.0,0.0,0.0,1.51,0.0,0.0,0.0,0.0,0.0,0.0,2.77,0.0,0.0,0.0,0.0,0.0,1.92,0.0,0.0,3.38,4.52,0.0,4.02,0.0,1.97,3.0,4.36,0.0,0.0,3.63,4.93,3.84,2.36,5.0,4.91,3.0,0.0,4.0,0.0,2.0,0.0,3.0,0.0,3.77,3.01,3.0,2.83,2.84,0.0,3.78,0.0,4.62,0.0,3.51,1.22,4.0,2.43,3.58,3.02,0.0,0.0,2.0,3.23,3.41,0.0,2.7,0.0,3.58,0.0,2.61,0.0,2.86,4.18,4.02,3.23,0.0,0.0,3.78,3.66,3.0,4.06,3.38,4.25,4.0,4.58,4.19,3.12,3.78,5.0,3.54,3.0,0.0,0.0,0.0,0.0,0.0,0.0,0.0,0.0,0.0,0.0,0.0,0.0,0.0,0.0,0.0,0.0,0.0,0.0,0.0,0.0,0.0,0.0,0.0,4.01,0.0,0.0,0.0,0.0,0.0,0.0,0.0,3.32,0.0,0.0,0.0,0.0,3.85,0.0,0.0,0.0,0.0,1.93,1.4,0.0,0.0,0.0,0.0,0.0,0.0,0.0,4.35
40411221,0.0,0.0,3.46,0.0,0.0,0.0,0.0,0.0,3.14,0.0,0.0,0.0,2.09,0.0,0.0,0.0,0.0,0.0,0.0,2.92,0.0,0.0,0.0,0.0,0.0,0.89,0.0,0.0,4.92,4.34,0.0,3.6,0.0,3.54,3.0,3.68,0.0,0.0,2.63,3.43,4.04,3.36,2.0,1.91,3.0,1.51,2.0,0.0,1.0,0.0,2.0,0.0,3.29,3.01,4.0,2.87,2.61,0.0,3.03,0.0,3.92,0.0,2.68,1.86,2.0,1.75,4.08,2.98,0.0,3.87,4.0,2.64,2.59,0.0,3.24,0.0,2.67,0.0,3.61,2.3,2.86,5.0,4.02,3.23,0.0,0.0,2.69,3.17,3.0,3.17,2.64,3.64,3.34,3.91,3.55,2.2,2.91,3.0,3.53,5.0,0.0,0.0,0.0,0.0,0.0,0.0,0.0,0.0,0.0,0.0,0.0,0.0,0.0,0.0,0.0,0.0,0.0,0.0,0.0,0.0,0.0,0.0,0.0,3.41,0.0,0.0,0.0,0.0,0.0,0.0,0.0,2.9,0.0,0.0,0.0,0.0,3.85,0.0,0.0,0.0,0.0,1.0,1.27,0.0,0.0,0.0,0.0,0.0,0.0,0.0,3.35
40411222,0.0,0.0,0.0,0.0,0.0,0.0,0.0,0.0,3.03,0.0,0.0,0.0,0.67,0.0,0.0,0.0,0.0,0.0,0.0,2.31,0.0,0.0,0.0,0.0,0.0,0.86,0.0,0.0,3.99,4.14,0.0,2.75,0.0,3.12,4.0,3.16,0.0,0.0,0.0,0.0,3.95,0.0,1.0,0.0,1.0,2.51,1.0,0.0,1.0,0.0,3.0,0.0,2.88,0.0,2.0,2.91,1.91,0.0,2.66,0.0,3.48,0.0,2.17,2.04,3.0,2.06,0.0,2.9,0.0,2.29,3.0,2.63,2.14,0.0,2.68,0.0,3.21,0.0,0.0,3.3,0.0,0.0,0.0,0.0,0.0,0.0,2.9,3.04,1.0,2.96,2.21,3.68,2.97,3.57,3.16,1.87,2.65,0.0,3.62,3.0,0.0,0.0,0.0,0.0,0.0,0.0,0.0,0.0,0.0,0.0,0.0,0.0,0.0,0.0,0.0,0.0,0.0,0.0,0.0,0.0,0.0,0.0,0.0,3.29,0.0,0.0,0.0,0.0,0.0,0.0,0.0,1.69,0.0,0.0,0.0,0.0,3.54,0.0,0.0,0.0,0.0,1.07,0.42,0.0,0.0,0.0,0.0,0.0,0.0,0.0,4.14
40411224,0.0,0.0,0.0,0.0,0.0,0.0,0.0,0.0,3.05,0.0,0.0,0.0,3.0,0.0,0.0,0.0,0.0,0.0,0.0,3.1,0.0,0.0,0.0,0.0,0.0,0.0,0.0,0.0,4.99,4.32,0.0,3.22,0.0,3.94,5.0,3.54,0.0,0.0,3.63,1.93,3.96,3.36,1.0,0.91,2.0,2.51,1.0,0.0,1.0,0.0,3.0,0.0,2.98,0.0,4.0,3.37,2.7,0.0,2.99,0.0,3.41,0.0,2.28,2.36,3.0,2.06,4.35,3.35,0.0,4.01,4.0,2.65,2.11,0.0,3.6,0.0,3.21,0.0,3.61,3.3,0.0,5.0,0.0,0.0,0.0,0.0,1.84,3.2,4.0,2.8,2.5,3.34,2.99,3.64,3.02,1.67,2.61,2.0,4.06,5.0,0.0,0.0,0.0,0.0,0.0,0.0,0.0,0.0,0.0,0.0,0.0,0.0,0.0,0.0,0.0,0.0,0.0,0.0,0.0,0.0,0.0,0.0,0.0,2.98,0.0,0.0,0.0,0.0,0.0,0.0,0.0,2.03,0.0,0.0,0.0,0.0,3.79,0.0,0.0,0.0,0.0,0.0,1.53,0.0,0.0,0.0,0.0,0.0,0.0,0.0,2.82
40411225,0.0,0.0,3.46,0.0,0.0,0.0,0.0,0.0,3.14,0.0,0.0,0.0,0.89,0.0,0.0,0.0,0.0,0.0,0.0,2.61,0.0,0.0,0.0,0.0,0.0,1.37,0.0,0.0,4.69,4.12,0.0,3.33,0.0,0.0,4.0,3.55,0.0,0.0,2.63,3.43,4.5,0.0,2.0,1.91,3.0,0.0,2.0,0.0,2.0,0.0,2.0,0.0,3.36,3.01,3.54,0.0,2.22,0.0,2.69,0.0,3.95,0.0,2.67,1.86,2.55,2.43,3.8,3.27,0.0,0.0,3.28,2.97,2.71,0.0,0.0,0.0,3.58,0.0,0.0,0.0,2.86,0.0,4.02,3.23,0.0,0.0,3.23,3.21,2.52,3.29,2.52,3.99,3.39,3.93,3.73,2.39,2.97,3.0,0.0,3.23,0.0,0.0,0.0,0.0,0.0,0.0,0.0,0.0,0.0,0.0,0.0,0.0,0.0,0.0,0.0,0.0,0.0,0.0,0.0,0.0,0.0,0.0,0.0,3.63,0.0,0.0,0.0,0.0,0.0,0.0,0.0,2.69,0.0,0.0,0.0,0.0,3.94,0.0,0.0,0.0,0.0,1.54,0.48,0.0,0.0,0.0,0.0,0.0,0.0,0.0,3.56
40411226,0.0,0.0,2.46,0.0,0.0,0.0,0.0,0.0,3.08,0.0,0.0,0.0,2.56,0.0,0.0,0.0,0.0,0.0,0.0,2.56,0.0,0.0,0.0,0.0,0.0,2.04,0.0,0.0,3.69,4.05,0.0,4.07,0.0,3.07,4.0,3.56,0.0,0.0,1.63,2.92,4.25,3.36,1.0,0.0,2.0,0.0,2.0,0.0,2.0,0.0,1.0,0.0,3.39,2.01,4.0,3.83,2.28,0.0,2.57,0.0,4.23,0.0,2.58,1.72,2.0,1.43,3.58,3.09,0.0,2.26,4.0,2.7,2.72,0.0,3.2,0.0,2.58,0.0,3.61,0.0,1.86,5.0,3.02,2.23,0.0,0.0,3.2,3.19,3.0,3.25,2.34,3.99,3.44,3.86,3.75,2.45,2.86,0.0,4.54,3.0,0.0,0.0,0.0,0.0,0.0,0.0,0.0,0.0,0.0,0.0,0.0,0.0,0.0,0.0,0.0,0.0,0.0,0.0,0.0,0.0,0.0,0.0,0.0,3.76,0.0,0.0,0.0,0.0,0.0,0.0,0.0,2.32,0.0,0.0,0.0,0.0,4.22,0.0,0.0,0.0,0.0,2.14,1.28,0.0,0.0,0.0,0.0,0.0,0.0,0.0,4.26
40411227,0.0,0.0,3.46,0.0,0.0,0.0,0.0,0.0,4.08,0.0,0.0,0.0,2.32,0.0,0.0,0.0,0.0,0.0,0.0,3.7,0.0,0.0,0.0,0.0,0.0,3.04,0.0,0.0,4.92,5.0,0.0,4.45,0.0,3.97,5.0,4.49,0.0,0.0,4.63,3.93,5.0,0.0,3.0,2.91,3.0,0.0,4.0,0.0,5.0,0.0,4.0,0.0,4.26,3.01,4.0,0.0,3.36,0.0,3.88,0.0,4.91,0.0,3.72,2.96,3.0,2.43,3.8,3.27,0.0,0.0,4.0,3.84,3.64,0.0,0.0,0.0,3.58,0.0,0.0,0.0,2.86,0.0,4.02,3.23,0.0,0.0,4.03,4.38,4.0,4.44,3.53,4.69,4.41,4.94,4.58,3.39,4.03,4.0,0.0,5.0,0.0,0.0,0.0,0.0,0.0,0.0,0.0,0.0,0.0,0.0,0.0,0.0,0.0,0.0,0.0,0.0,0.0,0.0,0.0,0.0,0.0,0.0,0.0,4.36,0.0,0.0,0.0,0.0,0.0,0.0,0.0,3.44,0.0,0.0,0.0,0.0,4.92,0.0,0.0,0.0,0.0,3.14,2.33,0.0,0.0,0.0,0.0,0.0,0.0,0.0,4.56
40411228,0.0,0.0,2.46,0.0,0.0,0.0,0.0,0.0,3.44,0.0,0.0,0.0,2.08,0.0,0.0,0.0,0.0,0.0,0.0,3.21,0.0,0.0,0.0,0.0,0.0,0.0,0.0,0.0,3.92,4.63,0.0,3.96,0.0,3.13,5.0,4.08,0.0,0.0,0.0,3.43,3.8,3.36,3.0,2.91,2.0,2.51,3.0,0.0,3.0,0.0,2.0,0.0,3.62,2.01,4.0,3.37,2.96,0.0,3.49,0.0,4.34,0.0,3.12,1.87,3.0,1.75,3.58,3.03,0.0,2.49,3.0,3.11,3.07,0.0,3.24,0.0,3.0,0.0,3.61,3.3,1.86,5.0,3.02,2.23,0.0,0.0,3.19,3.68,4.0,3.81,3.0,3.98,3.82,4.38,3.83,2.77,3.52,4.0,4.06,5.0,0.0,0.0,0.0,0.0,0.0,0.0,0.0,0.0,0.0,0.0,0.0,0.0,0.0,0.0,0.0,0.0,0.0,0.0,0.0,0.0,0.0,0.0,0.0,3.82,0.0,0.0,0.0,0.0,0.0,0.0,0.0,2.44,0.0,0.0,0.0,0.0,4.16,0.0,0.0,0.0,0.0,0.0,2.01,0.0,0.0,0.0,0.0,0.0,0.0,0.0,4.16
40411229,0.0,0.0,0.0,0.0,0.0,0.0,0.0,0.0,2.98,0.0,0.0,0.0,0.0,0.0,0.0,0.0,0.0,0.0,0.0,0.79,0.0,0.0,0.0,0.0,0.0,3.04,0.0,0.0,0.0,3.92,0.0,3.23,0.0,0.0,5.0,2.63,0.0,0.0,1.63,2.93,5.0,0.0,2.0,1.91,1.0,0.0,3.0,0.0,1.0,0.0,1.0,0.0,3.4,0.0,2.9,0.0,1.05,0.0,1.78,0.0,4.36,0.0,2.37,2.19,1.54,0.0,0.0,0.0,0.0,0.0,2.94,2.46,2.69,0.0,0.0,0.0,0.0,0.0,0.0,0.0,0.0,0.0,0.0,0.0,0.0,0.0,3.68,2.88,1.0,3.28,1.55,4.23,3.41,3.64,4.1,2.56,2.65,3.0,0.0,3.8,0.0,0.0,0.0,0.0,0.0,0.0,0.0,0.0,0.0,0.0,0.0,0.0,0.0,0.0,0.0,0.0,0.0,0.0,0.0,0.0,0.0,0.0,0.0,4.06,0.0,0.0,0.0,0.0,0.0,0.0,0.0,0.0,0.0,0.0,0.0,0.0,5.0,0.0,0.0,0.0,0.0,3.14,0.0,0.0,0.0,0.0,0.0,0.0,0.0,0.0,4.06
40411230,0.0,0.0,0.0,0.0,0.0,0.0,0.0,0.0,3.32,0.0,0.0,0.0,4.0,0.0,0.0,0.0,0.0,0.0,0.0,2.83,0.0,0.0,0.0,0.0,0.0,1.37,0.0,0.0,4.99,4.52,0.0,3.64,0.0,3.1,4.0,3.59,0.0,0.0,2.63,0.0,4.25,3.36,1.0,0.0,1.0,1.51,2.0,0.0,1.0,0.0,2.0,0.0,3.4,0.0,4.0,2.87,2.59,0.0,2.96,0.0,4.16,0.0,2.72,2.22,2.0,1.06,4.35,2.85,0.0,2.15,4.0,2.6,2.65,0.0,2.69,0.0,2.21,0.0,3.61,2.3,0.0,5.0,0.0,0.0,0.0,0.0,2.9,3.26,3.0,3.32,2.52,3.87,3.47,3.98,3.66,2.32,2.96,0.0,3.53,3.0,0.0,0.0,0.0,0.0,0.0,0.0,0.0,0.0,0.0,0.0,0.0,0.0,0.0,0.0,0.0,0.0,0.0,0.0,0.0,0.0,0.0,0.0,0.0,3.7,0.0,0.0,0.0,0.0,0.0,0.0,0.0,2.69,0.0,0.0,0.0,0.0,4.2,0.0,0.0,0.0,0.0,1.54,1.22,0.0,0.0,0.0,0.0,0.0,0.0,0.0,4.26
40411231,0.0,0.0,0.0,0.0,0.0,0.0,0.0,0.0,2.81,0.0,0.0,0.0,0.0,0.0,0.0,0.0,0.0,0.0,0.0,0.0,0.0,0.0,0.0,0.0,0.0,0.86,0.0,0.0,0.0,3.81,0.0,2.12,0.0,0.0,4.0,2.35,0.0,0.0,0.0,1.93,4.81,0.0,1.0,0.91,1.94,0.0,1.0,0.0,1.82,0.0,1.61,0.0,2.7,0.0,3.63,0.0,1.11,0.0,1.67,0.0,3.21,0.0,1.83,2.47,1.56,0.0,0.0,0.0,0.0,0.0,2.48,2.52,1.97,0.0,0.0,0.0,0.0,0.0,0.0,0.0,0.0,0.0,0.0,0.0,0.0,0.0,2.68,2.68,1.62,2.73,1.31,3.48,2.78,3.3,3.01,1.71,2.38,2.0,0.0,3.09,0.0,0.0,0.0,0.0,0.0,0.0,0.0,0.0,0.0,0.0,0.0,0.0,0.0,0.0,0.0,0.0,0.0,0.0,0.0,0.0,0.0,0.0,0.0,3.06,0.0,0.0,0.0,0.0,0.0,0.0,0.0,1.2,0.0,0.0,0.0,0.0,3.54,0.0,0.0,0.0,0.0,1.07,0.0,0.0,0.0,0.0,0.0,0.0,0.0,0.0,3.06
40411233,0.0,0.0,1.46,0.0,0.0,0.0,0.0,0.0,2.74,0.0,0.0,0.0,2.12,0.0,0.0,0.0,0.0,0.0,0.0,2.84,0.0,0.0,0.0,0.0,0.0,1.74,0.0,0.0,4.46,4.27,0.0,3.94,0.0,3.94,5.0,3.37,0.0,0.0,3.63,1.93,4.0,0.0,1.0,0.91,1.0,2.51,3.0,0.0,2.0,0.0,3.0,0.0,2.92,1.01,4.0,2.91,2.2,0.0,2.81,0.0,3.39,0.0,2.51,2.28,3.0,1.25,1.8,2.14,0.0,4.01,4.0,2.58,2.14,0.0,3.54,0.0,2.67,0.0,3.0,3.3,0.86,0.0,2.02,1.23,0.0,0.0,2.16,3.41,1.0,3.08,2.6,2.92,2.99,3.56,3.14,1.88,2.52,2.0,3.62,5.0,0.0,0.0,0.0,0.0,0.0,0.0,0.0,0.0,0.0,0.0,0.0,0.0,0.0,0.0,0.0,0.0,0.0,0.0,3.0,0.0,0.0,0.0,0.0,2.46,0.0,0.0,0.0,0.0,0.0,0.0,0.0,2.66,0.0,0.0,0.0,0.0,3.07,0.0,0.0,0.0,0.0,1.84,1.57,0.0,0.0,0.0,0.0,0.0,0.0,0.0,1.98
40411234,0.0,0.0,0.0,0.0,0.0,0.0,0.0,0.0,1.96,0.0,0.0,0.0,0.0,0.0,0.0,0.0,0.0,0.0,0.0,1.94,0.0,0.0,0.0,0.0,0.0,0.0,0.0,0.0,0.0,2.98,0.0,2.33,0.0,0.0,1.0,2.39,0.0,0.0,0.0,1.93,3.11,0.0,1.0,0.91,1.0,0.0,1.0,0.0,1.0,0.0,1.0,0.0,2.09,0.0,0.0,0.0,1.11,0.0,1.67,0.0,2.53,0.0,1.51,0.0,1.5,0.0,0.0,0.0,0.0,0.0,1.64,1.71,1.42,0.0,0.0,0.0,0.0,0.0,0.0,0.0,0.0,0.0,0.0,0.0,0.0,0.0,1.84,2.08,1.43,2.1,1.44,2.47,2.12,2.76,2.36,1.1,1.81,2.0,0.0,1.76,0.0,0.0,0.0,0.0,0.0,0.0,0.0,0.0,0.0,0.0,0.0,0.0,0.0,0.0,0.0,0.0,0.0,0.0,0.0,1.0,0.0,0.0,0.0,2.21,0.0,0.0,0.0,0.0,0.0,0.0,0.0,1.2,0.0,0.0,0.0,0.0,2.01,0.0,0.0,0.0,0.0,0.0,0.0,0.0,0.0,0.0,0.0,0.0,0.0,0.0,1.98
40411235,0.0,0.0,0.0,0.0,0.0,0.0,0.0,0.0,3.22,0.0,0.0,0.0,2.46,0.0,0.0,0.0,0.0,0.0,0.0,3.15,0.0,0.0,0.0,0.0,0.0,2.04,0.0,0.0,4.99,4.45,0.0,4.17,0.0,2.88,4.0,3.54,0.0,0.0,2.63,1.93,4.87,3.36,1.0,0.91,2.0,1.51,1.0,0.0,4.0,0.0,2.0,0.0,3.49,0.0,4.0,2.87,2.57,0.0,2.76,0.0,4.07,0.0,2.63,2.22,2.0,1.06,4.35,2.85,0.0,1.29,4.0,2.72,2.63,0.0,2.41,0.0,2.21,0.0,3.61,2.3,0.0,5.0,0.0,0.0,0.0,0.0,2.68,3.32,4.0,3.25,2.46,3.73,3.48,3.91,3.76,2.3,2.82,2.0,3.53,2.0,0.0,0.0,0.0,0.0,0.0,0.0,0.0,0.0,0.0,0.0,0.0,0.0,0.0,0.0,0.0,0.0,0.0,0.0,0.0,0.0,0.0,0.0,0.0,3.54,0.0,0.0,0.0,0.0,0.0,0.0,0.0,3.63,0.0,0.0,0.0,0.0,4.49,0.0,0.0,0.0,0.0,2.14,1.61,0.0,0.0,0.0,0.0,0.0,0.0,0.0,3.35
40411236,0.0,0.0,0.0,0.0,0.0,0.0,0.0,0.0,3.62,0.0,0.0,0.0,2.33,0.0,0.0,0.0,0.0,0.0,0.0,3.21,0.0,0.0,0.0,0.0,0.0,1.89,0.0,0.0,4.99,5.0,0.0,3.98,0.0,4.13,4.0,4.45,0.0,0.0,0.0,3.93,4.25,3.36,3.0,2.91,3.0,3.51,3.0,0.0,1.0,0.0,4.0,0.0,3.73,0.0,4.0,3.87,3.48,0.0,4.0,0.0,4.51,0.0,3.29,2.58,4.0,3.06,4.35,3.85,0.0,3.49,4.0,3.48,3.12,0.0,3.74,0.0,4.21,0.0,3.61,4.3,0.0,5.0,0.0,0.0,0.0,0.0,3.13,4.04,4.0,3.88,3.43,4.26,3.93,4.48,3.99,2.79,3.57,4.0,4.58,4.0,0.0,0.0,0.0,0.0,0.0,0.0,0.0,0.0,0.0,0.0,0.0,0.0,0.0,0.0,0.0,0.0,0.0,0.0,0.0,0.0,0.0,0.0,0.0,3.77,0.0,0.0,0.0,0.0,0.0,0.0,0.0,3.34,0.0,0.0,0.0,0.0,4.4,0.0,0.0,0.0,0.0,2.0,2.27,0.0,0.0,0.0,0.0,0.0,0.0,0.0,4.15
40411237,0.0,0.0,1.46,0.0,0.0,0.0,0.0,0.0,2.3,0.0,0.0,0.0,1.0,0.0,0.0,0.0,0.0,0.0,0.0,2.08,0.0,0.0,0.0,0.0,0.0,0.0,0.0,0.0,3.69,3.58,0.0,2.75,0.0,2.11,1.0,2.49,0.0,0.0,0.0,1.92,3.26,1.36,1.0,0.0,1.0,0.51,1.0,0.0,1.0,0.0,2.0,0.0,2.29,1.01,2.0,1.37,1.31,0.0,1.94,0.0,2.76,0.0,1.77,1.44,1.0,0.25,2.08,1.33,0.0,0.49,3.0,1.59,1.51,0.0,1.24,0.0,1.34,0.0,1.61,1.3,0.86,3.18,2.02,1.23,0.0,0.0,1.88,2.26,1.0,2.3,1.61,2.42,2.3,2.96,2.5,1.18,1.93,0.0,2.06,2.0,0.0,0.0,0.0,0.0,0.0,0.0,0.0,0.0,0.0,0.0,0.0,0.0,0.0,0.0,0.0,0.0,0.0,0.0,0.0,0.0,0.0,0.0,0.0,2.3,0.0,0.0,0.0,0.0,0.0,0.0,0.0,1.56,0.0,0.0,0.0,0.0,2.37,0.0,0.0,0.0,0.0,0.0,0.0,0.0,0.0,0.0,0.0,0.0,0.0,0.0,2.51
40411238,0.0,0.0,2.46,0.0,0.0,0.0,0.0,0.0,3.44,0.0,0.0,0.0,2.09,0.0,0.0,0.0,0.0,0.0,0.0,3.24,0.0,0.0,0.0,0.0,0.0,1.37,0.0,0.0,4.69,4.51,0.0,4.05,0.0,3.11,4.0,3.65,0.0,0.0,2.63,2.93,4.7,3.36,2.0,1.91,2.0,1.51,2.0,0.0,3.0,0.0,2.0,0.0,3.59,2.01,4.0,2.87,2.48,0.0,2.89,0.0,4.09,0.0,2.87,2.22,2.0,1.25,3.58,2.68,0.0,1.49,4.0,2.85,2.82,0.0,2.74,0.0,2.34,0.0,3.61,2.3,1.86,5.0,3.02,2.23,0.0,0.0,3.32,3.42,3.0,3.47,2.65,3.88,3.57,4.13,3.84,2.51,3.1,3.0,3.53,3.0,0.0,0.0,0.0,0.0,0.0,0.0,0.0,0.0,0.0,0.0,0.0,0.0,0.0,0.0,0.0,0.0,0.0,0.0,0.0,0.0,0.0,0.0,0.0,3.81,0.0,0.0,0.0,0.0,0.0,0.0,0.0,2.56,0.0,0.0,0.0,0.0,4.02,0.0,0.0,0.0,0.0,1.54,1.28,0.0,0.0,0.0,0.0,0.0,0.0,0.0,3.75
40411240,0.0,0.0,1.46,0.0,0.0,0.0,0.0,0.0,2.15,0.0,0.0,0.0,1.0,0.0,0.0,0.0,0.0,0.0,0.0,2.01,0.0,0.0,0.0,0.0,0.0,0.0,0.0,0.0,3.69,3.41,0.0,2.7,0.0,2.76,3.0,2.48,0.0,0.0,2.63,1.93,3.26,0.0,1.0,0.91,1.0,0.51,1.0,0.0,1.0,0.0,2.0,0.0,2.19,1.01,4.0,0.91,1.43,0.0,1.86,0.0,2.62,0.0,1.68,1.28,1.0,0.25,1.8,1.07,0.0,3.73,3.0,1.7,1.42,0.0,2.4,0.0,1.34,0.0,0.0,1.3,0.86,0.0,2.02,1.23,0.0,0.0,1.78,2.3,2.0,2.22,1.56,2.38,2.2,2.86,2.42,1.1,1.84,2.0,1.62,5.0,0.0,0.0,0.0,0.0,0.0,0.0,0.0,0.0,0.0,0.0,0.0,0.0,0.0,0.0,0.0,0.0,0.0,0.0,0.0,0.0,0.0,0.0,0.0,2.13,0.0,0.0,0.0,0.0,0.0,0.0,0.0,1.56,0.0,0.0,0.0,0.0,2.07,0.0,0.0,0.0,0.0,0.0,0.14,0.0,0.0,0.0,0.0,0.0,0.0,0.0,1.98
40411241,0.0,0.0,0.0,0.0,0.0,0.0,0.0,0.0,2.27,0.0,0.0,0.0,0.56,0.0,0.0,0.0,0.0,0.0,0.0,2.48,0.0,0.0,0.0,0.0,0.0,0.04,0.0,0.0,0.0,3.32,0.0,3.14,0.0,3.07,2.0,2.69,0.0,0.0,0.0,1.93,3.46,1.36,1.0,0.91,1.0,0.0,1.0,0.0,2.0,0.0,1.0,0.0,2.52,0.0,2.0,1.83,1.13,0.0,2.0,0.0,2.88,0.0,1.95,0.55,1.0,0.0,2.35,1.81,0.0,2.26,4.0,1.82,1.85,0.0,2.07,0.0,0.0,0.0,1.61,0.0,0.0,3.18,0.0,0.0,0.0,0.0,2.16,2.31,1.0,2.48,1.97,2.66,2.52,3.16,2.79,1.52,2.18,2.0,2.54,3.0,0.0,0.0,0.0,0.0,0.0,0.0,0.0,0.0,0.0,0.0,0.0,0.0,0.0,0.0,0.0,0.0,0.0,0.0,0.0,0.0,0.0,0.0,0.0,2.52,0.0,0.0,0.0,0.0,0.0,0.0,0.0,0.0,0.0,0.0,0.0,0.0,2.49,0.0,0.0,0.0,0.0,0.14,0.0,0.0,0.0,0.0,0.0,0.0,0.0,0.0,2.15
40411242,0.0,0.0,1.46,0.0,0.0,0.0,0.0,0.0,2.14,0.0,0.0,0.0,1.0,0.0,0.0,0.0,0.0,0.0,0.0,2.16,0.0,0.0,0.0,0.0,0.0,0.74,0.0,0.0,2.69,3.6,0.0,2.82,0.0,3.92,3.0,2.99,0.0,0.0,3.63,1.93,2.92,0.0,1.0,0.91,1.0,2.51,2.0,0.0,1.0,0.0,3.0,0.0,2.33,1.01,4.0,2.91,1.86,0.0,2.51,0.0,2.89,0.0,1.96,1.62,3.0,1.25,1.8,2.14,0.0,4.01,3.0,2.21,1.74,0.0,3.54,0.0,2.67,0.0,0.0,3.3,0.86,0.0,2.02,1.23,0.0,0.0,1.78,2.85,2.0,2.58,2.12,2.65,2.52,3.12,2.57,1.44,2.23,2.0,3.62,5.0,0.0,0.0,0.0,0.0,0.0,0.0,0.0,0.0,0.0,0.0,0.0,0.0,0.0,0.0,0.0,0.0,0.0,0.0,0.0,0.0,0.0,0.0,0.0,2.13,0.0,0.0,0.0,0.0,0.0,0.0,0.0,1.81,0.0,0.0,0.0,0.0,2.57,0.0,0.0,0.0,0.0,0.84,1.21,0.0,0.0,0.0,0.0,0.0,0.0,0.0,1.98
40411243,0.0,0.0,1.46,0.0,0.0,0.0,0.0,0.0,3.03,0.0,0.0,0.0,0.33,0.0,0.0,0.0,0.0,0.0,0.0,2.97,0.0,0.0,0.0,0.0,0.0,0.0,0.0,0.0,2.92,3.91,0.0,3.19,0.0,2.3,4.0,3.31,0.0,0.0,4.63,1.92,4.1,1.36,1.0,0.0,1.0,2.51,1.0,0.0,4.0,0.0,4.0,0.0,3.04,1.01,2.0,2.37,2.03,0.0,2.65,0.0,3.13,0.0,2.46,1.21,3.0,1.25,2.08,2.03,0.0,0.57,2.0,2.92,2.39,0.0,1.78,0.0,2.67,0.0,1.61,3.3,0.86,3.18,2.02,1.23,0.0,0.0,3.67,3.22,4.0,3.19,2.38,3.41,3.04,3.83,3.24,2.12,2.96,0.0,3.1,1.0,0.0,0.0,0.0,0.0,0.0,0.0,0.0,0.0,0.0,0.0,0.0,0.0,0.0,0.0,0.0,0.0,0.0,0.0,0.0,0.0,0.0,0.0,0.0,3.3,0.0,0.0,0.0,0.0,0.0,0.0,0.0,1.34,0.0,0.0,0.0,0.0,2.37,0.0,0.0,0.0,0.0,0.0,0.9,0.0,0.0,0.0,0.0,0.0,0.0,0.0,2.51
40411244,0.0,0.0,2.46,0.0,0.0,0.0,0.0,0.0,3.78,0.0,0.0,0.0,1.33,0.0,0.0,0.0,0.0,0.0,0.0,3.25,0.0,0.0,0.0,0.0,0.0,1.86,0.0,0.0,3.69,4.84,0.0,3.78,0.0,1.07,5.0,3.82,0.0,0.0,0.0,2.92,5.0,2.36,3.0,0.0,2.0,0.0,2.0,0.0,3.0,0.0,3.0,0.0,3.75,2.01,3.0,2.83,2.86,0.0,2.9,0.0,4.25,0.0,3.07,3.13,3.0,1.43,3.08,2.56,0.0,0.26,4.0,3.68,3.06,0.0,1.77,0.0,2.58,0.0,2.61,0.0,1.86,4.18,3.02,2.23,0.0,0.0,3.94,4.11,4.0,3.91,2.7,4.37,3.82,4.42,4.05,2.83,3.49,0.0,3.54,1.0,0.0,0.0,0.0,0.0,0.0,0.0,0.0,0.0,0.0,0.0,0.0,0.0,0.0,0.0,0.0,0.0,0.0,0.0,0.0,0.0,0.0,0.0,0.0,4.01,0.0,0.0,0.0,0.0,0.0,0.0,0.0,2.25,0.0,0.0,0.0,0.0,4.02,0.0,0.0,0.0,0.0,2.07,1.76,0.0,0.0,0.0,0.0,0.0,0.0,0.0,4.6
40411246,0.0,0.0,2.46,0.0,0.0,0.0,0.0,0.0,2.96,0.0,0.0,0.0,0.89,0.0,0.0,0.0,0.0,0.0,0.0,3.16,0.0,0.0,0.0,0.0,0.0,0.4,0.0,0.0,3.69,3.93,0.0,3.78,0.0,1.07,2.0,3.73,0.0,0.0,3.63,2.92,3.88,0.0,1.0,0.0,2.0,0.0,2.0,0.0,3.0,0.0,3.0,0.0,3.14,2.01,3.0,0.0,2.8,0.0,2.82,0.0,3.4,0.0,2.62,0.86,3.0,1.43,2.8,2.27,0.0,0.26,3.0,2.94,2.46,0.0,0.55,0.0,2.58,0.0,0.0,0.0,1.86,0.0,3.02,2.23,0.0,0.0,2.86,3.34,4.0,3.09,2.66,3.37,3.1,3.82,3.36,2.11,2.85,0.0,0.0,1.0,0.0,0.0,0.0,0.0,0.0,0.0,0.0,0.0,0.0,0.0,0.0,0.0,0.0,0.0,0.0,0.0,0.0,0.0,0.0,0.0,0.0,0.0,0.0,3.18,0.0,0.0,0.0,0.0,0.0,0.0,0.0,2.25,0.0,0.0,0.0,0.0,2.69,0.0,0.0,0.0,0.0,0.47,1.68,0.0,0.0,0.0,0.0,0.0,0.0,0.0,2.14
40411247,0.0,0.0,4.46,0.0,0.0,0.0,0.0,0.0,3.53,0.0,0.0,0.0,1.0,0.0,0.0,0.0,0.0,0.0,0.0,2.86,0.0,0.0,0.0,0.0,0.0,1.4,0.0,0.0,5.0,4.57,0.0,3.96,0.0,2.21,3.0,4.1,0.0,0.0,3.63,4.93,4.54,1.36,4.0,3.91,4.0,1.51,3.0,0.0,4.0,0.0,3.0,0.0,3.78,4.01,2.0,1.87,2.75,0.0,3.4,0.0,4.35,0.0,3.43,1.42,2.0,2.25,3.58,2.58,0.0,1.29,3.0,3.22,3.23,0.0,1.69,0.0,3.0,0.0,1.61,2.3,3.86,3.18,5.0,4.23,0.0,0.0,3.94,3.51,4.0,3.86,3.16,4.14,3.82,4.5,4.22,2.91,3.57,5.0,2.58,2.0,0.0,0.0,0.0,0.0,0.0,0.0,0.0,0.0,0.0,0.0,0.0,0.0,0.0,0.0,0.0,0.0,0.0,0.0,0.0,0.0,0.0,0.0,0.0,3.9,0.0,0.0,0.0,0.0,0.0,0.0,0.0,3.69,0.0,0.0,0.0,0.0,3.52,0.0,0.0,0.0,0.0,1.47,0.8,0.0,0.0,0.0,0.0,0.0,0.0,0.0,3.75
40411248,0.0,0.0,4.46,0.0,0.0,0.0,0.0,0.0,3.96,0.0,0.0,0.0,2.46,0.0,0.0,0.0,0.0,0.0,0.0,3.67,0.0,0.0,0.0,0.0,0.0,1.04,0.0,0.0,5.0,5.0,0.0,4.71,0.0,2.91,3.0,4.86,0.0,0.0,3.63,4.93,4.68,3.36,4.0,3.91,4.0,0.0,4.0,0.0,4.0,0.0,3.0,0.0,4.23,4.01,4.0,3.83,3.54,0.0,4.09,0.0,4.83,0.0,3.76,2.04,4.0,3.43,4.58,4.02,0.0,0.26,4.0,3.75,3.64,0.0,2.34,0.0,4.58,0.0,3.61,0.0,3.86,5.0,5.0,4.23,0.0,0.0,3.94,4.11,4.0,4.14,3.84,4.64,4.25,4.89,4.57,3.26,3.93,5.0,4.54,1.0,0.0,0.0,0.0,0.0,0.0,0.0,0.0,0.0,0.0,0.0,0.0,0.0,0.0,0.0,0.0,0.0,0.0,0.0,0.0,0.0,0.0,0.0,0.0,4.4,0.0,0.0,0.0,0.0,0.0,0.0,0.0,4.04,0.0,0.0,0.0,0.0,4.22,0.0,0.0,0.0,0.0,1.14,1.94,0.0,0.0,0.0,0.0,0.0,0.0,0.0,4.15
40411250,0.0,0.0,0.0,0.0,0.0,0.0,0.0,0.0,3.72,0.0,0.0,0.0,1.84,0.0,0.0,0.0,0.0,0.0,0.0,3.35,0.0,0.0,0.0,0.0,0.0,1.04,0.0,0.0,4.99,4.92,0.0,4.45,0.0,3.94,3.0,4.42,0.0,0.0,0.0,4.93,4.33,2.36,4.0,3.91,4.0,2.51,2.0,0.0,3.0,0.0,3.0,0.0,3.85,0.0,3.0,2.87,3.2,0.0,3.82,0.0,4.41,0.0,3.63,2.02,3.0,2.06,3.35,2.85,0.0,4.01,4.0,3.44,3.24,0.0,3.24,0.0,3.21,0.0,2.61,3.3,0.0,4.18,0.0,0.0,0.0,0.0,3.7,3.98,2.0,4.01,3.51,4.13,3.9,4.64,4.14,2.92,3.71,5.0,3.58,5.0,0.0,0.0,0.0,0.0,0.0,0.0,0.0,0.0,0.0,0.0,0.0,0.0,0.0,0.0,0.0,0.0,0.0,0.0,0.0,0.0,0.0,0.0,0.0,3.88,0.0,0.0,0.0,0.0,0.0,0.0,0.0,3.63,0.0,0.0,0.0,0.0,3.49,0.0,0.0,0.0,0.0,1.14,1.56,0.0,0.0,0.0,0.0,0.0,0.0,0.0,3.95
40411251,0.0,0.0,2.46,0.0,0.0,0.0,0.0,0.0,3.22,0.0,0.0,0.0,0.91,0.0,0.0,0.0,0.0,0.0,0.0,3.08,0.0,0.0,0.0,0.0,0.0,0.37,0.0,0.0,4.69,4.24,0.0,3.54,0.0,4.37,3.0,3.38,0.0,0.0,0.0,2.92,4.42,1.36,1.0,0.0,2.0,0.0,1.0,0.0,3.0,0.0,4.0,0.0,3.16,2.01,2.0,1.83,2.22,0.0,2.54,0.0,3.38,0.0,2.54,1.9,3.0,1.43,2.58,2.02,0.0,4.26,4.0,2.98,2.32,0.0,2.93,0.0,2.58,0.0,1.61,0.0,1.86,3.18,3.02,2.23,0.0,0.0,3.22,3.4,2.0,3.07,2.49,3.52,3.04,3.79,3.4,2.01,2.72,0.0,2.54,5.0,0.0,0.0,0.0,0.0,0.0,0.0,0.0,0.0,0.0,0.0,0.0,0.0,0.0,0.0,0.0,0.0,0.0,0.0,0.0,0.0,0.0,0.0,0.0,3.26,0.0,0.0,0.0,0.0,0.0,0.0,0.0,2.13,0.0,0.0,0.0,0.0,2.85,0.0,0.0,0.0,0.0,0.54,0.57,0.0,0.0,0.0,0.0,0.0,0.0,0.0,2.93
40411252,0.0,0.0,0.0,0.0,0.0,0.0,0.0,0.0,2.34,0.0,0.0,0.0,0.33,0.0,0.0,0.0,0.0,0.0,0.0,1.92,0.0,0.0,0.0,0.0,0.0,0.37,0.0,0.0,2.99,3.43,0.0,2.45,0.0,2.3,3.0,3.02,0.0,0.0,0.0,0.0,3.3,1.36,1.0,0.0,1.0,2.51,1.0,0.0,1.0,0.0,2.0,0.0,2.43,0.0,2.0,2.37,1.91,0.0,2.35,0.0,3.01,0.0,1.82,1.02,3.0,2.06,2.35,2.35,0.0,0.57,2.0,2.49,1.82,0.0,1.78,0.0,3.21,0.0,1.61,3.3,0.0,3.18,0.0,0.0,0.0,0.0,2.41,2.74,1.0,2.52,1.96,3.22,2.54,3.14,2.74,1.52,2.26,0.0,3.1,1.0,0.0,0.0,0.0,0.0,0.0,0.0,0.0,0.0,0.0,0.0,0.0,0.0,0.0,0.0,0.0,0.0,0.0,0.0,0.0,0.0,0.0,0.0,0.0,2.7,0.0,0.0,0.0,0.0,0.0,0.0,0.0,1.34,0.0,0.0,0.0,0.0,2.8,0.0,0.0,0.0,0.0,0.54,0.62,0.0,0.0,0.0,0.0,0.0,0.0,0.0,2.93
40411253,0.0,0.0,2.46,0.0,0.0,0.0,0.0,0.0,2.81,0.0,0.0,0.0,0.0,0.0,0.0,0.0,0.0,0.0,0.0,2.46,0.0,0.0,0.0,0.0,0.0,1.04,0.0,0.0,3.69,4.03,0.0,0.0,0.0,0.0,3.0,3.46,0.0,0.0,0.0,2.92,3.74,0.0,1.0,0.0,2.0,0.0,3.0,0.0,1.0,0.0,3.0,0.0,2.98,2.01,2.7,0.0,2.42,0.0,2.71,0.0,3.59,0.0,2.5,1.47,2.61,1.43,2.8,2.27,0.0,0.0,2.95,2.68,2.38,0.0,0.0,0.0,2.58,0.0,0.0,0.0,1.86,0.0,3.02,2.23,0.0,0.0,2.7,3.25,3.0,3.12,2.38,3.39,3.1,3.69,3.28,2.08,2.78,0.0,0.0,2.69,0.0,0.0,0.0,0.0,0.0,0.0,0.0,0.0,0.0,0.0,0.0,0.0,0.0,0.0,0.0,0.0,0.0,0.0,0.0,0.0,0.0,0.0,0.0,3.05,0.0,0.0,0.0,0.0,0.0,0.0,0.0,2.32,0.0,0.0,0.0,0.0,3.25,0.0,0.0,0.0,0.0,1.14,1.44,0.0,0.0,0.0,0.0,0.0,0.0,0.0,3.14
40411254,0.0,0.0,0.0,0.0,0.0,0.0,0.0,0.0,3.85,0.0,0.0,0.0,2.33,0.0,0.0,0.0,0.0,0.0,0.0,3.58,0.0,0.0,0.0,0.0,0.0,1.89,0.0,0.0,0.0,4.9,0.0,4.4,0.0,5.0,4.0,4.38,0.0,0.0,3.63,3.93,4.96,3.36,3.0,2.91,3.0,0.0,3.0,0.0,3.0,0.0,3.0,0.0,4.07,0.0,4.0,3.83,3.08,0.0,3.63,0.0,4.64,0.0,3.45,2.29,3.0,0.0,4.35,3.81,0.0,4.26,4.0,3.54,3.42,0.0,4.07,0.0,0.0,0.0,3.61,0.0,0.0,5.0,0.0,0.0,0.0,0.0,3.82,3.97,3.0,4.03,3.36,4.52,4.11,4.68,4.38,3.1,3.72,4.0,4.54,5.0,0.0,0.0,0.0,0.0,0.0,0.0,0.0,0.0,0.0,0.0,0.0,0.0,0.0,0.0,0.0,0.0,0.0,0.0,0.0,0.0,0.0,0.0,0.0,4.27,0.0,0.0,0.0,0.0,0.0,0.0,0.0,3.2,0.0,0.0,0.0,0.0,4.4,0.0,0.0,0.0,0.0,2.0,1.88,0.0,2.0,0.0,0.0,0.0,0.0,0.0,4.15
40411255,0.0,0.0,3.46,0.0,0.0,0.0,0.0,0.0,3.72,0.0,0.0,0.0,0.0,0.0,0.0,0.0,0.0,0.0,0.0,3.46,0.0,0.0,0.0,0.0,0.0,0.0,0.0,0.0,4.69,4.93,0.0,4.23,0.0,4.29,4.0,4.57,0.0,0.0,0.0,3.93,4.63,0.0,3.0,2.91,3.0,3.51,5.0,0.0,5.0,0.0,4.0,0.0,3.91,3.01,4.0,3.91,3.43,0.0,3.92,0.0,4.5,0.0,3.44,0.0,4.0,2.75,3.8,3.6,0.0,3.49,5.0,3.8,3.31,0.0,3.78,0.0,4.0,0.0,0.0,4.3,2.86,0.0,4.02,3.23,0.0,0.0,3.6,4.35,4.0,4.02,3.6,4.44,4.02,4.62,4.21,2.99,3.7,4.0,4.62,5.0,0.0,0.0,0.0,0.0,0.0,0.0,0.0,0.0,0.0,0.0,0.0,0.0,0.0,0.0,0.0,0.0,0.0,0.0,0.0,0.0,0.0,0.0,0.0,3.97,0.0,0.0,0.0,0.0,0.0,0.0,0.0,3.32,0.0,0.0,0.0,0.0,4.13,0.0,0.0,0.0,0.0,0.0,2.47,0.0,0.0,0.0,0.0,0.0,0.0,0.0,3.98
40411256,0.0,0.0,3.46,0.0,0.0,0.0,0.0,0.0,3.44,0.0,0.0,0.0,1.67,0.0,0.0,0.0,0.0,0.0,0.0,3.18,0.0,0.0,0.0,0.0,0.0,0.89,0.0,0.0,4.92,4.57,0.0,3.79,0.0,3.5,3.0,4.03,0.0,0.0,3.63,3.93,4.33,0.0,3.0,2.91,3.0,2.51,2.0,0.0,2.0,0.0,3.0,0.0,3.52,3.01,4.0,2.91,2.91,0.0,3.37,0.0,4.02,0.0,3.01,1.96,3.0,2.25,3.8,3.07,0.0,2.29,4.0,3.18,2.83,0.0,2.68,0.0,3.34,0.0,0.0,3.3,2.86,0.0,4.02,3.23,0.0,0.0,3.24,3.63,3.0,3.5,3.03,3.94,3.53,4.21,3.79,2.47,3.23,4.0,3.62,3.0,0.0,0.0,0.0,0.0,0.0,0.0,0.0,0.0,0.0,0.0,0.0,0.0,0.0,0.0,0.0,0.0,0.0,0.0,0.0,0.0,0.0,0.0,0.0,3.63,0.0,0.0,0.0,0.0,0.0,0.0,0.0,2.9,0.0,0.0,0.0,0.0,3.44,0.0,0.0,0.0,0.0,1.0,1.4,0.0,0.0,0.0,0.0,0.0,0.0,0.0,3.56
40411257,0.0,0.0,0.0,0.0,0.0,0.0,0.0,0.0,4.04,0.0,0.0,0.0,0.89,0.0,0.0,0.0,0.0,0.0,0.0,3.94,0.0,0.0,0.0,0.0,0.0,1.37,0.0,0.0,0.0,4.75,0.0,3.78,0.0,0.0,4.0,3.91,0.0,0.0,0.0,0.0,4.96,0.0,2.0,0.0,3.0,0.0,2.0,0.0,3.0,0.0,2.0,0.0,3.89,0.0,3.63,0.0,0.0,0.0,2.59,0.0,4.19,0.0,3.1,2.47,3.13,0.0,0.0,0.0,0.0,0.0,3.29,3.8,3.15,0.0,0.0,0.0,0.0,0.0,0.0,0.0,0.0,0.0,0.0,0.0,0.0,0.0,3.93,3.85,2.88,3.79,2.81,4.55,3.83,4.55,4.12,2.82,3.59,0.0,0.0,3.54,0.0,0.0,0.0,0.0,0.0,0.0,0.0,0.0,0.0,0.0,0.0,0.0,0.0,0.0,0.0,0.0,0.0,0.0,0.0,0.0,0.0,0.0,0.0,4.29,0.0,0.0,0.0,0.0,0.0,0.0,0.0,2.2,0.0,0.0,0.0,0.0,3.87,0.0,0.0,0.0,0.0,1.54,0.85,0.0,0.0,0.0,0.0,0.0,0.0,0.0,4.14
40411258,0.0,0.0,1.46,0.0,0.0,0.0,0.0,0.0,2.94,0.0,0.0,0.0,2.32,0.0,0.0,0.0,0.0,0.0,0.0,2.84,0.0,0.0,0.0,0.0,0.0,2.04,0.0,0.0,4.46,4.37,0.0,3.86,0.0,3.5,4.0,3.32,0.0,0.0,3.63,1.93,4.23,0.0,1.0,0.91,1.0,2.51,4.0,0.0,2.0,0.0,3.0,0.0,3.01,1.01,3.0,2.91,2.29,0.0,2.68,0.0,3.49,0.0,2.45,2.36,3.0,1.25,1.8,2.14,0.0,2.29,4.0,2.75,2.19,0.0,2.68,0.0,2.67,0.0,3.0,3.3,0.86,0.0,2.02,1.23,0.0,0.0,2.58,3.46,3.0,3.16,2.46,3.33,3.08,3.64,3.24,1.97,2.61,2.0,3.62,3.0,0.0,0.0,0.0,0.0,0.0,0.0,0.0,0.0,0.0,0.0,0.0,0.0,0.0,0.0,0.0,0.0,0.0,0.0,1.0,0.0,0.0,0.0,0.0,2.88,0.0,0.0,0.0,0.0,0.0,0.0,0.0,2.25,0.0,0.0,0.0,0.0,3.58,0.0,0.0,0.0,0.0,2.14,1.51,0.0,0.0,0.0,0.0,0.0,0.0,0.0,3.06
40411259,0.0,0.0,0.0,0.0,0.0,0.0,0.0,0.0,1.73,0.0,0.0,0.0,0.0,0.0,0.0,0.0,0.0,0.0,0.0,0.0,0.0,0.0,0.0,0.0,0.0,0.0,0.0,0.0,0.0,2.93,0.0,2.23,0.0,0.0,4.0,2.33,0.0,0.0,0.0,1.93,0.0,0.0,1.0,0.91,1.01,0.0,3.0,0.0,0.54,0.0,1.69,0.0,1.92,0.0,0.0,0.0,1.11,0.0,1.73,0.0,2.51,0.0,1.45,0.0,1.38,0.0,0.0,0.0,0.0,0.0,1.71,1.48,1.32,0.0,0.0,0.0,0.0,0.0,0.0,0.0,0.0,0.0,0.0,0.0,0.0,0.0,1.61,1.98,1.41,2.03,1.39,2.28,2.03,2.63,2.22,1.0,1.71,2.0,0.0,0.0,0.0,0.0,0.0,0.0,0.0,0.0,0.0,0.0,0.0,0.0,0.0,0.0,0.0,0.0,0.0,0.0,0.0,0.0,0.0,0.0,0.0,0.0,0.0,1.98,0.0,0.0,0.0,0.0,0.0,0.0,0.0,0.0,0.0,0.0,0.0,0.0,0.0,0.0,0.0,0.0,0.0,0.0,0.0,0.0,0.0,0.0,0.0,0.0,0.0,0.0,1.98
40411260,0.0,0.0,0.0,0.0,0.0,0.0,0.0,0.0,0.0,0.0,0.0,0.0,0.0,0.0,0.0,0.0,0.0,0.0,0.0,0.0,0.0,0.0,0.0,0.0,0.0,0.0,0.0,0.0,0.0,0.0,0.0,0.0,0.0,2.29,0.0,2.95,0.0,0.0,0.0,0.0,0.0,0.0,1.62,0.0,1.63,1.51,1.75,0.0,1.15,0.0,2.31,0.0,0.0,0.0,0.0,1.91,1.72,0.0,2.34,0.0,0.0,0.0,0.0,0.0,2.0,1.06,0.0,1.9,0.0,1.49,2.32,2.09,0.0,0.0,1.78,0.0,2.21,0.0,0.0,2.3,0.0,0.0,0.0,0.0,0.0,0.0,0.0,2.59,2.03,0.0,2.01,2.89,0.0,0.0,0.0,0.0,0.0,0.0,2.62,2.22,0.0,0.0,0.0,0.0,0.0,0.0,0.0,0.0,0.0,1.0,0.0,0.0,0.0,0.0,0.0,0.0,0.0,0.0,0.0,0.0,0.0,0.0,0.0,0.0,0.0,0.0,0.0,0.0,0.0,0.0,0.0,0.0,0.0,0.0,0.0,0.0,0.0,0.0,0.0,0.0,0.0,0.0,0.48,0.0,0.0,0.0,0.0,0.0,0.0,0.0,0.0
40411261,0.0,0.0,0.0,0.0,0.0,0.0,0.0,0.0,4.02,0.0,1.78,0.0,4.0,0.0,0.0,0.0,0.0,0.0,0.0,3.77,0.0,0.0,0.0,0.0,0.0,0.0,0.0,0.0,4.99,5.0,0.0,4.52,0.0,3.62,4.13,4.62,3.74,0.0,3.43,3.04,4.94,1.93,3.29,2.01,0.0,2.0,4.37,2.4,2.83,0.0,3.98,0.0,4.21,2.13,4.81,2.4,3.4,0.0,4.02,0.0,4.8,0.0,3.74,2.15,3.0,0.0,0.0,0.0,0.0,1.97,4.0,3.77,0.0,2.01,2.27,0.0,0.0,2.58,2.18,0.0,0.0,3.75,3.13,2.34,0.0,0.0,0.0,4.27,3.71,4.32,3.68,4.57,4.32,4.92,4.51,0.0,0.0,0.0,0.0,3.9,0.0,0.0,0.0,0.0,0.0,0.0,0.0,0.0,0.0,0.0,0.0,0.0,0.0,0.0,0.0,0.0,0.0,0.0,0.0,0.0,0.0,0.0,0.0,0.0,0.0,0.0,0.0,0.0,0.0,0.0,0.0,3.63,2.08,0.0,0.0,0.0,0.0,0.0,0.0,0.0,0.0,0.0,2.16,0.0,0.0,0.0,0.0,0.0,0.0,0.0,0.0
40411263,0.0,0.0,0.0,0.0,0.0,0.0,0.0,0.0,1.14,0.0,0.0,0.0,0.0,0.0,0.0,0.0,0.0,0.0,0.0,0.9,0.0,0.0,0.0,0.0,0.0,0.0,0.0,0.0,1.99,2.31,0.0,1.59,0.0,1.13,1.26,1.84,0.0,0.0,0.0,0.0,1.94,0.36,0.47,0.0,0.63,0.51,0.62,0.0,0.04,0.0,1.21,0.0,1.36,0.0,1.0,0.87,0.58,0.0,1.23,0.0,1.99,0.0,0.86,0.0,1.0,0.06,1.35,0.85,0.0,0.49,1.0,0.98,0.85,0.0,0.74,0.0,1.21,0.0,0.61,1.3,0.0,2.18,0.0,0.0,0.0,0.0,0.0,1.43,0.89,1.47,0.88,1.82,1.51,2.09,1.66,0.53,1.24,0.0,1.58,1.0,0.0,0.0,0.0,0.0,0.0,0.0,0.0,0.0,0.0,0.0,0.0,0.0,0.0,0.0,0.0,0.0,0.0,0.0,0.0,0.0,0.0,0.0,0.0,1.51,0.0,0.0,0.0,0.0,0.0,0.0,0.0,0.63,0.0,0.0,0.0,0.0,1.68,0.0,0.0,0.0,0.0,0.0,0.0,0.0,0.0,0.0,0.0,0.0,0.0,0.0,1.51
40411264,0.0,0.0,0.0,0.0,0.0,0.0,0.0,0.0,1.64,0.0,0.0,0.0,0.0,0.0,0.0,0.0,0.0,0.0,0.0,1.35,0.0,0.0,0.0,0.0,0.0,0.0,0.0,0.0,2.99,2.94,0.0,2.28,0.0,1.62,1.72,2.08,0.0,0.0,0.0,0.0,2.94,0.36,0.92,0.0,0.63,0.51,0.96,0.0,0.33,0.0,1.5,0.0,1.73,0.0,1.0,0.87,0.93,0.0,1.46,0.0,2.18,0.0,1.37,0.44,1.0,0.06,1.35,0.85,0.0,0.49,2.0,1.32,0.85,0.0,0.74,0.0,1.21,0.0,0.61,1.3,0.0,2.18,0.0,0.0,0.0,0.0,0.0,1.9,1.24,1.83,1.21,1.93,1.71,2.39,2.03,0.53,1.24,0.0,1.58,1.0,0.0,0.0,0.0,0.0,0.0,0.0,0.0,0.0,0.0,0.0,0.0,0.0,0.0,0.0,0.0,0.0,0.0,0.0,0.0,0.0,0.0,0.0,0.0,1.51,0.0,0.0,0.0,0.0,0.0,0.0,0.0,1.63,0.0,0.0,0.0,0.0,1.68,0.0,0.0,0.0,0.0,0.0,0.0,0.0,0.0,0.0,0.0,0.0,0.0,0.0,1.51
40411265,0.0,0.0,0.0,0.0,0.0,0.0,0.0,0.0,2.02,0.0,0.0,0.0,0.32,0.0,0.0,0.0,0.0,0.0,0.0,1.77,0.0,0.0,0.0,0.0,0.0,0.0,0.0,0.0,2.99,3.22,0.0,2.52,0.0,1.64,2.13,2.62,0.0,0.0,0.0,0.0,2.94,0.0,1.29,0.0,0.0,0.0,1.43,0.0,0.83,0.0,1.98,0.0,2.21,0.0,1.76,0.0,1.4,0.0,2.02,0.0,2.8,0.0,1.74,0.6,2.0,0.0,0.0,0.0,0.0,0.26,2.0,1.77,0.0,0.0,0.55,0.0,0.0,0.0,0.0,0.0,0.0,0.0,0.0,0.0,0.0,0.0,0.0,2.27,1.71,2.32,1.68,2.57,2.32,2.92,2.51,0.0,0.0,0.0,0.0,1.0,0.0,0.0,0.0,0.0,0.0,0.0,0.0,0.0,0.0,0.0,0.0,0.0,0.0,0.0,0.0,0.0,0.0,0.0,0.0,0.0,0.0,0.0,0.0,0.0,0.0,0.0,0.0,0.0,0.0,0.0,0.0,1.63,0.0,0.0,0.0,0.0,0.0,0.0,0.0,0.0,0.0,0.0,0.16,0.0,0.0,0.0,0.0,0.0,0.0,0.0,0.0
40511101,0.0,0.0,0.0,0.0,0.0,0.0,0.0,0.0,0.0,0.0,0.78,0.0,0.0,0.0,0.0,0.0,0.0,0.0,0.0,0.0,0.0,0.0,0.0,0.0,0.0,0.0,0.0,0.0,0.0,0.0,0.0,0.0,0.0,3.0,0.0,0.0,3.42,0.0,2.43,2.94,3.5,1.0,0.0,1.05,0.0,1.0,0.0,1.4,0.0,2.66,0.0,1.42,0.0,1.53,1.64,1.91,0.0,0.0,0.0,2.35,0.0,3.54,0.0,0.71,2.26,0.62,2.58,0.0,2.77,1.29,3.03,0.0,0.0,1.48,2.05,2.7,2.92,2.13,1.75,3.01,1.66,3.2,2.19,1.75,2.98,2.8,2.93,0.0,0.0,0.0,0.0,0.0,0.0,0.0,0.0,0.0,0.0,0.0,0.0,2.93,0.0,0.0,0.0,0.0,3.15,1.32,0.0,0.0,0.0,0.0,0.0,0.0,0.0,0.0,0.0,0.0,0.0,0.0,0.0,0.0,0.0,0.0,0.0,0.0,0.0,0.0,0.0,2.7,0.0,0.0,0.0,0.0,1.08,0.0,0.0,0.0,0.0,0.0,0.0,0.0,0.0,0.0,0.0,0.0,0.0,0.0,0.0,0.0,0.0,0.0,0.0
40511102,0.0,0.0,0.0,0.0,0.0,0.0,0.0,0.0,0.0,0.0,0.0,0.0,0.0,0.0,0.0,0.0,0.0,0.0,0.0,0.0,0.0,0.0,0.0,0.0,0.0,0.0,0.0,0.0,0.0,0.0,0.0,0.0,0.0,5.0,0.0,0.0,5.0,0.0,0.0,5.0,5.0,5.0,0.0,5.0,0.0,3.0,0.0,0.0,0.0,4.66,0.0,3.42,0.0,4.78,5.0,4.62,0.0,0.0,0.0,4.35,0.0,5.0,0.0,4.13,4.71,4.62,5.0,0.0,4.77,4.69,5.0,0.0,0.0,4.62,4.58,5.0,4.92,5.0,4.65,5.0,4.59,5.0,5.0,4.97,5.0,4.8,4.93,0.0,0.0,0.0,0.0,0.0,0.0,0.0,0.0,0.0,0.0,0.0,0.0,4.93,0.0,0.0,0.0,0.0,5.0,5.0,0.0,0.0,0.0,0.0,0.0,0.0,0.0,0.0,0.0,0.0,0.0,0.0,0.0,0.0,0.0,0.0,0.0,0.0,0.0,0.0,0.0,5.0,0.0,0.0,0.0,0.0,0.0,0.0,0.0,0.0,0.0,0.0,0.0,0.0,0.0,0.0,0.0,0.0,0.0,0.0,0.0,0.0,0.0,0.0,0.0
40511103,0.0,0.0,0.0,0.0,0.0,0.0,0.0,0.0,0.0,0.0,0.0,0.0,0.0,0.0,0.0,0.0,0.0,0.0,0.0,0.0,0.0,0.0,0.0,0.0,0.0,0.0,0.0,0.0,0.0,0.0,0.0,0.0,0.0,2.0,0.0,0.0,2.91,0.0,0.0,2.25,2.91,1.0,0.0,1.08,0.0,1.0,0.0,0.0,0.0,1.66,0.0,0.42,0.0,1.27,1.64,1.62,0.0,0.0,0.0,1.35,0.0,2.54,0.0,0.55,1.71,0.62,2.07,0.0,1.77,1.1,2.03,0.0,0.0,1.16,1.47,2.1,1.92,1.73,1.35,2.01,1.13,2.91,2.2,1.49,2.44,1.8,1.93,0.0,0.0,0.0,0.0,0.0,0.0,0.0,0.0,0.0,0.0,0.0,0.0,1.93,0.0,0.0,0.0,0.0,3.15,1.32,0.0,0.0,0.0,0.0,0.0,0.0,0.0,0.0,0.0,0.0,0.0,0.0,0.0,0.0,0.0,0.0,0.0,0.0,0.0,0.0,0.0,2.22,0.0,0.0,0.0,0.0,0.0,0.0,0.0,0.0,0.0,0.0,0.0,0.0,0.0,0.0,0.0,0.0,0.0,0.0,0.0,0.0,0.0,0.0,0.0
40511104,0.0,0.0,0.0,0.0,0.0,0.0,0.0,0.0,0.0,0.0,3.78,0.0,0.0,0.0,0.0,0.0,0.0,0.0,0.0,0.0,0.0,0.0,0.0,0.0,0.0,0.0,0.0,0.0,0.0,0.0,0.0,0.0,0.0,5.0,0.0,0.0,5.0,0.0,5.0,5.0,4.68,1.0,0.0,2.35,0.0,4.0,0.0,4.4,0.0,4.66,0.0,3.42,0.0,3.22,1.64,4.49,0.0,0.0,0.0,4.35,0.0,5.0,0.0,2.54,4.63,0.62,3.6,0.0,4.77,3.01,5.0,0.0,0.0,3.17,4.18,3.89,4.92,3.68,3.73,5.0,2.74,5.0,2.66,3.54,4.06,4.8,4.93,0.0,0.0,0.0,0.0,0.0,0.0,0.0,0.0,0.0,0.0,0.0,0.0,4.93,0.0,0.0,0.0,0.0,3.15,1.32,0.0,0.0,0.0,0.0,0.0,0.0,0.0,0.0,0.0,0.0,0.0,0.0,0.0,0.0,0.0,0.0,0.0,0.0,0.0,0.0,0.0,3.66,0.0,0.0,0.0,0.0,4.08,0.0,0.0,0.0,0.0,0.0,0.0,0.0,0.0,0.0,0.0,0.0,0.0,0.0,0.0,0.0,0.0,0.0,0.0
40511105,0.0,0.0,0.0,0.0,0.0,0.0,0.0,0.0,0.0,0.0,3.78,0.0,0.0,0.0,0.0,0.0,0.0,0.0,0.0,0.0,0.0,0.0,0.0,0.0,0.0,0.0,0.0,0.0,0.0,0.0,0.0,0.0,0.0,5.0,0.0,0.0,5.0,0.0,5.0,5.0,5.0,3.0,0.0,3.48,0.0,4.0,0.0,4.4,0.0,4.66,0.0,3.42,0.0,3.89,3.64,4.49,0.0,0.0,0.0,4.35,0.0,5.0,0.0,3.17,4.63,2.62,4.58,0.0,4.77,3.7,5.0,0.0,0.0,3.8,4.34,4.7,4.92,4.36,4.1,5.0,3.66,5.0,4.35,4.14,4.98,4.8,4.93,0.0,0.0,0.0,0.0,0.0,0.0,0.0,0.0,0.0,0.0,0.0,0.0,4.93,0.0,0.0,0.0,0.0,5.0,3.32,0.0,0.0,0.0,0.0,0.0,0.0,0.0,0.0,0.0,0.0,0.0,0.0,0.0,0.0,0.0,0.0,0.0,0.0,0.0,0.0,0.0,4.7,0.0,0.0,0.0,0.0,4.08,0.0,0.0,0.0,0.0,0.0,0.0,0.0,0.0,0.0,0.0,0.0,0.0,0.0,0.0,0.0,0.0,0.0,0.0
40511107,0.0,0.0,0.0,0.0,0.0,0.0,0.0,0.0,0.0,0.0,4.78,0.0,0.0,0.0,0.0,0.0,0.0,0.0,0.0,0.0,0.0,0.0,0.0,0.0,0.0,0.0,0.0,0.0,0.0,0.0,0.0,0.0,0.0,5.0,0.0,0.0,5.0,0.0,5.0,5.0,5.0,2.0,0.0,3.35,0.0,5.0,0.0,5.0,0.0,4.66,0.0,3.42,0.0,3.91,2.64,5.0,0.0,0.0,0.0,4.35,0.0,5.0,0.0,3.32,5.0,1.62,4.09,0.0,4.77,3.76,5.0,0.0,0.0,3.8,4.55,4.29,4.92,4.25,4.27,5.0,3.2,5.0,3.66,4.22,4.52,4.8,4.93,0.0,0.0,0.0,0.0,0.0,0.0,0.0,0.0,0.0,0.0,0.0,0.0,4.93,0.0,0.0,0.0,0.0,4.15,2.32,0.0,0.0,0.0,0.0,0.0,0.0,0.0,0.0,0.0,0.0,0.0,0.0,0.0,0.0,0.0,0.0,0.0,0.0,0.0,0.0,0.0,4.18,0.0,0.0,0.0,0.0,5.0,0.0,0.0,0.0,0.0,0.0,0.0,0.0,0.0,0.0,0.0,0.0,0.0,0.0,0.0,0.0,0.0,0.0,0.0
40511108,0.0,0.0,0.0,0.0,0.0,0.0,0.0,0.0,0.0,0.0,0.0,0.0,0.0,0.0,0.0,0.0,0.0,0.0,0.0,0.0,0.0,0.0,0.0,0.0,0.0,0.0,0.0,0.0,0.0,0.0,0.0,0.0,0.0,4.0,0.0,0.0,4.91,0.0,0.0,4.25,4.91,3.0,0.0,3.08,0.0,2.0,0.0,0.0,0.0,3.66,0.0,2.42,0.0,3.27,3.64,3.62,0.0,0.0,0.0,3.35,0.0,4.54,0.0,2.55,3.71,2.62,4.07,0.0,3.77,3.1,4.03,0.0,0.0,3.16,3.47,4.1,3.92,3.73,3.35,4.01,3.13,4.91,4.2,3.49,4.44,3.8,3.93,0.0,0.0,0.0,0.0,0.0,0.0,0.0,0.0,0.0,0.0,0.0,0.0,3.93,0.0,0.0,0.0,0.0,5.0,3.32,0.0,0.0,0.0,0.0,0.0,0.0,0.0,0.0,0.0,0.0,0.0,0.0,0.0,0.0,0.0,0.0,0.0,0.0,0.0,0.0,0.0,4.22,0.0,0.0,0.0,0.0,0.0,0.0,0.0,0.0,0.0,0.0,0.0,0.0,0.0,0.0,0.0,0.0,0.0,0.0,0.0,0.0,0.0,0.0,0.0
40511109,0.0,0.0,0.0,0.0,0.0,0.0,0.0,0.0,0.0,0.0,0.78,0.0,0.0,0.0,0.0,0.0,0.0,0.0,0.0,0.0,0.0,0.0,0.0,0.0,0.0,0.0,0.0,0.0,0.0,0.0,0.0,0.0,0.0,4.0,0.0,0.0,4.3,0.0,2.43,3.76,4.97,2.0,0.0,1.01,0.0,1.0,0.0,1.4,0.0,3.66,0.0,2.42,0.0,2.16,0.0,2.32,0.0,0.0,0.0,3.35,0.0,4.54,0.0,1.13,2.88,0.0,4.14,0.0,3.77,1.8,4.03,0.0,0.0,2.2,2.79,4.16,3.92,3.02,2.42,4.01,3.2,3.81,2.13,2.35,4.51,3.8,3.93,0.0,0.0,0.0,0.0,0.0,0.0,0.0,0.0,0.0,0.0,0.0,0.0,3.93,0.0,0.0,0.0,0.0,0.0,0.0,0.0,0.0,0.0,0.0,0.0,0.0,0.0,0.0,0.0,0.0,0.0,0.0,0.0,0.0,0.0,0.0,0.0,0.0,0.0,0.0,0.0,4.3,0.0,0.0,0.0,0.0,1.08,0.0,0.0,0.0,0.0,0.0,0.0,0.0,0.0,0.0,0.0,0.0,0.0,0.0,0.0,0.0,0.0,0.0,0.0
40511111,0.0,0.0,0.0,0.0,0.0,0.0,0.0,0.0,0.0,0.0,0.78,0.0,0.0,0.0,0.0,0.0,0.0,0.0,0.0,0.0,0.0,0.0,0.0,0.0,0.0,0.0,0.0,0.0,0.0,0.0,0.0,0.0,0.0,3.0,0.0,0.0,3.27,0.0,2.43,2.24,3.82,2.0,0.0,1.61,0.0,1.0,0.0,1.4,0.0,0.0,0.0,0.0,0.0,1.64,2.64,1.4,0.0,0.0,0.0,0.0,0.0,0.0,0.0,0.85,1.49,1.62,2.99,0.0,0.0,1.46,0.0,0.0,0.0,1.54,1.49,3.01,0.0,2.22,1.55,0.0,2.04,3.17,3.03,1.81,3.35,0.0,0.0,0.0,0.0,0.0,0.0,0.0,0.0,0.0,0.0,0.0,0.0,0.0,0.0,0.0,0.0,0.0,0.0,0.0,4.15,2.32,0.0,0.0,0.0,0.0,0.0,0.0,0.0,0.0,0.0,0.0,0.0,0.0,0.0,0.0,0.0,0.0,0.0,0.0,0.0,0.0,0.0,3.15,0.0,0.0,0.0,0.0,1.08,0.0,0.0,0.0,0.0,0.0,0.0,0.0,0.0,0.0,0.0,0.0,0.0,0.0,0.0,0.0,0.0,0.0,0.0
40511112,0.0,0.0,0.0,0.0,0.0,0.0,0.0,0.0,0.0,0.0,0.78,0.0,0.0,0.0,0.0,0.0,0.0,0.0,0.0,0.0,0.0,0.0,0.0,0.0,0.0,0.0,0.0,0.0,0.0,0.0,0.0,0.0,0.0,1.0,0.0,0.0,2.33,0.0,2.43,1.46,2.31,1.0,0.0,1.05,0.0,1.0,0.0,1.4,0.0,0.66,0.0,0.0,0.0,0.9,1.64,1.08,0.0,0.0,0.0,0.35,0.0,1.54,0.0,0.26,1.0,0.62,1.56,0.0,0.77,0.81,1.03,0.0,0.0,0.74,0.78,1.5,0.92,1.27,0.84,1.01,0.59,2.49,2.19,1.12,1.89,0.8,0.93,0.0,0.0,0.0,0.0,0.0,0.0,0.0,0.0,0.0,0.0,0.0,0.0,0.93,0.0,0.0,0.0,0.0,3.15,1.32,0.0,0.0,0.0,0.0,0.0,0.0,0.0,0.0,0.0,0.0,0.0,0.0,0.0,0.0,0.0,0.0,0.0,0.0,0.0,0.0,0.0,1.74,0.0,0.0,0.0,0.0,1.08,0.0,0.0,0.0,0.0,0.0,0.0,0.0,0.0,0.0,0.0,0.0,0.0,0.0,0.0,0.0,0.0,0.0,0.0
40511114,0.0,0.0,0.0,0.0,0.0,0.0,0.0,0.0,0.0,0.0,0.78,0.0,0.0,0.0,0.0,0.0,0.0,0.0,0.0,0.0,0.0,0.0,0.0,0.0,0.0,0.0,0.0,0.0,0.0,0.0,0.0,0.0,0.0,2.0,0.0,0.0,2.87,0.0,2.43,2.2,2.91,1.0,0.0,1.05,0.0,1.0,0.0,1.4,0.0,1.66,0.0,0.42,0.0,1.22,1.64,1.49,0.0,0.0,0.0,1.35,0.0,2.54,0.0,0.49,1.63,0.62,2.07,0.0,1.77,1.05,2.03,0.0,0.0,1.11,1.41,2.1,1.92,1.7,1.29,2.01,1.13,2.84,2.19,1.43,2.44,1.8,1.93,0.0,0.0,0.0,0.0,0.0,0.0,0.0,0.0,0.0,0.0,0.0,0.0,1.93,0.0,0.0,0.0,0.0,3.15,1.32,0.0,0.0,0.0,0.0,0.0,0.0,0.0,0.0,0.0,0.0,0.0,0.0,0.0,0.0,0.0,0.0,0.0,0.0,0.0,0.0,0.0,2.22,0.0,0.0,0.0,0.0,1.08,0.0,0.0,0.0,0.0,0.0,0.0,0.0,0.0,0.0,0.0,0.0,0.0,0.0,0.0,0.0,0.0,0.0,0.0
40511115,0.0,0.0,0.0,0.0,0.0,0.0,0.0,0.0,0.0,0.0,0.0,0.0,0.0,0.0,0.0,0.0,0.0,0.0,0.0,0.0,0.0,0.0,0.0,0.0,0.0,0.0,0.0,0.0,0.0,0.0,0.0,0.0,0.0,1.0,0.0,0.0,0.0,0.0,0.0,0.0,0.0,1.0,0.0,0.0,0.0,1.0,0.0,0.0,0.0,0.0,0.0,0.0,0.0,0.0,0.0,0.0,0.0,0.0,0.0,0.0,0.0,0.0,0.0,0.0,0.0,0.0,0.0,0.0,0.0,0.0,0.0,0.0,0.0,0.0,0.0,0.0,0.0,0.0,0.0,0.0,0.0,0.0,0.0,0.0,0.0,0.0,0.0,0.0,0.0,0.0,0.0,0.0,0.0,0.0,0.0,0.0,0.0,0.0,0.0,0.0,0.0,0.0,0.0,0.0,0.0,0.0,0.0,0.0,0.0,0.0,0.0,0.0,0.0,0.0,0.0,0.0,0.0,0.0,0.0,0.0,0.0,0.0,0.0,0.0,0.0,0.0,0.0,0.0,0.0,0.0,0.0,0.0,0.0,0.0,0.0,0.0,0.0,0.0,0.0,0.0,0.0,0.0,0.0,0.0,0.0,0.0,0.0,0.0,0.0,0.0,0.0
40511117,0.0,0.0,0.0,0.0,0.0,0.0,0.0,0.0,0.0,0.0,0.78,0.0,0.0,0.0,0.0,0.0,0.0,0.0,0.0,0.0,0.0,0.0,0.0,0.0,0.0,0.0,0.0,0.0,0.0,0.0,0.0,0.0,0.0,4.0,0.0,0.0,3.96,0.0,2.43,3.68,4.09,1.0,0.0,1.05,0.0,1.0,0.0,1.4,0.0,3.66,0.0,2.42,0.0,1.84,1.64,2.32,0.0,0.0,0.0,3.35,0.0,4.54,0.0,0.93,2.88,0.62,3.09,0.0,3.77,1.54,4.03,0.0,0.0,1.85,2.68,3.29,3.92,2.55,2.2,4.01,2.2,3.56,2.19,2.07,3.52,3.8,3.93,0.0,0.0,0.0,0.0,0.0,0.0,0.0,0.0,0.0,0.0,0.0,0.0,3.93,0.0,0.0,0.0,0.0,3.15,1.32,0.0,0.0,0.0,0.0,0.0,0.0,0.0,0.0,0.0,0.0,0.0,0.0,0.0,0.0,0.0,0.0,0.0,0.0,0.0,0.0,0.0,3.18,0.0,0.0,0.0,0.0,1.08,0.0,0.0,0.0,0.0,0.0,0.0,0.0,0.0,0.0,0.0,0.0,0.0,0.0,0.0,0.0,0.0,0.0,0.0
40511118,0.0,0.0,0.0,0.0,0.0,0.0,0.0,0.0,0.0,0.0,1.78,0.0,0.0,0.0,0.0,0.0,0.0,0.0,0.0,0.0,0.0,0.0,0.0,0.0,0.0,0.0,0.0,0.0,0.0,0.0,0.0,0.0,0.0,4.0,0.0,0.0,3.77,0.0,3.43,3.05,3.82,2.0,0.0,2.05,0.0,2.0,0.0,2.4,0.0,0.0,0.0,0.0,0.0,2.16,2.64,2.4,0.0,0.0,0.0,0.0,0.0,0.0,0.0,1.44,2.49,1.62,2.99,0.0,0.0,2.01,0.0,0.0,0.0,2.04,2.28,3.01,0.0,2.62,2.2,0.0,2.04,3.78,3.19,2.37,3.35,0.0,0.0,0.0,0.0,0.0,0.0,0.0,0.0,0.0,0.0,0.0,0.0,0.0,0.0,0.0,0.0,0.0,0.0,0.0,4.15,2.32,0.0,0.0,0.0,0.0,0.0,0.0,0.0,0.0,0.0,0.0,0.0,0.0,0.0,0.0,0.0,0.0,0.0,0.0,0.0,0.0,0.0,3.15,0.0,0.0,0.0,0.0,2.08,0.0,0.0,0.0,0.0,0.0,0.0,0.0,0.0,0.0,0.0,0.0,0.0,0.0,0.0,0.0,0.0,0.0,0.0
40511119,0.0,0.0,0.0,0.0,0.0,0.0,0.0,0.0,0.0,0.0,1.78,0.0,0.0,0.0,0.0,0.0,0.0,0.0,0.0,0.0,0.0,0.0,0.0,0.0,0.0,0.0,0.0,0.0,0.0,0.0,0.0,0.0,0.0,5.0,0.0,0.0,5.0,0.0,3.43,4.76,5.0,4.0,0.0,2.01,0.0,2.0,0.0,2.4,0.0,4.66,0.0,3.42,0.0,3.16,0.0,3.32,0.0,0.0,0.0,4.35,0.0,5.0,0.0,2.13,3.88,0.0,5.0,0.0,4.77,2.8,5.0,0.0,0.0,3.2,3.79,5.0,4.92,4.02,3.42,5.0,4.2,4.81,3.13,3.35,5.0,4.8,4.93,0.0,0.0,0.0,0.0,0.0,0.0,0.0,0.0,0.0,0.0,0.0,0.0,4.93,0.0,0.0,0.0,0.0,0.0,0.0,0.0,0.0,0.0,0.0,0.0,0.0,0.0,0.0,0.0,0.0,0.0,0.0,0.0,0.0,0.0,0.0,0.0,0.0,0.0,0.0,0.0,5.0,0.0,0.0,0.0,0.0,2.08,0.0,0.0,0.0,0.0,0.0,0.0,0.0,0.0,0.0,0.0,0.0,0.0,0.0,0.0,0.0,0.0,0.0,0.0
40511120,0.0,0.0,0.0,0.0,0.0,0.0,0.0,0.0,0.0,0.0,0.78,0.0,0.0,0.0,0.0,0.0,0.0,0.0,0.0,0.0,0.0,0.0,0.0,0.0,0.0,0.0,0.0,0.0,0.0,0.0,0.0,0.0,0.0,1.0,0.0,0.0,2.74,0.0,2.43,2.04,0.0,1.0,0.0,1.01,0.0,1.0,0.0,1.4,0.0,0.0,0.0,0.0,0.0,1.13,0.0,1.4,0.0,0.0,0.0,0.0,0.0,0.0,0.0,0.42,1.49,0.0,0.0,0.0,0.0,0.97,0.0,0.0,0.0,1.01,1.27,0.0,0.0,1.58,1.18,0.0,0.0,2.75,2.13,1.34,0.0,0.0,0.0,0.0,0.0,0.0,0.0,0.0,0.0,0.0,0.0,0.0,0.0,0.0,0.0,0.0,0.0,0.0,0.0,0.0,0.0,0.0,0.0,0.0,0.0,0.0,0.0,0.0,0.0,0.0,0.0,0.0,0.0,0.0,0.0,0.0,0.0,0.0,0.0,0.0,0.0,0.0,0.0,0.0,0.0,0.0,0.0,0.0,1.08,0.0,0.0,0.0,0.0,0.0,0.0,0.0,0.0,0.0,0.0,0.0,0.0,0.0,0.0,0.0,0.0,0.0,0.0
40511121,0.0,0.0,0.0,0.0,0.0,0.0,0.0,0.0,0.0,0.0,1.78,0.0,0.0,0.0,0.0,0.0,0.0,0.0,0.0,0.0,0.0,0.0,0.0,0.0,0.0,0.0,0.0,0.0,0.0,0.0,0.0,0.0,0.0,3.0,0.0,0.0,3.64,0.0,3.43,3.15,3.5,1.0,0.0,1.48,0.0,2.0,0.0,2.4,0.0,2.66,0.0,1.42,0.0,1.89,1.64,2.49,0.0,0.0,0.0,2.35,0.0,3.54,0.0,1.17,2.63,0.62,2.58,0.0,2.77,1.7,3.03,0.0,0.0,1.8,2.34,2.7,2.92,2.36,2.1,3.01,1.66,3.59,2.35,2.14,2.98,2.8,2.93,0.0,0.0,0.0,0.0,0.0,0.0,0.0,0.0,0.0,0.0,0.0,0.0,2.93,0.0,0.0,0.0,0.0,3.15,1.32,0.0,0.0,0.0,0.0,0.0,0.0,0.0,0.0,0.0,0.0,0.0,0.0,0.0,0.0,0.0,0.0,0.0,0.0,0.0,0.0,0.0,2.7,0.0,0.0,0.0,0.0,2.08,0.0,0.0,0.0,0.0,0.0,0.0,0.0,0.0,0.0,0.0,0.0,0.0,0.0,0.0,0.0,0.0,0.0,0.0
40511122,0.0,0.0,0.0,0.0,0.0,0.0,0.0,0.0,0.0,0.0,0.0,0.0,0.0,0.0,0.0,0.0,0.0,0.0,0.0,0.0,0.0,0.0,0.0,0.0,0.0,0.0,0.0,0.0,0.0,0.0,0.0,0.0,0.0,2.0,0.0,0.0,3.5,0.0,0.0,2.37,3.72,3.0,0.0,3.08,0.0,1.0,0.0,0.0,0.0,1.66,0.0,0.42,0.0,2.3,3.64,1.62,0.0,0.0,0.0,1.35,0.0,2.54,0.0,1.72,1.71,2.62,3.05,0.0,1.77,2.28,2.03,0.0,0.0,2.08,1.69,2.91,1.92,2.62,1.94,2.01,2.05,3.73,4.2,2.46,3.35,1.8,1.93,0.0,0.0,0.0,0.0,0.0,0.0,0.0,0.0,0.0,0.0,0.0,0.0,1.93,0.0,0.0,0.0,0.0,5.0,3.32,0.0,0.0,0.0,0.0,0.0,0.0,0.0,0.0,0.0,0.0,0.0,0.0,0.0,0.0,0.0,0.0,0.0,0.0,0.0,0.0,0.0,3.27,0.0,0.0,0.0,0.0,0.0,0.0,0.0,0.0,0.0,0.0,0.0,0.0,0.0,0.0,0.0,0.0,0.0,0.0,0.0,0.0,0.0,0.0,0.0
40511123,0.0,0.0,0.0,0.0,0.0,0.0,0.0,0.0,0.0,0.0,0.78,0.0,0.0,0.0,0.0,0.0,0.0,0.0,0.0,0.0,0.0,0.0,0.0,0.0,0.0,0.0,0.0,0.0,0.0,0.0,0.0,0.0,0.0,4.0,0.0,0.0,3.96,0.0,2.43,3.68,4.09,1.0,0.0,1.05,0.0,1.0,0.0,1.4,0.0,3.66,0.0,2.42,0.0,1.84,1.64,2.32,0.0,0.0,0.0,3.35,0.0,4.54,0.0,0.93,2.88,0.62,3.09,0.0,3.77,1.54,4.03,0.0,0.0,1.85,2.68,3.29,3.92,2.55,2.2,4.01,2.2,3.56,2.19,2.07,3.52,3.8,3.93,0.0,0.0,0.0,0.0,0.0,0.0,0.0,0.0,0.0,0.0,0.0,0.0,3.93,0.0,0.0,0.0,0.0,3.15,1.32,0.0,0.0,0.0,0.0,0.0,0.0,0.0,0.0,0.0,0.0,0.0,0.0,0.0,0.0,0.0,0.0,0.0,0.0,0.0,0.0,0.0,3.18,0.0,0.0,0.0,0.0,1.08,0.0,0.0,0.0,0.0,0.0,0.0,0.0,0.0,0.0,0.0,0.0,0.0,0.0,0.0,0.0,0.0,0.0,0.0
40511125,0.0,0.0,0.0,0.0,0.0,0.0,0.0,0.0,0.0,0.0,0.0,0.0,0.0,0.0,0.0,0.0,0.0,0.0,0.0,0.0,0.0,0.0,0.0,0.0,0.0,0.0,0.0,0.0,0.0,0.0,0.0,0.0,0.0,3.0,0.0,0.0,2.8,0.0,0.0,2.1,2.82,1.0,0.0,1.08,0.0,1.0,0.0,0.0,0.0,0.0,0.0,0.0,0.0,1.19,1.64,0.0,0.0,0.0,0.0,0.0,0.0,0.0,0.0,0.48,0.0,0.62,1.99,0.0,0.0,1.04,0.0,0.0,0.0,1.08,1.34,2.01,0.0,1.65,1.25,0.0,1.04,2.82,2.2,1.41,2.35,0.0,0.0,0.0,0.0,0.0,0.0,0.0,0.0,0.0,0.0,0.0,0.0,0.0,0.0,0.0,0.0,0.0,0.0,0.0,3.15,1.32,0.0,0.0,0.0,0.0,0.0,0.0,0.0,0.0,0.0,0.0,0.0,0.0,0.0,0.0,0.0,0.0,0.0,0.0,0.0,0.0,0.0,2.15,0.0,0.0,0.0,0.0,0.0,0.0,0.0,0.0,0.0,0.0,0.0,0.0,0.0,0.0,0.0,0.0,0.0,0.0,0.0,0.0,0.0,0.0,0.0
40511127,0.0,0.0,0.0,0.0,0.0,0.0,0.0,0.0,0.0,0.0,0.0,0.0,0.0,0.0,0.0,0.0,0.0,0.0,0.0,0.0,0.0,0.0,0.0,0.0,0.0,0.0,0.0,0.0,0.0,0.0,0.0,0.0,0.0,4.0,0.0,0.0,4.61,0.0,0.0,4.18,4.5,2.0,0.0,2.08,0.0,2.0,0.0,0.0,0.0,3.66,0.0,2.42,0.0,2.75,2.64,3.62,0.0,0.0,0.0,3.35,0.0,4.54,0.0,1.96,3.71,1.62,3.58,0.0,3.77,2.52,4.03,0.0,0.0,2.7,3.36,3.7,3.92,3.29,3.06,4.01,2.66,4.49,3.2,3.01,3.98,3.8,3.93,0.0,0.0,0.0,0.0,0.0,0.0,0.0,0.0,0.0,0.0,0.0,0.0,3.93,0.0,0.0,0.0,0.0,4.15,2.32,0.0,0.0,0.0,0.0,0.0,0.0,0.0,0.0,0.0,0.0,0.0,0.0,0.0,0.0,0.0,0.0,0.0,0.0,0.0,0.0,0.0,3.7,0.0,0.0,0.0,0.0,0.0,0.0,0.0,0.0,0.0,0.0,0.0,0.0,0.0,0.0,0.0,0.0,0.0,0.0,0.0,0.0,0.0,0.0,0.0
40511128,0.0,0.0,0.0,0.0,0.0,0.0,0.0,0.0,0.0,0.0,0.0,0.0,0.0,0.0,0.0,0.0,0.0,0.0,0.0,0.0,0.0,0.0,0.0,0.0,0.0,0.0,0.0,0.0,0.0,0.0,0.0,0.0,0.0,1.0,0.0,0.0,2.21,0.0,0.0,1.31,2.31,1.0,0.0,1.08,0.0,1.0,0.0,0.0,0.0,0.66,0.0,0.0,0.0,0.78,1.64,0.62,0.0,0.0,0.0,0.35,0.0,1.54,0.0,0.13,0.71,0.62,1.56,0.0,0.77,0.69,1.03,0.0,0.0,0.62,0.58,1.5,0.92,1.18,0.65,1.01,0.59,2.32,2.2,0.97,1.89,0.8,0.93,0.0,0.0,0.0,0.0,0.0,0.0,0.0,0.0,0.0,0.0,0.0,0.0,0.93,0.0,0.0,0.0,0.0,3.15,1.32,0.0,0.0,0.0,0.0,0.0,0.0,0.0,0.0,0.0,0.0,0.0,0.0,0.0,0.0,0.0,0.0,0.0,0.0,0.0,0.0,0.0,1.74,0.0,0.0,0.0,0.0,0.0,0.0,0.0,0.0,0.0,0.0,0.0,0.0,0.0,0.0,0.0,0.0,0.0,0.0,0.0,0.0,0.0,0.0,0.0
40511129,0.0,0.0,0.0,0.0,0.0,0.0,0.0,0.0,0.0,0.0,0.0,0.0,0.0,0.0,0.0,0.0,0.0,0.0,0.0,0.0,0.0,0.0,0.0,0.0,0.0,0.0,0.0,0.0,0.0,0.0,0.0,0.0,0.0,5.0,0.0,0.0,5.0,0.0,0.0,5.0,5.0,5.0,0.0,5.0,0.0,4.0,0.0,0.0,0.0,4.66,0.0,3.42,0.0,4.78,5.0,4.62,0.0,0.0,0.0,4.35,0.0,5.0,0.0,4.13,4.71,4.62,5.0,0.0,4.77,4.69,5.0,0.0,0.0,4.62,4.58,5.0,4.92,5.0,4.65,5.0,4.59,5.0,5.0,4.97,5.0,4.8,4.93,0.0,0.0,0.0,0.0,0.0,0.0,0.0,0.0,0.0,0.0,0.0,0.0,4.93,0.0,0.0,0.0,0.0,5.0,5.0,0.0,0.0,0.0,0.0,0.0,0.0,0.0,0.0,0.0,0.0,0.0,0.0,0.0,0.0,0.0,0.0,0.0,0.0,0.0,0.0,0.0,5.0,0.0,0.0,0.0,0.0,0.0,0.0,0.0,0.0,0.0,0.0,0.0,0.0,0.0,0.0,0.0,0.0,0.0,0.0,0.0,0.0,0.0,0.0,0.0
40511130,0.0,0.0,0.0,0.0,0.0,0.0,0.0,0.0,0.0,0.0,1.78,0.0,0.0,0.0,0.0,0.0,0.0,0.0,0.0,0.0,0.0,0.0,0.0,0.0,0.0,0.0,0.0,0.0,0.0,0.0,0.0,0.0,0.0,4.0,0.0,0.0,5.0,0.0,3.43,3.62,5.0,5.0,0.0,3.75,0.0,2.0,0.0,2.4,0.0,0.0,0.0,0.0,0.0,3.6,5.0,2.4,0.0,0.0,0.0,0.0,0.0,0.0,0.0,2.65,2.49,4.62,5.0,0.0,0.0,3.38,0.0,0.0,0.0,3.54,2.91,5.0,0.0,4.4,3.24,0.0,5.0,4.95,5.0,3.68,5.0,0.0,0.0,0.0,0.0,0.0,0.0,0.0,0.0,0.0,0.0,0.0,0.0,0.0,0.0,0.0,0.0,0.0,0.0,0.0,5.0,5.0,0.0,0.0,0.0,0.0,0.0,0.0,0.0,0.0,0.0,0.0,0.0,0.0,0.0,0.0,0.0,0.0,0.0,0.0,0.0,0.0,0.0,5.0,0.0,0.0,0.0,0.0,2.08,0.0,0.0,0.0,0.0,0.0,0.0,0.0,0.0,0.0,0.0,0.0,0.0,0.0,0.0,0.0,0.0,0.0,0.0
40511131,0.0,0.0,0.0,0.0,0.0,0.0,0.0,0.0,0.0,0.0,0.78,0.0,0.0,0.0,0.0,0.0,0.0,0.0,0.0,0.0,0.0,0.0,0.0,0.0,0.0,0.0,0.0,0.0,0.0,0.0,0.0,0.0,0.0,5.0,0.0,0.0,5.0,0.0,2.43,4.57,5.0,4.0,0.0,2.75,0.0,1.0,0.0,1.4,0.0,4.66,0.0,3.42,0.0,3.15,4.64,2.74,0.0,0.0,0.0,4.35,0.0,5.0,0.0,2.09,3.51,3.62,5.0,0.0,4.77,2.82,5.0,0.0,0.0,3.16,3.55,5.0,4.92,4.0,3.22,5.0,4.13,4.67,4.72,3.28,5.0,4.8,4.93,0.0,0.0,0.0,0.0,0.0,0.0,0.0,0.0,0.0,0.0,0.0,0.0,4.93,0.0,0.0,0.0,0.0,5.0,4.32,0.0,0.0,0.0,0.0,0.0,0.0,0.0,0.0,0.0,0.0,0.0,0.0,0.0,0.0,0.0,0.0,0.0,0.0,0.0,0.0,0.0,5.0,0.0,0.0,0.0,0.0,1.08,0.0,0.0,0.0,0.0,0.0,0.0,0.0,0.0,0.0,0.0,0.0,0.0,0.0,0.0,0.0,0.0,0.0,0.0
40511133,0.0,0.0,0.0,0.0,0.0,0.0,0.0,0.0,0.0,0.0,2.78,0.0,0.0,0.0,0.0,0.0,0.0,0.0,0.0,0.0,0.0,0.0,0.0,0.0,0.0,0.0,0.0,0.0,0.0,0.0,0.0,0.0,0.0,5.0,0.0,0.0,4.74,0.0,4.43,4.04,0.0,5.0,0.0,3.01,0.0,3.0,0.0,3.4,0.0,0.0,0.0,0.0,0.0,3.13,0.0,3.4,0.0,0.0,0.0,0.0,0.0,0.0,0.0,2.42,3.49,0.0,0.0,0.0,0.0,2.97,0.0,0.0,0.0,3.01,3.27,0.0,0.0,3.58,3.18,0.0,0.0,4.75,4.13,3.34,0.0,0.0,0.0,0.0,0.0,0.0,0.0,0.0,0.0,0.0,0.0,0.0,0.0,0.0,0.0,0.0,0.0,0.0,0.0,0.0,0.0,0.0,0.0,0.0,0.0,0.0,0.0,0.0,0.0,0.0,0.0,0.0,0.0,0.0,0.0,0.0,0.0,0.0,0.0,0.0,0.0,0.0,0.0,0.0,0.0,0.0,0.0,0.0,3.08,0.0,0.0,0.0,0.0,0.0,0.0,0.0,0.0,0.0,0.0,0.0,0.0,0.0,0.0,0.0,0.0,0.0,0.0
40511134,0.0,0.0,0.0,0.0,0.0,0.0,0.0,0.0,0.0,0.0,1.78,0.0,0.0,0.0,0.0,0.0,0.0,0.0,0.0,0.0,0.0,0.0,0.0,0.0,0.0,0.0,0.0,0.0,0.0,0.0,0.0,0.0,0.0,5.0,0.0,0.0,3.74,0.0,3.43,3.04,0.0,5.0,0.0,2.01,0.0,2.0,0.0,2.4,0.0,0.0,0.0,0.0,0.0,2.13,0.0,2.4,0.0,0.0,0.0,0.0,0.0,0.0,0.0,1.42,2.49,0.0,0.0,0.0,0.0,1.97,0.0,0.0,0.0,2.01,2.27,0.0,0.0,2.58,2.18,0.0,0.0,3.75,3.13,2.34,0.0,0.0,0.0,0.0,0.0,0.0,0.0,0.0,0.0,0.0,0.0,0.0,0.0,0.0,0.0,0.0,0.0,0.0,0.0,0.0,0.0,0.0,0.0,0.0,0.0,0.0,0.0,0.0,0.0,0.0,0.0,0.0,0.0,0.0,0.0,0.0,0.0,0.0,0.0,0.0,0.0,0.0,0.0,0.0,0.0,0.0,0.0,0.0,2.08,0.0,0.0,0.0,0.0,0.0,0.0,0.0,0.0,0.0,0.0,0.0,0.0,0.0,0.0,0.0,0.0,0.0,0.0
40511135,0.0,0.0,0.0,0.0,0.0,0.0,0.0,0.0,0.0,0.0,1.78,0.0,0.0,0.0,0.0,0.0,0.0,0.0,0.0,0.0,0.0,0.0,0.0,0.0,0.0,0.0,0.0,0.0,0.0,0.0,0.0,0.0,0.0,4.0,0.0,0.0,4.87,0.0,3.43,4.04,5.0,4.0,0.0,3.18,0.0,2.0,0.0,2.4,0.0,3.66,0.0,2.42,0.0,3.19,4.64,2.91,0.0,0.0,0.0,3.35,0.0,4.54,0.0,2.33,3.26,3.62,4.56,0.0,3.77,2.99,4.03,0.0,0.0,3.11,3.2,4.5,3.92,3.81,3.12,4.01,3.59,4.71,4.88,3.35,4.89,3.8,3.93,0.0,0.0,0.0,0.0,0.0,0.0,0.0,0.0,0.0,0.0,0.0,0.0,3.93,0.0,0.0,0.0,0.0,5.0,4.32,0.0,0.0,0.0,0.0,0.0,0.0,0.0,0.0,0.0,0.0,0.0,0.0,0.0,0.0,0.0,0.0,0.0,0.0,0.0,0.0,0.0,4.74,0.0,0.0,0.0,0.0,2.08,0.0,0.0,0.0,0.0,0.0,0.0,0.0,0.0,0.0,0.0,0.0,0.0,0.0,0.0,0.0,0.0,0.0,0.0
40511136,0.0,0.0,0.0,0.0,0.0,0.0,0.0,0.0,0.0,0.0,1.78,0.0,0.0,0.0,0.0,0.0,0.0,0.0,0.0,0.0,0.0,0.0,0.0,0.0,0.0,0.0,0.0,0.0,0.0,0.0,0.0,0.0,0.0,5.0,0.0,0.0,4.96,0.0,3.43,4.68,5.0,2.0,0.0,2.05,0.0,2.0,0.0,2.4,0.0,4.66,0.0,3.42,0.0,2.84,2.64,3.32,0.0,0.0,0.0,4.35,0.0,5.0,0.0,1.93,3.88,1.62,4.09,0.0,4.77,2.54,5.0,0.0,0.0,2.85,3.68,4.29,4.92,3.55,3.2,5.0,3.2,4.56,3.19,3.07,4.52,4.8,4.93,0.0,0.0,0.0,0.0,0.0,0.0,0.0,0.0,0.0,0.0,0.0,0.0,4.93,0.0,0.0,0.0,0.0,4.15,2.32,0.0,0.0,0.0,0.0,0.0,0.0,0.0,0.0,0.0,0.0,0.0,0.0,0.0,0.0,0.0,0.0,0.0,0.0,0.0,0.0,0.0,4.18,0.0,0.0,0.0,0.0,2.08,0.0,0.0,0.0,0.0,0.0,0.0,0.0,0.0,0.0,0.0,0.0,0.0,0.0,0.0,0.0,0.0,0.0,0.0
40511138,0.0,0.0,0.0,0.0,0.0,0.0,0.0,0.0,0.0,0.0,0.78,0.0,0.0,0.0,0.0,0.0,0.0,0.0,0.0,0.0,0.0,0.0,0.0,0.0,0.0,0.0,0.0,0.0,0.0,0.0,0.0,0.0,0.0,3.0,0.0,0.0,3.6,0.0,2.43,2.99,3.97,1.0,0.0,1.01,0.0,1.0,0.0,1.4,0.0,2.66,0.0,1.42,0.0,1.7,0.0,1.91,0.0,0.0,0.0,2.35,0.0,3.54,0.0,0.81,2.26,0.0,3.14,0.0,2.77,1.43,3.03,0.0,0.0,1.67,2.11,3.16,2.92,2.37,1.86,3.01,2.2,3.33,2.13,1.89,3.51,2.8,2.93,0.0,0.0,0.0,0.0,0.0,0.0,0.0,0.0,0.0,0.0,0.0,0.0,2.93,0.0,0.0,0.0,0.0,0.0,0.0,0.0,0.0,0.0,0.0,0.0,0.0,0.0,0.0,0.0,0.0,0.0,0.0,0.0,0.0,0.0,0.0,0.0,0.0,0.0,0.0,0.0,3.3,0.0,0.0,0.0,0.0,1.08,0.0,0.0,0.0,0.0,0.0,0.0,0.0,0.0,0.0,0.0,0.0,0.0,0.0,0.0,0.0,0.0,0.0,0.0
40511139,0.0,0.0,0.0,0.0,0.0,0.0,0.0,0.0,0.0,0.0,0.0,0.0,0.0,0.0,0.0,0.0,0.0,0.0,0.0,0.0,0.0,0.0,0.0,0.0,0.0,0.0,0.0,0.0,0.0,0.0,0.0,0.0,0.0,3.0,0.0,0.0,3.61,0.0,0.0,3.18,3.5,1.0,0.0,1.08,0.0,1.0,0.0,0.0,0.0,2.66,0.0,1.42,0.0,1.75,1.64,2.62,0.0,0.0,0.0,2.35,0.0,3.54,0.0,0.96,2.71,0.62,2.58,0.0,2.77,1.52,3.03,0.0,0.0,1.7,2.36,2.7,2.92,2.29,2.06,3.01,1.66,3.49,2.2,2.01,2.98,2.8,2.93,0.0,0.0,0.0,0.0,0.0,0.0,0.0,0.0,0.0,0.0,0.0,0.0,2.93,0.0,0.0,0.0,0.0,3.15,1.32,0.0,0.0,0.0,0.0,0.0,0.0,0.0,0.0,0.0,0.0,0.0,0.0,0.0,0.0,0.0,0.0,0.0,0.0,0.0,0.0,0.0,2.7,0.0,0.0,0.0,0.0,0.0,0.0,0.0,0.0,0.0,0.0,0.0,0.0,0.0,0.0,0.0,0.0,0.0,0.0,0.0,0.0,0.0,0.0,0.0
40511141,0.0,0.0,0.0,0.0,0.0,0.0,0.0,0.0,0.0,0.0,0.0,0.0,0.0,0.0,0.0,0.0,0.0,0.0,0.0,0.0,0.0,0.0,0.0,0.0,0.0,0.0,0.0,0.0,0.0,0.0,0.0,0.0,0.0,4.0,0.0,0.0,2.8,0.0,0.0,2.1,2.82,1.0,0.0,1.08,0.0,1.0,0.0,0.0,0.0,0.0,0.0,0.0,0.0,1.19,1.64,0.0,0.0,0.0,0.0,0.0,0.0,0.0,0.0,0.48,0.0,0.62,1.99,0.0,0.0,1.04,0.0,0.0,0.0,1.08,1.34,2.01,0.0,1.65,1.25,0.0,1.04,2.82,2.2,1.41,2.35,0.0,0.0,0.0,0.0,0.0,0.0,0.0,0.0,0.0,0.0,0.0,0.0,0.0,0.0,0.0,0.0,0.0,0.0,0.0,3.15,1.32,0.0,0.0,0.0,0.0,0.0,0.0,0.0,0.0,0.0,0.0,0.0,0.0,0.0,0.0,0.0,0.0,0.0,0.0,0.0,0.0,0.0,2.15,0.0,0.0,0.0,0.0,0.0,0.0,0.0,0.0,0.0,0.0,0.0,0.0,0.0,0.0,0.0,0.0,0.0,0.0,0.0,0.0,0.0,0.0,0.0
40511142,0.0,0.0,0.0,0.0,0.0,0.0,0.0,0.0,0.0,0.0,0.0,0.0,0.0,0.0,0.0,0.0,0.0,0.0,0.0,0.0,0.0,0.0,0.0,0.0,0.0,0.0,0.0,0.0,0.0,0.0,0.0,0.0,0.0,3.0,0.0,0.0,0.0,0.0,0.0,0.0,0.0,3.0,0.0,0.0,0.0,3.0,0.0,0.0,0.0,0.0,0.0,0.0,0.0,0.0,0.0,0.0,0.0,0.0,0.0,0.0,0.0,0.0,0.0,0.0,0.0,0.0,0.0,0.0,0.0,0.0,0.0,0.0,0.0,0.0,0.0,0.0,0.0,0.0,0.0,0.0,0.0,0.0,0.0,0.0,0.0,0.0,0.0,0.0,0.0,0.0,0.0,0.0,0.0,0.0,0.0,0.0,0.0,0.0,0.0,0.0,0.0,0.0,0.0,0.0,0.0,0.0,0.0,0.0,0.0,0.0,0.0,0.0,0.0,0.0,0.0,0.0,0.0,0.0,0.0,0.0,0.0,0.0,0.0,0.0,0.0,0.0,0.0,0.0,0.0,0.0,0.0,0.0,0.0,0.0,0.0,0.0,0.0,0.0,0.0,0.0,0.0,0.0,0.0,0.0,0.0,0.0,0.0,0.0,0.0,0.0,0.0
40511143,0.0,0.0,0.0,0.0,0.0,0.0,0.0,0.0,0.0,0.0,3.78,0.0,0.0,0.0,0.0,0.0,0.0,0.0,0.0,0.0,0.0,0.0,0.0,0.0,0.0,0.0,0.0,0.0,0.0,0.0,0.0,0.0,0.0,5.0,0.0,0.0,5.0,0.0,5.0,5.0,5.0,4.0,0.0,4.05,0.0,4.0,0.0,4.4,0.0,0.0,0.0,0.0,0.0,4.16,4.64,4.4,0.0,0.0,0.0,0.0,0.0,0.0,0.0,3.44,4.49,3.62,4.99,0.0,0.0,4.01,0.0,0.0,0.0,4.04,4.28,5.0,0.0,4.62,4.2,0.0,4.04,5.0,5.0,4.37,5.0,0.0,0.0,0.0,0.0,0.0,0.0,0.0,0.0,0.0,0.0,0.0,0.0,0.0,0.0,0.0,0.0,0.0,0.0,0.0,5.0,4.32,0.0,0.0,0.0,0.0,0.0,0.0,0.0,0.0,0.0,0.0,0.0,0.0,0.0,0.0,0.0,0.0,0.0,0.0,0.0,0.0,0.0,5.0,0.0,0.0,0.0,0.0,4.08,0.0,0.0,0.0,0.0,0.0,0.0,0.0,0.0,0.0,0.0,0.0,0.0,0.0,0.0,0.0,0.0,0.0,0.0
40511144,0.0,0.0,0.0,0.0,0.0,0.0,0.0,0.0,0.0,0.0,0.78,0.0,0.0,0.0,0.0,0.0,0.0,0.0,0.0,0.0,0.0,0.0,0.0,0.0,0.0,0.0,0.0,0.0,0.0,0.0,0.0,0.0,0.0,4.0,0.0,0.0,2.77,0.0,2.43,2.05,2.82,1.0,0.0,1.05,0.0,1.0,0.0,1.4,0.0,0.0,0.0,0.0,0.0,1.16,1.64,1.4,0.0,0.0,0.0,0.0,0.0,0.0,0.0,0.44,1.49,0.62,1.99,0.0,0.0,1.01,0.0,0.0,0.0,1.04,1.28,2.01,0.0,1.62,1.2,0.0,1.04,2.78,2.19,1.37,2.35,0.0,0.0,0.0,0.0,0.0,0.0,0.0,0.0,0.0,0.0,0.0,0.0,0.0,0.0,0.0,0.0,0.0,0.0,0.0,3.15,1.32,0.0,0.0,0.0,0.0,0.0,0.0,0.0,0.0,0.0,0.0,0.0,0.0,0.0,0.0,0.0,0.0,0.0,0.0,0.0,0.0,0.0,2.15,0.0,0.0,0.0,0.0,1.08,0.0,0.0,0.0,0.0,0.0,0.0,0.0,0.0,0.0,0.0,0.0,0.0,0.0,0.0,0.0,0.0,0.0,0.0
40511145,0.0,0.0,0.0,0.0,0.0,0.0,0.0,0.0,0.0,0.0,0.78,0.0,0.0,0.0,0.0,0.0,0.0,0.0,0.0,0.0,0.0,0.0,0.0,0.0,0.0,0.0,0.0,0.0,0.0,0.0,0.0,0.0,0.0,4.0,0.0,0.0,4.19,0.0,2.43,3.73,4.5,2.0,0.0,1.61,0.0,1.0,0.0,1.4,0.0,3.66,0.0,2.42,0.0,2.17,2.64,2.32,0.0,0.0,0.0,3.35,0.0,4.54,0.0,1.24,2.88,1.62,3.58,0.0,3.77,1.89,4.03,0.0,0.0,2.16,2.76,3.7,3.92,2.89,2.39,4.01,2.66,3.81,3.03,2.37,3.98,3.8,3.93,0.0,0.0,0.0,0.0,0.0,0.0,0.0,0.0,0.0,0.0,0.0,0.0,3.93,0.0,0.0,0.0,0.0,4.15,2.32,0.0,0.0,0.0,0.0,0.0,0.0,0.0,0.0,0.0,0.0,0.0,0.0,0.0,0.0,0.0,0.0,0.0,0.0,0.0,0.0,0.0,3.7,0.0,0.0,0.0,0.0,1.08,0.0,0.0,0.0,0.0,0.0,0.0,0.0,0.0,0.0,0.0,0.0,0.0,0.0,0.0,0.0,0.0,0.0,0.0
40511146,0.0,0.0,0.0,0.0,0.0,0.0,0.0,0.0,0.0,0.0,0.0,0.0,0.0,0.0,0.0,0.0,0.0,0.0,0.0,0.0,0.0,0.0,0.0,0.0,0.0,0.0,0.0,0.0,0.0,0.0,0.0,0.0,0.0,5.0,0.0,0.0,5.0,0.0,0.0,5.0,5.0,4.0,0.0,4.08,0.0,4.0,0.0,0.0,0.0,0.0,0.0,0.0,0.0,4.19,4.64,0.0,0.0,0.0,0.0,0.0,0.0,0.0,0.0,3.48,0.0,3.62,4.99,0.0,0.0,4.04,0.0,0.0,0.0,4.08,4.34,5.0,0.0,4.65,4.25,0.0,4.04,5.0,5.0,4.41,5.0,0.0,0.0,0.0,0.0,0.0,0.0,0.0,0.0,0.0,0.0,0.0,0.0,0.0,0.0,0.0,0.0,0.0,0.0,0.0,5.0,4.32,0.0,0.0,0.0,0.0,0.0,0.0,0.0,0.0,0.0,0.0,0.0,0.0,0.0,0.0,0.0,0.0,0.0,0.0,0.0,0.0,0.0,5.0,0.0,0.0,0.0,0.0,0.0,0.0,0.0,0.0,0.0,0.0,0.0,0.0,0.0,0.0,0.0,0.0,0.0,0.0,0.0,0.0,0.0,0.0,0.0
40511147,0.0,0.0,0.0,0.0,0.0,0.0,0.0,0.0,0.0,0.0,4.78,0.0,0.0,0.0,0.0,0.0,0.0,0.0,0.0,0.0,0.0,0.0,0.0,0.0,0.0,0.0,0.0,0.0,0.0,0.0,0.0,0.0,0.0,4.0,0.0,0.0,5.0,0.0,5.0,4.65,4.97,4.0,0.0,5.0,0.0,5.0,0.0,5.0,0.0,3.66,0.0,2.42,0.0,4.29,0.0,4.66,0.0,0.0,0.0,3.35,0.0,4.54,0.0,3.84,4.37,0.0,4.14,0.0,3.77,4.31,4.03,0.0,0.0,4.05,4.05,4.16,3.92,4.43,4.18,4.01,3.2,5.0,5.0,4.54,4.51,3.8,3.93,0.0,0.0,0.0,0.0,0.0,0.0,0.0,0.0,0.0,0.0,0.0,0.0,3.93,0.0,0.0,0.0,0.0,0.0,0.0,0.0,0.0,0.0,0.0,0.0,0.0,0.0,0.0,0.0,0.0,0.0,0.0,0.0,0.0,0.0,0.0,0.0,0.0,0.0,0.0,0.0,4.3,0.0,0.0,0.0,0.0,5.0,0.0,0.0,0.0,0.0,0.0,0.0,0.0,0.0,0.0,0.0,0.0,0.0,0.0,0.0,0.0,0.0,0.0,0.0
40511148,0.0,0.0,0.0,0.0,0.0,0.0,0.0,0.0,0.0,0.0,4.78,0.0,0.0,0.0,0.0,0.0,0.0,0.0,0.0,0.0,0.0,0.0,0.0,0.0,0.0,0.0,0.0,0.0,0.0,0.0,0.0,0.0,0.0,5.0,0.0,0.0,5.0,0.0,5.0,5.0,0.0,4.0,0.0,5.0,0.0,5.0,0.0,5.0,0.0,0.0,0.0,0.0,0.0,5.0,0.0,5.0,0.0,0.0,0.0,0.0,0.0,0.0,0.0,4.42,5.0,0.0,0.0,0.0,0.0,4.97,0.0,0.0,0.0,5.0,5.0,0.0,0.0,5.0,5.0,0.0,0.0,5.0,5.0,5.0,0.0,0.0,0.0,0.0,0.0,0.0,0.0,0.0,0.0,0.0,0.0,0.0,0.0,0.0,0.0,0.0,0.0,0.0,0.0,0.0,0.0,0.0,0.0,0.0,0.0,0.0,0.0,0.0,0.0,0.0,0.0,0.0,0.0,0.0,0.0,0.0,0.0,0.0,0.0,0.0,0.0,0.0,0.0,0.0,0.0,0.0,0.0,0.0,5.0,0.0,0.0,0.0,0.0,0.0,0.0,0.0,0.0,0.0,0.0,0.0,0.0,0.0,0.0,0.0,0.0,0.0,0.0
40511149,0.0,0.0,0.0,0.0,0.0,0.0,0.0,0.0,0.0,0.0,1.78,0.0,0.0,0.0,0.0,0.0,0.0,0.0,0.0,0.0,0.0,0.0,0.0,0.0,0.0,0.0,0.0,0.0,0.0,0.0,0.0,0.0,0.0,3.0,0.0,0.0,3.89,0.0,3.43,3.21,3.97,3.0,0.0,2.01,0.0,2.0,0.0,2.4,0.0,2.66,0.0,1.42,0.0,2.23,0.0,2.49,0.0,0.0,0.0,2.35,0.0,3.54,0.0,1.49,2.63,0.0,3.14,0.0,2.77,2.06,3.03,0.0,0.0,2.13,2.42,3.16,2.92,2.72,2.3,3.01,2.2,3.85,3.13,2.44,3.51,2.8,2.93,0.0,0.0,0.0,0.0,0.0,0.0,0.0,0.0,0.0,0.0,0.0,0.0,2.93,0.0,0.0,0.0,0.0,0.0,0.0,0.0,0.0,0.0,0.0,0.0,0.0,0.0,0.0,0.0,0.0,0.0,0.0,0.0,0.0,0.0,0.0,0.0,0.0,0.0,0.0,0.0,3.3,0.0,0.0,0.0,0.0,2.08,0.0,0.0,0.0,0.0,0.0,0.0,0.0,0.0,0.0,0.0,0.0,0.0,0.0,0.0,0.0,0.0,0.0,0.0
40511151,0.0,0.0,0.0,0.0,0.0,0.0,0.0,0.0,0.0,0.0,0.0,0.0,0.0,0.0,0.0,0.0,0.0,0.0,0.0,0.0,0.0,0.0,0.0,0.0,0.0,0.0,0.0,0.0,0.0,0.0,0.0,0.0,0.0,5.0,0.0,0.0,5.0,0.0,0.0,5.0,5.0,3.0,0.0,3.08,0.0,4.0,0.0,0.0,0.0,4.66,0.0,3.42,0.0,3.75,3.64,4.62,0.0,0.0,0.0,4.35,0.0,5.0,0.0,2.96,4.71,2.62,4.58,0.0,4.77,3.52,5.0,0.0,0.0,3.7,4.36,4.7,4.92,4.29,4.06,5.0,3.66,5.0,4.2,4.01,4.98,4.8,4.93,0.0,0.0,0.0,0.0,0.0,0.0,0.0,0.0,0.0,0.0,0.0,0.0,4.93,0.0,0.0,0.0,0.0,5.0,3.32,0.0,0.0,0.0,0.0,0.0,0.0,0.0,0.0,0.0,0.0,0.0,0.0,0.0,0.0,0.0,0.0,0.0,0.0,0.0,0.0,0.0,4.7,0.0,0.0,0.0,0.0,0.0,0.0,0.0,0.0,0.0,0.0,0.0,0.0,0.0,0.0,0.0,0.0,0.0,0.0,0.0,0.0,0.0,0.0,0.0
40511153,0.0,0.0,0.0,0.0,0.0,0.0,0.0,0.0,0.0,0.0,0.78,0.0,0.0,0.0,0.0,0.0,0.0,0.0,0.0,0.0,0.0,0.0,0.0,0.0,0.0,0.0,0.0,0.0,0.0,0.0,0.0,0.0,0.0,5.0,0.0,0.0,4.5,0.0,2.43,4.42,4.68,1.0,0.0,1.05,0.0,1.0,0.0,1.4,0.0,4.66,0.0,3.42,0.0,2.15,1.64,2.74,0.0,0.0,0.0,4.35,0.0,5.0,0.0,1.15,3.51,0.62,3.6,0.0,4.77,1.78,5.0,0.0,0.0,2.22,3.31,3.89,4.92,2.98,2.66,5.0,2.74,3.92,2.19,2.39,4.06,4.8,4.93,0.0,0.0,0.0,0.0,0.0,0.0,0.0,0.0,0.0,0.0,0.0,0.0,4.93,0.0,0.0,0.0,0.0,3.15,1.32,0.0,0.0,0.0,0.0,0.0,0.0,0.0,0.0,0.0,0.0,0.0,0.0,0.0,0.0,0.0,0.0,0.0,0.0,0.0,0.0,0.0,3.66,0.0,0.0,0.0,0.0,1.08,0.0,0.0,0.0,0.0,0.0,0.0,0.0,0.0,0.0,0.0,0.0,0.0,0.0,0.0,0.0,0.0,0.0,0.0
40511155,0.0,0.0,0.0,0.0,0.0,0.0,0.0,0.0,0.0,0.0,3.78,0.0,0.0,0.0,0.0,0.0,0.0,0.0,0.0,0.0,0.0,0.0,0.0,0.0,0.0,0.0,0.0,0.0,0.0,0.0,0.0,0.0,0.0,5.0,0.0,0.0,5.0,0.0,5.0,5.0,5.0,5.0,0.0,4.01,0.0,4.0,0.0,4.4,0.0,4.66,0.0,3.42,0.0,4.23,0.0,4.49,0.0,0.0,0.0,4.35,0.0,5.0,0.0,3.49,4.63,0.0,5.0,0.0,4.77,4.06,5.0,0.0,0.0,4.13,4.42,5.0,4.92,4.72,4.3,5.0,4.2,5.0,5.0,4.44,5.0,4.8,4.93,0.0,0.0,0.0,0.0,0.0,0.0,0.0,0.0,0.0,0.0,0.0,0.0,4.93,0.0,0.0,0.0,0.0,0.0,0.0,0.0,0.0,0.0,0.0,0.0,0.0,0.0,0.0,0.0,0.0,0.0,0.0,0.0,0.0,0.0,0.0,0.0,0.0,0.0,0.0,0.0,5.0,0.0,0.0,0.0,0.0,4.08,0.0,0.0,0.0,0.0,0.0,0.0,0.0,0.0,0.0,0.0,0.0,0.0,0.0,0.0,0.0,0.0,0.0,0.0
40511156,0.0,0.0,0.0,0.0,0.0,0.0,0.0,0.0,0.0,0.0,3.78,0.0,0.0,0.0,0.0,0.0,0.0,0.0,0.0,0.0,0.0,0.0,0.0,0.0,0.0,0.0,0.0,0.0,0.0,0.0,0.0,0.0,0.0,5.0,0.0,0.0,5.0,0.0,5.0,5.0,5.0,3.0,0.0,3.48,0.0,4.0,0.0,4.4,0.0,4.66,0.0,3.42,0.0,3.89,3.64,4.49,0.0,0.0,0.0,4.35,0.0,5.0,0.0,3.17,4.63,2.62,4.58,0.0,4.77,3.7,5.0,0.0,0.0,3.8,4.34,4.7,4.92,4.36,4.1,5.0,3.66,5.0,4.35,4.14,4.98,4.8,4.93,0.0,0.0,0.0,0.0,0.0,0.0,0.0,0.0,0.0,0.0,0.0,0.0,4.93,0.0,0.0,0.0,0.0,5.0,3.32,0.0,0.0,0.0,0.0,0.0,0.0,0.0,0.0,0.0,0.0,0.0,0.0,0.0,0.0,0.0,0.0,0.0,0.0,0.0,0.0,0.0,4.7,0.0,0.0,0.0,0.0,4.08,0.0,0.0,0.0,0.0,0.0,0.0,0.0,0.0,0.0,0.0,0.0,0.0,0.0,0.0,0.0,0.0,0.0,0.0
40511158,0.0,0.0,0.0,0.0,0.0,0.0,0.0,0.0,0.0,0.0,0.0,0.0,0.0,0.0,0.0,0.0,0.0,0.0,0.0,0.0,0.0,0.0,0.0,0.0,0.0,0.0,0.0,0.0,0.0,0.0,0.0,0.0,0.0,5.0,0.0,0.0,5.0,0.0,0.0,5.0,5.0,1.0,0.0,0.0,0.0,1.0,0.0,0.0,0.0,4.66,0.0,3.42,0.0,4.34,0.0,4.62,0.0,0.0,0.0,4.35,0.0,5.0,0.0,3.63,4.71,0.0,5.0,0.0,4.77,4.19,5.0,0.0,0.0,4.23,4.49,5.0,4.92,4.8,4.4,5.0,4.2,5.0,0.0,4.56,5.0,4.8,4.93,0.0,0.0,0.0,0.0,0.0,0.0,0.0,0.0,0.0,0.0,0.0,0.0,4.93,0.0,0.0,0.0,0.0,0.0,0.0,0.0,0.0,0.0,0.0,0.0,0.0,0.0,0.0,0.0,0.0,0.0,0.0,0.0,0.0,0.0,0.0,0.0,0.0,0.0,0.0,0.0,5.0,0.0,0.0,0.0,0.0,0.0,0.0,0.0,0.0,0.0,0.0,0.0,0.0,0.0,0.0,0.0,0.0,0.0,0.0,0.0,0.0,0.0,0.0,0.0
40511159,0.0,0.0,0.0,0.0,0.0,0.0,0.0,0.0,0.0,0.0,3.78,0.0,0.0,0.0,0.0,0.0,0.0,0.0,0.0,0.0,0.0,0.0,0.0,0.0,0.0,0.0,0.0,0.0,0.0,0.0,0.0,0.0,0.0,5.0,0.0,0.0,5.0,0.0,5.0,5.0,5.0,2.0,0.0,4.01,0.0,4.0,0.0,4.4,0.0,4.66,0.0,3.42,0.0,4.23,0.0,4.49,0.0,0.0,0.0,4.35,0.0,5.0,0.0,3.49,4.63,0.0,5.0,0.0,4.77,4.06,5.0,0.0,0.0,4.13,4.42,5.0,4.92,4.72,4.3,5.0,4.2,5.0,5.0,4.44,5.0,4.8,4.93,0.0,0.0,0.0,0.0,0.0,0.0,0.0,0.0,0.0,0.0,0.0,0.0,4.93,0.0,0.0,0.0,0.0,0.0,0.0,0.0,0.0,0.0,0.0,0.0,0.0,0.0,0.0,0.0,0.0,0.0,0.0,0.0,0.0,0.0,0.0,0.0,0.0,0.0,0.0,0.0,5.0,0.0,0.0,0.0,0.0,4.08,0.0,0.0,0.0,0.0,0.0,0.0,0.0,0.0,0.0,0.0,0.0,0.0,0.0,0.0,0.0,0.0,0.0,0.0
40511160,0.0,0.0,0.0,0.0,0.0,0.0,0.0,0.0,0.0,0.0,0.78,0.0,0.0,0.0,0.0,0.0,0.0,0.0,0.0,0.0,0.0,0.0,0.0,0.0,0.0,0.0,0.0,0.0,0.0,0.0,0.0,0.0,0.0,5.0,0.0,0.0,3.27,0.0,2.43,2.24,3.82,2.0,0.0,1.61,0.0,1.0,0.0,1.4,0.0,0.0,0.0,0.0,0.0,1.64,2.64,1.4,0.0,0.0,0.0,0.0,0.0,0.0,0.0,0.85,1.49,1.62,2.99,0.0,0.0,1.46,0.0,0.0,0.0,1.54,1.49,3.01,0.0,2.22,1.55,0.0,2.04,3.17,3.03,1.81,3.35,0.0,0.0,0.0,0.0,0.0,0.0,0.0,0.0,0.0,0.0,0.0,0.0,0.0,0.0,0.0,0.0,0.0,0.0,0.0,4.15,2.32,0.0,0.0,0.0,0.0,0.0,0.0,0.0,0.0,0.0,0.0,0.0,0.0,0.0,0.0,0.0,0.0,0.0,0.0,0.0,0.0,0.0,3.15,0.0,0.0,0.0,0.0,1.08,0.0,0.0,0.0,0.0,0.0,0.0,0.0,0.0,0.0,0.0,0.0,0.0,0.0,0.0,0.0,0.0,0.0,0.0
40511201,0.0,0.0,0.0,0.0,0.0,0.0,0.0,0.0,3.73,0.0,0.0,0.0,1.89,0.0,0.0,0.0,0.0,0.0,0.0,0.0,0.0,0.0,0.0,0.0,0.0,1.74,0.0,0.0,0.0,4.87,0.0,4.12,0.0,0.0,5.0,4.28,0.0,0.0,0.0,3.93,0.0,0.0,3.0,2.91,3.01,0.0,3.0,0.0,2.54,0.0,3.61,0.0,3.86,0.0,0.0,0.0,3.11,0.0,3.67,0.0,4.44,0.0,3.38,0.0,3.32,0.0,0.0,0.0,0.0,0.0,3.64,3.48,3.25,0.0,0.0,0.0,0.0,0.0,0.0,0.0,0.0,0.0,0.0,0.0,0.0,0.0,3.61,3.92,3.35,3.96,3.31,4.28,3.96,4.58,4.15,2.93,3.66,4.0,0.0,3.47,0.0,0.0,0.0,0.0,0.0,0.0,0.0,0.0,0.0,0.0,0.0,0.0,0.0,0.0,0.0,0.0,0.0,0.0,0.0,0.0,0.0,0.0,0.0,3.98,0.0,0.0,0.0,0.0,0.0,0.0,0.0,3.2,0.0,0.0,0.0,0.0,4.01,0.0,0.0,0.0,0.0,1.84,1.73,0.0,0.0,0.0,0.0,0.0,0.0,0.0,3.98
40511202,0.0,0.0,0.0,0.0,0.0,0.0,0.0,0.0,5.0,0.0,0.0,0.0,2.89,0.0,0.0,0.0,0.0,0.0,0.0,0.0,0.0,0.0,0.0,0.0,0.0,2.74,0.0,0.0,0.0,5.0,0.0,5.0,0.0,0.0,5.0,5.0,0.0,0.0,0.0,5.0,0.0,0.0,5.0,4.91,5.0,0.0,4.0,0.0,4.54,0.0,5.0,0.0,5.0,0.0,0.0,0.0,5.0,0.0,5.0,0.0,5.0,0.0,4.87,0.0,4.85,0.0,0.0,0.0,0.0,0.0,5.0,5.0,4.76,0.0,0.0,0.0,0.0,0.0,0.0,0.0,0.0,0.0,0.0,0.0,0.0,0.0,5.0,5.0,4.89,5.0,4.75,5.0,5.0,5.0,5.0,4.43,5.0,5.0,0.0,4.47,0.0,0.0,0.0,0.0,0.0,0.0,0.0,0.0,0.0,0.0,0.0,0.0,0.0,0.0,0.0,0.0,0.0,0.0,0.0,0.0,0.0,0.0,0.0,5.0,0.0,0.0,0.0,0.0,0.0,0.0,0.0,4.2,0.0,0.0,0.0,0.0,5.0,0.0,0.0,0.0,0.0,2.84,2.73,0.0,0.0,0.0,0.0,0.0,0.0,0.0,5.0
40511203,0.0,0.0,0.0,0.0,0.0,0.0,0.0,0.0,3.81,0.0,0.0,0.0,1.89,0.0,0.0,0.0,0.0,0.0,0.0,0.0,0.0,0.0,0.0,0.0,0.0,2.37,0.0,0.0,0.0,5.0,0.0,3.9,0.0,0.0,5.0,3.7,0.0,0.0,0.0,2.93,5.0,0.0,2.0,1.91,2.94,0.0,3.0,0.0,2.82,0.0,3.21,0.0,3.98,0.0,4.63,0.0,2.11,0.0,3.1,0.0,4.55,0.0,3.23,3.47,2.99,0.0,0.0,0.0,0.0,0.0,3.78,3.52,3.3,0.0,0.0,0.0,0.0,0.0,0.0,0.0,0.0,0.0,0.0,0.0,0.0,0.0,3.68,3.95,3.02,4.05,2.87,4.48,4.11,4.56,4.31,3.04,3.62,3.0,0.0,4.39,0.0,0.0,0.0,0.0,0.0,0.0,0.0,0.0,0.0,0.0,0.0,0.0,0.0,0.0,0.0,0.0,0.0,0.0,0.0,0.0,0.0,0.0,0.0,4.06,0.0,0.0,0.0,0.0,0.0,0.0,0.0,3.2,0.0,0.0,0.0,0.0,4.87,0.0,0.0,0.0,0.0,2.54,1.85,0.0,0.0,0.0,0.0,0.0,0.0,0.0,4.06
40511204,0.0,0.0,0.0,0.0,0.0,0.0,0.0,0.0,4.89,0.0,0.0,0.0,0.89,0.0,0.0,0.0,0.0,0.0,0.0,0.0,0.0,0.0,0.0,0.0,0.0,1.86,0.0,0.0,0.0,5.0,0.0,3.09,0.0,0.0,5.0,3.37,0.0,0.0,0.0,0.0,5.0,0.0,3.0,0.0,4.18,0.0,2.0,0.0,3.7,0.0,2.55,0.0,4.11,0.0,4.63,0.0,0.0,0.0,2.59,0.0,4.55,0.0,3.07,3.47,2.72,0.0,0.0,0.0,0.0,0.0,3.85,4.64,3.32,0.0,0.0,0.0,0.0,0.0,0.0,0.0,0.0,0.0,0.0,0.0,0.0,0.0,4.77,4.12,2.8,4.07,2.25,5.0,4.11,4.77,4.37,3.04,3.88,0.0,0.0,4.09,0.0,0.0,0.0,0.0,0.0,0.0,0.0,0.0,0.0,0.0,0.0,0.0,0.0,0.0,0.0,0.0,0.0,0.0,0.0,0.0,0.0,0.0,0.0,5.0,0.0,0.0,0.0,0.0,0.0,0.0,0.0,2.2,0.0,0.0,0.0,0.0,4.54,0.0,0.0,0.0,0.0,2.07,0.95,0.0,0.0,0.0,0.0,0.0,0.0,0.0,5.0
40511205,0.0,0.0,0.0,0.0,0.0,0.0,0.0,0.0,4.89,0.0,0.0,0.0,2.89,0.0,0.0,0.0,0.0,0.0,0.0,0.0,0.0,0.0,0.0,0.0,0.0,2.89,0.0,0.0,0.0,5.0,0.0,5.0,0.0,0.0,5.0,5.0,0.0,0.0,0.0,0.0,5.0,0.0,5.0,0.0,4.18,0.0,4.0,0.0,3.7,0.0,4.55,0.0,4.96,0.0,4.63,0.0,0.0,0.0,4.59,0.0,5.0,0.0,4.41,3.47,4.31,0.0,0.0,0.0,0.0,0.0,4.74,4.64,4.33,0.0,0.0,0.0,0.0,0.0,0.0,0.0,0.0,0.0,0.0,0.0,0.0,0.0,4.77,5.0,4.34,5.0,4.25,5.0,5.0,5.0,5.0,4.02,4.74,0.0,0.0,4.68,0.0,0.0,0.0,0.0,0.0,0.0,0.0,0.0,0.0,0.0,0.0,0.0,0.0,0.0,0.0,0.0,0.0,0.0,0.0,0.0,0.0,0.0,0.0,5.0,0.0,0.0,0.0,0.0,0.0,0.0,0.0,4.2,0.0,0.0,0.0,0.0,5.0,0.0,0.0,0.0,0.0,3.0,2.76,0.0,0.0,0.0,0.0,0.0,0.0,0.0,5.0
40511206,0.0,0.0,0.0,0.0,0.0,0.0,0.0,0.0,0.0,0.0,0.0,0.0,2.89,0.0,0.0,0.0,0.0,0.0,0.0,0.0,0.0,0.0,0.0,0.0,0.0,2.74,0.0,0.0,0.0,5.0,0.0,5.0,0.0,0.0,5.0,5.0,0.0,0.0,0.0,0.0,0.0,0.0,4.0,0.0,0.0,0.0,4.0,0.0,0.0,0.0,4.55,0.0,4.78,0.0,0.0,0.0,0.0,0.0,4.59,0.0,5.0,0.0,4.31,0.0,4.25,0.0,0.0,0.0,0.0,0.0,4.57,0.0,4.18,0.0,0.0,0.0,0.0,0.0,0.0,0.0,0.0,0.0,0.0,0.0,0.0,0.0,0.0,4.84,4.28,4.89,4.25,0.0,4.89,5.0,5.0,3.86,4.57,0.0,0.0,4.47,0.0,0.0,0.0,0.0,0.0,0.0,0.0,0.0,0.0,0.0,0.0,0.0,0.0,0.0,0.0,0.0,0.0,0.0,0.0,0.0,0.0,0.0,0.0,0.0,0.0,0.0,0.0,0.0,0.0,0.0,0.0,4.2,0.0,0.0,0.0,0.0,5.0,0.0,0.0,0.0,0.0,2.84,2.73,0.0,0.0,0.0,0.0,0.0,0.0,0.0,0.0
40511207,0.0,0.0,0.0,0.0,0.0,0.0,0.0,0.0,4.89,0.0,0.0,0.0,0.0,0.0,0.0,0.0,0.0,0.0,0.0,0.0,0.0,0.0,0.0,0.0,0.0,3.04,0.0,0.0,0.0,5.0,0.0,0.0,0.0,0.0,5.0,5.0,0.0,0.0,0.0,0.0,5.0,0.0,2.0,0.0,4.18,0.0,3.0,0.0,3.7,0.0,0.0,0.0,5.0,0.0,4.63,0.0,0.0,0.0,0.0,0.0,5.0,0.0,4.61,3.47,4.55,0.0,0.0,0.0,0.0,0.0,4.87,4.64,4.48,0.0,0.0,0.0,0.0,0.0,0.0,0.0,0.0,0.0,0.0,0.0,0.0,0.0,4.77,5.0,4.58,5.0,0.0,5.0,5.0,5.0,5.0,4.17,4.87,0.0,0.0,4.77,0.0,0.0,0.0,0.0,0.0,0.0,0.0,0.0,0.0,0.0,0.0,0.0,0.0,0.0,0.0,0.0,0.0,0.0,0.0,0.0,0.0,0.0,0.0,5.0,0.0,0.0,0.0,0.0,0.0,0.0,0.0,0.0,0.0,0.0,0.0,0.0,5.0,0.0,0.0,0.0,0.0,3.14,3.03,0.0,0.0,0.0,0.0,0.0,0.0,0.0,5.0
40511208,0.0,0.0,0.0,0.0,0.0,0.0,0.0,0.0,4.89,0.0,0.0,0.0,0.0,0.0,0.0,0.0,0.0,0.0,0.0,0.0,0.0,0.0,0.0,0.0,0.0,1.34,0.0,0.0,0.0,4.85,0.0,2.09,0.0,0.0,5.0,2.45,0.0,0.0,0.0,0.0,5.0,0.0,3.0,0.0,4.18,0.0,1.0,0.0,3.7,0.0,1.55,0.0,3.69,0.0,4.63,0.0,0.0,0.0,1.59,0.0,4.06,0.0,2.41,3.47,1.93,0.0,0.0,0.0,0.0,0.0,3.4,4.64,2.82,0.0,0.0,0.0,0.0,0.0,0.0,0.0,0.0,0.0,0.0,0.0,0.0,0.0,4.77,3.67,2.03,3.58,1.25,5.0,3.64,4.32,3.92,2.56,3.44,0.0,0.0,3.8,0.0,0.0,0.0,0.0,0.0,0.0,0.0,0.0,0.0,0.0,0.0,0.0,0.0,0.0,0.0,0.0,0.0,0.0,0.0,0.0,0.0,0.0,0.0,5.0,0.0,0.0,0.0,0.0,0.0,0.0,0.0,1.2,0.0,0.0,0.0,0.0,4.21,0.0,0.0,0.0,0.0,1.61,0.05,0.0,0.0,0.0,0.0,0.0,0.0,0.0,5.0
40511209,0.0,0.0,0.0,0.0,0.0,0.0,0.0,0.0,3.73,0.0,0.0,0.0,1.89,0.0,0.0,0.0,0.0,0.0,0.0,0.0,0.0,0.0,0.0,0.0,0.0,1.74,0.0,0.0,0.0,4.87,0.0,4.12,0.0,0.0,4.0,4.28,0.0,0.0,0.0,3.93,0.0,0.0,3.0,2.91,3.01,0.0,3.0,0.0,2.54,0.0,3.61,0.0,3.86,0.0,0.0,0.0,3.11,0.0,3.67,0.0,4.44,0.0,3.38,0.0,3.32,0.0,0.0,0.0,0.0,0.0,3.64,3.48,3.25,0.0,0.0,0.0,0.0,0.0,0.0,0.0,0.0,0.0,0.0,0.0,0.0,0.0,3.61,3.92,3.35,3.96,3.31,4.28,3.96,4.58,4.15,2.93,3.66,4.0,0.0,3.47,0.0,0.0,0.0,0.0,0.0,0.0,0.0,0.0,0.0,0.0,0.0,0.0,0.0,0.0,0.0,0.0,0.0,0.0,0.0,0.0,0.0,0.0,0.0,3.98,0.0,0.0,0.0,0.0,0.0,0.0,0.0,3.2,0.0,0.0,0.0,0.0,4.01,0.0,0.0,0.0,0.0,1.84,1.73,0.0,0.0,0.0,0.0,0.0,0.0,0.0,3.98
40511210,0.0,0.0,0.0,0.0,0.0,0.0,0.0,0.0,3.31,0.0,0.0,0.0,0.89,0.0,0.0,0.0,0.0,0.0,0.0,0.0,0.0,0.0,0.0,0.0,0.0,1.37,0.0,0.0,0.0,4.39,0.0,3.12,0.0,0.0,4.0,3.32,0.0,0.0,0.0,2.93,4.81,0.0,2.0,1.91,2.51,0.0,2.0,0.0,2.23,0.0,2.61,0.0,3.32,0.0,3.63,0.0,2.11,0.0,2.67,0.0,3.87,0.0,2.63,2.47,2.45,0.0,0.0,0.0,0.0,0.0,3.1,3.04,2.65,0.0,0.0,0.0,0.0,0.0,0.0,0.0,0.0,0.0,0.0,0.0,0.0,0.0,3.18,3.34,2.5,3.38,2.31,3.92,3.41,3.97,3.63,2.36,3.05,3.0,0.0,3.39,0.0,0.0,0.0,0.0,0.0,0.0,0.0,0.0,0.0,0.0,0.0,0.0,0.0,0.0,0.0,0.0,0.0,0.0,0.0,0.0,0.0,0.0,0.0,3.56,0.0,0.0,0.0,0.0,0.0,0.0,0.0,2.2,0.0,0.0,0.0,0.0,3.87,0.0,0.0,0.0,0.0,1.54,0.85,0.0,0.0,0.0,0.0,0.0,0.0,0.0,3.56
40511211,0.0,0.0,0.0,0.0,0.0,0.0,0.0,0.0,3.81,0.0,0.0,0.0,1.89,0.0,0.0,0.0,0.0,0.0,0.0,0.0,0.0,0.0,0.0,0.0,0.0,1.89,0.0,0.0,0.0,4.97,0.0,4.12,0.0,0.0,4.0,4.29,0.0,0.0,0.0,3.93,4.81,0.0,3.0,2.91,3.08,0.0,3.0,0.0,2.63,0.0,3.61,0.0,3.94,0.0,3.63,0.0,3.11,0.0,3.67,0.0,4.52,0.0,3.42,2.47,3.34,0.0,0.0,0.0,0.0,0.0,3.73,3.56,3.32,0.0,0.0,0.0,0.0,0.0,0.0,0.0,0.0,0.0,0.0,0.0,0.0,0.0,3.69,4.0,3.38,4.04,3.31,4.37,4.04,4.65,4.24,3.01,3.73,4.0,0.0,3.68,0.0,0.0,0.0,0.0,0.0,0.0,0.0,0.0,0.0,0.0,0.0,0.0,0.0,0.0,0.0,0.0,0.0,0.0,0.0,0.0,0.0,0.0,0.0,4.06,0.0,0.0,0.0,0.0,0.0,0.0,0.0,3.2,0.0,0.0,0.0,0.0,4.21,0.0,0.0,0.0,0.0,2.0,1.76,0.0,0.0,0.0,0.0,0.0,0.0,0.0,4.06
40511212,0.0,0.0,0.0,0.0,0.0,0.0,0.0,0.0,3.31,0.0,0.0,0.0,0.89,0.0,0.0,0.0,0.0,0.0,0.0,0.0,0.0,0.0,0.0,0.0,0.0,1.37,0.0,0.0,0.0,4.39,0.0,3.12,0.0,0.0,4.0,3.32,0.0,0.0,0.0,2.93,4.81,0.0,2.0,1.91,2.51,0.0,2.0,0.0,2.23,0.0,2.61,0.0,3.32,0.0,3.63,0.0,2.11,0.0,2.67,0.0,3.87,0.0,2.63,2.47,2.45,0.0,0.0,0.0,0.0,0.0,3.1,3.04,2.65,0.0,0.0,0.0,0.0,0.0,0.0,0.0,0.0,0.0,0.0,0.0,0.0,0.0,3.18,3.34,2.5,3.38,2.31,3.92,3.41,3.97,3.63,2.36,3.05,3.0,0.0,3.39,0.0,0.0,0.0,0.0,0.0,0.0,0.0,0.0,0.0,0.0,0.0,0.0,0.0,0.0,0.0,0.0,0.0,0.0,0.0,0.0,0.0,0.0,0.0,3.56,0.0,0.0,0.0,0.0,0.0,0.0,0.0,2.2,0.0,0.0,0.0,0.0,3.87,0.0,0.0,0.0,0.0,1.54,0.85,0.0,0.0,0.0,0.0,0.0,0.0,0.0,3.56
40511213,0.0,0.0,0.0,0.0,0.0,0.0,0.0,0.0,2.73,0.0,0.0,0.0,1.89,0.0,0.0,0.0,0.0,0.0,0.0,0.0,0.0,0.0,0.0,0.0,0.0,1.74,0.0,0.0,0.0,4.31,0.0,3.9,0.0,0.0,5.0,3.65,0.0,0.0,0.0,2.93,0.0,0.0,2.0,1.91,2.01,0.0,3.0,0.0,1.54,0.0,3.21,0.0,3.3,0.0,0.0,0.0,2.11,0.0,3.1,0.0,3.95,0.0,2.88,0.0,2.79,0.0,0.0,0.0,0.0,0.0,3.12,2.48,2.74,0.0,0.0,0.0,0.0,0.0,0.0,0.0,0.0,0.0,0.0,0.0,0.0,0.0,2.61,3.33,2.81,3.46,2.87,3.28,3.47,3.96,3.65,2.44,3.03,3.0,0.0,3.47,0.0,0.0,0.0,0.0,0.0,0.0,0.0,0.0,0.0,0.0,0.0,0.0,0.0,0.0,0.0,0.0,0.0,0.0,0.0,0.0,0.0,0.0,0.0,2.98,0.0,0.0,0.0,0.0,0.0,0.0,0.0,3.2,0.0,0.0,0.0,0.0,4.01,0.0,0.0,0.0,0.0,1.84,1.73,0.0,0.0,0.0,0.0,0.0,0.0,0.0,2.98
40511215,0.0,0.0,0.0,0.0,0.0,0.0,0.0,0.0,1.31,0.0,0.0,0.0,0.0,0.0,0.0,0.0,0.0,0.0,0.0,0.0,0.0,0.0,0.0,0.0,0.0,0.0,0.0,0.0,0.0,2.54,0.0,2.12,0.0,0.0,1.0,2.26,0.0,0.0,0.0,1.93,1.81,0.0,1.0,0.91,0.66,0.0,1.0,0.0,0.04,0.0,1.61,0.0,1.56,0.0,0.63,0.0,1.11,0.0,1.67,0.0,2.17,0.0,1.22,0.0,1.23,0.0,0.0,0.0,0.0,0.0,1.35,1.07,1.0,0.0,0.0,0.0,0.0,0.0,0.0,0.0,0.0,0.0,0.0,0.0,0.0,0.0,1.2,1.66,1.26,1.69,1.31,1.81,1.67,2.32,1.86,0.67,1.41,2.0,0.0,0.98,0.0,0.0,0.0,0.0,0.0,0.0,0.0,0.0,0.0,0.0,0.0,0.0,0.0,0.0,0.0,0.0,0.0,0.0,0.0,0.0,0.0,0.0,0.0,1.56,0.0,0.0,0.0,0.0,0.0,0.0,0.0,1.2,0.0,0.0,0.0,0.0,1.54,0.0,0.0,0.0,0.0,0.0,0.0,0.0,0.0,0.0,0.0,0.0,0.0,0.0,1.56
40511217,0.0,0.0,0.0,0.0,0.0,0.0,0.0,0.0,3.89,0.0,0.0,0.0,0.89,0.0,0.0,0.0,0.0,0.0,0.0,0.0,0.0,0.0,0.0,0.0,0.0,1.37,0.0,0.0,0.0,4.61,0.0,3.09,0.0,0.0,4.0,3.3,0.0,0.0,0.0,0.0,4.81,0.0,1.0,0.0,3.18,0.0,2.0,0.0,2.7,0.0,2.55,0.0,3.53,0.0,3.63,0.0,0.0,0.0,2.59,0.0,4.03,0.0,2.74,2.47,2.52,0.0,0.0,0.0,0.0,0.0,3.29,3.64,2.82,0.0,0.0,0.0,0.0,0.0,0.0,0.0,0.0,0.0,0.0,0.0,0.0,0.0,3.77,3.56,2.57,3.56,2.25,4.44,3.58,4.21,3.81,2.53,3.31,0.0,0.0,3.39,0.0,0.0,0.0,0.0,0.0,0.0,0.0,0.0,0.0,0.0,0.0,0.0,0.0,0.0,0.0,0.0,0.0,0.0,0.0,0.0,0.0,0.0,0.0,4.14,0.0,0.0,0.0,0.0,0.0,0.0,0.0,2.2,0.0,0.0,0.0,0.0,3.87,0.0,0.0,0.0,0.0,1.54,0.85,0.0,0.0,0.0,0.0,0.0,0.0,0.0,4.14
40511218,0.0,0.0,0.0,0.0,0.0,0.0,0.0,0.0,4.31,0.0,0.0,0.0,2.89,0.0,0.0,0.0,0.0,0.0,0.0,0.0,0.0,0.0,0.0,0.0,0.0,2.89,0.0,0.0,0.0,5.0,0.0,4.9,0.0,0.0,5.0,4.67,0.0,0.0,0.0,3.93,5.0,0.0,3.0,2.91,3.51,0.0,4.0,0.0,3.23,0.0,4.21,0.0,4.6,0.0,4.63,0.0,3.11,0.0,4.1,0.0,5.0,0.0,4.03,3.47,3.88,0.0,0.0,0.0,0.0,0.0,4.4,4.04,3.98,0.0,0.0,0.0,0.0,0.0,0.0,0.0,0.0,0.0,0.0,0.0,0.0,0.0,4.18,4.61,3.9,4.71,3.87,4.92,4.74,5.0,4.93,3.69,4.3,4.0,0.0,4.68,0.0,0.0,0.0,0.0,0.0,0.0,0.0,0.0,0.0,0.0,0.0,0.0,0.0,0.0,0.0,0.0,0.0,0.0,0.0,0.0,0.0,0.0,0.0,4.56,0.0,0.0,0.0,0.0,0.0,0.0,0.0,4.2,0.0,0.0,0.0,0.0,5.0,0.0,0.0,0.0,0.0,3.0,2.76,0.0,0.0,0.0,0.0,0.0,0.0,0.0,4.56
40511219,0.0,0.0,0.0,0.0,0.0,0.0,0.0,0.0,1.73,0.0,0.0,0.0,0.0,0.0,0.0,0.0,0.0,0.0,0.0,0.0,0.0,0.0,0.0,0.0,0.0,0.0,0.0,0.0,0.0,2.93,0.0,2.23,0.0,0.0,1.0,2.33,0.0,0.0,0.0,1.93,0.0,0.0,1.0,0.91,1.01,0.0,3.0,0.0,0.54,0.0,1.69,0.0,1.92,0.0,0.0,0.0,1.11,0.0,1.73,0.0,2.51,0.0,1.45,0.0,1.38,0.0,0.0,0.0,0.0,0.0,1.71,1.48,1.32,0.0,0.0,0.0,0.0,0.0,0.0,0.0,0.0,0.0,0.0,0.0,0.0,0.0,1.61,1.98,1.41,2.03,1.39,2.28,2.03,2.63,2.22,1.0,1.71,2.0,0.0,0.0,0.0,0.0,0.0,0.0,0.0,0.0,0.0,0.0,0.0,0.0,0.0,0.0,0.0,0.0,0.0,0.0,0.0,0.0,0.0,0.0,0.0,0.0,0.0,1.98,0.0,0.0,0.0,0.0,0.0,0.0,0.0,0.0,0.0,0.0,0.0,0.0,0.0,0.0,0.0,0.0,0.0,0.0,0.0,0.0,0.0,0.0,0.0,0.0,0.0,0.0,1.98
40511220,0.0,0.0,0.0,0.0,0.0,0.0,0.0,0.0,3.31,0.0,0.0,0.0,0.0,0.0,0.0,0.0,0.0,0.0,0.0,0.0,0.0,0.0,0.0,0.0,0.0,1.04,0.0,0.0,0.0,4.46,0.0,4.23,0.0,0.0,3.0,4.29,0.0,0.0,0.0,3.93,3.81,0.0,3.0,2.91,2.66,0.0,4.0,0.0,2.04,0.0,3.69,0.0,3.48,0.0,2.63,0.0,3.11,0.0,3.73,0.0,4.07,0.0,3.17,1.47,3.23,0.0,0.0,0.0,0.0,0.0,3.26,3.07,2.91,0.0,0.0,0.0,0.0,0.0,0.0,0.0,0.0,0.0,0.0,0.0,0.0,0.0,3.2,3.59,3.24,3.6,3.39,3.81,3.57,4.27,3.76,2.57,3.35,4.0,0.0,2.77,0.0,0.0,0.0,0.0,0.0,0.0,0.0,0.0,0.0,0.0,0.0,0.0,0.0,0.0,0.0,0.0,0.0,0.0,0.0,0.0,0.0,0.0,0.0,3.56,0.0,0.0,0.0,0.0,0.0,0.0,0.0,0.0,0.0,0.0,0.0,0.0,3.31,0.0,0.0,0.0,0.0,1.14,1.03,0.0,0.0,0.0,0.0,0.0,0.0,0.0,3.56
40511221,0.0,0.0,0.0,0.0,0.0,0.0,0.0,0.0,4.89,0.0,0.0,0.0,2.89,0.0,0.0,0.0,0.0,0.0,0.0,0.0,0.0,0.0,0.0,0.0,0.0,2.89,0.0,0.0,0.0,5.0,0.0,5.0,0.0,0.0,5.0,5.0,0.0,0.0,0.0,0.0,5.0,0.0,5.0,0.0,4.18,0.0,4.0,0.0,3.7,0.0,4.55,0.0,4.96,0.0,4.63,0.0,0.0,0.0,4.59,0.0,5.0,0.0,4.41,3.47,4.31,0.0,0.0,0.0,0.0,0.0,4.74,4.64,4.33,0.0,0.0,0.0,0.0,0.0,0.0,0.0,0.0,0.0,0.0,0.0,0.0,0.0,4.77,5.0,4.34,5.0,4.25,5.0,5.0,5.0,5.0,4.02,4.74,0.0,0.0,4.68,0.0,0.0,0.0,0.0,0.0,0.0,0.0,0.0,0.0,0.0,0.0,0.0,0.0,0.0,0.0,0.0,0.0,0.0,0.0,0.0,0.0,0.0,0.0,5.0,0.0,0.0,0.0,0.0,0.0,0.0,0.0,4.2,0.0,0.0,0.0,0.0,5.0,0.0,0.0,0.0,0.0,3.0,2.76,0.0,0.0,0.0,0.0,0.0,0.0,0.0,5.0
40511222,0.0,0.0,0.0,0.0,0.0,0.0,0.0,0.0,2.73,0.0,0.0,0.0,2.89,0.0,0.0,0.0,0.0,0.0,0.0,0.0,0.0,0.0,0.0,0.0,0.0,2.74,0.0,0.0,0.0,4.75,0.0,4.67,0.0,0.0,5.0,4.01,0.0,0.0,0.0,2.93,0.0,0.0,2.0,1.91,2.01,0.0,4.0,0.0,1.54,0.0,3.82,0.0,3.75,0.0,0.0,0.0,2.11,0.0,3.53,0.0,4.46,0.0,3.39,0.0,3.27,0.0,0.0,0.0,0.0,0.0,3.6,2.48,3.22,0.0,0.0,0.0,0.0,0.0,0.0,0.0,0.0,0.0,0.0,0.0,0.0,0.0,2.61,3.75,3.27,3.96,3.43,3.28,3.99,4.35,4.14,2.94,3.39,3.0,0.0,4.47,0.0,0.0,0.0,0.0,0.0,0.0,0.0,0.0,0.0,0.0,0.0,0.0,0.0,0.0,0.0,0.0,0.0,0.0,0.0,0.0,0.0,0.0,0.0,2.98,0.0,0.0,0.0,0.0,0.0,0.0,0.0,4.2,0.0,0.0,0.0,0.0,5.0,0.0,0.0,0.0,0.0,2.84,2.73,0.0,0.0,0.0,0.0,0.0,0.0,0.0,2.98
40511223,0.0,0.0,0.0,0.0,0.0,0.0,0.0,0.0,3.31,0.0,0.0,0.0,0.0,0.0,0.0,0.0,0.0,0.0,0.0,0.0,0.0,0.0,0.0,0.0,0.0,3.04,0.0,0.0,0.0,4.72,0.0,2.23,0.0,0.0,5.0,2.48,0.0,0.0,0.0,1.93,5.0,0.0,1.0,0.91,2.37,0.0,3.0,0.0,2.41,0.0,1.69,0.0,3.58,0.0,4.63,0.0,1.11,0.0,1.73,0.0,4.16,0.0,2.52,3.47,1.99,0.0,0.0,0.0,0.0,0.0,3.41,3.0,2.85,0.0,0.0,0.0,0.0,0.0,0.0,0.0,0.0,0.0,0.0,0.0,0.0,0.0,3.17,3.46,2.05,3.65,1.39,4.03,3.76,4.02,3.97,2.64,3.07,2.0,0.0,4.77,0.0,0.0,0.0,0.0,0.0,0.0,0.0,0.0,0.0,0.0,0.0,0.0,0.0,0.0,0.0,0.0,0.0,0.0,0.0,0.0,0.0,0.0,0.0,3.56,0.0,0.0,0.0,0.0,0.0,0.0,0.0,0.0,0.0,0.0,0.0,0.0,5.0,0.0,0.0,0.0,0.0,3.14,3.03,0.0,0.0,0.0,0.0,0.0,0.0,0.0,3.56
40511224,0.0,0.0,0.0,0.0,0.0,0.0,0.0,0.0,2.31,0.0,0.0,0.0,0.89,0.0,0.0,0.0,0.0,0.0,0.0,0.0,0.0,0.0,0.0,0.0,0.0,0.89,0.0,0.0,0.0,3.64,0.0,2.9,0.0,0.0,3.0,2.67,0.0,0.0,0.0,1.93,3.81,0.0,1.0,0.91,1.51,0.0,2.0,0.0,1.23,0.0,2.21,0.0,2.6,0.0,2.63,0.0,1.11,0.0,2.1,0.0,3.2,0.0,2.03,1.47,1.88,0.0,0.0,0.0,0.0,0.0,2.4,2.04,1.98,0.0,0.0,0.0,0.0,0.0,0.0,0.0,0.0,0.0,0.0,0.0,0.0,0.0,2.18,2.61,1.9,2.71,1.87,2.92,2.74,3.23,2.93,1.69,2.3,2.0,0.0,2.68,0.0,0.0,0.0,0.0,0.0,0.0,0.0,0.0,0.0,0.0,0.0,0.0,0.0,0.0,0.0,0.0,0.0,0.0,0.0,0.0,0.0,0.0,0.0,2.56,0.0,0.0,0.0,0.0,0.0,0.0,0.0,2.2,0.0,0.0,0.0,0.0,3.21,0.0,0.0,0.0,0.0,1.0,0.76,0.0,0.0,0.0,0.0,0.0,0.0,0.0,2.56
40511225,0.0,0.0,0.0,0.0,0.0,0.0,0.0,0.0,3.81,0.0,0.0,0.0,2.89,0.0,0.0,0.0,0.0,0.0,0.0,0.0,0.0,0.0,0.0,0.0,0.0,1.92,0.0,0.0,0.0,5.0,0.0,5.0,0.0,0.0,3.0,5.0,0.0,0.0,0.0,4.93,3.81,0.0,4.0,3.91,3.23,0.0,4.0,0.0,2.45,0.0,4.61,0.0,4.18,0.0,2.63,0.0,4.11,0.0,4.67,0.0,4.82,0.0,4.02,1.47,4.12,0.0,0.0,0.0,0.0,0.0,3.98,3.59,3.67,0.0,0.0,0.0,0.0,0.0,0.0,0.0,0.0,0.0,0.0,0.0,0.0,0.0,3.7,4.32,4.14,4.35,4.31,4.26,4.3,5.0,4.47,3.32,4.08,5.0,0.0,3.28,0.0,0.0,0.0,0.0,0.0,0.0,0.0,0.0,0.0,0.0,0.0,0.0,0.0,0.0,0.0,0.0,0.0,0.0,0.0,0.0,0.0,0.0,0.0,4.06,0.0,0.0,0.0,0.0,0.0,0.0,0.0,4.2,0.0,0.0,0.0,0.0,3.87,0.0,0.0,0.0,0.0,1.93,2.56,0.0,0.0,0.0,0.0,0.0,0.0,0.0,4.06
40511226,0.0,0.0,0.0,0.0,0.0,0.0,0.0,0.0,4.31,0.0,0.0,0.0,1.89,0.0,0.0,0.0,0.0,0.0,0.0,0.0,0.0,0.0,0.0,0.0,0.0,1.89,0.0,0.0,0.0,5.0,0.0,4.34,0.0,0.0,4.0,4.9,0.0,0.0,0.0,4.93,4.81,0.0,4.0,3.91,3.66,0.0,3.0,0.0,3.04,0.0,4.0,0.0,4.29,0.0,3.63,0.0,4.11,0.0,4.24,0.0,4.84,0.0,3.82,2.47,3.81,0.0,0.0,0.0,0.0,0.0,4.05,4.07,3.67,0.0,0.0,0.0,0.0,0.0,0.0,0.0,0.0,0.0,0.0,0.0,0.0,0.0,4.2,4.38,3.85,4.37,3.75,4.81,4.35,5.0,4.55,3.34,4.16,5.0,0.0,3.68,0.0,0.0,0.0,0.0,0.0,0.0,0.0,0.0,0.0,0.0,0.0,0.0,0.0,0.0,0.0,0.0,0.0,0.0,0.0,0.0,0.0,0.0,0.0,4.56,0.0,0.0,0.0,0.0,0.0,0.0,0.0,3.2,0.0,0.0,0.0,0.0,4.21,0.0,0.0,0.0,0.0,2.0,1.76,0.0,0.0,0.0,0.0,0.0,0.0,0.0,4.56
40511227,0.0,0.0,0.0,0.0,0.0,0.0,0.0,0.0,5.0,0.0,0.0,0.0,0.89,0.0,0.0,0.0,0.0,0.0,0.0,0.0,0.0,0.0,0.0,0.0,0.0,0.74,0.0,0.0,0.0,5.0,0.0,3.79,0.0,0.0,3.0,5.0,0.0,0.0,0.0,5.0,0.0,0.0,5.0,4.91,5.0,0.0,2.0,0.0,4.54,0.0,3.79,0.0,4.52,0.0,0.0,0.0,5.0,0.0,4.38,0.0,4.91,0.0,3.86,0.0,3.9,0.0,0.0,0.0,0.0,0.0,4.2,5.0,3.79,0.0,0.0,0.0,0.0,0.0,0.0,0.0,0.0,0.0,0.0,0.0,0.0,0.0,5.0,4.68,3.97,4.46,3.63,5.0,4.4,5.0,4.67,3.42,4.56,5.0,0.0,2.47,0.0,0.0,0.0,0.0,0.0,0.0,0.0,0.0,0.0,0.0,0.0,0.0,0.0,0.0,0.0,0.0,0.0,0.0,0.0,0.0,0.0,0.0,0.0,5.0,0.0,0.0,0.0,0.0,0.0,0.0,0.0,2.2,0.0,0.0,0.0,0.0,3.01,0.0,0.0,0.0,0.0,0.84,0.73,0.0,0.0,0.0,0.0,0.0,0.0,0.0,5.0
40511228,0.0,0.0,0.0,0.0,0.0,0.0,0.0,0.0,3.81,0.0,0.0,0.0,0.89,0.0,0.0,0.0,0.0,0.0,0.0,0.0,0.0,0.0,0.0,0.0,0.0,1.37,0.0,0.0,0.0,4.71,0.0,3.34,0.0,0.0,4.0,3.93,0.0,0.0,0.0,3.93,4.81,0.0,3.0,2.91,3.08,0.0,2.0,0.0,2.63,0.0,3.0,0.0,3.67,0.0,3.63,0.0,3.11,0.0,3.24,0.0,4.19,0.0,3.02,2.47,2.92,0.0,0.0,0.0,0.0,0.0,3.43,3.56,3.0,0.0,0.0,0.0,0.0,0.0,0.0,0.0,0.0,0.0,0.0,0.0,0.0,0.0,3.69,3.72,2.97,3.71,2.75,4.37,3.72,4.39,3.94,2.68,3.48,4.0,0.0,3.39,0.0,0.0,0.0,0.0,0.0,0.0,0.0,0.0,0.0,0.0,0.0,0.0,0.0,0.0,0.0,0.0,0.0,0.0,0.0,0.0,0.0,0.0,0.0,4.06,0.0,0.0,0.0,0.0,0.0,0.0,0.0,2.2,0.0,0.0,0.0,0.0,3.87,0.0,0.0,0.0,0.0,1.54,0.85,0.0,0.0,0.0,0.0,0.0,0.0,0.0,4.06
40511229,0.0,0.0,0.0,0.0,0.0,0.0,0.0,0.0,4.81,0.0,0.0,0.0,0.89,0.0,0.0,0.0,0.0,0.0,0.0,0.0,0.0,0.0,0.0,0.0,0.0,1.37,0.0,0.0,0.0,5.0,0.0,3.79,0.0,0.0,4.0,5.0,0.0,0.0,0.0,5.0,4.81,0.0,5.0,4.91,4.23,0.0,2.0,0.0,3.45,0.0,3.79,0.0,4.35,0.0,3.63,0.0,5.0,0.0,4.38,0.0,4.83,0.0,3.81,2.47,3.86,0.0,0.0,0.0,0.0,0.0,4.08,4.59,3.69,0.0,0.0,0.0,0.0,0.0,0.0,0.0,0.0,0.0,0.0,0.0,0.0,0.0,4.7,4.5,3.92,4.37,3.63,5.0,4.33,5.0,4.56,3.33,4.34,5.0,0.0,3.39,0.0,0.0,0.0,0.0,0.0,0.0,0.0,0.0,0.0,0.0,0.0,0.0,0.0,0.0,0.0,0.0,0.0,0.0,0.0,0.0,0.0,0.0,0.0,5.0,0.0,0.0,0.0,0.0,0.0,0.0,0.0,2.2,0.0,0.0,0.0,0.0,3.87,0.0,0.0,0.0,0.0,1.54,0.85,0.0,0.0,0.0,0.0,0.0,0.0,0.0,5.0
40511231,0.0,0.0,0.0,0.0,0.0,0.0,0.0,0.0,0.0,0.0,0.0,0.0,0.89,0.0,0.0,0.0,0.0,0.0,0.0,0.0,0.0,0.0,0.0,0.0,0.0,0.74,0.0,0.0,0.0,3.79,0.0,3.09,0.0,0.0,1.0,3.19,0.0,0.0,0.0,0.0,0.0,0.0,1.0,0.0,0.0,0.0,2.0,0.0,0.0,0.0,2.55,0.0,2.78,0.0,0.0,0.0,0.0,0.0,2.59,0.0,3.37,0.0,2.31,0.0,2.25,0.0,0.0,0.0,0.0,0.0,2.57,0.0,2.18,0.0,0.0,0.0,0.0,0.0,0.0,0.0,0.0,0.0,0.0,0.0,0.0,0.0,0.0,2.84,2.28,2.89,2.25,0.0,2.89,3.49,3.08,1.86,2.57,0.0,0.0,2.47,0.0,0.0,0.0,0.0,0.0,0.0,0.0,0.0,0.0,0.0,0.0,0.0,0.0,0.0,0.0,0.0,0.0,0.0,0.0,0.0,0.0,0.0,0.0,0.0,0.0,0.0,0.0,0.0,0.0,0.0,0.0,2.2,0.0,0.0,0.0,0.0,3.01,0.0,0.0,0.0,0.0,0.84,0.73,0.0,0.0,0.0,0.0,0.0,0.0,0.0,0.0
40511233,0.0,0.0,0.0,0.0,0.0,0.0,0.0,0.0,3.31,0.0,0.0,0.0,2.89,0.0,0.0,0.0,0.0,0.0,0.0,0.0,0.0,0.0,0.0,0.0,0.0,2.4,0.0,0.0,0.0,4.9,0.0,4.67,0.0,0.0,4.0,4.03,0.0,0.0,0.0,2.93,4.81,0.0,2.0,1.91,2.51,0.0,4.0,0.0,2.23,0.0,3.82,0.0,3.88,0.0,3.63,0.0,2.11,0.0,3.53,0.0,4.53,0.0,3.43,2.47,3.3,0.0,0.0,0.0,0.0,0.0,3.7,3.04,3.31,0.0,0.0,0.0,0.0,0.0,0.0,0.0,0.0,0.0,0.0,0.0,0.0,0.0,3.18,3.88,3.31,4.04,3.43,3.92,4.07,4.49,4.23,3.02,3.55,3.0,0.0,3.98,0.0,0.0,0.0,0.0,0.0,0.0,0.0,0.0,0.0,0.0,0.0,0.0,0.0,0.0,0.0,0.0,0.0,0.0,0.0,0.0,0.0,0.0,0.0,3.56,0.0,0.0,0.0,0.0,0.0,0.0,0.0,4.2,0.0,0.0,0.0,0.0,4.54,0.0,0.0,0.0,0.0,2.47,2.66,0.0,0.0,0.0,0.0,0.0,0.0,0.0,3.56
40511234,0.0,0.0,0.0,0.0,0.0,0.0,0.0,0.0,5.0,0.0,0.0,0.0,2.89,0.0,0.0,0.0,0.0,0.0,0.0,0.0,0.0,0.0,0.0,0.0,0.0,2.74,0.0,0.0,0.0,5.0,0.0,5.0,0.0,0.0,5.0,5.0,0.0,0.0,0.0,5.0,0.0,0.0,5.0,4.91,5.0,0.0,4.0,0.0,4.54,0.0,5.0,0.0,5.0,0.0,0.0,0.0,5.0,0.0,5.0,0.0,5.0,0.0,4.87,0.0,4.85,0.0,0.0,0.0,0.0,0.0,5.0,5.0,4.76,0.0,0.0,0.0,0.0,0.0,0.0,0.0,0.0,0.0,0.0,0.0,0.0,0.0,5.0,5.0,4.89,5.0,4.75,5.0,5.0,5.0,5.0,4.43,5.0,5.0,0.0,4.47,0.0,0.0,0.0,0.0,0.0,0.0,0.0,0.0,0.0,0.0,0.0,0.0,0.0,0.0,0.0,0.0,0.0,0.0,0.0,0.0,0.0,0.0,0.0,5.0,0.0,0.0,0.0,0.0,0.0,0.0,0.0,4.2,0.0,0.0,0.0,0.0,5.0,0.0,0.0,0.0,0.0,2.84,2.73,0.0,0.0,0.0,0.0,0.0,0.0,0.0,5.0
40511235,0.0,0.0,0.0,0.0,0.0,0.0,0.0,0.0,2.81,0.0,0.0,0.0,0.0,0.0,0.0,0.0,0.0,0.0,0.0,0.0,0.0,0.0,0.0,0.0,0.0,2.04,0.0,0.0,0.0,4.16,0.0,2.23,0.0,0.0,4.0,2.43,0.0,0.0,0.0,1.93,4.81,0.0,1.0,0.91,1.94,0.0,3.0,0.0,1.82,0.0,1.69,0.0,3.06,0.0,3.63,0.0,1.11,0.0,1.73,0.0,3.63,0.0,2.18,2.47,1.8,0.0,0.0,0.0,0.0,0.0,2.87,2.52,2.36,0.0,0.0,0.0,0.0,0.0,0.0,0.0,0.0,0.0,0.0,0.0,0.0,0.0,2.68,2.99,1.85,3.13,1.39,3.48,3.21,3.58,3.42,2.12,2.64,2.0,0.0,3.77,0.0,0.0,0.0,0.0,0.0,0.0,0.0,0.0,0.0,0.0,0.0,0.0,0.0,0.0,0.0,0.0,0.0,0.0,0.0,0.0,0.0,0.0,0.0,3.06,0.0,0.0,0.0,0.0,0.0,0.0,0.0,0.0,0.0,0.0,0.0,0.0,4.31,0.0,0.0,0.0,0.0,2.14,2.03,0.0,0.0,0.0,0.0,0.0,0.0,0.0,3.06
40511237,0.0,0.0,0.0,0.0,0.0,0.0,0.0,0.0,4.89,0.0,0.0,0.0,2.89,0.0,0.0,0.0,0.0,0.0,0.0,0.0,0.0,0.0,0.0,0.0,0.0,2.89,0.0,0.0,0.0,5.0,0.0,5.0,0.0,0.0,5.0,5.0,0.0,0.0,0.0,0.0,5.0,0.0,3.0,0.0,4.18,0.0,4.0,0.0,3.7,0.0,4.55,0.0,4.96,0.0,4.63,0.0,0.0,0.0,4.59,0.0,5.0,0.0,4.41,3.47,4.31,0.0,0.0,0.0,0.0,0.0,4.74,4.64,4.33,0.0,0.0,0.0,0.0,0.0,0.0,0.0,0.0,0.0,0.0,0.0,0.0,0.0,4.77,5.0,4.34,5.0,4.25,5.0,5.0,5.0,5.0,4.02,4.74,0.0,0.0,4.68,0.0,0.0,0.0,0.0,0.0,0.0,0.0,0.0,0.0,0.0,0.0,0.0,0.0,0.0,0.0,0.0,0.0,0.0,0.0,0.0,0.0,0.0,0.0,5.0,0.0,0.0,0.0,0.0,0.0,0.0,0.0,4.2,0.0,0.0,0.0,0.0,5.0,0.0,0.0,0.0,0.0,3.0,2.76,0.0,0.0,0.0,0.0,0.0,0.0,0.0,5.0
40511238,0.0,0.0,0.0,0.0,0.0,0.0,0.0,0.0,5.0,0.0,0.0,0.0,0.0,0.0,0.0,0.0,0.0,0.0,0.0,0.0,0.0,0.0,0.0,0.0,0.0,3.04,0.0,0.0,0.0,5.0,0.0,5.0,0.0,0.0,5.0,5.0,0.0,0.0,0.0,5.0,5.0,0.0,5.0,4.91,4.66,0.0,4.0,0.0,4.04,0.0,5.0,0.0,5.0,0.0,4.63,0.0,5.0,0.0,5.0,0.0,5.0,0.0,5.0,3.47,5.0,0.0,0.0,0.0,0.0,0.0,5.0,5.0,4.91,0.0,0.0,0.0,0.0,0.0,0.0,0.0,0.0,0.0,0.0,0.0,0.0,0.0,5.0,5.0,5.0,5.0,5.0,5.0,5.0,5.0,5.0,4.57,5.0,5.0,0.0,4.77,0.0,0.0,0.0,0.0,0.0,0.0,0.0,0.0,0.0,0.0,0.0,0.0,0.0,0.0,0.0,0.0,0.0,0.0,0.0,0.0,0.0,0.0,0.0,5.0,0.0,0.0,0.0,0.0,0.0,0.0,0.0,0.0,0.0,0.0,0.0,0.0,5.0,0.0,0.0,0.0,0.0,3.14,3.03,0.0,0.0,0.0,0.0,0.0,0.0,0.0,5.0
40511239,0.0,0.0,0.0,0.0,0.0,0.0,0.0,0.0,4.81,0.0,0.0,0.0,0.0,0.0,0.0,0.0,0.0,0.0,0.0,0.0,0.0,0.0,0.0,0.0,0.0,3.04,0.0,0.0,0.0,5.0,0.0,5.0,0.0,0.0,5.0,5.0,0.0,0.0,0.0,4.93,5.0,0.0,4.0,3.91,4.08,0.0,4.0,0.0,3.63,0.0,4.69,0.0,5.0,0.0,4.63,0.0,4.11,0.0,4.73,0.0,5.0,0.0,4.5,3.47,4.42,0.0,0.0,0.0,0.0,0.0,4.8,4.56,4.39,0.0,0.0,0.0,0.0,0.0,0.0,0.0,0.0,0.0,0.0,0.0,0.0,0.0,4.69,5.0,4.45,5.0,4.39,5.0,5.0,5.0,5.0,4.09,4.78,5.0,0.0,4.77,0.0,0.0,0.0,0.0,0.0,0.0,0.0,0.0,0.0,0.0,0.0,0.0,0.0,0.0,0.0,0.0,0.0,0.0,0.0,0.0,0.0,0.0,0.0,5.0,0.0,0.0,0.0,0.0,0.0,0.0,0.0,0.0,0.0,0.0,0.0,0.0,5.0,0.0,0.0,0.0,0.0,3.14,3.03,0.0,0.0,0.0,0.0,0.0,0.0,0.0,5.0
40511242,0.0,0.0,0.0,0.0,0.0,0.0,0.0,0.0,3.89,0.0,0.0,0.0,1.89,0.0,0.0,0.0,0.0,0.0,0.0,0.0,0.0,0.0,0.0,0.0,0.0,1.89,0.0,0.0,0.0,4.98,0.0,4.09,0.0,0.0,4.0,4.22,0.0,0.0,0.0,0.0,4.81,0.0,5.0,0.0,3.18,0.0,3.0,0.0,2.7,0.0,3.55,0.0,3.96,0.0,3.63,0.0,0.0,0.0,3.59,0.0,4.52,0.0,3.41,2.47,3.31,0.0,0.0,0.0,0.0,0.0,3.74,3.64,3.33,0.0,0.0,0.0,0.0,0.0,0.0,0.0,0.0,0.0,0.0,0.0,0.0,0.0,3.77,4.01,3.34,4.04,3.25,4.44,4.05,4.66,4.25,3.02,3.74,0.0,0.0,3.68,0.0,0.0,0.0,0.0,0.0,0.0,0.0,0.0,0.0,0.0,0.0,0.0,0.0,0.0,0.0,0.0,0.0,0.0,0.0,0.0,0.0,0.0,0.0,4.14,0.0,0.0,0.0,0.0,0.0,0.0,0.0,3.2,0.0,0.0,0.0,0.0,4.21,0.0,0.0,0.0,0.0,2.0,1.76,0.0,0.0,0.0,0.0,0.0,0.0,0.0,4.14
40511243,0.0,0.0,0.0,0.0,0.0,0.0,0.0,0.0,3.73,0.0,0.0,0.0,1.89,0.0,0.0,0.0,0.0,0.0,0.0,0.0,0.0,0.0,0.0,0.0,0.0,1.74,0.0,0.0,0.0,4.87,0.0,4.12,0.0,0.0,5.0,4.28,0.0,0.0,0.0,3.93,0.0,0.0,3.0,2.91,3.01,0.0,3.0,0.0,2.54,0.0,3.61,0.0,3.86,0.0,0.0,0.0,3.11,0.0,3.67,0.0,4.44,0.0,3.38,0.0,3.32,0.0,0.0,0.0,0.0,0.0,3.64,3.48,3.25,0.0,0.0,0.0,0.0,0.0,0.0,0.0,0.0,0.0,0.0,0.0,0.0,0.0,3.61,3.92,3.35,3.96,3.31,4.28,3.96,4.58,4.15,2.93,3.66,4.0,0.0,3.47,0.0,0.0,0.0,0.0,0.0,0.0,0.0,0.0,0.0,0.0,0.0,0.0,0.0,0.0,0.0,0.0,0.0,0.0,0.0,0.0,0.0,0.0,0.0,3.98,0.0,0.0,0.0,0.0,0.0,0.0,0.0,3.2,0.0,0.0,0.0,0.0,4.01,0.0,0.0,0.0,0.0,1.84,1.73,0.0,0.0,0.0,0.0,0.0,0.0,0.0,3.98
40511244,0.0,0.0,0.0,0.0,0.0,0.0,0.0,0.0,3.89,0.0,0.0,0.0,3.89,0.0,0.0,0.0,0.0,0.0,0.0,0.0,0.0,0.0,0.0,0.0,0.0,2.92,0.0,0.0,0.0,5.0,0.0,5.0,0.0,0.0,4.0,5.0,0.0,0.0,0.0,0.0,4.81,0.0,5.0,0.0,3.18,0.0,5.0,0.0,2.7,0.0,5.0,0.0,4.8,0.0,3.63,0.0,0.0,0.0,5.0,0.0,5.0,0.0,4.75,2.47,4.9,0.0,0.0,0.0,0.0,0.0,4.63,3.64,4.33,0.0,0.0,0.0,0.0,0.0,0.0,0.0,0.0,0.0,0.0,0.0,0.0,0.0,3.77,4.9,4.89,5.0,5.0,4.44,4.99,5.0,5.0,3.99,4.61,0.0,0.0,4.28,0.0,0.0,0.0,0.0,0.0,0.0,0.0,0.0,0.0,0.0,0.0,0.0,0.0,0.0,0.0,0.0,0.0,0.0,0.0,0.0,0.0,0.0,0.0,4.14,0.0,0.0,0.0,0.0,0.0,0.0,0.0,5.0,0.0,0.0,0.0,0.0,4.87,0.0,0.0,0.0,0.0,2.93,3.56,0.0,0.0,0.0,0.0,0.0,0.0,0.0,4.14
40511246,0.0,0.0,0.0,0.0,0.0,0.0,0.0,0.0,4.81,0.0,0.0,0.0,1.89,0.0,0.0,0.0,0.0,0.0,0.0,0.0,0.0,0.0,0.0,0.0,0.0,2.37,0.0,0.0,0.0,5.0,0.0,4.34,0.0,0.0,5.0,4.93,0.0,0.0,0.0,4.93,5.0,0.0,4.0,3.91,4.08,0.0,3.0,0.0,3.63,0.0,4.0,0.0,4.67,0.0,4.63,0.0,4.11,0.0,4.24,0.0,5.0,0.0,4.02,3.47,3.92,0.0,0.0,0.0,0.0,0.0,4.43,4.56,4.0,0.0,0.0,0.0,0.0,0.0,0.0,0.0,0.0,0.0,0.0,0.0,0.0,0.0,4.69,4.72,3.97,4.71,3.75,5.0,4.72,5.0,4.94,3.68,4.48,5.0,0.0,4.39,0.0,0.0,0.0,0.0,0.0,0.0,0.0,0.0,0.0,0.0,0.0,0.0,0.0,0.0,0.0,0.0,0.0,0.0,0.0,0.0,0.0,0.0,0.0,5.0,0.0,0.0,0.0,0.0,0.0,0.0,0.0,3.2,0.0,0.0,0.0,0.0,4.87,0.0,0.0,0.0,0.0,2.54,1.85,0.0,0.0,0.0,0.0,0.0,0.0,0.0,5.0
40511247,0.0,0.0,0.0,0.0,0.0,0.0,0.0,0.0,3.89,0.0,0.0,0.0,0.0,0.0,0.0,0.0,0.0,0.0,0.0,0.0,0.0,0.0,0.0,0.0,0.0,2.04,0.0,0.0,0.0,5.0,0.0,0.0,0.0,0.0,4.0,4.49,0.0,0.0,0.0,0.0,4.81,0.0,5.0,0.0,3.18,0.0,4.0,0.0,2.7,0.0,0.0,0.0,4.08,0.0,3.63,0.0,0.0,0.0,0.0,0.0,4.67,0.0,3.61,2.47,3.55,0.0,0.0,0.0,0.0,0.0,3.87,3.64,3.48,0.0,0.0,0.0,0.0,0.0,0.0,0.0,0.0,0.0,0.0,0.0,0.0,0.0,3.77,4.14,3.58,4.19,0.0,4.44,4.19,4.8,4.38,3.17,3.87,0.0,0.0,3.77,0.0,0.0,0.0,0.0,0.0,0.0,0.0,0.0,0.0,0.0,0.0,0.0,0.0,0.0,0.0,0.0,0.0,0.0,0.0,0.0,0.0,0.0,0.0,4.14,0.0,0.0,0.0,0.0,0.0,0.0,0.0,0.0,0.0,0.0,0.0,0.0,4.31,0.0,0.0,0.0,0.0,2.14,2.03,0.0,0.0,0.0,0.0,0.0,0.0,0.0,4.14
40511248,0.0,0.0,0.0,0.0,0.0,0.0,0.0,0.0,0.0,0.0,0.0,0.0,0.89,0.0,0.0,0.0,0.0,0.0,0.0,0.0,0.0,0.0,0.0,0.0,0.0,0.74,0.0,0.0,0.0,3.79,0.0,3.09,0.0,0.0,3.0,3.19,0.0,0.0,0.0,0.0,0.0,0.0,4.0,0.0,0.0,0.0,2.0,0.0,0.0,0.0,2.55,0.0,2.78,0.0,0.0,0.0,0.0,0.0,2.59,0.0,3.37,0.0,2.31,0.0,2.25,0.0,0.0,0.0,0.0,0.0,2.57,0.0,2.18,0.0,0.0,0.0,0.0,0.0,0.0,0.0,0.0,0.0,0.0,0.0,0.0,0.0,0.0,2.84,2.28,2.89,2.25,0.0,2.89,3.49,3.08,1.86,2.57,0.0,0.0,2.47,0.0,0.0,0.0,0.0,0.0,0.0,0.0,0.0,0.0,0.0,0.0,0.0,0.0,0.0,0.0,0.0,0.0,0.0,0.0,0.0,0.0,0.0,0.0,0.0,0.0,0.0,0.0,0.0,0.0,0.0,0.0,2.2,0.0,0.0,0.0,0.0,3.01,0.0,0.0,0.0,0.0,0.84,0.73,0.0,0.0,0.0,0.0,0.0,0.0,0.0,0.0
40511250,0.0,0.0,0.0,0.0,0.0,0.0,0.0,0.0,4.81,0.0,0.0,0.0,1.89,0.0,0.0,0.0,0.0,0.0,0.0,0.0,0.0,0.0,0.0,0.0,0.0,1.89,0.0,0.0,0.0,5.0,0.0,4.57,0.0,0.0,4.0,5.0,0.0,0.0,0.0,5.0,4.81,0.0,5.0,4.91,4.23,0.0,3.0,0.0,3.45,0.0,4.4,0.0,4.63,0.0,3.63,0.0,5.0,0.0,4.81,0.0,5.0,0.0,4.21,2.47,4.28,0.0,0.0,0.0,0.0,0.0,4.38,4.59,4.02,0.0,0.0,0.0,0.0,0.0,0.0,0.0,0.0,0.0,0.0,0.0,0.0,0.0,4.7,4.77,4.33,4.69,4.19,5.0,4.65,5.0,4.86,3.66,4.59,5.0,0.0,3.68,0.0,0.0,0.0,0.0,0.0,0.0,0.0,0.0,0.0,0.0,0.0,0.0,0.0,0.0,0.0,0.0,0.0,0.0,0.0,0.0,0.0,0.0,0.0,5.0,0.0,0.0,0.0,0.0,0.0,0.0,0.0,3.2,0.0,0.0,0.0,0.0,4.21,0.0,0.0,0.0,0.0,2.0,1.76,0.0,0.0,0.0,0.0,0.0,0.0,0.0,5.0
40511251,0.0,0.0,0.0,0.0,0.0,0.0,0.0,0.0,4.73,0.0,0.0,0.0,2.89,0.0,0.0,0.0,0.0,0.0,0.0,0.0,0.0,0.0,0.0,0.0,0.0,2.74,0.0,0.0,0.0,5.0,0.0,5.0,0.0,0.0,5.0,5.0,0.0,0.0,0.0,4.93,0.0,0.0,4.0,3.91,4.01,0.0,4.0,0.0,3.54,0.0,4.61,0.0,4.86,0.0,0.0,0.0,4.11,0.0,4.67,0.0,5.0,0.0,4.38,0.0,4.32,0.0,0.0,0.0,0.0,0.0,4.64,4.48,4.25,0.0,0.0,0.0,0.0,0.0,0.0,0.0,0.0,0.0,0.0,0.0,0.0,0.0,4.61,4.92,4.35,4.96,4.31,5.0,4.96,5.0,5.0,3.93,4.66,5.0,0.0,4.47,0.0,0.0,0.0,0.0,0.0,0.0,0.0,0.0,0.0,0.0,0.0,0.0,0.0,0.0,0.0,0.0,0.0,0.0,0.0,0.0,0.0,0.0,0.0,4.98,0.0,0.0,0.0,0.0,0.0,0.0,0.0,4.2,0.0,0.0,0.0,0.0,5.0,0.0,0.0,0.0,0.0,2.84,2.73,0.0,0.0,0.0,0.0,0.0,0.0,0.0,4.98
40511252,0.0,0.0,0.0,0.0,0.0,0.0,0.0,0.0,3.31,0.0,0.0,0.0,1.89,0.0,0.0,0.0,0.0,0.0,0.0,0.0,0.0,0.0,0.0,0.0,0.0,0.92,0.0,0.0,0.0,4.45,0.0,4.34,0.0,0.0,2.0,4.84,0.0,0.0,0.0,4.93,2.81,0.0,4.0,3.91,2.8,0.0,3.0,0.0,1.86,0.0,4.0,0.0,3.53,0.0,1.63,0.0,4.11,0.0,4.24,0.0,4.14,0.0,3.42,0.47,3.59,0.0,0.0,0.0,0.0,0.0,3.3,3.11,3.02,0.0,0.0,0.0,0.0,0.0,0.0,0.0,0.0,0.0,0.0,0.0,0.0,0.0,3.21,3.7,3.61,3.68,3.75,3.7,3.61,4.42,3.78,2.64,3.51,5.0,0.0,2.28,0.0,0.0,0.0,0.0,0.0,0.0,0.0,0.0,0.0,0.0,0.0,0.0,0.0,0.0,0.0,0.0,0.0,0.0,0.0,0.0,0.0,0.0,0.0,3.56,0.0,0.0,0.0,0.0,0.0,0.0,0.0,3.2,0.0,0.0,0.0,0.0,2.87,0.0,0.0,0.0,0.0,0.93,1.56,0.0,0.0,0.0,0.0,0.0,0.0,0.0,3.56
40511253,0.0,0.0,0.0,0.0,0.0,0.0,0.0,0.0,4.81,0.0,0.0,0.0,2.89,0.0,0.0,0.0,0.0,0.0,0.0,0.0,0.0,0.0,0.0,0.0,0.0,2.89,0.0,0.0,0.0,5.0,0.0,5.0,0.0,0.0,5.0,5.0,0.0,0.0,0.0,4.93,5.0,0.0,4.0,3.91,4.08,0.0,4.0,0.0,3.63,0.0,4.61,0.0,4.94,0.0,4.63,0.0,4.11,0.0,4.67,0.0,5.0,0.0,4.42,3.47,4.34,0.0,0.0,0.0,0.0,0.0,4.73,4.56,4.32,0.0,0.0,0.0,0.0,0.0,0.0,0.0,0.0,0.0,0.0,0.0,0.0,0.0,4.69,5.0,4.38,5.0,4.31,5.0,5.0,5.0,5.0,4.01,4.73,5.0,0.0,4.68,0.0,0.0,0.0,0.0,0.0,0.0,0.0,0.0,0.0,0.0,0.0,0.0,0.0,0.0,0.0,0.0,0.0,0.0,0.0,0.0,0.0,0.0,0.0,5.0,0.0,0.0,0.0,0.0,0.0,0.0,0.0,4.2,0.0,0.0,0.0,0.0,5.0,0.0,0.0,0.0,0.0,3.0,2.76,0.0,0.0,0.0,0.0,0.0,0.0,0.0,5.0
40511255,0.0,0.0,0.0,0.0,0.0,0.0,0.0,0.0,4.73,0.0,0.0,0.0,0.0,0.0,0.0,0.0,0.0,0.0,0.0,0.0,0.0,0.0,0.0,0.0,0.0,0.0,0.0,0.0,0.0,5.0,0.0,5.0,0.0,0.0,5.0,5.0,0.0,0.0,0.0,4.93,0.0,0.0,4.0,3.91,4.01,0.0,4.0,0.0,3.54,0.0,4.69,0.0,4.92,0.0,0.0,0.0,4.11,0.0,4.73,0.0,5.0,0.0,4.45,0.0,4.38,0.0,0.0,0.0,0.0,0.0,4.71,4.48,4.32,0.0,0.0,0.0,0.0,0.0,0.0,0.0,0.0,0.0,0.0,0.0,0.0,0.0,4.61,4.98,4.41,5.0,4.39,5.0,5.0,5.0,5.0,4.0,4.71,5.0,0.0,0.0,0.0,0.0,0.0,0.0,0.0,0.0,0.0,0.0,0.0,0.0,0.0,0.0,0.0,0.0,0.0,0.0,0.0,0.0,0.0,0.0,0.0,0.0,0.0,4.98,0.0,0.0,0.0,0.0,0.0,0.0,0.0,0.0,0.0,0.0,0.0,0.0,0.0,0.0,0.0,0.0,0.0,0.0,0.0,0.0,0.0,0.0,0.0,0.0,0.0,0.0,4.98
40511256,0.0,0.0,0.0,0.0,0.0,0.0,0.0,0.0,2.31,0.0,0.0,0.0,1.89,0.0,0.0,0.0,0.0,0.0,0.0,0.0,0.0,0.0,0.0,0.0,0.0,1.4,0.0,0.0,0.0,3.9,0.0,3.67,0.0,0.0,3.0,3.03,0.0,0.0,0.0,1.93,3.81,0.0,1.0,0.91,1.51,0.0,3.0,0.0,1.23,0.0,2.82,0.0,2.88,0.0,2.63,0.0,1.11,0.0,2.53,0.0,3.53,0.0,2.43,1.47,2.3,0.0,0.0,0.0,0.0,0.0,2.7,2.04,2.31,0.0,0.0,0.0,0.0,0.0,0.0,0.0,0.0,0.0,0.0,0.0,0.0,0.0,2.18,2.88,2.31,3.04,2.43,2.92,3.07,3.49,3.23,2.02,2.55,2.0,0.0,2.98,0.0,0.0,0.0,0.0,0.0,0.0,0.0,0.0,0.0,0.0,0.0,0.0,0.0,0.0,0.0,0.0,0.0,0.0,0.0,0.0,0.0,0.0,0.0,2.56,0.0,0.0,0.0,0.0,0.0,0.0,0.0,3.2,0.0,0.0,0.0,0.0,3.54,0.0,0.0,0.0,0.0,1.47,1.66,0.0,0.0,0.0,0.0,0.0,0.0,0.0,2.56
40511258,0.0,0.0,0.0,0.0,0.0,0.0,0.0,0.0,1.81,0.0,0.0,0.0,0.89,0.0,0.0,0.0,0.0,0.0,0.0,0.0,0.0,0.0,0.0,0.0,0.0,0.4,0.0,0.0,0.0,3.22,0.0,2.9,0.0,0.0,2.0,2.64,0.0,0.0,0.0,1.93,2.81,0.0,1.0,0.91,1.08,0.0,2.0,0.0,0.63,0.0,2.21,0.0,2.22,0.0,1.63,0.0,1.11,0.0,2.1,0.0,2.85,0.0,1.83,0.47,1.77,0.0,0.0,0.0,0.0,0.0,2.03,1.56,1.65,0.0,0.0,0.0,0.0,0.0,0.0,0.0,0.0,0.0,0.0,0.0,0.0,0.0,1.69,2.27,1.78,2.36,1.87,2.37,2.37,2.91,2.55,1.34,1.98,2.0,0.0,1.98,0.0,0.0,0.0,0.0,0.0,0.0,0.0,0.0,0.0,0.0,0.0,0.0,0.0,0.0,0.0,0.0,0.0,0.0,0.0,0.0,0.0,0.0,0.0,2.06,0.0,0.0,0.0,0.0,0.0,0.0,0.0,2.2,0.0,0.0,0.0,0.0,2.54,0.0,0.0,0.0,0.0,0.47,0.66,0.0,0.0,0.0,0.0,0.0,0.0,0.0,2.06
40511259,0.0,0.0,0.0,0.0,0.0,0.0,0.0,0.0,3.89,0.0,0.0,0.0,0.0,0.0,0.0,0.0,0.0,0.0,0.0,0.0,0.0,0.0,0.0,0.0,0.0,2.04,0.0,0.0,0.0,5.0,0.0,0.0,0.0,0.0,4.0,4.49,0.0,0.0,0.0,0.0,4.81,0.0,2.0,0.0,3.18,0.0,2.0,0.0,2.7,0.0,0.0,0.0,4.08,0.0,3.63,0.0,0.0,0.0,0.0,0.0,4.67,0.0,3.61,2.47,3.55,0.0,0.0,0.0,0.0,0.0,3.87,3.64,3.48,0.0,0.0,0.0,0.0,0.0,0.0,0.0,0.0,0.0,0.0,0.0,0.0,0.0,3.77,4.14,3.58,4.19,0.0,4.44,4.19,4.8,4.38,3.17,3.87,0.0,0.0,3.77,0.0,0.0,0.0,0.0,0.0,0.0,0.0,0.0,0.0,0.0,0.0,0.0,0.0,0.0,0.0,0.0,0.0,0.0,0.0,0.0,0.0,0.0,0.0,4.14,0.0,0.0,0.0,0.0,0.0,0.0,0.0,0.0,0.0,0.0,0.0,0.0,4.31,0.0,0.0,0.0,0.0,2.14,2.03,0.0,0.0,0.0,0.0,0.0,0.0,0.0,4.14
40511260,0.0,0.0,0.0,0.0,0.0,0.0,0.0,0.0,0.0,0.0,0.0,0.0,0.89,0.0,0.0,0.0,0.0,0.0,0.0,0.0,0.0,0.0,0.0,0.0,0.0,0.74,0.0,0.0,0.0,3.79,0.0,3.09,0.0,0.0,4.0,3.19,0.0,0.0,0.0,0.0,0.0,0.0,1.0,0.0,0.0,0.0,2.0,0.0,0.0,0.0,2.55,0.0,2.78,0.0,0.0,0.0,0.0,0.0,2.59,0.0,3.37,0.0,2.31,0.0,2.25,0.0,0.0,0.0,0.0,0.0,2.57,0.0,2.18,0.0,0.0,0.0,0.0,0.0,0.0,0.0,0.0,0.0,0.0,0.0,0.0,0.0,0.0,2.84,2.28,2.89,2.25,0.0,2.89,3.49,3.08,1.86,2.57,0.0,0.0,2.47,0.0,0.0,0.0,0.0,0.0,0.0,0.0,0.0,0.0,0.0,0.0,0.0,0.0,0.0,0.0,0.0,0.0,0.0,0.0,0.0,0.0,0.0,0.0,0.0,0.0,0.0,0.0,0.0,0.0,0.0,0.0,2.2,0.0,0.0,0.0,0.0,3.01,0.0,0.0,0.0,0.0,0.84,0.73,0.0,0.0,0.0,0.0,0.0,0.0,0.0,0.0
40511262,0.0,0.0,0.0,0.0,0.0,0.0,0.0,0.0,1.89,0.0,0.0,0.0,1.89,0.0,0.0,0.0,0.0,0.0,0.0,0.0,0.0,0.0,0.0,0.0,0.0,0.92,0.0,0.0,0.0,3.73,0.0,4.09,0.0,0.0,2.0,4.06,0.0,0.0,0.0,0.0,2.81,0.0,3.0,0.0,1.18,0.0,3.0,0.0,0.7,0.0,3.55,0.0,2.8,0.0,1.63,0.0,0.0,0.0,3.59,0.0,3.5,0.0,2.75,0.47,2.9,0.0,0.0,0.0,0.0,0.0,2.63,1.64,2.33,0.0,0.0,0.0,0.0,0.0,0.0,0.0,0.0,0.0,0.0,0.0,0.0,0.0,1.77,2.9,2.89,3.02,3.25,2.44,2.99,3.55,3.13,1.99,2.61,0.0,0.0,2.28,0.0,0.0,0.0,0.0,0.0,0.0,0.0,0.0,0.0,0.0,0.0,0.0,0.0,0.0,0.0,0.0,0.0,0.0,0.0,0.0,0.0,0.0,0.0,2.14,0.0,0.0,0.0,0.0,0.0,0.0,0.0,3.2,0.0,0.0,0.0,0.0,2.87,0.0,0.0,0.0,0.0,0.93,1.56,0.0,0.0,0.0,0.0,0.0,0.0,0.0,2.14
