Method,Student_ID,Course_ID,Actual,Predicted,Error,Tier
Item_Content,40411202,40BR472,3,3.0003,0.0003,0
Item_Content,40311247,40BA052,5,4.4527,0.5473,0
Item_Content,40211206,40BR122,5,4.1237,0.8763,0
Item_Content,40511218,40B0292,5,3.3106,1.6894,1
Item_Content,40211202,40BR342,2,3.4468,1.4468,0
Item_Content,40311256,40BA122,3,4.2274,1.2274,0
Item_Content,40211109,40BA091,1,2.5472,1.5472,0
Item_Content,40311211,40BA062,1,3.1139,2.1139,0
Item_Content,40311211,40BA012,1,3.1031,2.1031,0
Item_Content,40211148,40BQ021,4,3.6667,0.3333,0
Item_Content,40211220,40BA082,4,4.4518,0.4518,0
Item_Content,40311215,40BR372,4,3.2079,0.7921,0
Item_Content,40311207,40BA222,5,3.6632,1.3368,0
Item_Content,40211250,40BR222,4,3.781,0.219,0
Item_Content,40211133,40BA121,3,4.0,1.0,0
Item_Content,40311259,40BA122,1,3.5624,2.5624,0
Item_Content,40211138,40BQ331,3,3.3333,0.3333,0
Item_Content,40211121,40BC051,3,2.5556,0.4444,0
Item_Content,40311108,40BA061,2,2.7726,0.7726,0
Item_Content,40211125,40BC051,4,3.5556,0.4444,0
Item_Content,40411111,40BC011,1,1.8666,0.8666,0
Item_Content,40211138,40B0291,2,3.3333,1.3333,0
Item_Content,40311155,40BA011,4,3.2382,0.7618,0
Item_Content,40211217,40BA102,5,4.118,0.882,0
Item_Content,40411202,40BA062,2,2.9827,0.9827,0
Item_Content,40211106,40BQ051,4,2.4444,1.5556,0
Item_Content,40511204,40B0292,5,2.4981,2.5019,0
Item_Content,40211150,40BC011,3,3.6667,0.6667,0
Item_Content,40311108,40BA141,2,2.6662,0.6662,0
Item_Content,40411129,40B0291,2,1.2,0.8,0
Item_Content,40311109,40BA011,1,1.0,0.0,0
Item_Content,40411145,40BA051,1,1.6783,0.6783,0
Item_Content,40211125,40BA091,1,3.4444,2.4444,0
Item_Content,40311226,40BR072,4,3.4471,0.5529,0
Item_Content,40211135,40BA011,4,3.0,1.0,0
Item_Content,40211217,40BA092,5,4.1259,0.8741,0
Item_Content,40311134,409A011,2,1.8842,0.1158,0
Item_Content,40211102,40BQ391,4,3.6652,0.3348,0
Item_Content,40211117,40BQ051,4,2.1105,1.8895,0
Item_Content,40311236,40BA082,4,3.9006,0.0994,0
Item_Content,40311244,40BR072,3,3.2275,0.2275,0
Item_Content,40411248,40BA012,4,3.671,0.329,0
Item_Content,40311246,40BA052,3,1.68,1.32,0
Item_Content,40311140,40BQ341,5,4.111,0.889,0
Item_Content,40411120,40BC071,4,3.9853,0.0147,0
Item_Content,40211232,40BA012,1,2.4813,1.4813,0
Item_Content,40211102,40BA151,4,3.6652,0.3348,0
Item_Content,40411118,40BA081,1,1.0,0.0,0
Item_Content,40211156,40BQ171,3,4.3362,1.3362,0
Item_Content,40211207,40BR082,5,3.6874,1.3126,0
Item_Content,40211113,40B9662,4,2.7794,1.2206,0
Item_Content,40311150,40B0291,3,1.8412,1.1588,0
Item_Content,40311127,40BA061,1,1.0,0.0,0
Item_Content,40311247,40BR372,4,4.4414,0.4414,0
Item_Content,40211129,40BA101,4,3.6667,0.3333,0
Item_Content,40211127,40B0291,4,4.0,0.0,0
Item_Content,40211102,40KA393,4,3.6652,0.3348,0
Item_Content,40211245,40BR082,3,2.7911,0.2089,0
Item_Content,40411163,40BA221,3,3.5216,0.5216,0
Item_Content,40311117,40BQ341,4,3.3328,0.6672,0
Item_Content,40311111,40BA141,2,2.3333,0.3333,0
Item_Content,40211146,40BA021,2,3.0,1.0,0
Item_Content,40311150,40BA101,1,1.8412,0.8412,0
Item_Content,40311216,40BR022,3,3.2158,0.2158,0
Item_Content,40411150,40BA051,1,2.4198,1.4198,0
Item_Content,40211126,40KA513,3,2.5556,0.4444,0
Item_Content,40211126,40KE011,3,2.5556,0.4444,0
Item_Content,40211252,40BA052,3,4.221,1.221,0
Item_Content,40411242,40BA222,3,2.1183,0.8817,0
Item_Content,40211162,40BA091,1,2.5556,1.5556,0
Item_Content,40411129,40BQ031,3,1.2,1.8,0
Item_Content,40411247,40BA052,3,3.154,0.154,0
Item_Content,40211158,40BC061,3,3.0,0.0,0
Item_Content,40211214,40BA012,4,2.7787,1.2213,0
Item_Content,40211107,40BA141,1,2.0008,1.0008,0
Item_Content,40311256,40B8932,5,4.1113,0.8887,0
Item_Content,40211252,40BA142,5,4.2353,0.7647,0
Item_Content,40311138,40BA081,3,2.995,0.005,0
Item_Content,40211146,40BQ051,3,3.0,0.0,0
Item_Content,40311235,40K0051,1,2.5462,1.5462,0
Item_Content,40311150,40BA021,1,1.8412,0.8412,0
Item_Content,40411236,40BA082,4,3.1529,0.8471,0
Item_Content,40411120,40BC011,3,3.9872,0.9872,0
Item_Content,40311254,40BA052,3,3.1602,0.1602,0
Item_Content,40411219,40B0292,5,3.3258,1.6742,0
Item_Content,40311223,40B0292,3,2.336,0.664,0
Item_Content,40211117,40BC021,2,2.1111,0.1111,0
Item_Content,40211229,90B2681,4,2.0143,1.9857,0
Item_Content,40211220,40BR042,4,4.4479,0.4479,0
Item_Content,40211209,40BR222,4,1.893,2.107,0
Item_Content,40333126,40BA221,1,1.0,0.0,0
Item_Content,40211105,40BC051,2,1.8889,0.1111,0
Item_Content,40211108,40BC061,5,3.5556,1.4444,0
Item_Content,40211202,40BA102,3,3.4473,0.4473,0
Item_Content,40211261,40BA022,5,4.0,1.0,0
Item_Content,40311128,40BA221,3,3.9952,0.9952,0
Item_Content,40211242,40BA102,4,4.666,0.666,0
Item_Content,40211250,40BA012,3,3.7781,0.7781,0
Item_Content,40211111,40B0291,2,2.4444,0.4444,0
Item_Content,40211208,433A011,1,1.6755,0.6755,0
Item_Content,40211156,40BQ381,4,4.3311,0.3311,0
Item_Content,40211127,40BQ321,4,4.0,0.0,0
Item_Content,40211109,40BC021,3,2.3336,0.6664,0
Item_Content,40511103,40BA051,1,1.0,0.0,0
Item_Content,40211146,40BA101,1,3.0,2.0,0
Item_Content,40211148,40BA121,4,3.6667,0.3333,0
Item_Content,40211230,409Z491,5,4.4467,0.5533,0
Item_Content,40211144,40BC021,1,1.8877,0.8877,0
Item_Content,40411224,40B0292,5,2.5439,2.4561,0
Item_Content,40211247,40BR042,1,3.1197,2.1197,0
Item_Content,40211113,40BQ331,1,2.4491,1.4491,0
Item_Content,40411215,40BA062,1,3.9715,2.9715,0
Item_Content,40511133,40BA011,5,4.0,1.0,0
Item_Content,40211109,40BQ391,4,2.441,1.559,0
Item_Content,40311205,40BA102,4,2.6708,1.3292,0
Item_Content,40211206,40BA122,3,3.886,0.886,0
Item_Content,40211127,40BA121,4,4.0,0.0,0
Item_Content,40311206,40BA082,4,3.0113,0.9887,0
Item_Content,40311238,40BA102,3,2.9978,0.0022,0
Item_Content,40411252,40BA222,3,1.4189,1.5811,0
Item_Content,40311217,40BA102,3,3.4428,0.4428,0
Item_Content,40311232,40BA062,1,2.6653,1.6653,0
Item_Content,40211228,409Z511,4,4.004,0.004,0
Item_Content,40411230,40BA062,1,2.6411,1.6411,0
Item_Content,40211113,40BA131,3,2.8807,0.1193,0
Item_Content,40211259,40BD052,4,3.3239,0.6761,0
Item_Content,40211132,40B0291,2,2.3333,0.3333,0
Item_Content,40211234,40BD032,4,3.6811,0.3189,0
Item_Content,40411133,40BA081,1,2.8918,1.8918,0
Item_Content,40311166,40BQ311,3,1.3095,1.6905,0
Item_Content,40211228,40BR032,4,4.0063,0.0063,0
Item_Content,40211111,40BC011,1,2.4444,1.4444,0
Item_Content,40311214,40BA052,3,2.4354,0.5646,0
Item_Content,40211264,40BD012,1,1.9829,0.9829,0
Item_Content,40211108,40BC021,4,3.4444,0.5556,0
Item_Content,40311137,40BC021,5,3.5534,1.4466,0
Item_Content,40311123,40B0291,2,1.9005,0.0995,0
Item_Content,40211219,40BA152,4,3.6711,0.3289,0
Item_Content,40211104,40BA121,3,2.6667,0.3333,0
Item_Content,40411128,40BA061,3,2.8862,0.1138,0
Item_Content,40511246,40BA012,4,3.9445,0.0555,0
Item_Content,40211141,40BA101,3,3.9961,0.9961,0
Item_Content,40311226,40BR022,3,3.5408,0.5408,0
Item_Content,40211267,40BA132,3,3.5495,0.5495,0
Item_Content,40411217,40BA062,5,3.6304,1.3696,0
Item_Content,40211242,40BA022,4,4.6628,0.6628,0
Item_Content,40411230,40BA082,2,2.6571,0.6571,0
Item_Content,40211142,40BQ021,1,1.2222,0.2222,0
Item_Content,40411208,40BR022,3,2.9915,0.0085,0
Item_Content,40311206,40BA222,3,2.9921,0.0079,0
Item_Content,40211237,40BA102,3,2.8921,0.1079,0
Item_Content,40211205,40B0292,5,3.8999,1.1001,0
Item_Content,40311250,40UN160,4,4.4441,0.4441,0
Item_Content,40511238,40BA052,4,5.0,1.0,0
Item_Content,40311121,40BA051,3,2.9904,0.0096,0
Item_Content,40211257,40BA102,1,1.8861,0.8861,0
Item_Content,40311122,40BA121,2,2.9979,0.9979,0
Item_Content,40411141,40BA101,1,1.8651,0.8651,0
Item_Content,40511209,40B0292,4,3.0,1.0,0
Item_Content,40311261,40B8932,4,3.5636,0.4364,0
Item_Content,40211117,40UN110,4,2.3248,1.6752,0
Item_Content,40311201,40BA122,5,4.8883,0.1117,0
Item_Content,40211246,40BA062,5,4.231,0.769,0
Item_Content,40311114,40BQ341,5,3.657,1.343,0
Item_Content,40311224,40BA022,1,1.2455,0.2455,0
Item_Content,40311229,40BA132,5,3.2178,1.7822,0
Item_Content,40311112,40BQ341,5,3.0011,1.9989,0
Item_Content,40211105,40BQ171,1,1.8889,0.8889,0
Item_Content,40311221,40BA062,1,2.6519,1.6519,0
Item_Content,40211248,40BR342,3,3.3539,0.3539,0
Item_Content,40211246,40BA082,3,4.4452,1.4452,0
Item_Content,40211105,40BA121,3,1.8889,1.1111,0
Item_Content,40411227,40BA052,4,4.0969,0.0969,0
Item_Content,40211262,40BD012,4,3.6688,0.3312,0
Item_Content,40411115,40BA021,2,2.0,0.0,0
Item_Content,40311121,40BA021,3,2.9904,0.0096,0
Item_Content,40411207,40B0292,4,2.5124,1.4876,0
Item_Content,40411140,40BQ311,2,1.87,0.13,0
Item_Content,40311264,4069582,2,3.5164,1.5164,0
Item_Content,40311119,40BA131,2,2.6764,0.6764,0
Item_Content,40411210,40BA062,3,3.6438,0.6438,0
Item_Content,40411202,40BA082,3,3.004,0.004,0
Item_Content,40411164,40BA101,2,1.0,1.0,0
Item_Content,40211229,40BR122,5,2.0143,2.9857,0
Item_Content,40511217,40B0292,4,1.0,3.0,0
Item_Content,40211259,40BA122,2,3.5537,1.5537,0
Item_Content,40211255,40BD032,3,2.8847,0.1153,0
Item_Content,40211142,40BA061,4,1.2222,2.7778,0
Item_Content,40211249,40BR042,2,3.7904,1.7904,0
Item_Content,40311148,40BC071,3,1.5,1.5,0
Item_Content,40311232,40BQ512,3,2.7833,0.2167,0
Item_Content,40211161,40B9651,3,1.8911,1.1089,0
Item_Content,40211209,40BA082,2,2.1157,0.1157,0
Item_Content,40311209,40B0292,1,1.6684,0.6684,0
Item_Content,40311259,40BA052,5,3.547,1.453,0
Item_Content,40411237,40BD012,3,1.2811,1.7189,0
Item_Content,40411219,40BA052,3,3.3337,0.3337,0
Item_Content,40211213,40BA132,1,3.217,2.217,0
Item_Content,40311250,40BD012,5,4.2304,0.7696,0
Item_Content,40311137,40BQ331,3,3.5551,0.5551,0
Item_Content,40511206,40BA052,4,4.0,0.0,0
Item_Content,40511229,40B0292,4,5.0,1.0,0
Item_Content,40311229,40BR072,4,3.2187,0.7813,0
Item_Content,40211234,40BA102,4,4.1163,0.1163,0
Item_Content,40211238,40BD012,1,2.6764,1.6764,0
Item_Content,40311211,40B0292,3,3.1361,0.1361,0
Item_Content,40311238,40BQ512,4,3.0167,0.9833,0
Item_Content,40411243,40BA012,1,2.5874,1.5874,0
Item_Content,40311129,40BQ321,2,1.8883,0.1117,0
Item_Content,40211150,40BA051,3,3.6667,0.6667,0
Item_Content,40411236,40BR022,4,3.1327,0.8673,0
Item_Content,40211117,40BA091,1,2.3248,1.3248,0
Item_Content,40411231,40BA012,1,2.4167,1.4167,0
Item_Content,40311205,40BR372,5,2.7843,2.2157,0
Item_Content,40211217,40BA052,4,4.3326,0.3326,0
Item_Content,40211146,40BA141,3,3.0,0.0,0
Item_Content,40411138,40BC011,1,1.3401,0.3401,0
Item_Content,40211156,40BR372,3,4.2233,1.2233,0
Item_Content,40411208,40BA052,3,2.9993,0.0007,0
Item_Content,40205303,40BR072,3,2.0096,0.9904,0
Item_Content,40411220,40BA062,2,3.445,1.445,0
Item_Content,40411213,40BD012,4,3.3113,0.6887,0
Item_Content,40211267,40BD052,1,3.4429,2.4429,0
Item_Content,40211129,40BA141,4,3.6667,0.3333,0
Item_Content,40211126,433N062,5,2.5556,2.4444,0
Item_Content,40211102,409U053,5,3.6652,1.3348,0
Item_Content,40211134,40BA061,4,2.8889,1.1111,0
Item_Content,40311134,40BQ321,3,1.8912,1.1088,0
Item_Content,40211203,40BA022,3,4.2149,1.2149,0
Item_Content,40211147,40BC051,1,1.8889,0.8889,0
Item_Content,40311217,40BD012,4,3.4463,0.5537,0
Item_Content,40211233,40BA152,2,1.8907,0.1093,0
Item_Content,40211137,40BQ391,2,1.6667,0.3333,0
Item_Content,40411106,40BA051,3,4.7751,1.7751,0
Item_Content,40311158,40UN130,5,3.5589,1.4411,0
Item_Content,40211116,40BQ021,4,3.2222,0.7778,0
Item_Content,40311202,40BA082,4,3.5736,0.4264,0
Item_Content,40211154,40BQ391,3,2.4444,0.5556,0
Item_Content,40311110,40B0291,3,2.2545,0.7455,0
Item_Content,40411150,40BC071,2,2.4154,0.4154,0
Item_Content,40211117,40BA131,4,2.3248,1.6752,0
Item_Content,40311229,40BD012,4,3.2158,0.7842,0
Item_Content,40211102,40BA081,4,3.6652,0.3348,0
Item_Content,40211115,40BQ021,2,2.2222,0.2222,0
Item_Content,40211215,40BA052,1,1.9971,0.9971,0
Item_Content,40211105,40BA151,3,1.8889,1.1111,0
Item_Content,40211166,40BQ371,1,1.0,0.0,0
Item_Content,40311237,40BA122,3,2.6671,0.3329,0
Item_Content,40311211,40BA132,4,3.1379,0.8621,0
Item_Content,40211225,40UN070,5,2.4481,2.5519,0
Item_Content,40511109,40B0291,4,1.5,2.5,0
Item_Content,40211161,40BQ051,1,1.7772,0.7772,0
Item_Content,40211118,40BC051,5,4.5555,0.4445,0
Item_Content,40411131,40BA021,1,1.0,0.0,0
Item_Content,40311122,40BA221,3,2.9979,0.0021,0
Item_Content,40511104,40B0291,5,1.0,4.0,0
Item_Content,40211126,40BA051,5,2.5556,2.4444,0
Item_Content,40211211,40BR082,3,4.0055,1.0055,0
Item_Content,40211262,40BA092,4,3.7789,0.2211,0
Item_Content,40211250,40B0292,4,3.7808,0.2192,0
Item_Content,40311233,40B8932,3,3.0089,0.0089,0
Item_Content,40311146,40BC011,1,2.1118,1.1118,0
Item_Content,40211156,40BA151,3,4.3362,1.3362,0
Item_Content,40211228,40BA062,3,3.9952,0.9952,0
Item_Content,40311221,40BD012,3,2.6659,0.3341,0
Item_Content,40311119,40BA011,5,2.6764,2.3236,0
Item_Content,40411126,40BC011,3,2.8193,0.1807,0
Item_Content,40311130,409A021,1,1.5499,0.5499,0
Item_Content,40211232,40BA102,1,2.4741,1.4741,0
Item_Content,40211117,40BA121,3,2.3248,0.6752,0
Item_Content,40411247,40BA102,2,3.1428,1.1428,0
Item_Content,40211248,40BA102,4,3.2345,0.7655,0
Item_Content,40411251,40BA022,2,2.8184,0.8184,0
Item_Content,40312142,40BA101,4,3.0068,0.9932,0
Item_Content,40211229,40BR082,4,2.0143,1.9857,0
Item_Content,40211214,40BR242,2,2.6865,0.6865,0
Item_Content,40311150,40BC011,1,1.8382,0.8382,0
Item_Content,40411102,40BQ031,5,3.6305,1.3695,0
Item_Content,40211106,40BA061,5,2.4444,2.5556,0
Item_Content,40211230,409Z481,4,4.5582,0.5582,0
Item_Content,40211117,40BA151,4,2.3248,1.6752,0
Item_Content,40211259,40BA022,4,3.1002,0.8998,0
Item_Content,40311259,40BA062,1,3.5415,2.5415,0
Item_Content,40411159,40BA101,3,2.2936,0.7064,0
Item_Content,40411115,40BA221,1,2.0,1.0,0
Item_Content,40211247,409Z481,4,3.4458,0.5542,0
Item_Content,40311260,40BR022,3,2.6708,0.3292,0
Item_Content,40411128,40BA011,1,2.8862,1.8862,0
Item_Content,40211146,40BA151,4,3.0,1.0,0
Item_Content,40211101,40B0291,4,4.4444,0.4444,0
Item_Content,40211148,40BQ171,4,3.6667,0.3333,0
Item_Content,40211244,40BR042,2,3.8937,1.8937,0
Item_Content,40511101,40BA011,1,2.0,1.0,0
Item_Content,40205303,40BR242,1,1.7903,0.7903,0
Item_Content,40211235,40BR042,2,3.1208,1.1208,0
Item_Content,40211126,40KA393,3,2.5556,0.4444,0
Item_Content,40211139,40BQ421,2,3.2222,1.2222,0
Item_Content,40211206,40BD012,3,4.1179,1.1179,0
Item_Content,40311204,40BA052,5,3.0898,1.9102,0
Item_Content,40211233,40BR242,1,2.1176,1.1176,0
Item_Content,40411125,40BA011,1,2.4763,1.4763,0
Item_Content,40311218,40BA132,5,1.8809,3.1191,0
Item_Content,40211137,40BC011,3,1.7779,1.2221,0
Item_Content,40311120,40BA021,1,1.9957,0.9957,0
Item_Content,40511107,40BA051,5,3.5,1.5,0
Item_Content,40311217,40BD032,2,3.4488,1.4488,0
Item_Content,40311215,40B0292,2,3.2223,1.2223,0
Item_Content,40311155,40BQ031,1,3.2409,2.2409,0
Item_Content,40211201,40BR032,3,2.9074,0.0926,0
Item_Content,40211134,40BQ401,4,2.8889,1.1111,0
Item_Content,40211208,40BA092,1,1.6755,0.6755,0
Item_Content,40211247,40BR032,4,3.1175,0.8825,0
Item_Content,40311238,40BA122,3,3.0267,0.0267,0
Item_Content,40211109,40BQ141,2,2.5472,0.5472,0
Item_Content,40211130,40BA081,1,1.8889,0.8889,0
Item_Content,40311158,40BC071,5,3.4386,1.5614,0
Item_Content,40211226,40BD032,4,4.1206,0.1206,0
Item_Content,40211266,40BA081,2,2.005,0.005,0
Item_Content,40311233,40B0292,3,3.1112,0.1112,0
Item_Content,40311136,40BA011,1,3.5,2.5,0
Item_Content,40311132,40BA121,1,2.1111,1.1111,0
Item_Content,40211133,40BC011,2,3.889,1.889,0
Item_Content,40211236,40BD012,1,1.0,0.0,0
Item_Content,40311210,40BA222,3,2.0184,0.9816,0
Item_Content,40211117,40BQ141,2,2.3248,0.3248,0
Item_Content,40311261,40BD032,3,3.6711,0.6711,0
Item_Content,40211225,40B9561,4,2.4471,1.5529,0
Item_Content,40211228,40BA132,3,4.1135,1.1135,0
Item_Content,40211158,40BA011,4,3.0,1.0,0
Item_Content,40211154,40BA091,1,2.4444,1.4444,0
Item_Content,40211137,40BA061,1,1.6667,0.6667,0
Item_Content,40211209,40BD032,2,2.0065,0.0065,0
Item_Content,40411227,40BA222,3,4.1152,1.1152,0
Item_Content,40311235,40BA222,1,2.4565,1.4565,0
Item_Content,40211141,40BC061,4,3.8887,0.1113,0
Item_Content,40211261,40BR072,5,3.8902,1.1098,0
Item_Content,40211114,40BA011,1,2.3333,1.3333,0
Item_Content,40411126,40BA081,4,2.8163,1.1837,0
Item_Content,40211229,40BA012,2,2.095,0.095,0
Item_Content,40311122,40BA081,4,2.9979,1.0021,0
Item_Content,40311109,40BA021,1,1.0,0.0,0
Item_Content,40411205,40BD012,4,2.2346,1.7654,0
Item_Content,40327247,40BC071,2,2.3395,0.3395,0
Item_Content,40311238,40B0292,2,2.9996,0.9996,0
Item_Content,40311238,40B8932,3,3.0014,0.0014,0
Item_Content,40411158,40BA051,2,1.3769,0.6231,0
Item_Content,40311243,40BA052,4,3.7595,0.2405,0
Item_Content,40411211,40BA222,2,3.1308,1.1308,0
Item_Content,40511226,40BA012,4,2.4958,1.5042,1
Item_Content,40411255,40BA222,4,4.2528,0.2528,0
Item_Content,40411212,40BD012,3,2.021,0.979,0
Item_Content,40211202,40B9651,4,3.4508,0.5492,0
Item_Content,40311243,40BD012,4,3.7809,0.2191,0
Item_Content,40211112,40KT142,5,2.0,3.0,0
Item_Content,40311204,40BA132,4,3.1044,0.8956,0
Item_Content,40211224,40BD012,3,1.562,1.438,0
Item_Content,40211113,40BA091,1,2.8807,1.8807,0
Item_Content,40411156,40BA021,4,3.0122,0.9878,0
Item_Content,40311153,40BA021,5,4.4444,0.5556,0
Item_Content,40211266,40BR022,2,2.1113,0.1113,0
Item_Content,40411219,40BA082,5,3.3243,1.6757,0
Item_Content,40311223,40BA122,3,2.3407,0.6593,0
Item_Content,40211116,40BQ051,4,3.2222,0.7778,0
Item_Content,40211246,40BR122,5,4.4459,0.5541,0
Item_Content,40311158,40BQ341,3,3.4518,0.4518,0
Item_Content,40411201,40BA062,3,3.2999,0.2999,0
Item_Content,40211126,40IN672,5,2.5556,2.4444,0
Item_Content,40211249,40B0292,4,3.5569,0.4431,0
Item_Content,40311108,40BC011,2,2.7787,0.7787,0
Item_Content,40411156,40BA011,5,3.0122,1.9878,0
Item_Content,40411244,40BR472,1,2.9848,1.9848,0
Item_Content,40211103,40UN050,1,2.2152,1.2152,0
Item_Content,40411242,40BA102,4,2.0736,1.9264,0
Item_Content,40411202,40BA052,4,2.9852,1.0148,0
Item_Content,40211261,40BA152,3,4.0,1.0,0
Item_Content,40511142,40BA051,3,3.0,0.0,0
Item_Content,40411246,40BA082,3,2.1363,0.8637,0
Item_Content,40211104,40UN110,4,2.6667,1.3333,0
Item_Content,40311236,40BR042,4,3.9005,0.0995,0
Item_Content,40211223,40BA132,3,4.5574,1.5574,0
Item_Content,40211115,40BA011,3,2.2222,0.7778,0
Item_Content,40211144,40BQ421,1,2.2222,1.2222,0
Item_Content,40211203,40BA102,4,4.1119,0.1119,0
Item_Content,40211257,409U163,1,1.8908,0.8908,0
Item_Content,40311113,40BA051,1,1.0,0.0,0
Item_Content,40411236,40BA012,3,3.1224,0.1224,0
Item_Content,40411233,40BA102,4,2.5456,1.4544,0
Item_Content,40311161,40BA221,1,1.1598,0.1598,0
Item_Content,40211153,40BR372,4,2.7778,1.2222,0
Item_Content,40411108,40BA011,4,3.0079,0.9921,0
Item_Content,40211115,40BC061,1,2.2222,1.2222,0
Item_Content,40311130,40BQ031,2,1.5506,0.4494,0
Item_Content,40211102,40B0291,2,3.6652,1.6652,0
Item_Content,40211205,40BR032,5,3.9028,1.0972,0
Item_Content,40211132,40BA081,2,2.3333,0.3333,0
Item_Content,40311257,40BA102,3,4.4457,1.4457,0
Item_Content,40211110,40BQ321,2,3.0,1.0,0
Item_Content,40411255,40BA102,4,4.2507,0.2507,0
Item_Content,40411138,40BA051,2,1.3395,0.6605,0
Item_Content,40311105,409A011,2,1.4444,0.5556,0
Item_Content,40311265,4064243,2,3.3166,1.3166,0
Item_Content,40311255,40B0292,2,1.2489,0.7511,0
Item_Content,40211104,40BA131,4,2.6667,1.3333,0
Item_Content,40211233,40BA092,2,2.0016,0.0016,0
Item_Content,40211133,40BR372,5,4.0,1.0,0
Item_Content,40311138,40BA011,1,2.995,1.995,0
Item_Content,40311124,40BA021,1,1.7671,0.7671,0
Item_Content,40211238,433A021,2,2.9089,0.9089,0
Item_Content,40311223,40BA222,1,2.34,1.34,0
Item_Content,40211161,40BA051,2,1.885,0.115,0
Item_Content,40211137,40BA091,1,1.6667,0.6667,0
Item_Content,40311128,40BA121,4,3.9952,0.0048,0
Item_Content,40411238,40BA052,2,2.6976,0.6976,0
Item_Content,40211118,40BC061,5,4.6667,0.3333,0
Item_Content,40311218,40BR042,4,1.7806,2.2194,0
Item_Content,40211235,40BA152,4,2.9104,1.0896,0
Item_Content,40211138,40BA051,3,3.3333,0.3333,0
Item_Content,40311206,40BA062,1,3.201,2.201,0
Item_Content,40211230,40B0292,5,4.3376,0.6624,0
Item_Content,40411209,40BA222,3,1.5733,1.4267,0
Item_Content,40311118,40BC051,3,4.4444,1.4444,0
Item_Content,40211224,40BR072,3,1.55,1.45,0
Item_Content,40311243,40BA122,4,3.8914,0.1086,0
Item_Content,40211113,40B0291,2,2.8807,0.8807,0
Item_Content,40211235,40BR072,4,3.2317,0.7683,0
Item_Content,40211161,40BQ331,1,1.6678,0.6678,0
Item_Content,40311253,40B0292,3,2.5561,0.4439,0
Item_Content,40211225,40BR372,4,2.2304,1.7696,0
Item_Content,40311227,40BA082,4,3.2316,0.7684,0
Item_Content,40211262,40BR082,5,3.7789,1.2211,0
Item_Content,40511229,40BA052,2,5.0,3.0,0
Item_Content,40211122,40BQ421,3,2.8889,0.1111,0
Item_Content,40411119,40BA051,1,1.0,0.0,0
Item_Content,40211202,40BA132,3,3.3388,0.3388,0
Item_Content,40211125,40BQ141,4,3.4444,0.5556,0
Item_Content,40411205,40BA052,2,2.2147,0.2147,0
Item_Content,40311131,40B0291,2,1.8889,0.1111,0
Item_Content,40311146,40BA081,2,2.1069,0.1069,0
Item_Content,40211245,40BR032,2,2.7911,0.7911,0
Item_Content,40411130,40BC071,1,2.7819,1.7819,0
Item_Content,40311135,40BA221,1,3.3346,2.3346,0
Item_Content,40411143,40BA051,1,1.6644,0.6644,0
Item_Content,40411207,40BA062,2,2.523,0.523,0
Item_Content,40211220,409Z481,5,4.5607,0.4393,0
Item_Content,40211205,40BA062,5,3.9998,1.0002,0
Item_Content,40211230,40BA062,4,3.9909,0.0091,0
Item_Content,40411140,40BA021,1,1.8718,0.8718,0
Item_Content,40511262,40BA052,3,3.0,0.0,0
Item_Content,40211262,40BA142,5,3.7789,1.2211,0
Item_Content,40311132,40BQ321,3,2.2218,0.7782,0
Item_Content,40311138,40BC021,4,2.7772,1.2228,0
Item_Content,40311151,40BA141,3,4.1123,1.1123,0
Item_Content,40411143,40BA221,1,1.6644,0.6644,0
Item_Content,40211222,40BD032,4,4.4477,0.4477,0
Item_Content,40311231,40BD032,2,3.0036,1.0036,0
Item_Content,40311205,40BD032,3,3.4378,0.4378,0
Item_Content,40511227,40BA052,2,4.0517,2.0517,0
Item_Content,40211152,40B0291,2,2.25,0.25,0
Item_Content,40211233,40BA142,4,2.0016,1.9984,0
Item_Content,40311238,40BA132,3,2.9965,0.0035,0
Item_Content,40211125,40BC011,4,3.5559,0.4441,0
Item_Content,40311219,40B0292,1,2.2547,1.2547,0
Item_Content,40311105,40BC071,2,1.4444,0.5556,0
Item_Content,40311134,40BA121,3,1.8842,1.1158,0
Item_Content,40311116,40B0291,2,1.774,0.226,0
Item_Content,40311157,40BA061,3,3.6601,0.6601,0
Item_Content,40211104,40BC051,2,2.8891,0.8891,0
Item_Content,40411149,40BC071,1,2.3934,1.3934,0
Item_Content,40411130,40BA102,3,2.7859,0.2141,0
Item_Content,40311214,40BD032,2,2.441,0.441,0
Item_Content,40411222,40BA062,1,1.9528,0.9528,0
Item_Content,40311108,40BA101,3,2.7726,0.2274,0
Item_Content,40211134,40BC021,4,3.1131,0.8869,0
Item_Content,40320324,40BC011,1,1.7764,0.7764,0
Item_Content,40311243,40BA012,3,3.7671,0.7671,0
Item_Content,40411130,40BA222,2,2.77,0.77,0
Item_Content,40411215,40BA052,1,3.9741,2.9741,0
Item_Content,40411240,40BR022,2,1.4736,0.5264,0
Item_Content,40211127,40BA131,5,4.0,1.0,0
Item_Content,40211131,40B0291,1,1.0,0.0,0
Item_Content,40211235,40BA102,4,3.1163,0.8837,0
Item_Content,40211101,40BR342,5,4.4444,0.5556,0
Item_Content,40211205,40BD012,4,3.7849,0.2151,0
Item_Content,40411120,40BA061,4,3.9817,0.0183,0
Item_Content,40311125,40B0291,3,2.0,1.0,0
Item_Content,40211150,40BC021,3,3.5551,0.5551,0
Item_Content,40311148,40BA081,3,1.5,1.5,0
Item_Content,40211219,40BA052,2,3.5505,1.5505,0
Item_Content,40211260,40BR122,5,3.6694,1.3306,0
Item_Content,40311146,40BA061,1,2.1069,1.1069,0
Item_Content,40511219,40BA052,3,2.5331,0.4669,1
Item_Content,40211150,40BC061,4,3.6667,0.3333,0
Item_Content,40211110,40BC051,2,3.0,1.0,0
Item_Content,40311249,40BA022,3,4.0954,1.0954,0
Item_Content,40211205,40BR042,3,3.904,0.904,0
Item_Content,40411104,40BC071,3,2.9863,0.0137,0
Item_Content,40211122,40BA151,4,2.8889,1.1111,0
Item_Content,40211106,40BA081,3,2.4444,0.5556,0
Item_Content,40311104,40BA141,1,2.0008,1.0008,0
Item_Content,40311229,40BA012,2,3.2016,1.2016,0
Item_Content,40511247,40B0292,4,5.0,1.0,0
Item_Content,40211208,90B2681,3,1.6755,1.3245,0
Item_Content,40211249,40BR122,5,4.0024,0.9976,0
Item_Content,40311116,40BA081,3,1.774,1.226,0
Item_Content,40311208,40BA022,4,3.4509,0.5491,0
Item_Content,40211206,40BA012,5,4.2368,0.7632,0
Item_Content,40511201,40BA012,3,3.0,0.0,0
Item_Content,40211116,40BA131,5,3.2222,1.7778,0
Item_Content,40211101,40BA081,4,4.4444,0.4444,0
Item_Content,40211112,40BA021,1,2.0,1.0,0
Item_Content,40211112,40BQ371,3,2.0,1.0,0
Item_Content,40211217,40BA022,5,4.2276,0.7724,0
Item_Content,40211220,40B0292,5,4.4491,0.5509,0
Item_Content,40311130,40BQ321,3,2.115,0.885,0
Item_Content,40311139,40BQ141,2,1.7778,0.2222,0
Item_Content,40311236,40BA102,4,3.8993,0.1007,0
Item_Content,40311245,40BA012,4,2.4559,1.5441,0
Item_Content,40511123,40BA051,1,2.5,1.5,0
Item_Content,40311114,40BA051,4,3.5556,0.4444,0
Item_Content,40311155,40BC051,3,3.2476,0.2476,0
Item_Content,40211239,40BR372,1,1.5588,0.5588,0
Item_Content,40211130,40BA021,1,1.8889,0.8889,0
Item_Content,40211133,40BA061,5,4.0,1.0,0
Item_Content,40311236,40B8932,4,3.8994,0.1006,0
Item_Content,40211106,40BA011,1,2.4444,1.4444,0
Item_Content,40211158,409R181,4,3.0,1.0,0
Item_Content,40311211,40BR372,3,3.1487,0.1487,0
Item_Content,40511118,40BA051,2,2.0,0.0,0
Item_Content,40311214,40BD012,1,2.437,1.437,0
Item_Content,40211110,4069211,3,3.0,0.0,0
Item_Content,40411246,40BA052,2,2.1421,0.1421,0
Item_Content,40211165,40BA141,2,3.6262,1.6262,0
Item_Content,40211241,40BA052,1,3.448,2.448,0
Item_Content,40211115,40BC021,1,2.2222,1.2222,0
Item_Content,40411251,40BA082,4,2.8432,1.1568,0
Item_Content,40211150,40UN080,3,3.6667,0.6667,0
Item_Content,40511125,40B0291,3,1.0,2.0,0
Item_Content,40211205,40BR322,3,3.7829,0.7829,0
Item_Content,40211127,40BQ421,5,4.0,1.0,0
Item_Content,40311241,40BA102,2,1.1131,0.8869,0
Item_Content,40211113,40BA101,2,2.8807,0.8807,0
Item_Content,40211252,409Z491,5,4.3407,0.6593,0
Item_Content,40311128,40BA021,4,3.9952,0.0048,0
Item_Content,40311150,40BA221,1,1.8412,0.8412,0
Item_Content,40211244,40B9561,4,4.0029,0.0029,0
Item_Content,40311227,40BA062,1,3.3314,2.3314,0
Item_Content,40211102,40BA011,4,3.6652,0.3348,0
Item_Content,40211102,40WN081,3,3.6652,0.6652,0
Item_Content,40211208,40BA152,2,1.8881,0.1119,0
Item_Content,40211248,40BR122,5,3.3496,1.6504,0
Item_Content,40311231,40BQ512,4,3.1167,0.8833,0
Item_Content,40411158,40BA081,3,1.3769,1.6231,0
Item_Content,40211163,40BA141,4,2.2145,1.7855,0
Item_Content,40311227,40B0292,2,3.3302,1.3302,0
Item_Content,40411155,40BQ031,4,2.8719,1.1281,0
Item_Content,40511247,40BA052,4,5.0,1.0,0
Item_Content,40311235,40BA102,1,2.5447,1.5447,0
Item_Content,40511233,40BA052,4,2.0,2.0,0
Item_Content,40311133,40BA101,2,3.457,1.457,0
Item_Content,40311245,40BD012,2,2.3452,0.3452,0
Item_Content,40211137,40BA051,3,1.6667,1.3333,0
Item_Content,40211262,40BA132,4,4.0029,0.0029,0
Item_Content,40211207,40BA062,4,3.772,0.228,0
Item_Content,40211237,40BA022,1,2.7761,1.7761,0
Item_Content,40311162,40BA021,1,1.5557,0.5557,0
Item_Content,40211234,40BR032,4,3.7921,0.2079,0
Item_Content,40411248,40BR472,1,3.6596,2.6596,0
Item_Content,40211136,40BC051,5,3.8888,1.1112,0
Item_Content,40311139,40BA141,1,1.7778,0.7778,0
Item_Content,40411158,40BA011,3,1.3769,1.6231,0
Item_Content,40211129,40BQ141,5,3.6667,1.3333,0
Item_Content,40211259,40BA152,2,3.0022,1.0022,0
Item_Content,40311258,40BD012,3,3.2135,0.2135,0
Item_Content,40411140,40BC071,2,1.875,0.125,0
Item_Content,40211158,40BQ371,2,3.0,1.0,0
Item_Content,40311142,40BA101,1,1.494,0.494,0
Item_Content,40211256,40BD012,5,3.9073,1.0927,0
Item_Content,40311217,40BA012,3,3.4288,0.4288,0
Item_Content,40411143,40BC011,1,1.6677,0.6677,0
Item_Content,40211107,40BA081,1,2.0,1.0,0
Item_Content,40311127,40BA081,2,1.0,1.0,0
Item_Content,40211148,40BQ321,3,3.4442,0.4442,0
Item_Content,40320310,40BC051,1,1.9972,0.9972,0
Item_Content,40211220,40BD052,3,4.5553,1.5553,0
Item_Content,40311162,40BQ311,1,1.5485,0.5485,0
Item_Content,40211261,40BA122,3,3.8868,0.8868,0
Item_Content,40311155,40BQ311,3,3.2431,0.2431,0
Item_Content,40211252,40BR072,4,4.2335,0.2335,0
Item_Content,40311169,40BA221,1,1.0,0.0,0
Item_Content,40411215,40BA012,3,3.9741,0.9741,0
Item_Content,40311117,40BA141,3,3.111,0.111,0
Item_Content,40311158,40BA121,1,3.5557,2.5557,0
Item_Content,40211209,40BA092,1,1.8927,0.8927,0
Item_Content,40311236,40BD032,4,3.8955,0.1045,0
Item_Content,40211153,40BQ021,5,2.7778,2.2222,0
Item_Content,40211151,40BA081,3,2.7778,0.2222,0
Item_Content,40411138,40BA021,1,1.3395,0.3395,0
Item_Content,40211118,40BA141,5,4.4442,0.5558,0
Item_Content,40411101,40BA011,1,2.6979,1.6979,0
Item_Content,40211217,40BR082,4,4.1259,0.1259,0
Item_Content,40311132,40BC051,1,2.1111,1.1111,0
Item_Content,40211226,40BD052,5,4.116,0.884,0
Item_Content,40211225,40B9572,4,2.4475,1.5525,0
Item_Content,40411240,40BR472,5,1.4837,3.5163,0
Item_Content,40211109,40B0291,2,2.5472,0.5472,0
Item_Content,40411110,40BQ311,2,2.1343,0.1343,0
Item_Content,40211241,40BA152,3,3.5721,0.5721,0
Item_Content,40311250,40BA062,1,4.447,3.447,0
Item_Content,40211102,40BQ421,3,3.6666,0.6666,0
Item_Content,40211108,40BA051,3,3.5556,0.5556,0
Item_Content,40411252,40BR472,1,1.4231,0.4231,0
Item_Content,40511256,40B0292,3,2.0038,0.9962,0
Item_Content,40311111,40BA061,4,2.3333,1.6667,0
Item_Content,40211114,40UN110,4,2.3333,1.6667,0
Item_Content,40511207,40BA012,2,3.9445,1.9445,0
Item_Content,40311218,40BA082,4,1.7733,2.2267,0
Item_Content,40311151,40BA021,4,4.0,0.0,0
Item_Content,40411146,40BA081,2,2.2988,0.2988,0
Item_Content,40311215,40BA122,2,3.4597,1.4597,0
Item_Content,40511105,40B0291,5,4.0,1.0,0
Item_Content,40211249,40BA052,3,4.0014,1.0014,0
Item_Content,40311157,40BQ321,5,3.6604,1.3396,0
Item_Content,40211225,40BD052,3,2.6826,0.3174,0
Item_Content,40211151,40BQ371,5,2.7778,2.2222,0
Item_Content,40211112,40BQ391,5,2.0,3.0,0
Item_Content,40311261,40BA012,3,3.6613,0.6613,0
Item_Content,40411254,40BA222,3,3.432,0.432,0
Item_Content,40211239,40BR042,1,1.778,0.778,0
Item_Content,40111230,40BA152,2,1.6998,0.3002,0
Item_Content,40311233,40BA022,2,2.9897,0.9897,0
Item_Content,40211266,433A021,3,2.005,0.995,0
Item_Content,40211202,40BR242,3,3.4452,0.4452,0
Item_Content,40411113,40BQ311,5,4.7759,0.2241,0
Item_Content,40211249,40BA022,4,3.7897,0.2103,0
Item_Content,40311157,40B0291,5,3.6601,1.3399,0
Item_Content,40211139,432N861,1,3.2222,2.2222,0
Item_Content,40311260,40BQ512,5,2.7919,2.2081,0
Item_Content,40211230,40BA152,3,3.9008,0.9008,0
Item_Content,40311158,40BQ031,2,3.5543,1.5543,0
Item_Content,40311231,40BA132,5,3.3362,1.6638,0
Item_Content,40211116,40IN101,4,3.2222,0.7778,0
Item_Content,40311104,40BA081,4,2.3213,1.6787,0
Item_Content,40411240,40BA052,1,1.4688,0.4688,0
Item_Content,40211217,40BR032,5,4.1259,0.8741,0
Item_Content,40211248,40BA022,1,3.3194,2.3194,0
Item_Content,40211257,40BR372,1,1.8873,0.8873,0
Item_Content,40211266,40BR042,2,2.0022,0.0022,0
Item_Content,40311148,40BA011,1,1.5,0.5,0
Item_Content,40411159,40BA051,2,2.2936,0.2936,0
Item_Content,40205303,40BD012,2,2.1042,0.1042,0
Item_Content,40411141,40BC011,1,1.8688,0.8688,0
Item_Content,40211104,40BQ371,4,2.6667,1.3333,0
Item_Content,40211145,40BC011,1,2.111,1.111,0
Item_Content,40411147,40BA061,2,3.4456,1.4456,0
Item_Content,40211215,40BD032,3,2.0,1.0,0
Item_Content,40311121,40BC011,4,2.8895,1.1105,0
Item_Content,40411256,40BA102,4,2.8361,1.1639,0
Item_Content,40411105,40BQ311,5,3.5051,1.4949,0
Item_Content,40211116,40BA051,2,3.2222,1.2222,0
Item_Content,40211111,40BQ381,1,2.445,1.445,0
Item_Content,40211106,409A012,2,2.4444,0.4444,0
Item_Content,40211249,40BR082,4,4.0024,0.0024,0
Item_Content,40211222,40BA092,4,4.5651,0.5651,0
Item_Content,40211123,40BA021,4,3.5556,0.4444,0
Item_Content,40211262,40BR042,4,3.6711,0.3289,0
Item_Content,40411228,40BA062,3,3.4168,0.4168,0
Item_Content,40211105,40BA051,3,1.8889,1.1111,0
Item_Content,40311158,40BA221,2,3.5557,1.5557,0
Item_Content,40211138,40BQ171,4,3.3333,0.6667,0
Item_Content,40211129,40BC021,4,3.7794,0.2206,0
Item_Content,40411218,40BR022,3,2.5234,0.4766,0
Item_Content,40311129,40BQ331,1,1.8877,0.8877,0
Item_Content,40211234,40BA022,3,3.8697,0.8697,0
Item_Content,40211206,40BA062,4,4.2338,0.2338,0
Item_Content,40211211,40BR372,3,3.7815,0.7815,0
Item_Content,40311248,40BA132,5,4.3439,0.6561,0
Item_Content,40211136,40BQ371,3,4.1111,1.1111,0
Item_Content,40211247,409Z501,5,3.4455,1.5545,0
Item_Content,40311250,40BA012,5,4.4523,0.5477,0
Item_Content,40311236,40BA062,4,3.8988,0.1012,0
Item_Content,40311216,40BR042,4,3.1107,0.8893,0
Item_Content,40311218,40B8932,4,1.9917,2.0083,0
Item_Content,40311146,40BA221,1,2.1069,1.1069,0
Item_Content,40211144,40BA021,4,2.2222,1.7778,0
Item_Content,40211248,40BD012,3,3.2352,0.2352,0
Item_Content,40211162,40BA151,4,2.5556,1.4444,0
Item_Content,40211203,40BA012,2,4.107,2.107,0
Item_Content,40311122,40BA101,4,2.9979,1.0021,0
Item_Content,40311155,40BC011,3,3.2568,0.2568,0
Item_Content,40211214,40BD032,3,2.6904,0.3096,0
Item_Content,40311159,40BC071,1,1.25,0.25,0
Item_Content,40211139,40BA081,3,3.2222,0.2222,0
Item_Content,40211202,40BR072,3,3.3402,0.3402,0
Item_Content,40211261,40BR222,4,3.7763,0.2237,0
Item_Content,40411134,40B0291,2,1.1914,0.8086,0
Item_Content,40411159,40BQ311,3,2.2928,0.7072,0
Item_Content,40411108,40BQ311,4,3.0087,0.9913,0
Item_Content,40211121,40BA121,3,2.5556,0.4444,0
Item_Content,40411117,40BA061,2,1.5872,0.4128,0
Item_Content,40411216,40BA082,1,1.1589,0.1589,0
Item_Content,40511220,40BA052,4,3.0,1.0,0
Item_Content,40205303,40BR122,2,2.1103,0.1103,0
Item_Content,40211165,40BQ421,4,3.6222,0.3778,0
Item_Content,40211123,40PQ041,4,3.5556,0.4444,0
Item_Content,40211263,433A021,1,2.114,1.114,0
Item_Content,40211206,40BA092,4,4.1237,0.1237,0
Item_Content,40411238,40BA222,2,2.707,0.707,0
Item_Content,40411254,40BA012,3,3.4041,0.4041,0
Item_Content,40211117,409A012,1,2.3248,1.3248,0
Item_Content,40211202,40BD012,2,3.7774,1.7774,0
Item_Content,40411145,40BA011,2,1.6783,0.3217,0
Item_Content,40311237,40BR042,1,2.7876,1.7876,0
Item_Content,40211134,40BC061,4,2.8889,1.1111,0
Item_Content,40211114,40BC021,1,1.9995,0.9995,0
Item_Content,40411213,40BA222,3,3.318,0.318,0
Item_Content,40211162,40UN080,4,2.7718,1.2282,0
Item_Content,40311264,4064243,2,3.5135,1.5135,0
Item_Content,40211144,40BQ331,2,2.2222,0.2222,0
Item_Content,40211207,40BR322,4,3.7904,0.2096,0
Item_Content,40211154,40BA022,2,2.3332,0.3332,0
Item_Content,40211106,40BQ171,4,2.4444,1.5556,0
Item_Content,40311210,40BA122,1,2.2373,1.2373,0
Item_Content,40211220,40BR082,4,4.4497,0.4497,0
Item_Content,40411147,40BC011,4,3.4501,0.5499,0
Item_Content,40411229,40BR022,1,1.9493,0.9493,0
Item_Content,40211130,40BQ371,3,1.8889,1.1111,0
Item_Content,40311227,40BD032,1,3.3394,2.3394,0
Item_Content,40411207,40BA012,3,2.5346,0.4654,0
Item_Content,40211208,40BR082,2,1.6755,0.3245,0
Item_Content,40311237,40BA062,3,2.7885,0.2115,0
Item_Content,40211105,409Q082,2,1.8889,0.1111,0
Item_Content,40411126,40BA101,3,2.8163,0.1837,0
Item_Content,40311131,40BQ311,3,2.0,1.0,0
Item_Content,40211211,40BA152,3,3.686,0.686,0
Item_Content,40211214,40BR372,2,2.7881,0.7881,0
Item_Content,40511118,40B0291,4,2.0,2.0,0
Item_Content,40311223,40BR042,3,2.3357,0.6643,0
Item_Content,40411247,40BA062,4,3.1586,0.8414,0
Item_Content,40511119,40B0291,5,2.0,3.0,0
Item_Content,40211222,40BA152,3,4.566,1.566,0
Item_Content,40411237,40B0292,1,1.2826,0.2826,0
Item_Content,40311128,40BQ141,4,3.9952,0.0048,0
Item_Content,40511121,40BA051,2,2.0,0.0,0
Item_Content,40311227,40BA222,2,3.2454,1.2454,0
Item_Content,40311240,40BD012,1,1.0,0.0,0
Item_Content,40311218,40BA102,4,1.8914,2.1086,0
Item_Content,40211244,40BA082,3,4.0053,1.0053,0
Item_Content,40211249,40BA152,2,3.7852,1.7852,0
Item_Content,40211237,40B0292,1,2.8941,1.8941,0
Item_Content,40511103,40B0291,2,1.0,1.0,0
Item_Content,40311211,40BR042,3,3.139,0.139,0
Item_Content,40311216,40BD032,2,3.1221,1.1221,0
Item_Content,40211214,40BA022,4,2.7789,1.2211,0
Item_Content,40311205,40BQ512,4,3.4429,0.5571,0
Item_Content,40211131,40BA081,1,1.0,0.0,0
Item_Content,40311244,40BR042,4,3.2278,0.7722,0
Item_Content,40511135,40B0291,4,3.0,1.0,0
Item_Content,40211123,40BC011,2,3.6677,1.6677,0
Item_Content,40211207,40B0292,5,3.7873,1.2127,0
Item_Content,40311227,40BA102,3,3.2251,0.2251,0
Item_Content,40211103,40BA141,1,2.2238,1.2238,0
Item_Content,40211111,40BA051,2,2.4444,0.4444,0
Item_Content,40211123,40UN080,5,3.5556,1.4444,0
Item_Content,40211201,40BA061,1,2.9074,1.9074,0
Item_Content,40211101,40BQ051,5,4.4444,0.5556,0
Item_Content,40411124,40BA021,1,1.8777,0.8777,0
Item_Content,40411122,40BA051,1,1.5001,0.5001,0
Item_Content,40211113,40BA151,3,2.8807,0.1193,0
Item_Content,40311257,40BR372,4,4.4424,0.4424,0
Item_Content,40211118,40BA121,5,4.6667,0.3333,0
Item_Content,40311217,40BA062,1,3.4264,2.4264,0
Item_Content,40311110,40BA061,1,2.2545,1.2545,0
Item_Content,40311237,40BA022,1,2.7802,1.7802,0
Item_Content,40211233,40BR032,2,2.0016,0.0016,0
Item_Content,40311145,40BA051,1,2.0,1.0,0
Item_Content,40211213,40BA082,3,2.8927,0.1073,0
Item_Content,40311114,40BC011,3,3.5556,0.5556,0
Item_Content,40211252,40BA102,5,4.2298,0.7702,0
Item_Content,40211215,40BA152,3,2.0,1.0,0
Item_Content,40211107,40BQ371,3,2.0,1.0,0
Item_Content,40411109,40BA222,1,1.6702,0.6702,0
Item_Content,40211137,40BA151,3,1.6667,1.3333,0
Item_Content,40411101,40BA021,1,2.6979,1.6979,0
Item_Content,40211261,409Z511,4,4.1115,0.1115,0
Item_Content,40211234,40BR122,5,3.7921,1.2079,0
Item_Content,40211250,40BD032,3,3.6823,0.6823,0
Item_Content,40411212,40BA022,1,1.9964,0.9964,0
Item_Content,40311161,40BA101,1,1.1598,0.1598,0
Item_Content,40211237,40BR032,2,2.8974,0.8974,0
Item_Content,40211264,40BR032,2,1.9992,0.0008,0
Item_Content,40411120,40BA051,3,3.9817,0.9817,0
Item_Content,40311137,40BA221,3,3.5622,0.5622,0
Item_Content,40211132,40BC011,1,2.2213,1.2213,0
Item_Content,40411221,40BA052,2,2.6424,0.6424,0
Item_Content,40411121,40B0291,1,1.0,0.0,0
Item_Content,40411147,40B0291,5,3.4456,1.5544,0
Item_Content,40211126,40B9662,4,2.3363,1.6637,0
Item_Content,40211229,40BR242,2,2.3452,0.3452,0
Item_Content,40211145,40BA131,2,2.0081,0.0081,0
Item_Content,40411102,40BA221,3,3.631,0.631,0
Item_Content,40211243,40BA012,1,1.0,0.0,0
Item_Content,40311235,40B0292,3,2.5521,0.4479,0
Item_Content,40311145,40BA011,1,2.0,1.0,0
Item_Content,40211164,409U403,4,4.2148,0.2148,0
Item_Content,40211264,40BA102,1,1.9913,0.9913,0
Item_Content,40311131,40BC011,1,2.1118,1.1118,0
Item_Content,40311211,40BA122,4,3.1414,0.8586,0
Item_Content,40311121,40BA131,3,2.9904,0.0096,0
Item_Content,40211257,40BD032,2,1.8974,0.1026,0
Item_Content,40411168,40BA221,1,1.0,0.0,0
Item_Content,40311238,40BD032,3,3.3398,0.3398,0
Item_Content,40311250,431A241,5,4.5527,0.4473,0
Item_Content,40211220,40BR122,5,4.4497,0.5503,0
Item_Content,40211107,40BR242,2,2.0,0.0,0
Item_Content,40311233,40BA082,4,2.8946,1.1054,0
Item_Content,40211158,40UN110,4,3.0,1.0,0
Item_Content,40411226,40BA082,1,2.536,1.536,0
Item_Content,40211264,40BA062,1,1.9563,0.9563,0
Item_Content,40211125,40BA011,4,3.4444,0.5556,0
Item_Content,40411141,40BA221,1,1.8651,0.8651,0
Item_Content,40211165,40BA101,4,3.625,0.375,0
Item_Content,40411126,40BA051,2,2.8163,0.8163,0
Item_Content,40211145,40BA051,2,2.0081,0.0081,0
Item_Content,40311135,40BQ321,3,3.3332,0.3332,0
Item_Content,40311122,40BQ321,4,3.331,0.669,0
Item_Content,40211151,40BC051,4,2.8892,1.1108,0
Item_Content,40411140,40BQ031,3,1.8699,1.1301,0
Item_Content,40211150,40BA011,3,3.6667,0.6667,0
Item_Content,40411131,40BA081,1,1.0,0.0,0
Item_Content,40211121,40BC021,2,2.5544,0.5544,0
Item_Content,40211148,40BA141,4,3.4435,0.5565,0
Item_Content,40320310,40BQ321,2,1.999,0.001,0
Item_Content,40320324,40BA221,1,1.763,0.763,0
Item_Content,40211263,409U163,1,2.0011,1.0011,0
Item_Content,40311155,40BA141,3,3.236,0.236,0
Item_Content,40211144,40BA221,1,2.2222,1.2222,0
Item_Content,40211154,40BR372,2,2.4444,0.4444,0
Item_Content,40211102,40BC051,4,3.6666,0.3334,0
Item_Content,40311133,40BA221,2,3.457,1.457,0
Item_Content,40311244,40BA012,3,3.5511,0.5511,0
Item_Content,40211109,40BA051,2,2.5472,0.5472,0
Item_Content,40211229,40BA082,2,2.121,0.121,0
Item_Content,40311106,40B0291,4,2.995,1.005,0
Item_Content,40211105,40B0291,1,1.8889,0.8889,0
Item_Content,40211151,40BA141,4,2.8907,1.1093,0
Item_Content,40311214,40BA062,1,2.4336,1.4336,0
Item_Content,40211241,40BA102,3,3.7826,0.7826,0
Item_Content,40211162,40BA011,2,2.5556,0.5556,0
Item_Content,40411257,40BA052,2,2.507,0.507,0
Item_Content,40211148,40BA091,4,3.6667,0.3333,0
Item_Content,40411233,40BR472,5,2.443,2.557,0
Item_Content,40311248,40B8932,5,4.6677,0.3323,0
Item_Content,40411250,40BA052,2,3.2252,1.2252,0
Item_Content,40211263,40BA082,2,2.0094,0.0094,0
Item_Content,40311261,40BA082,4,3.5647,0.4353,0
Item_Content,40411138,40BA011,1,1.3395,0.3395,0
Item_Content,40411248,40BA222,4,3.6591,0.3409,0
Item_Content,40311134,40B0291,2,1.8842,0.1158,0
Item_Content,40211111,40BA151,3,2.4444,0.5556,0
Item_Content,40211201,40BR082,3,2.9074,0.0926,0
Item_Content,40311261,40BA022,5,3.6501,1.3499,0
Item_Content,40411130,40BA021,2,2.7824,0.7824,0
Item_Content,40311218,40BR072,4,1.779,2.221,0
Item_Content,40211133,40BA021,4,4.0,0.0,0
Item_Content,40211161,40BA101,4,1.885,2.115,0
Item_Content,40211259,40BA092,5,3.5416,1.4584,0
Item_Content,40411111,40BA081,1,1.8706,0.8706,0
Item_Content,40211127,40BQ401,4,4.0,0.0,0
Item_Content,40211126,433Q051,2,2.5556,0.5556,0
Item_Content,40411240,40B0292,3,1.4921,1.5079,0
Item_Content,40211151,40BA051,3,2.7778,0.2222,0
Item_Content,40211150,40BQ421,4,3.6667,0.3333,0
Item_Content,40311250,40BA122,4,4.552,0.552,0
Item_Content,40411250,40BR472,5,3.2094,1.7906,0
Item_Content,40311201,40BA102,4,4.8883,0.8883,0
Item_Content,40211213,40BR122,4,2.786,1.214,0
Item_Content,40211164,40BA102,3,4.2177,1.2177,0
Item_Content,40411256,40BA022,3,2.8334,0.1666,0
Item_Content,40311133,40BC011,3,3.4457,0.4457,0
Item_Content,40211258,40BA012,1,1.0,0.0,0
Item_Content,40211142,409A021,1,1.2222,0.2222,0
Item_Content,40211105,40BC021,3,1.9992,1.0008,0
Item_Content,40211121,40BQ171,4,2.5556,1.4444,0
Item_Content,40211126,40BA141,3,2.5556,0.4444,0
Item_Content,40211201,40BR072,4,2.6863,1.3137,0
Item_Content,40311152,40BA061,1,2.0121,1.0121,0
Item_Content,40211136,40BA051,3,4.1111,1.1111,0
Item_Content,40311258,40BA022,5,3.1989,1.8011,0
Item_Content,40511155,40B0291,5,4.5,0.5,0
Item_Content,40311261,40BA132,5,3.5621,1.4379,0
Item_Content,40311201,40B8932,5,4.8894,0.1106,0
Item_Content,40311139,40BQ311,3,1.7781,1.2219,0
Item_Content,40411120,40BA011,1,3.9817,2.9817,0
Item_Content,40411222,40BA102,2,1.9727,0.0273,0
Item_Content,40211109,40UN110,4,2.5519,1.4481,0
Item_Content,40211207,40BA142,5,3.6874,1.3126,0
Item_Content,40311123,40BC011,1,2.0055,1.0055,0
Item_Content,40211244,40BR242,4,3.8964,0.1036,0
Item_Content,40311261,40B0292,2,3.6718,1.6718,0
Item_Content,40311241,40B0292,1,1.1108,0.1108,0
Item_Content,40211249,40BA102,3,3.8969,0.8969,0
Item_Content,40211228,409Z501,5,4.0033,0.9967,0
Item_Content,40333126,40BA081,3,1.0,2.0,0
Item_Content,40411253,40BA022,2,2.1646,0.1646,0
Item_Content,40411160,40BD012,4,2.0081,1.9919,0
Item_Content,40211107,40B0291,2,2.0,0.0,0
Item_Content,40211259,40BR372,4,3.3303,0.6697,0
Item_Content,40311125,40BA051,1,2.0,1.0,0
Item_Content,40311226,40BA052,4,3.5343,0.4657,0
Item_Content,40511203,40B0292,5,2.5019,2.4981,0
Item_Content,40311138,40BA101,2,2.995,0.995,0
Item_Content,40211243,40BA022,1,1.0,0.0,0
Item_Content,40411138,40BQ031,2,1.339,0.661,0
Item_Content,40211244,40BD032,4,4.0062,0.0062,0
Item_Content,40211243,40BA062,1,1.0,0.0,0
Item_Content,40411146,40BQ031,2,2.2959,0.2959,0
Item_Content,40211129,40BA051,3,3.6667,0.6667,0
Item_Content,40211256,40BA102,5,4.1114,0.8886,0
Item_Content,40211101,40BR372,5,4.4444,0.5556,0
Item_Content,40211227,40BR072,4,3.6707,0.3293,0
Item_Content,40411258,40BA102,3,2.5726,0.4274,0
Item_Content,40311106,40BQ141,3,2.995,0.005,0
Item_Content,40211220,40BQ421,4,4.4412,0.4412,0
Item_Content,40511130,40BA051,2,5.0,3.0,0
Item_Content,40211104,40BA051,4,2.6667,1.3333,0
Item_Content,40311250,40BA052,5,4.4447,0.5553,0
Item_Content,40311206,40BA052,5,3.2046,1.7954,0
Item_Content,40311118,40BC071,3,4.4444,1.4444,0
Item_Content,40311256,40BR372,4,4.1092,0.1092,0
Item_Content,40211162,40BQ051,4,2.7724,1.2276,0
Item_Content,40311223,40BR022,3,2.4427,0.5573,0
Item_Content,40311211,40BA102,4,3.1286,0.8714,0
Item_Content,40511250,40BA052,3,4.5259,1.5259,0
Item_Content,40511119,40BA011,4,2.0,2.0,0
Item_Content,40511149,40BA051,2,3.0,1.0,0
Item_Content,40320326,40BQ341,3,2.3293,0.6707,0
Item_Content,40311137,40BQ341,5,3.778,1.222,0
Item_Content,40311212,40BA122,1,2.363,1.363,0
Item_Content,40211220,409Z501,5,4.4487,0.5513,0
Item_Content,40320326,40BA021,1,2.3348,1.3348,0
Item_Content,40211127,40BA141,3,4.0,1.0,0
Item_Content,40411215,40BA022,2,3.9715,1.9715,0
Item_Content,40311211,40BA222,3,3.155,0.155,0
Item_Content,40311123,40BA061,1,1.9005,0.9005,0
Item_Content,40211242,40B9572,4,4.6689,0.6689,0
Item_Content,40211110,40BQ021,2,3.0,1.0,0
Item_Content,40211222,40BR342,3,4.5607,1.5607,0
Item_Content,40511224,40B0292,3,1.0,2.0,0
Item_Content,40311241,40BA082,2,1.2189,0.7811,0
Item_Content,40211268,40BA011,1,1.0,0.0,0
Item_Content,40311229,40BA052,5,3.1957,1.8043,0
Item_Content,40211147,40BA081,3,1.8889,1.1111,0
Item_Content,40211201,40BA022,2,2.5569,0.5569,0
Item_Content,40211101,40BC011,5,4.1095,0.8905,0
Item_Content,40211224,40BR342,3,1.2237,1.7763,0
Item_Content,40311162,40BA011,1,1.5557,0.5557,0
Item_Content,40311235,40BA012,1,2.5342,1.5342,0
Item_Content,40311201,40BA062,1,4.8901,3.8901,0
Item_Content,40211209,40BR122,1,1.8927,0.8927,0
Item_Content,40211145,40B0291,3,2.0081,0.9919,0
Item_Content,40411133,40BC011,2,2.8905,0.8905,0
Item_Content,40211123,40UN070,4,3.5556,0.4444,0
Item_Content,40211127,40BC021,5,4.1113,0.8887,0
Item_Content,40411110,40BQ031,3,2.1328,0.8672,0
Item_Content,40311235,40BR022,3,2.6524,0.3476,0
Item_Content,40211246,40BD012,4,4.4457,0.4457,0
Item_Content,40411163,40BA101,3,3.5216,0.5216,0
Item_Content,40320310,40BA101,1,1.7845,0.7845,0
Item_Content,40311106,40BA081,3,2.995,0.005,0
Item_Content,40211141,40BA091,4,3.9961,0.0039,0
Item_Content,40411164,40BQ311,1,1.0,0.0,0
Item_Content,40211222,40BD052,4,4.6753,0.6753,0
Item_Content,40311230,40BR022,3,2.0948,0.9052,0
Item_Content,40211133,40BA151,4,4.0,0.0,0
Item_Content,40211234,40BA052,3,3.7739,0.7739,0
Item_Content,40311211,40BD032,3,3.1505,0.1505,0
Item_Content,40311211,40BR022,2,3.1466,1.1466,0
Item_Content,40211203,40BR042,5,4.3341,0.6659,0
Item_Content,40211144,40BC011,1,2.2222,1.2222,0
Item_Content,40411237,40BR472,2,1.2834,0.7166,0
Item_Content,40211255,40BA152,3,2.5678,0.4322,0
Item_Content,40411146,40B0291,4,2.2988,1.7012,0
Item_Content,40311215,40B8932,5,3.1073,1.8927,0
Item_Content,40211101,40BA011,5,4.4444,0.5556,0
Item_Content,40211145,409U053,2,2.0081,0.0081,0
Item_Content,40411111,40BA011,3,1.8706,1.1294,0
Item_Content,40211113,40BQ171,3,2.8807,0.1193,0
Item_Content,40411120,40BA101,4,3.9817,0.0183,0
Item_Content,40311209,40BA052,2,1.5438,0.4562,0
Item_Content,40211239,40BA142,3,1.7757,1.2243,0
Item_Content,40211129,40BQ371,3,3.6667,0.6667,0
Item_Content,40211109,40BQ381,1,2.3331,1.3331,0
Item_Content,40211102,40KE011,4,3.6662,0.3338,0
Item_Content,40211122,40BC021,4,3.4494,0.5506,0
Item_Content,40411244,40BR022,4,2.9652,1.0348,0
Item_Content,40311155,40BA081,2,3.2382,1.2382,0
Item_Content,40211130,40BA131,2,1.8889,0.1111,0
Item_Content,40211110,40B9662,5,3.0018,1.9982,0
Item_Content,40311129,40BA141,3,1.8884,1.1116,0
Item_Content,40411205,40BR472,2,2.2478,0.2478,0
Item_Content,40311219,40BA222,3,2.2626,0.7374,0
Item_Content,40320324,40BQ311,3,1.7799,1.2201,0
Item_Content,40211102,40BA141,4,3.6662,0.3338,0
Item_Content,40211141,40BA141,4,4.0007,0.0007,0
Item_Content,40311133,40BQ341,5,3.4443,1.5557,0
Item_Content,40411263,40BA102,1,1.0,0.0,0
Item_Content,40411243,40BA062,4,2.5835,1.4165,0
Item_Content,40211161,409A013,1,1.885,0.885,0
Item_Content,40311249,40BA222,4,4.0041,0.0041,0
Item_Content,40311232,40BR042,3,2.5583,0.4417,0
Item_Content,40211122,432N442,3,3.4468,0.4468,0
Item_Content,40311211,40BD012,3,3.1248,0.1248,0
Item_Content,40311109,40B0291,1,1.0,0.0,0
Item_Content,40111256,40B9651,2,4.0,2.0,0
Item_Content,40311151,40BC011,3,4.1118,1.1118,0
Item_Content,40311116,40BA051,1,1.774,0.774,0
Item_Content,40211256,40BA022,5,3.9805,1.0195,0
Item_Content,40211206,40BA152,3,4.1226,1.1226,0
Item_Content,40511143,40BA051,4,4.5,0.5,0
Item_Content,40211245,40BR072,3,2.6753,0.3247,0
Item_Content,40511111,40B0291,3,2.0,1.0,0
Item_Content,40211227,40BA132,5,3.8886,1.1114,0
Item_Content,40320310,40BA221,1,1.7845,0.7845,0
Item_Content,40211228,40BA082,3,4.0077,1.0077,0
Item_Content,40211222,40BA052,2,4.562,2.562,0
Item_Content,40411211,40BA012,2,3.1229,1.1229,0
Item_Content,40311258,40BA102,3,3.2037,0.2037,0
Item_Content,40211217,40B9561,4,4.0049,0.0049,0
Item_Content,40211242,40BD052,4,4.7799,0.7799,0
Item_Content,40211117,40BQ371,4,2.3248,1.6752,0
Item_Content,40511211,40B0292,4,3.0,1.0,0
Item_Content,40311231,40BA052,3,3.2104,0.2104,0
Item_Content,40511226,40B0292,4,3.3106,0.6894,1
Item_Content,40211247,409Z511,3,3.1205,0.1205,0
Item_Content,40211203,40BR222,4,4.334,0.334,0
Item_Content,40211144,40BA061,4,2.2222,1.7778,0
Item_Content,40311236,40BA012,5,3.896,1.104,0
Item_Content,40411237,40BR022,1,1.2768,0.2768,0
Item_Content,40311111,40BA021,2,2.3333,0.3333,0
Item_Content,40211105,40BA061,4,1.8889,2.1111,0
Item_Content,40411256,40BA012,3,2.8334,0.1666,0
Item_Content,40211245,40BA142,3,2.7911,0.2089,0
Item_Content,40511211,40BA052,3,3.0,0.0,0
Item_Content,40211133,40BA141,4,4.0,0.0,0
Item_Content,40211144,40BA081,2,2.2222,0.2222,0
Item_Content,40211114,40BQ321,1,2.3333,1.3333,0
Item_Content,40311205,40BD012,5,2.6702,2.3298,0
Item_Content,40411212,40BA012,1,1.9987,0.9987,0
Item_Content,40211202,40BR322,3,3.5602,0.5602,0
Item_Content,40411243,40BR472,1,2.6421,1.6421,0
Item_Content,40211105,40BR242,4,1.8889,2.1111,0
Item_Content,40511210,40BA012,2,2.0,0.0,0
Item_Content,40411213,40BA012,4,3.3065,0.6935,0
Item_Content,40211237,40BD032,4,3.2228,0.7772,0
Item_Content,40311230,40BR042,2,1.996,0.004,0
Item_Content,40511238,40BA012,5,5.0,0.0,0
Item_Content,40411246,40BR022,4,2.1444,1.8556,0
Item_Content,40411151,40BA021,3,3.8113,0.8113,0
Item_Content,40311155,40BC071,3,3.2401,0.2401,0
Item_Content,40311244,40BR022,3,3.3321,0.3321,0
Item_Content,40311209,40BA222,2,1.6716,0.3284,0
Item_Content,40211242,40UN160,3,4.5618,1.5618,0
Item_Content,40411215,40BD012,3,3.981,0.981,0
Item_Content,40211118,40BA051,4,4.6667,0.6667,0
Item_Content,40211129,40KE011,3,3.6667,0.6667,0
Item_Content,40211108,409Z481,5,3.5556,1.4444,0
Item_Content,40311229,40BA122,3,3.2452,0.2452,0
Item_Content,40211216,40BR072,5,4.0206,0.9794,0
Item_Content,40211144,40BQ401,1,2.2222,1.2222,0
Item_Content,40311202,40BA012,2,3.5589,1.5589,0
Item_Content,40211209,40BA122,3,1.8874,1.1126,0
Item_Content,40411134,40BA061,1,1.1914,0.1914,0
Item_Content,40211238,40BA012,1,2.7686,1.7686,0
Item_Content,40211108,409Z501,5,3.5556,1.4444,0
Item_Content,40311110,40BA011,2,2.2545,0.2545,0
Item_Content,40411140,40BA011,1,1.8718,0.8718,0
Item_Content,40311106,40BA051,3,2.995,0.005,0
Item_Content,40311141,40BA051,1,1.0,0.0,0
Item_Content,40511125,40BA011,1,1.0,0.0,0
Item_Content,40211207,40B9572,4,3.9016,0.0984,0
Item_Content,40511130,40B0291,4,5.0,1.0,0
Item_Content,40311113,40BA081,2,1.0,1.0,0
Item_Content,40411215,40BA082,2,3.993,1.993,0
Item_Content,40211126,40BC061,1,2.5556,1.5556,0
Item_Content,40311208,40BA062,4,3.4497,0.5503,0
Item_Content,40211153,40BC061,4,2.7778,1.2222,0
Item_Content,40211132,40BQ371,2,2.3333,0.3333,0
Item_Content,40211232,40BA022,1,2.4733,1.4733,0
Item_Content,40411104,40BC011,2,2.9866,0.9866,0
Item_Content,40211104,40BQ421,2,2.6667,0.6667,0
Item_Content,40211211,40BA132,3,4.2242,1.2242,0
Item_Content,40311202,40B8932,3,3.4648,0.4648,0
Item_Content,40311207,40B8932,4,3.6673,0.3327,0
Item_Content,40411240,40BA102,4,1.4784,2.5216,0
Item_Content,40211123,40BC051,4,3.5555,0.4445,0
Item_Content,40411252,40BA102,2,1.4171,0.5829,0
Item_Content,40311139,40BA011,1,1.7778,0.7778,0
Item_Content,40211241,40BA012,4,3.7729,0.2271,0
Item_Content,40311105,40BA051,1,1.4444,0.4444,0
Item_Content,40211103,40BA131,3,2.2116,0.7884,0
Item_Content,40411122,40BA061,1,1.5001,0.5001,0
Item_Content,40211226,40BR072,4,4.1181,0.1181,0
Item_Content,40211231,40BA052,1,1.0,0.0,0
Item_Content,40411241,40BD012,4,1.5478,2.4522,0
Item_Content,40211223,40BR032,4,4.45,0.45,0
Item_Content,40311233,40BR372,4,3.1029,0.8971,0
Item_Content,40205303,40BA102,1,2.008,1.008,0
Item_Content,40211118,40B9662,5,4.6687,0.3313,0
Item_Content,40411130,409A013,1,2.7824,1.7824,0
Item_Content,40211109,40B9662,4,2.5619,1.4381,0
Item_Content,40312142,40BA221,3,3.0068,0.0068,0
Item_Content,40411212,40BA102,4,2.0062,1.9938,0
Item_Content,40211133,40BQ321,4,4.0,0.0,0
Item_Content,40411205,409A013,1,2.2368,1.2368,0
Item_Content,40211247,40BA122,3,3.451,0.451,0
Item_Content,40511255,40BA052,4,4.4741,0.4741,0
Item_Content,40211141,40BQ171,4,3.9961,0.0039,0
Item_Content,40411150,40BA061,1,2.4198,1.4198,0
Item_Content,40411207,40BA222,1,2.479,1.479,0
Item_Content,40311159,40BA011,1,1.25,0.25,0
Item_Content,40211244,40BA132,2,3.8923,1.8923,0
Item_Content,40211223,40BA022,5,4.4403,0.5597,0
Item_Content,40311140,40BQ141,5,4.2222,0.7778,0
Item_Content,40311212,40BA022,1,2.3993,1.3993,0
Item_Content,40211113,40BQ021,1,2.8807,1.8807,0
Item_Content,40311116,40BA011,2,1.774,0.226,0
Item_Content,40411111,40BC071,1,1.8679,0.8679,0
Item_Content,40311140,40BC021,5,4.1092,0.8908,0
Item_Content,40211216,40BR322,5,4.1269,0.8731,0
Item_Content,40211228,40BA102,4,3.9999,0.0001,0
Item_Content,40311240,40BA052,1,1.0,0.0,0
Item_Content,40411251,40BA012,1,2.8123,1.8123,0
Item_Content,40211206,40BA052,3,4.1254,1.1254,0
Item_Content,40311155,40BA221,2,3.2382,1.2382,0
Item_Content,40311224,40BR022,1,1.261,0.261,0
Item_Content,40411213,40B0292,4,3.3098,0.6902,0
Item_Content,40211267,40BA152,3,3.6513,0.6513,0
Item_Content,40311213,40BA012,1,2.5833,1.5833,0
Item_Content,40211103,40BA011,1,2.2116,1.2116,0
Item_Content,40211121,40BA141,3,2.4435,0.5565,0
Item_Content,40411236,40BA222,4,3.1546,0.8454,0
Item_Content,40211223,40BR042,4,4.4483,0.4483,0
Item_Content,40411244,40BD012,4,2.9895,1.0105,0
Item_Content,40211259,40BA082,1,3.2228,2.2228,0
Item_Content,40311134,40BA061,1,1.8842,0.8842,0
Item_Content,40211151,40PQ041,4,2.7778,1.2222,0
Item_Content,40511111,40BA051,1,2.0,1.0,0
Item_Content,40411225,40BA052,2,2.2482,0.2482,0
Item_Content,40211224,40BD052,1,1.5425,0.5425,0
Item_Content,40211236,40BA052,1,1.0,0.0,0
Item_Content,40211163,40BC061,1,2.2195,1.2195,0
Item_Content,40511202,40B0292,5,4.4981,0.5019,0
Item_Content,40411246,40BA102,3,2.145,0.855,0
Item_Content,40211117,40BQ171,1,2.3248,1.3248,0
Item_Content,40311146,40BQ311,1,2.0,1.0,0
Item_Content,40411146,40BC011,2,2.3038,0.3038,0
Item_Content,40311104,40BA221,1,2.3213,1.3213,0
Item_Content,40311202,40BA122,4,3.5913,0.4087,0
Item_Content,40211216,409Z501,5,4.5582,0.4418,0
Item_Content,40211103,40BC051,2,2.2193,0.2193,0
Item_Content,40411238,40BA102,4,2.7111,1.2889,0
Item_Content,40311131,40BA141,1,1.8889,0.8889,0
Item_Content,40211244,40BR372,4,3.8914,0.1086,0
Item_Content,40311243,40BR072,4,3.7758,0.2242,0
Item_Content,40211220,40BA152,4,4.6653,0.6653,0
Item_Content,40311140,40BC011,2,4.2222,2.2222,0
Item_Content,40411209,40BR022,2,1.5694,0.4306,0
Item_Content,40311219,40BR022,3,2.2535,0.7465,0
Item_Content,40311139,40BA131,1,1.7778,0.7778,0
Item_Content,40211132,40KN633,4,2.2201,1.7799,0
Item_Content,40211147,40BQ321,2,2.1122,0.1122,0
Item_Content,40411241,40BA022,1,1.5383,0.5383,0
Item_Content,40211223,40BA092,5,4.45,0.55,0
Item_Content,40411127,40BQ031,5,2.2532,2.7468,0
Item_Content,40411159,40BQ031,3,2.2923,0.7077,0
Item_Content,40411221,40BR472,5,2.6423,2.3577,0
Item_Content,40211242,40BA092,5,4.672,0.328,0
Item_Content,40411105,40BA051,3,3.5093,0.5093,0
Item_Content,40211112,40BA091,1,2.0,1.0,0
Item_Content,40211165,40BA151,3,3.625,0.625,0
Item_Content,40311157,40BC021,4,3.5573,0.4427,0
Item_Content,40311211,40K0051,2,3.1388,1.1388,0
Item_Content,40411101,40BR472,4,2.6985,1.3015,0
Item_Content,40411258,40BA082,3,2.5671,0.4329,0
Item_Content,40211115,40BA131,2,2.2222,0.2222,0
Item_Content,40411244,40BA102,3,2.9819,0.0181,0
Item_Content,40211123,40BA091,2,3.5556,1.5556,0
Item_Content,40211219,40BA012,4,3.4477,0.5523,0
Item_Content,40311260,40BD012,4,2.4435,1.5565,0
Item_Content,40211141,40BQ021,4,3.9961,0.0039,0
Item_Content,40211132,40BC051,1,2.3333,1.3333,0
Item_Content,40211252,40BA082,3,4.3405,1.3405,0
Item_Content,40411115,40BA061,1,2.0,1.0,0
Item_Content,40211136,40BA021,5,4.1111,0.8889,0
Item_Content,40211213,40BR222,4,2.7811,1.2189,0
Item_Content,40211208,40BA221,2,1.6755,0.3245,0
Item_Content,40211225,40BR122,5,2.2355,2.7645,0
Item_Content,40311108,40BA121,1,2.7726,1.7726,0
Item_Content,40211252,409D021,3,4.2324,1.2324,0
Item_Content,40211248,40BA062,2,3.3193,1.3193,0
Item_Content,40311204,40BA082,5,3.1127,1.8873,0
Item_Content,40211263,40BA132,2,2.3319,0.3319,0
Item_Content,40311212,40BA132,2,2.3727,0.3727,0
Item_Content,40211225,40BA142,4,2.2355,1.7645,0
Item_Content,40211209,40BA012,1,1.8808,0.8808,0
Item_Content,40211207,40BR072,5,3.7943,1.2057,0
Item_Content,40211215,40BR032,1,2.1067,1.1067,0
Item_Content,40311135,40BA051,3,3.3346,0.3346,0
Item_Content,40311212,40BA012,1,2.3985,1.3985,0
Item_Content,40411258,40BD012,4,2.5571,1.4429,0
Item_Content,40211157,40BA091,1,1.686,0.686,0
Item_Content,40320326,40BC011,1,2.3361,1.3361,0
Item_Content,40211156,40BA101,3,4.3362,1.3362,0
Item_Content,40211224,40BA142,3,1.55,1.45,0
Item_Content,40311113,40B0291,1,1.0,0.0,0
Item_Content,40311224,40BA062,1,1.2489,0.2489,0
Item_Content,40311230,40BR372,3,1.9899,1.0101,0
Item_Content,40411257,40B0292,4,2.4993,1.5007,0
Item_Content,40411167,40BA221,2,1.4687,0.5313,0
Item_Content,40211141,40B9651,4,4.0019,0.0019,0
Item_Content,40211229,433A021,1,2.0143,1.0143,0
Item_Content,40311208,40BR072,3,3.4447,0.4447,0
Item_Content,40211135,40BA081,2,3.0,1.0,0
Item_Content,40311214,40BA022,1,2.4309,1.4309,0
Item_Content,40411164,40BC011,1,1.0,0.0,0
Item_Content,40211103,40B0291,2,2.2116,0.2116,0
Item_Content,40211220,40BA102,5,4.3347,0.6653,0
Item_Content,40411217,40BD012,5,3.6417,1.3583,0
Item_Content,40311210,409A011,1,1.9938,0.9938,0
Item_Content,40211203,40BD012,5,4.1143,0.8857,0
Item_Content,40211136,40BA151,4,4.1111,0.1111,0
Item_Content,40211115,40BA081,2,2.2222,0.2222,0
Item_Content,40411215,40BA222,3,3.9935,0.9935,0
Item_Content,40211246,40BA092,5,4.4459,0.5541,0
Item_Content,40311123,40BQ031,2,2.114,0.114,0
Item_Content,40411117,40BA101,1,1.5872,0.5872,0
Item_Content,40411101,40BA102,3,2.6865,0.3135,0
Item_Content,40311206,40BA122,2,3.3426,1.3426,0
Item_Content,40411160,40BA021,3,2.0024,0.9976,0
Item_Content,40211109,40BQ371,4,2.5472,1.4528,0
Item_Content,40211139,40BA091,1,3.2222,2.2222,0
Item_Content,40311173,40BQ341,4,1.5193,2.4807,0
Item_Content,40411148,40BA061,5,5.0,0.0,0
Item_Content,40211164,40BA121,3,4.2232,1.2232,0
Item_Content,40311232,40BA222,2,2.6524,0.6524,0
Item_Content,40311122,40BQ031,2,2.9977,0.9977,0
Item_Content,40211146,40B0291,2,3.0,1.0,0
Item_Content,40511235,40BA012,1,3.4722,2.4722,0
Item_Content,40211207,40BA082,3,3.7871,0.7871,0
Item_Content,40320310,40BC021,3,1.895,1.105,0
Item_Content,40411254,40BA082,3,3.4281,0.4281,0
Item_Content,40211230,40BD012,3,3.9051,0.9051,0
Item_Content,40511219,40BA012,1,2.4958,1.4958,1
Item_Content,40211224,40BR122,2,1.55,0.45,0
Item_Content,40211249,40BR222,5,3.5671,1.4329,0
Item_Content,40311129,40BA051,1,1.8872,0.8872,0
Item_Content,40311142,40BA051,1,1.494,0.494,0
Item_Content,40311237,40BA132,1,2.6752,1.6752,0
Item_Content,40211146,40UN080,2,3.0,1.0,0
Item_Content,40211257,40BA082,3,1.8985,1.1015,0
Item_Content,40211136,40BA081,4,4.1111,0.1111,0
Item_Content,40211246,40BR372,4,4.2291,0.2291,0
Item_Content,40311233,40BQ512,4,3.1122,0.8878,0
Item_Content,40511205,40BA012,5,4.0,1.0,0
Item_Content,40311207,40BR072,3,3.452,0.452,0
Item_Content,40311130,40BA221,1,1.5499,0.5499,0
Item_Content,40311105,40BA221,1,1.4444,0.4444,0
Item_Content,40211256,40BA082,4,4.1241,0.1241,0
Item_Content,40211141,40BA121,4,3.9961,0.0039,0
Item_Content,40211122,40BC061,3,2.8889,0.1111,0
Item_Content,40312142,40BA061,1,3.0068,2.0068,0
Item_Content,40411117,40BA081,1,1.5872,0.5872,0
Item_Content,40511138,40B0291,3,1.0,2.0,0
Item_Content,40111230,40BA142,1,1.6689,0.6689,0
Item_Content,40311259,40BA132,4,3.4465,0.5535,0
Item_Content,40211146,40BQ321,3,3.0,0.0,0
Item_Content,40211102,40BA131,5,3.6652,1.3348,0
Item_Content,40311137,40BA051,3,3.5622,0.5622,0
Item_Content,40311123,40BQ321,2,2.0016,0.0016,0
Item_Content,40311131,40BC051,3,1.8889,1.1111,0
Item_Content,40211230,40BA132,3,4.1242,1.1242,0
Item_Content,40311255,40BA052,2,1.2334,0.7666,0
Item_Content,40411118,40BA021,1,1.0,0.0,0
Item_Content,40411211,40BR472,1,3.1345,2.1345,0
Item_Content,40211134,40IN662,3,3.1136,0.1136,0
Item_Content,40311132,40BQ331,1,2.2222,1.2222,0
Item_Content,40211223,40BA052,5,4.3348,0.6652,0
Item_Content,40211135,40B0291,3,3.0,0.0,0
Item_Content,40311111,40BC021,4,2.5574,1.4426,0
Item_Content,40511151,40BA011,3,4.5,1.5,0
Item_Content,40211242,40BA122,5,4.7816,0.2184,0
Item_Content,40411213,40BA102,4,3.2962,0.7038,0
Item_Content,40211116,40BQ331,3,3.2222,0.2222,0
Item_Content,40311157,40BC071,5,3.664,1.336,0
Item_Content,40211129,40BA131,5,3.6667,1.3333,0
Item_Content,40311134,40BA021,1,1.8842,0.8842,0
Item_Content,40211115,40BQ331,1,2.2222,1.2222,0
Item_Content,40211208,40BA012,1,1.766,0.766,0
Item_Content,40311119,40BA061,2,2.6764,0.6764,0
Item_Content,40511233,40B0292,4,2.0,2.0,0
Item_Content,40211217,40BR242,4,4.2268,0.2268,0
Item_Content,40211249,40BD052,3,4.0025,1.0025,0
Item_Content,40411256,40BA222,3,2.8389,0.1611,0
Item_Content,40211217,40BA082,3,4.1224,1.1224,0
Item_Content,40211209,40BR372,4,1.9931,2.0069,0
Item_Content,40311237,40BA082,4,2.5656,1.4344,0
Item_Content,40311122,40BA021,4,2.9979,1.0021,0
Item_Content,40211137,40BA101,2,1.6667,0.3333,0
Item_Content,40211141,40BA021,5,3.9961,1.0039,0
Item_Content,40311138,40BC011,1,2.9922,1.9922,0
Item_Content,40411237,40BA022,1,1.2721,0.2721,0
Item_Content,40411127,40BA021,2,2.2534,0.2534,0
Item_Content,40211151,40UN070,4,2.7778,1.2222,0
Item_Content,40211237,40BA132,1,2.8955,1.8955,0
Item_Content,40311118,40BC011,3,4.5559,1.5559,0
Item_Content,40211129,40KA393,5,3.6667,1.3333,0
Item_Content,40311137,40BC071,4,3.5581,0.4419,0
Item_Content,40211126,40BA121,3,2.5556,0.4444,0
Item_Content,40511201,40B0292,5,3.0,2.0,0
Item_Content,40311260,40BA021,2,2.7764,0.7764,0
Item_Content,40311266,40BQ512,3,2.3174,0.6826,0
Item_Content,40211106,40BQ391,4,2.4444,1.5556,0
Item_Content,40211219,40BA022,4,3.5489,0.4511,0
Item_Content,40411114,40BA051,3,1.5558,1.4442,0
Item_Content,40411225,40B0292,4,2.2486,1.7514,0
Item_Content,40211125,40BQ391,4,3.4444,0.5556,0
Item_Content,40511225,40BA052,4,3.5259,0.4741,0
Item_Content,40211147,40BA121,1,1.8889,0.8889,0
Item_Content,40311258,40BR042,5,3.3269,1.6731,0
Item_Content,40411210,40B0292,4,3.6598,0.3402,0
Item_Content,40211241,40BA092,4,3.9005,0.0995,0
Item_Content,40211242,40BA012,4,4.6643,0.6643,0
Item_Content,40311254,40BA012,3,3.1352,0.1352,0
Item_Content,40411151,40BC071,4,3.8088,0.1912,0
Item_Content,40311216,40BA102,3,3.1113,0.1113,0
Item_Content,40211134,40BQ021,3,2.8889,0.1111,0
Item_Content,40311111,40BA101,2,2.3333,0.3333,0
Item_Content,40211165,40BA131,2,3.625,1.625,0
Item_Content,40311226,40BD012,4,3.5532,0.4468,0
Item_Content,40211138,40BA151,5,3.3333,1.6667,0
Item_Content,40411152,40BA021,2,1.9112,0.0888,0
Item_Content,40211215,40BR042,1,2.1092,1.1092,0
Item_Content,40411258,40BR022,3,2.5624,0.4376,0
Item_Content,40511252,40B0292,2,4.0,2.0,0
Item_Content,40311216,40BR372,4,3.2188,0.7812,0
Item_Content,40211250,40BA082,4,3.6725,0.3275,0
Item_Content,40411109,40BD012,5,1.7728,3.2272,0
Item_Content,40211252,40BR042,4,4.2312,0.2312,0
Item_Content,40311157,40BQ141,4,3.6601,0.3399,0
Item_Content,40411166,40BA221,3,1.0,2.0,0
Item_Content,40311114,40BC021,4,4.0,0.0,0
Item_Content,40211132,40BQ381,1,2.3328,1.3328,0
Item_Content,40211250,40BA122,3,3.6742,0.6742,0
Item_Content,40411147,40BQ031,4,3.4429,0.5571,0
Item_Content,40311114,40BA061,4,3.5556,0.4444,0
Item_Content,40211109,40BA081,2,2.5472,0.5472,0
Item_Content,40311135,40BA101,5,3.3346,1.6654,0
Item_Content,40211111,40BC021,2,2.4449,0.4449,0
Item_Content,40311159,40BA061,1,1.25,0.25,0
Item_Content,40411141,40BA021,1,1.8651,0.8651,0
Item_Content,40411248,40BA052,4,3.6711,0.3289,0
Item_Content,40311157,40BA051,2,3.6601,1.6601,0
Item_Content,40411258,40MN111,1,2.5693,1.5693,0
Item_Content,40211233,433A012,1,2.0016,1.0016,0
Item_Content,40411252,40BD012,2,1.4234,0.5766,0
Item_Content,40211130,40BQ401,2,1.8889,0.1111,0
Item_Content,40211164,40BA141,5,4.2228,0.7772,0
Item_Content,40211207,40BA152,4,3.472,0.528,0
Item_Content,40211202,40BA122,2,3.3355,1.3355,0
Item_Content,40211263,40BA152,1,2.0056,1.0056,0
Item_Content,40311123,40BA101,1,1.9005,0.9005,0
Item_Content,40411152,40BA221,2,1.9112,0.0888,0
Item_Content,40311232,40BA082,3,2.5685,0.4315,0
Item_Content,40211231,40BA062,1,1.0,0.0,0
Item_Content,40211127,40B9651,5,4.2237,0.7763,0
Item_Content,40311211,40BR072,4,3.1428,0.8572,0
Item_Content,40211226,40BA012,5,4.3478,0.6522,0
Item_Content,40211216,40BA102,4,4.0096,0.0096,0
Item_Content,40211231,40B0292,2,1.0,1.0,0
Item_Content,40411147,40BA021,4,3.4456,0.5544,0
Item_Content,40311206,40BA102,4,3.2278,0.7722,0
Item_Content,40211202,40BR222,4,3.4466,0.5534,0
Item_Content,40211106,40BQ371,4,2.4444,1.5556,0
Item_Content,40311206,40BA012,2,3.1976,1.1976,0
Item_Content,40311248,40BR042,5,4.662,0.338,0
Item_Content,40211123,40BA061,4,3.5556,0.4444,0
Item_Content,40211211,40BA142,4,4.0055,0.0055,0
Item_Content,40311233,40BA052,5,2.9832,2.0168,0
Item_Content,40411228,40BA012,3,3.4062,0.4062,0
Item_Content,40311233,40BR022,3,3.0956,0.0956,0
Item_Content,40311112,40BQ311,4,3.0013,0.9987,0
Item_Content,40511262,40B0292,2,3.0,1.0,0
Item_Content,40211103,40BA101,1,2.2116,1.2116,0
Item_Content,40311208,40BR022,3,3.6669,0.6669,0
Item_Content,40411244,40BA082,3,2.978,0.022,0
Item_Content,40411157,40B0291,3,3.6981,0.6981,0
Item_Content,40411125,40BA051,1,2.4763,1.4763,0
Item_Content,40211116,40BC011,2,3.2221,1.2221,0
Item_Content,40311104,40BA011,1,2.3213,1.3213,0
Item_Content,40511128,40BA051,1,1.0,0.0,0
Item_Content,40211235,40BA062,2,2.7712,0.7712,0
Item_Content,40511104,40BA051,4,1.0,3.0,0
Item_Content,40411126,40BA061,1,2.8163,1.8163,0
Item_Content,40211106,40BC011,1,2.3338,1.3338,0
Item_Content,40211238,40BD032,3,3.4559,0.4559,0
Item_Content,40211139,40BA131,4,3.2222,0.7778,0
Item_Content,40211161,409A023,1,1.885,0.885,0
Item_Content,40411130,40BA061,1,2.7824,1.7824,0
Item_Content,40411238,40BD012,4,2.7058,1.2942,0
Item_Content,40311255,40BA012,2,1.234,0.766,0
Item_Content,40411222,40BA012,1,1.9573,0.9573,0
Item_Content,40311120,40B0291,3,1.9957,1.0043,0
Item_Content,40211244,40B9662,3,3.9982,0.9982,0
Item_Content,40311208,40BA122,3,3.6534,0.6534,0
Item_Content,40211250,40BA132,2,3.5635,1.5635,0
Item_Content,40311117,40BC011,2,3.3346,1.3346,0
Item_Content,40211245,40BD032,3,3.342,0.342,0
Item_Content,40311245,40BR372,2,2.6633,0.6633,0
Item_Content,40411104,40BA051,3,2.9824,0.0176,0
Item_Content,40211250,40BR032,4,3.6792,0.3208,0
Item_Content,40211102,40BQ021,5,3.6652,1.3348,0
Item_Content,40311236,40BA022,4,3.8978,0.1022,0
Item_Content,40411101,409A013,1,2.6979,1.6979,0
Item_Content,40511259,40B0292,4,2.0,2.0,0
Item_Content,40511112,40BA051,1,1.0,0.0,0
Item_Content,40211222,40BR072,5,4.5584,0.4416,0
Item_Content,40311129,40BA021,1,1.8872,0.8872,0
Item_Content,40411220,40BR472,3,3.4282,0.4282,0
Item_Content,40211113,40KT142,4,2.6701,1.3299,0
Item_Content,40511218,40BA052,4,2.5331,1.4669,1
Item_Content,40211113,40BQ371,4,2.8807,1.1193,0
Item_Content,40311235,40BD032,2,2.663,0.663,0
Item_Content,40511252,40BA052,3,4.0,1.0,0
Item_Content,40211108,409Z491,5,3.5556,1.4444,0
Item_Content,40411229,40BA052,3,1.9515,1.0485,0
Item_Content,40311116,40BQ321,3,1.7794,1.2206,0
Item_Content,40411248,40BA062,4,3.6774,0.3226,0
Item_Content,40411148,40BC071,5,5.0,0.0,0
Item_Content,40211107,40BA151,3,2.0,1.0,0
Item_Content,40211246,40B9561,4,4.4412,0.4412,0
Item_Content,40211248,40BR372,3,3.3402,0.3402,0
Item_Content,40211228,40RR072,2,3.8947,1.8947,0
Item_Content,40311105,40BQ031,1,1.4444,0.4444,0
Item_Content,40211153,40BC011,2,2.6662,0.6662,0
Item_Content,40511122,40B0291,2,2.0,0.0,0
Item_Content,40211202,40BR032,2,3.3427,1.3427,0
Item_Content,40311132,40BA131,2,2.1111,0.1111,0
Item_Content,40311120,40BA141,3,1.8887,1.1113,0
Item_Content,40311129,40BA061,2,1.8872,0.1128,0
Item_Content,40311104,40BQ331,3,2.0044,0.9956,0
Item_Content,40311162,40BA061,1,1.5557,0.5557,0
Item_Content,40205303,40BR042,1,1.6829,0.6829,0
Item_Content,40311104,40BA061,2,2.3213,0.3213,0
Item_Content,40211162,40BC011,3,2.6581,0.3419,0
Item_Content,40411153,40B0291,4,2.5,1.5,0
Item_Content,40411159,40BA061,3,2.2936,0.7064,0
Item_Content,40311245,40BA052,2,2.4496,0.4496,0
Item_Content,40211164,40BQ371,4,4.2232,0.2232,0
Item_Content,40311115,40BA051,1,4.0,3.0,0
Item_Content,40411110,40BA051,2,2.135,0.135,0
Item_Content,40311202,40BA052,5,3.5666,1.4334,0
Item_Content,40411166,40BQ311,2,1.0,1.0,0
Item_Content,40311161,40BC011,2,1.1625,0.8375,0
Item_Content,40311253,40BR372,4,2.554,1.446,0
Item_Content,40211216,40BD052,5,4.4421,0.5579,0
Item_Content,40411219,40BA222,4,3.3463,0.6537,0
Item_Content,40411214,40BA082,3,2.1543,0.8457,0
Item_Content,40311104,40BQ341,3,2.0061,0.9939,0
Item_Content,40211101,40BA141,5,4.2213,0.7787,0
Item_Content,40411126,40BA021,2,2.8163,0.8163,0
Item_Content,40311257,40B8932,5,4.3349,0.6651,0
Item_Content,40311108,40BQ331,3,2.7781,0.2219,0
Item_Content,40211103,40BA051,4,2.2116,1.7884,0
Item_Content,40211215,40BA012,1,1.9959,0.9959,0
Item_Content,40211103,40BA061,4,2.2116,1.7884,0
Item_Content,40411127,40BA012,1,2.2526,1.2526,0
Item_Content,40411130,40BR472,3,2.7801,0.2199,0
Item_Content,40211118,40BA011,3,4.6667,1.6667,0
Item_Content,40311207,40BR372,5,3.6584,1.3416,0
Item_Content,40211129,40BA021,4,3.6667,0.3333,0
Item_Content,40211244,40BA012,3,3.664,0.664,0
Item_Content,40511226,40BA052,3,2.5331,0.4669,1
Item_Content,40311169,40BC011,1,1.0,0.0,0
Item_Content,40411105,40BC071,4,3.517,0.483,0
Item_Content,40411113,40BC071,5,4.7764,0.2236,0
Item_Content,40411111,40BA051,3,1.8706,1.1294,0
Item_Content,40311120,40BQ141,4,1.9957,2.0043,0
Item_Content,40511142,40BA011,3,3.0,0.0,0
Item_Content,40211101,40BC051,3,4.3333,1.3333,0
Item_Content,40411253,40B0292,3,2.1936,0.8064,0
Item_Content,40511258,40BA052,2,1.4741,0.5259,0
Item_Content,40311245,40BR042,3,2.4519,0.5481,0
Item_Content,40311146,40BQ331,1,2.1136,1.1136,0
Item_Content,40211257,40BR032,1,2.0012,1.0012,0
Item_Content,40411133,40BC071,1,2.8915,1.8915,0
Item_Content,40411236,40BD012,4,3.1396,0.8604,0
Item_Content,40411233,40BQ311,3,2.3161,0.6839,0
Item_Content,40211209,40BA221,1,1.8927,0.8927,0
Item_Content,40211127,40BA021,3,4.0,1.0,0
Item_Content,40311221,40BQ512,3,2.671,0.329,0
Item_Content,40211206,409Z501,5,3.9045,1.0955,0
Item_Content,40211109,40BA121,2,2.5472,0.5472,0
Item_Content,40211162,40BC051,3,2.6678,0.3322,0
Item_Content,40211204,40BA052,1,1.0,0.0,0
Item_Content,40411138,40BA081,1,1.3395,0.3395,0
Item_Content,40211230,40BA012,4,4.098,0.098,0
Item_Content,40511219,40B0292,1,3.3106,2.3106,1
Item_Content,40320326,40BA131,3,2.3348,0.6652,0
Item_Content,40211242,40BR082,5,4.672,0.328,0
Item_Content,40211136,40BA121,4,4.1111,0.1111,0
Item_Content,40211121,40BQ021,2,2.5556,0.5556,0
Item_Content,40311210,40BR072,3,2.2232,0.7768,0
Item_Content,40311138,40BA221,1,2.995,1.995,0
Item_Content,40211259,409D021,2,3.546,1.546,0
Item_Content,40311256,40BA082,4,4.3263,0.3263,0
Item_Content,40211122,40BQ171,4,2.8889,1.1111,0
Item_Content,40211150,40BA091,1,3.6667,2.6667,0
Item_Content,40311155,40BQ321,3,3.2431,0.2431,0
Item_Content,40411259,40BA012,1,3.4722,2.4722,0
Item_Content,40411110,40BC011,1,2.1388,1.1388,0
Item_Content,40211235,40BD032,4,3.3262,0.6738,0
Item_Content,40211123,40BA051,3,3.5556,0.5556,0
Item_Content,40211256,40BR032,5,4.0168,0.9832,0
Item_Content,40211219,40B0292,4,3.454,0.546,0
Item_Content,40511117,40B0291,4,1.0,3.0,0
Item_Content,40211117,40BC061,3,2.7732,0.2268,0
Item_Content,40211257,40BD012,3,1.6731,1.3269,0
Item_Content,40211249,40BA062,3,4.0039,1.0039,0
Item_Content,40111256,40BR222,1,4.0,3.0,0
Item_Content,40211161,40BC021,4,1.8865,2.1135,0
Item_Content,40211101,40BA091,4,4.4444,0.4444,0
Item_Content,40211255,433A012,1,2.8927,1.8927,0
Item_Content,40311242,40B0292,2,1.4981,0.5019,0
Item_Content,40311157,40BA101,5,3.6601,1.3399,0
Item_Content,40205303,433A021,1,2.1103,1.1103,0
Item_Content,40511224,40BA052,2,1.0,1.0,0
Item_Content,40211247,40BA142,4,3.1175,0.8825,0
Item_Content,40211252,40BA152,3,4.1259,1.1259,0
Item_Content,40311153,40BQ311,3,4.3329,1.3329,0
Item_Content,40311260,40B8932,5,2.7742,2.2258,0
Item_Content,40511105,40BA011,3,4.0,1.0,0
Item_Content,40211129,40IN041,5,3.6667,1.3333,0
Item_Content,40511141,40B0291,4,1.0,3.0,0
Item_Content,40211133,40BQ371,4,4.0,0.0,0
Item_Content,40211215,40BR322,2,2.0,0.0,0
Item_Content,40211234,40BR322,4,3.9001,0.0999,0
Item_Content,40320310,40BA131,2,1.7845,0.2155,0
Item_Content,40311130,40BC051,3,1.4443,1.5557,0
Item_Content,40211152,40BA011,1,2.25,1.25,0
Item_Content,40311231,40BR042,4,3.2175,0.7825,0
Item_Content,40211243,40B0292,2,1.0,1.0,0
Item_Content,40411244,40BA222,3,2.98,0.02,0
Item_Content,40211110,40UN120,5,3.0,2.0,0
Item_Content,40411128,40BA051,3,2.8862,0.1138,0
Item_Content,40311137,40BA121,4,3.5622,0.4378,0
Item_Content,40211257,40BR242,1,1.8908,0.8908,0
Item_Content,40411127,40B0291,5,2.2534,2.7466,0
Item_Content,40311134,40BC071,2,1.7774,0.2226,0
Item_Content,40411141,40BQ031,1,1.8631,0.8631,0
Item_Content,40211238,433A012,2,2.9089,0.9089,0
Item_Content,40311152,40BA081,4,2.0121,1.9879,0
Item_Content,40211123,40BA081,4,3.5556,0.4444,0
Item_Content,40211112,40BA061,4,2.0,2.0,0
Item_Content,40411251,40BA222,3,2.8426,0.1574,0
Item_Content,40211247,40BA132,2,3.6629,1.6629,0
Item_Content,40311241,40BA052,1,1.1101,0.1101,0
Item_Content,40311133,40BQ141,5,3.457,1.543,0
Item_Content,40211232,40B0292,1,2.4943,1.4943,0
Item_Content,40211201,40BA012,2,2.7754,0.7754,0
Item_Content,40411222,40BR472,3,2.0011,0.9989,0
Item_Content,40211110,40B0291,2,3.0,1.0,0
Item_Content,40211249,40BA132,3,3.7812,0.7812,0
Item_Content,40211147,40BQ031,1,1.8889,0.8889,0
Item_Content,40411258,40BR472,3,2.5768,0.4232,0
Item_Content,40311119,40BA121,2,2.6764,0.6764,0
Item_Content,40211256,40BA092,5,4.0168,0.9832,0
Item_Content,40211109,40BC061,4,2.5464,1.4536,0
Item_Content,40311253,40BD012,3,2.5499,0.4501,0
Item_Content,40311106,40BA141,2,2.9985,0.9985,0
Item_Content,40411134,40BA081,2,1.1914,0.8086,0
Item_Content,40211209,40BD012,3,1.997,1.003,0
Item_Content,40311130,40BA081,2,1.5499,0.4501,0
Item_Content,40311221,40BR372,2,2.6634,0.6634,0
Item_Content,40311140,40BA081,4,4.2222,0.2222,0
Item_Content,40211246,40BR222,5,4.4427,0.5573,0
Item_Content,40211139,40BQ371,4,3.2222,0.7778,0
Item_Content,40211113,40BC011,2,2.8835,0.8835,0
Item_Content,40311153,40BA081,4,4.4444,0.4444,0
Item_Content,40211105,40BA021,2,1.8889,0.1111,0
Item_Content,40211153,40BA121,3,2.7778,0.2222,0
Item_Content,40311230,40BA222,2,2.0073,0.0073,0
Item_Content,40311229,40BA022,3,3.1935,0.1935,0
Item_Content,40211239,40BA132,1,1.8867,0.8867,0
Item_Content,40411219,40BR472,4,3.3442,0.6558,0
Item_Content,40211137,40BA131,3,1.6667,1.3333,0
Item_Content,40211108,40BA091,2,3.5556,1.5556,0
Item_Content,40211263,40BD052,1,2.1135,1.1135,0
Item_Content,40327247,40BA021,1,2.3413,1.3413,0
Item_Content,40320326,40BC021,5,2.3389,2.6611,0
Item_Content,40211118,40BA151,5,4.6667,0.3333,0
Item_Content,40211128,40B0291,2,1.5,0.5,0
Item_Content,40211217,40BR322,4,4.2244,0.2244,0
Item_Content,40211133,40BA051,3,4.0,1.0,0
Item_Content,40311253,40BA102,3,2.5504,0.4496,0
Item_Content,40411160,40BC071,1,2.0222,1.0222,0
Item_Content,40211115,40BQ371,1,2.2222,1.2222,0
Item_Content,40211229,40BR342,4,2.1201,1.8799,0
Item_Content,40311245,40B8932,3,2.6679,0.3321,0
Item_Content,40333126,40BQ311,1,1.0,0.0,0
Item_Content,40211241,40BR072,5,3.7834,1.2166,0
Item_Content,40211229,40BA122,1,2.2232,1.2232,0
Item_Content,40411124,40BA101,1,1.8777,0.8777,0
Item_Content,40311113,40BA061,1,1.0,0.0,0
Item_Content,40211205,40BD052,3,3.6805,0.6805,0
Item_Content,40211146,40BQ381,3,2.8884,0.1116,0
Item_Content,40211201,40BR372,2,2.7879,0.7879,0
Item_Content,40411230,40BD012,4,2.665,1.335,0
Item_Content,40211216,40BA082,4,4.2332,0.2332,0
Item_Content,40511217,40BA052,2,1.0,1.0,0
Item_Content,40311107,40BA121,4,3.7778,0.2222,0
Item_Content,40311135,40BQ311,3,3.3331,0.3331,0
Item_Content,40211121,40BQ371,3,2.5556,0.4444,0
Item_Content,40411215,40BA102,4,3.9847,0.0153,0
Item_Content,40511210,40B0292,4,2.0,2.0,0
Item_Content,40211158,40BA022,2,3.0,1.0,0
Item_Content,40311104,40BC071,4,2.0001,1.9999,0
Item_Content,40311215,40BR072,4,3.3282,0.6718,0
Item_Content,40411101,40BQ031,5,2.6936,2.3064,0
Item_Content,40411240,40BA222,1,1.4783,0.4783,0
Item_Content,40311143,40BA011,1,1.6086,0.6086,0
Item_Content,40211255,433A021,2,2.8927,0.8927,0
Item_Content,40211225,40BR222,3,2.454,0.546,0
Item_Content,40211226,40B9572,4,4.1169,0.1169,0
Item_Content,40311249,40BR372,4,4.1139,0.1139,0
Item_Content,40311204,40BA222,4,3.1184,0.8816,0
Item_Content,40211115,40BQ321,1,2.2222,1.2222,0
Item_Content,40211201,409Q072,4,2.9074,1.0926,0
Item_Content,40211201,430R063,4,2.9081,1.0919,0
Item_Content,40211126,40BA021,2,2.5556,0.5556,0
Item_Content,40211113,40BA021,2,2.8807,0.8807,0
Item_Content,40211213,40BR322,3,3.1084,0.1084,0
Item_Content,40411242,40BD012,3,2.066,0.934,0
Item_Content,40311216,40BR072,3,3.1193,0.1193,0
Item_Content,40211102,40BA121,3,3.6652,0.6652,0
Item_Content,40311160,40BA021,1,2.0,1.0,0
Item_Content,40411128,40BQ311,2,2.8829,0.8829,0
Item_Content,40311121,40BQ031,1,3.0988,2.0988,0
Item_Content,40311202,40BA132,4,3.4528,0.5472,0
Item_Content,40311229,40BR372,4,3.2121,0.7879,0
Item_Content,40211230,40BD052,4,4.3339,0.3339,0
Item_Content,40411149,40BA011,5,2.3915,2.6085,0
Item_Content,40211237,40BD052,2,3.2221,1.2221,0
Item_Content,40211226,40BA052,4,4.2358,0.2358,0
Item_Content,40311113,40BC071,1,1.0,0.0,0
Item_Content,40211109,40BQ331,1,2.4428,1.4428,0
Item_Content,40211245,40B0292,2,2.794,0.794,0
Item_Content,40211222,40BA142,4,4.5651,0.5651,0
Item_Content,40411220,40BD012,2,3.4367,1.4367,0
Item_Content,40311173,40BA141,1,1.529,0.529,0
Item_Content,40311243,40BA132,5,3.7778,1.2222,0
Item_Content,40211209,40BA022,1,1.8792,0.8792,0
Item_Content,40211208,40BR042,1,1.8899,0.8899,0
Item_Content,40211208,40BR322,1,1.6721,0.6721,0
Item_Content,40311224,40BA052,1,1.2521,0.2521,0
Item_Content,40211117,409Z491,4,2.7715,1.2285,0
Item_Content,40211234,433A011,2,3.7921,1.7921,0
Item_Content,40211267,433A021,2,3.5462,1.5462,0
Item_Content,40411148,40BA051,5,5.0,0.0,0
Item_Content,40511205,40B0292,5,4.0,1.0,0
Item_Content,40211209,433A021,1,1.8927,0.8927,0
Item_Content,40211213,40BD032,4,3.1064,0.8936,0
Item_Content,40211166,40BC051,1,1.0,0.0,0
Item_Content,40411202,40BA012,1,2.9804,1.9804,0
Item_Content,40211230,40BR372,4,4.1195,0.1195,0
Item_Content,40211119,40BQ141,3,3.0,0.0,0
Item_Content,40311202,40BR372,5,3.4619,1.5381,0
Item_Content,40311128,40BC051,4,3.8888,0.1112,0
Item_Content,40511139,40BA051,1,2.0,1.0,0
Item_Content,40411114,40B0291,2,1.5558,0.4442,0
Item_Content,40211104,40BQ021,3,2.6667,0.3333,0
Item_Content,40311216,40B0292,3,3.2191,0.2191,0
Item_Content,40211107,40BQ141,1,2.0,1.0,0
Item_Content,40511222,40BA052,4,3.4224,0.5776,0
Item_Content,40311133,40BA051,3,3.457,0.457,0
Item_Content,40211120,40BA051,1,3.5,2.5,0
Item_Content,40511231,40B0292,1,1.5019,0.5019,0
Item_Content,40211214,40BR072,2,2.7908,0.7908,0
Item_Content,40211224,40BA122,2,1.2224,0.7776,0
Item_Content,40211147,40B0291,1,1.8889,0.8889,0
Item_Content,40211234,40BR222,5,3.5573,1.4427,0
Item_Content,40411102,40BQ311,3,3.6301,0.6301,0
Item_Content,40211141,40BC051,2,3.8889,1.8889,0
Item_Content,40205303,40BA152,1,2.107,1.107,0
Item_Content,40311216,40B8932,3,3.2191,0.2191,0
Item_Content,40211148,40UN050,3,3.6667,0.6667,0
Item_Content,40311129,40BA121,2,1.8872,0.1128,0
Item_Content,40211266,40BA221,1,2.005,1.005,0
Item_Content,40211211,40B9561,4,3.7819,0.2181,0
Item_Content,40211142,40BA051,3,1.2222,1.7778,0
Item_Content,40211161,40BC051,2,1.8871,0.1129,0
Item_Content,40311122,40BQ331,3,3.0087,0.0087,0
Item_Content,40411109,40BR472,3,1.6706,1.3294,0
Item_Content,40211238,40BA142,4,2.9089,1.0911,0
Item_Content,40511102,40B0291,5,4.0,1.0,0
Item_Content,40311138,40B0291,4,2.995,1.005,0
Item_Content,40211263,40BR242,1,2.0052,1.0052,0
Item_Content,40211232,40BA092,4,2.4831,1.5169,0
Item_Content,40211246,40BR032,4,4.4459,0.4459,0
Item_Content,40311123,40BA051,1,1.9005,0.9005,0
Item_Content,40211156,40BA011,5,4.3362,0.6638,0
Item_Content,40211165,40BQ141,2,3.625,1.625,0
Item_Content,40211201,4069432,2,2.8012,0.8012,0
Item_Content,40211245,40BR242,2,2.9021,0.9021,0
Item_Content,40211208,40BR242,2,1.6768,0.3232,0
Item_Content,40211151,40BQ021,5,2.7778,2.2222,0
Item_Content,40311236,40BQ512,4,3.8994,0.1006,0
Item_Content,40511218,40BA012,3,2.4958,0.5042,1
Item_Content,40411261,409A013,4,2.9642,1.0358,0
Item_Content,40311226,40BA082,4,3.4515,0.5485,0
Item_Content,40311132,40BQ031,3,2.1111,0.8889,0
Item_Content,40411264,40BD012,2,1.0,1.0,0
Item_Content,40211213,40BR072,4,2.6768,1.3232,0
Item_Content,40411152,40BA081,1,1.9112,0.9112,0
Item_Content,40211256,40BR372,4,4.0099,0.0099,0
Item_Content,40211262,40BR372,4,3.8853,0.1147,0
Item_Content,40211162,40BA021,2,2.5556,0.5556,0
Item_Content,40511244,40B0292,4,5.0,1.0,0
Item_Content,40311253,40B8932,2,2.5538,0.5538,0
Item_Content,40211238,40BA092,2,2.9089,0.9089,0
Item_Content,40311247,40BA082,4,3.7751,0.2249,0
Item_Content,40211132,40BA101,1,2.3333,1.3333,0
Item_Content,40311208,40BA012,4,3.4465,0.5535,0
Item_Content,40211216,40BR042,3,4.1282,1.1282,0
Item_Content,40311157,40BA221,4,3.6601,0.3399,0
Item_Content,40211223,40BA102,5,4.3356,0.6644,0
Item_Content,40311204,40BA122,3,3.3342,0.3342,0
Item_Content,40311123,40BA221,1,1.9005,0.9005,0
Item_Content,40311227,40B8932,3,3.3309,0.3309,0
Item_Content,40311108,40BC071,3,2.7733,0.2267,0
Item_Content,40211206,40BR342,3,4.2239,1.2239,0
Item_Content,40311122,40BC071,3,2.9981,0.0019,0
Item_Content,40211111,40BA081,2,2.4444,0.4444,0
Item_Content,40511206,40B0292,5,4.0,1.0,0
Item_Content,40311155,40BA051,3,3.2382,0.2382,0
Item_Content,40311131,40BA061,1,1.8889,0.8889,0
Item_Content,40411222,40B0292,4,1.9897,2.0103,0
Item_Content,40311140,40BC051,4,4.2222,0.2222,0
Item_Content,40311133,40BC051,3,3.4488,0.4488,0
Item_Content,40411202,40B0292,4,2.9958,1.0042,0
Item_Content,40411207,40BD012,1,2.5268,1.5268,0
Item_Content,40211118,40BA101,4,4.6667,0.6667,0
Item_Content,40411149,40B0291,5,2.3915,2.6085,0
Item_Content,40211111,40BA091,1,2.4444,1.4444,0
Item_Content,40211126,40BA081,4,2.5556,1.4444,0
Item_Content,40211126,40BQ021,4,2.5556,1.4444,0
Item_Content,40411234,40BA022,1,1.0,0.0,0
Item_Content,40211150,40BA021,3,3.6667,0.6667,0
Item_Content,40211137,40BQ051,1,1.6667,0.6667,0
Item_Content,40211237,40BA122,1,3.3357,2.3357,0
Item_Content,40511156,40B0291,5,3.5,1.5,0
Item_Content,40211150,40BQ051,4,3.6667,0.3333,0
Item_Content,40211225,40BR072,4,2.5595,1.4405,0
Item_Content,40311248,40BQ512,4,4.6551,0.6551,0
Item_Content,40211117,40BA011,1,2.3248,1.3248,0
Item_Content,40311143,40BA081,3,1.6086,1.3914,0
Item_Content,40311133,40BA131,2,3.457,1.457,0
Item_Content,40211108,40BQ141,4,3.5556,0.4444,0
Item_Content,40211154,40BC051,2,2.222,0.222,0
Item_Content,40320326,40BA061,1,2.3348,1.3348,0
Item_Content,40311105,40BC051,2,1.4444,0.5556,0
Item_Content,40311132,40BQ341,4,2.1111,1.8889,0
Item_Content,40211248,40BD052,4,3.6773,0.3227,0
Item_Content,40211127,40BQ371,4,4.0,0.0,0
Item_Content,40411212,40BA052,1,1.9911,0.9911,0
Item_Content,40211252,409Z501,5,4.2338,0.7662,0
Item_Content,40211165,40BA011,5,3.625,1.375,0
Item_Content,40411209,40BA012,1,1.5633,0.5633,0
Item_Content,40411209,40BR472,3,1.5736,1.4264,0
Item_Content,40311115,40BA011,1,4.0,3.0,0
Item_Content,40211102,40BA051,3,3.6652,0.6652,0
Item_Content,40411220,40BA222,4,3.4301,0.5699,0
Item_Content,40211104,40BA061,5,2.6667,2.3333,0
Item_Content,40411211,40BA022,3,3.1368,0.1368,0
Item_Content,40211248,40BA132,2,3.5685,1.5685,0
Item_Content,40311133,40BA081,3,3.457,0.457,0
Item_Content,40311204,40BD012,5,3.1074,1.8926,0
Item_Content,40311122,40BC011,1,3.3295,2.3295,0
Item_Content,40211102,409D021,4,3.666,0.334,0
Item_Content,40211147,40BC071,1,1.8889,0.8889,0
Item_Content,40411161,40BA021,3,4.5114,1.5114,0
Item_Content,40211214,40B0292,2,2.6814,0.6814,0
Item_Content,40211206,40BR372,4,4.1184,0.1184,0
Item_Content,40311241,40BD032,1,1.1113,0.1113,0
Item_Content,40211131,40BA021,1,1.0,0.0,0
Item_Content,40211141,40BA061,5,3.9961,1.0039,0
Item_Content,40411102,40B0291,5,3.631,1.369,0
Item_Content,40311258,40BA082,5,3.231,1.769,0
Item_Content,40411129,40BC071,1,1.2,0.2,0
Item_Content,40411255,40BA082,4,4.246,0.246,0
Item_Content,40211230,40BA122,4,4.4405,0.4405,0
Item_Content,40211141,40BQ371,5,3.9961,1.0039,0
Item_Content,40411151,40BA051,5,3.8113,1.1887,0
Item_Content,40411105,40BA011,1,3.5093,2.5093,0
Item_Content,40311204,40BR072,4,3.1136,0.8864,0
Item_Content,40211239,40BA092,1,1.7757,0.7757,0
Item_Content,40311227,40BA021,2,3.3338,1.3338,0
Item_Content,40411127,40BC011,2,2.2538,0.2538,0
Item_Content,40311202,40BA062,3,3.5673,0.5673,0
Item_Content,40311218,40BD032,1,1.8911,0.8911,0
Item_Content,40211132,40BA021,1,2.3333,1.3333,0
Item_Content,40211226,40BA142,4,4.229,0.229,0
Item_Content,40211238,40BA122,2,2.8905,0.8905,0
Item_Content,40311105,40B0291,3,1.4444,1.5556,0
Item_Hybrid,40411202,40BR472,3,3.0154,0.0154,0
Item_Hybrid,40311247,40BA052,5,3.672,1.328,0
Item_Hybrid,40211206,40BR122,5,4.1281,0.8719,0
Item_Hybrid,40511218,40B0292,5,3.3106,1.6894,1
Item_Hybrid,40211202,40BR342,2,3.6589,1.6589,0
Item_Hybrid,40311256,40BA122,3,4.0152,1.0152,0
Item_Hybrid,40211109,40BA091,1,3.1684,2.1684,0
Item_Hybrid,40311211,40BA062,1,3.0502,2.0502,0
Item_Hybrid,40311211,40BA012,1,3.1026,2.1026,0
Item_Hybrid,40211148,40BQ021,4,3.9988,0.0012,0
Item_Hybrid,40211220,40BA082,4,3.9071,0.0929,0
Item_Hybrid,40311215,40BR372,4,3.3543,0.6457,0
Item_Hybrid,40311207,40BA222,5,3.9724,1.0276,0
Item_Hybrid,40211250,40BR222,4,3.7874,0.2126,0
Item_Hybrid,40211133,40BA121,3,4.3288,1.3288,0
Item_Hybrid,40311259,40BA122,1,3.544,2.544,0
Item_Hybrid,40211138,40BQ331,3,3.6542,0.6542,0
Item_Hybrid,40211121,40BC051,3,2.6719,0.3281,0
Item_Hybrid,40311108,40BA061,2,2.7801,0.7801,0
Item_Hybrid,40211125,40BC051,4,3.4457,0.5543,0
Item_Hybrid,40411111,40BC011,1,1.7295,0.7295,0
Item_Hybrid,40211138,40B0291,2,3.3611,1.3611,0
Item_Hybrid,40311155,40BA011,4,3.2889,0.7111,0
Item_Hybrid,40211217,40BA102,5,3.8841,1.1159,0
Item_Hybrid,40411202,40BA062,2,2.9804,0.9804,0
Item_Hybrid,40211106,40BQ051,4,3.0906,0.9094,0
Item_Hybrid,40511204,40B0292,5,2.5165,2.4835,0
Item_Hybrid,40211150,40BC011,3,3.5246,0.5246,0
Item_Hybrid,40311108,40BA141,2,2.8852,0.8852,0
Item_Hybrid,40411129,40B0291,2,1.1882,0.8118,0
Item_Hybrid,40311109,40BA011,1,1.0,0.0,0
Item_Hybrid,40411145,40BA051,1,1.6898,0.6898,0
Item_Hybrid,40211125,40BA091,1,3.538,2.538,0
Item_Hybrid,40311226,40BR072,4,3.3441,0.6559,0
Item_Hybrid,40211135,40BA011,4,3.0855,0.9145,0
Item_Hybrid,40211217,40BA092,5,4.1273,0.8727,0
Item_Hybrid,40311134,409A011,2,1.8531,0.1469,0
Item_Hybrid,40211102,40BQ391,4,3.8644,0.1356,0
Item_Hybrid,40211117,40BQ051,4,2.3481,1.6519,0
Item_Hybrid,40311236,40BA082,4,3.8989,0.1011,0
Item_Hybrid,40311244,40BR072,3,3.1028,0.1028,0
Item_Hybrid,40411248,40BA012,4,3.6428,0.3572,0
Item_Hybrid,40311246,40BA052,3,1.693,1.307,0
Item_Hybrid,40311140,40BQ341,5,3.8956,1.1044,0
Item_Hybrid,40411120,40BC071,4,4.0063,0.0063,0
Item_Hybrid,40211232,40BA012,1,2.5055,1.5055,0
Item_Hybrid,40211102,40BA151,4,3.6577,0.3423,0
Item_Hybrid,40411118,40BA081,1,1.0,0.0,0
Item_Hybrid,40211156,40BQ171,3,3.994,0.994,0
Item_Hybrid,40211207,40BR082,5,4.2419,0.7581,0
Item_Hybrid,40211113,40B9662,4,3.0351,0.9649,0
Item_Hybrid,40311150,40B0291,3,1.8214,1.1786,0
Item_Hybrid,40311127,40BA061,1,1.0,0.0,0
Item_Hybrid,40311247,40BR372,4,3.4215,0.5785,0
Item_Hybrid,40211129,40BA101,4,3.2617,0.7383,0
Item_Hybrid,40211127,40B0291,4,4.1401,0.1401,0
Item_Hybrid,40211102,40KA393,4,4.0682,0.0682,0
Item_Hybrid,40211245,40BR082,3,2.688,0.312,0
Item_Hybrid,40411163,40BA221,3,3.5195,0.5195,0
Item_Hybrid,40311117,40BQ341,4,3.2275,0.7725,0
Item_Hybrid,40311111,40BA141,2,2.4875,0.4875,0
Item_Hybrid,40211146,40BA021,2,3.0325,1.0325,0
Item_Hybrid,40311150,40BA101,1,1.8294,0.8294,0
Item_Hybrid,40311216,40BR022,3,3.2178,0.2178,0
Item_Hybrid,40411150,40BA051,1,2.4294,1.4294,0
Item_Hybrid,40211126,40KA513,3,2.5337,0.4663,0
Item_Hybrid,40211126,40KE011,3,2.5246,0.4754,0
Item_Hybrid,40211252,40BA052,3,4.1122,1.1122,0
Item_Hybrid,40411242,40BA222,3,2.1315,0.8685,0
Item_Hybrid,40211162,40BA091,1,2.4067,1.4067,0
Item_Hybrid,40411129,40BQ031,3,1.2141,1.7859,0
Item_Hybrid,40411247,40BA052,3,3.1795,0.1795,0
Item_Hybrid,40211158,40BC061,3,2.6562,0.3438,0
Item_Hybrid,40211214,40BA012,4,1.7559,2.2441,0
Item_Hybrid,40211107,40BA141,1,1.8932,0.8932,0
Item_Hybrid,40311256,40B8932,5,4.0277,0.9723,0
Item_Hybrid,40211252,40BA142,5,4.3585,0.6415,0
Item_Hybrid,40311138,40BA081,3,2.9896,0.0104,0
Item_Hybrid,40211146,40BQ051,3,2.7678,0.2322,0
Item_Hybrid,40311235,40K0051,1,2.2688,1.2688,0
Item_Hybrid,40311150,40BA021,1,1.8141,0.8141,0
Item_Hybrid,40411236,40BA082,4,3.0991,0.9009,0
Item_Hybrid,40411120,40BC011,3,3.9757,0.9757,0
Item_Hybrid,40311254,40BA052,3,3.1603,0.1603,0
Item_Hybrid,40411219,40B0292,5,3.2882,1.7118,0
Item_Hybrid,40311223,40B0292,3,2.1194,0.8806,0
Item_Hybrid,40211117,40BC021,2,1.9876,0.0124,0
Item_Hybrid,40211229,90B2681,4,1.9128,2.0872,0
Item_Hybrid,40211220,40BR042,4,4.1038,0.1038,0
Item_Hybrid,40211209,40BR222,4,2.2168,1.7832,0
Item_Hybrid,40333126,40BA221,1,1.0,0.0,0
Item_Hybrid,40211105,40BC051,2,1.9924,0.0076,0
Item_Hybrid,40211108,40BC061,5,3.7764,1.2236,0
Item_Hybrid,40211202,40BA102,3,3.2462,0.2462,0
Item_Hybrid,40211261,40BA022,5,3.6789,1.3211,0
Item_Hybrid,40311128,40BA221,3,3.7703,0.7703,0
Item_Hybrid,40211242,40BA102,4,4.6704,0.6704,0
Item_Hybrid,40211250,40BA012,3,3.5223,0.5223,0
Item_Hybrid,40211111,40B0291,2,2.7283,0.7283,0
Item_Hybrid,40211208,433A011,1,1.9689,0.9689,0
Item_Hybrid,40211156,40BQ381,4,3.7727,0.2273,0
Item_Hybrid,40211127,40BQ321,4,4.33,0.33,0
Item_Hybrid,40211109,40BC021,3,2.265,0.735,0
Item_Hybrid,40511103,40BA051,1,1.0,0.0,0
Item_Hybrid,40211146,40BA101,1,2.9054,1.9054,0
Item_Hybrid,40211148,40BA121,4,3.8984,0.1016,0
Item_Hybrid,40211230,409Z491,5,4.2093,0.7907,0
Item_Hybrid,40211144,40BC021,1,1.5863,0.5863,0
Item_Hybrid,40411224,40B0292,5,2.6679,2.3321,0
Item_Hybrid,40211247,40BR042,1,3.3637,2.3637,0
Item_Hybrid,40211113,40BQ331,1,2.8653,1.8653,0
Item_Hybrid,40411215,40BA062,1,3.9593,2.9593,0
Item_Hybrid,40511133,40BA011,5,4.0006,0.9994,0
Item_Hybrid,40211109,40BQ391,4,2.9254,1.0746,0
Item_Hybrid,40311205,40BA102,4,2.8611,1.1389,0
Item_Hybrid,40211206,40BA122,3,3.8779,0.8779,0
Item_Hybrid,40211127,40BA121,4,4.3338,0.3338,0
Item_Hybrid,40311206,40BA082,4,3.0933,0.9067,0
Item_Hybrid,40311238,40BA102,3,3.1824,0.1824,0
Item_Hybrid,40411252,40BA222,3,1.3988,1.6012,0
Item_Hybrid,40311217,40BA102,3,3.4252,0.4252,0
Item_Hybrid,40311232,40BA062,1,2.1886,1.1886,0
Item_Hybrid,40211228,409Z511,4,4.0007,0.0007,0
Item_Hybrid,40411230,40BA062,1,2.6577,1.6577,0
Item_Hybrid,40211113,40BA131,3,3.0768,0.0768,0
Item_Hybrid,40211259,40BD052,4,3.8855,0.1145,0
Item_Hybrid,40211132,40B0291,2,2.1575,0.1575,0
Item_Hybrid,40211234,40BD032,4,3.5492,0.4508,0
Item_Hybrid,40411133,40BA081,1,2.8592,1.8592,0
Item_Hybrid,40311166,40BQ311,3,1.2986,1.7014,0
Item_Hybrid,40211228,40BR032,4,4.0118,0.0118,0
Item_Hybrid,40211111,40BC011,1,2.4506,1.4506,0
Item_Hybrid,40311214,40BA052,3,2.4466,0.5534,0
Item_Hybrid,40211264,40BD012,1,1.9951,0.9951,0
Item_Hybrid,40211108,40BC021,4,3.4458,0.5542,0
Item_Hybrid,40311137,40BC021,5,3.1316,1.8684,0
Item_Hybrid,40311123,40B0291,2,1.9277,0.0723,0
Item_Hybrid,40211219,40BA152,4,3.8887,0.1113,0
Item_Hybrid,40211104,40BA121,3,2.6706,0.3294,0
Item_Hybrid,40411128,40BA061,3,2.8301,0.1699,0
Item_Hybrid,40511246,40BA012,4,4.0184,0.0184,0
Item_Hybrid,40211141,40BA101,3,4.1147,1.1147,0
Item_Hybrid,40311226,40BR022,3,3.5179,0.5179,0
Item_Hybrid,40211267,40BA132,3,3.3271,0.3271,0
Item_Hybrid,40411217,40BA062,5,3.6812,1.3188,0
Item_Hybrid,40211242,40BA022,4,4.6645,0.6645,0
Item_Hybrid,40411230,40BA082,2,2.6384,0.6384,0
Item_Hybrid,40211142,40BQ021,1,1.3196,0.3196,0
Item_Hybrid,40411208,40BR022,3,2.9811,0.0189,0
Item_Hybrid,40311206,40BA222,3,3.2761,0.2761,0
Item_Hybrid,40211237,40BA102,3,3.1084,0.1084,0
Item_Hybrid,40211205,40B0292,5,3.7437,1.2563,0
Item_Hybrid,40311250,40UN160,4,4.4763,0.4763,0
Item_Hybrid,40511238,40BA052,4,5.0,1.0,0
Item_Hybrid,40311121,40BA051,3,2.7935,0.2065,0
Item_Hybrid,40211257,40BA102,1,1.6416,0.6416,0
Item_Hybrid,40311122,40BA121,2,3.1849,1.1849,0
Item_Hybrid,40411141,40BA101,1,1.7998,0.7998,0
Item_Hybrid,40511209,40B0292,4,3.0,1.0,0
Item_Hybrid,40311261,40B8932,4,3.367,0.633,0
Item_Hybrid,40211117,40UN110,4,2.3872,1.6128,0
Item_Hybrid,40311201,40BA122,5,4.8792,0.1208,0
Item_Hybrid,40211246,40BA062,5,4.3307,0.6693,0
Item_Hybrid,40311114,40BQ341,5,2.7469,2.2531,0
Item_Hybrid,40311224,40BA022,1,1.2718,0.2718,0
Item_Hybrid,40311229,40BA132,5,3.4855,1.5145,0
Item_Hybrid,40311112,40BQ341,5,3.1003,1.8997,0
Item_Hybrid,40211105,40BQ171,1,1.8889,0.8889,0
Item_Hybrid,40311221,40BA062,1,2.4513,1.4513,0
Item_Hybrid,40211248,40BR342,3,3.7817,0.7817,0
Item_Hybrid,40211246,40BA082,3,4.323,1.323,0
Item_Hybrid,40211105,40BA121,3,1.9042,1.0958,0
Item_Hybrid,40411227,40BA052,4,4.0869,0.0869,0
Item_Hybrid,40211262,40BD012,4,3.7743,0.2257,0
Item_Hybrid,40411115,40BA021,2,1.9998,0.0002,0
Item_Hybrid,40311121,40BA021,3,2.8743,0.1257,0
Item_Hybrid,40411207,40B0292,4,2.541,1.459,0
Item_Hybrid,40411140,40BQ311,2,1.8119,0.1881,0
Item_Hybrid,40311264,4069582,2,3.5888,1.5888,0
Item_Hybrid,40311119,40BA131,2,2.6176,0.6176,0
Item_Hybrid,40411210,40BA062,3,3.6887,0.6887,0
Item_Hybrid,40411202,40BA082,3,2.9862,0.0138,0
Item_Hybrid,40411164,40BA101,2,1.0,1.0,0
Item_Hybrid,40211229,40BR122,5,2.3298,2.6702,0
Item_Hybrid,40511217,40B0292,4,1.0,3.0,0
Item_Hybrid,40211259,40BA122,2,3.1836,1.1836,0
Item_Hybrid,40211255,40BD032,3,2.5573,0.4427,0
Item_Hybrid,40211142,40BA061,4,1.3255,2.6745,0
Item_Hybrid,40211249,40BR042,2,3.5402,1.5402,0
Item_Hybrid,40311148,40BC071,3,1.4431,1.5569,0
Item_Hybrid,40311232,40BQ512,3,2.3996,0.6004,0
Item_Hybrid,40211161,40B9651,3,2.4542,0.5458,0
Item_Hybrid,40211209,40BA082,2,1.8995,0.1005,0
Item_Hybrid,40311209,40B0292,1,1.7524,0.7524,0
Item_Hybrid,40311259,40BA052,5,3.4334,1.5666,0
Item_Hybrid,40411237,40BD012,3,1.3138,1.6862,0
Item_Hybrid,40411219,40BA052,3,3.2977,0.2977,0
Item_Hybrid,40211213,40BA132,1,2.2973,1.2973,0
Item_Hybrid,40311250,40BD012,5,4.4393,0.5607,0
Item_Hybrid,40311137,40BQ331,3,3.0115,0.0115,0
Item_Hybrid,40511206,40BA052,4,4.0,0.0,0
Item_Hybrid,40511229,40B0292,4,5.0,1.0,0
Item_Hybrid,40311229,40BR072,4,3.4595,0.5405,0
Item_Hybrid,40211234,40BA102,4,3.682,0.318,0
Item_Hybrid,40211238,40BD012,1,2.2976,1.2976,0
Item_Hybrid,40311211,40B0292,3,3.1124,0.1124,0
Item_Hybrid,40311238,40BQ512,4,3.5738,0.4262,0
Item_Hybrid,40411243,40BA012,1,2.5968,1.5968,0
Item_Hybrid,40311129,40BQ321,2,1.9538,0.0462,0
Item_Hybrid,40211150,40BA051,3,3.665,0.665,0
Item_Hybrid,40411236,40BR022,4,3.1502,0.8498,0
Item_Hybrid,40211117,40BA091,1,2.6138,1.6138,0
Item_Hybrid,40411231,40BA012,1,2.5276,1.5276,0
Item_Hybrid,40311205,40BR372,5,2.7931,2.2069,0
Item_Hybrid,40211217,40BA052,4,4.0117,0.0117,0
Item_Hybrid,40211146,40BA141,3,2.7754,0.2246,0
Item_Hybrid,40411138,40BC011,1,1.2562,0.2562,0
Item_Hybrid,40211156,40BR372,3,3.9002,0.9002,0
Item_Hybrid,40411208,40BA052,3,3.0068,0.0068,0
Item_Hybrid,40205303,40BR072,3,1.9818,1.0182,0
Item_Hybrid,40411220,40BA062,2,3.3885,1.3885,0
Item_Hybrid,40411213,40BD012,4,3.3355,0.6645,0
Item_Hybrid,40211267,40BD052,1,3.3425,2.3425,0
Item_Hybrid,40211129,40BA141,4,3.3372,0.6628,0
Item_Hybrid,40211126,433N062,5,2.5279,2.4721,0
Item_Hybrid,40211102,409U053,5,4.0709,0.9291,0
Item_Hybrid,40211134,40BA061,4,3.1056,0.8944,0
Item_Hybrid,40311134,40BQ321,3,2.2455,0.7545,0
Item_Hybrid,40211203,40BA022,3,4.2157,1.2157,0
Item_Hybrid,40211147,40BC051,1,1.8828,0.8828,0
Item_Hybrid,40311217,40BD012,4,3.4302,0.5698,0
Item_Hybrid,40211233,40BA152,2,2.1089,0.1089,0
Item_Hybrid,40211137,40BQ391,2,1.8412,0.1588,0
Item_Hybrid,40411106,40BA051,3,4.6886,1.6886,0
Item_Hybrid,40311158,40UN130,5,3.1927,1.8073,0
Item_Hybrid,40211116,40BQ021,4,3.7683,0.2317,0
Item_Hybrid,40311202,40BA082,4,3.5718,0.4282,0
Item_Hybrid,40211154,40BQ391,3,2.3204,0.6796,0
Item_Hybrid,40311110,40B0291,3,2.2282,0.7718,0
Item_Hybrid,40411150,40BC071,2,2.324,0.324,0
Item_Hybrid,40211117,40BA131,4,1.9969,2.0031,0
Item_Hybrid,40311229,40BD012,4,3.1801,0.8199,0
Item_Hybrid,40211102,40BA081,4,3.6774,0.3226,0
Item_Hybrid,40211115,40BQ021,2,1.8712,0.1288,0
Item_Hybrid,40211215,40BA052,1,1.5516,0.5516,0
Item_Hybrid,40211105,40BA151,3,2.0941,0.9059,0
Item_Hybrid,40211166,40BQ371,1,1.0,0.0,0
Item_Hybrid,40311237,40BA122,3,2.6644,0.3356,0
Item_Hybrid,40311211,40BA132,4,3.1702,0.8298,0
Item_Hybrid,40211225,40UN070,5,3.2345,1.7655,0
Item_Hybrid,40511109,40B0291,4,1.5316,2.4684,0
Item_Hybrid,40211161,40BQ051,1,2.3049,1.3049,0
Item_Hybrid,40211118,40BC051,5,4.552,0.448,0
Item_Hybrid,40411131,40BA021,1,1.0,0.0,0
Item_Hybrid,40311122,40BA221,3,3.2247,0.2247,0
Item_Hybrid,40511104,40B0291,5,1.0,4.0,0
Item_Hybrid,40211126,40BA051,5,3.4162,1.5838,0
Item_Hybrid,40211211,40BR082,3,4.0228,1.0228,0
Item_Hybrid,40211262,40BA092,4,4.005,0.005,0
Item_Hybrid,40211250,40B0292,4,3.7501,0.2499,0
Item_Hybrid,40311233,40B8932,3,3.0272,0.0272,0
Item_Hybrid,40311146,40BC011,1,1.576,0.576,0
Item_Hybrid,40211156,40BA151,3,4.0078,1.0078,0
Item_Hybrid,40211228,40BA062,3,3.8995,0.8995,0
Item_Hybrid,40311221,40BD012,3,2.7719,0.2281,0
Item_Hybrid,40311119,40BA011,5,2.9439,2.0561,0
Item_Hybrid,40411126,40BC011,3,2.7499,0.2501,0
Item_Hybrid,40311130,409A021,1,2.0705,1.0705,0
Item_Hybrid,40211232,40BA102,1,2.4985,1.4985,0
Item_Hybrid,40211117,40BA121,3,2.0045,0.9955,0
Item_Hybrid,40411247,40BA102,2,3.1353,1.1353,0
Item_Hybrid,40211248,40BA102,4,3.7637,0.2363,0
Item_Hybrid,40411251,40BA022,2,2.8241,0.8241,0
Item_Hybrid,40312142,40BA101,4,3.0856,0.9144,0
Item_Hybrid,40211229,40BR082,4,2.3279,1.6721,0
Item_Hybrid,40211214,40BR242,2,3.0152,1.0152,0
Item_Hybrid,40311150,40BC011,1,1.8377,0.8377,0
Item_Hybrid,40411102,40BQ031,5,3.6039,1.3961,0
Item_Hybrid,40211106,40BA061,5,2.4306,2.5694,0
Item_Hybrid,40211230,409Z481,4,4.2099,0.2099,0
Item_Hybrid,40211117,40BA151,4,2.3749,1.6251,0
Item_Hybrid,40211259,40BA022,4,2.7727,1.2273,0
Item_Hybrid,40311259,40BA062,1,3.4339,2.4339,0
Item_Hybrid,40411159,40BA101,3,2.2539,0.7461,0
Item_Hybrid,40411115,40BA221,1,2.027,1.027,0
Item_Hybrid,40211247,409Z481,4,3.66,0.34,0
Item_Hybrid,40311260,40BR022,3,2.8618,0.1382,0
Item_Hybrid,40411128,40BA011,1,2.8561,1.8561,0
Item_Hybrid,40211146,40BA151,4,2.8966,1.1034,0
Item_Hybrid,40211101,40B0291,4,3.7973,0.2027,0
Item_Hybrid,40211148,40BQ171,4,4.0008,0.0008,0
Item_Hybrid,40211244,40BR042,2,3.7724,1.7724,0
Item_Hybrid,40511101,40BA011,1,2.0006,1.0006,0
Item_Hybrid,40205303,40BR242,1,2.1165,1.1165,0
Item_Hybrid,40211235,40BR042,2,3.4259,1.4259,0
Item_Hybrid,40211126,40KA393,3,2.5323,0.4677,0
Item_Hybrid,40211139,40BQ421,2,2.4355,0.4355,0
Item_Hybrid,40211206,40BD012,3,3.8864,0.8864,0
Item_Hybrid,40311204,40BA052,5,3.0465,1.9535,0
Item_Hybrid,40211233,40BR242,1,2.0821,1.0821,0
Item_Hybrid,40411125,40BA011,1,2.5221,1.5221,0
Item_Hybrid,40311218,40BA132,5,2.0332,2.9668,0
Item_Hybrid,40211137,40BC011,3,1.6585,1.3415,0
Item_Hybrid,40311120,40BA021,1,2.204,1.204,0
Item_Hybrid,40511107,40BA051,5,3.4061,1.5939,0
Item_Hybrid,40311217,40BD032,2,3.4602,1.4602,0
Item_Hybrid,40311215,40B0292,2,3.0819,1.0819,0
Item_Hybrid,40311155,40BQ031,1,3.209,2.209,0
Item_Hybrid,40211201,40BR032,3,3.8888,0.8888,0
Item_Hybrid,40211134,40BQ401,4,2.8901,1.1099,0
Item_Hybrid,40211208,40BA092,1,2.0031,1.0031,0
Item_Hybrid,40211247,40BR032,4,3.6751,0.3249,0
Item_Hybrid,40311238,40BA122,3,3.2148,0.2148,0
Item_Hybrid,40211109,40BQ141,2,3.1107,1.1107,0
Item_Hybrid,40211130,40BA081,1,2.008,1.008,0
Item_Hybrid,40311158,40BC071,5,3.2464,1.7536,0
Item_Hybrid,40211226,40BD032,4,3.9988,0.0012,0
Item_Hybrid,40211266,40BA081,2,2.2332,0.2332,0
Item_Hybrid,40311233,40B0292,3,2.9697,0.0303,0
Item_Hybrid,40311136,40BA011,1,3.5009,2.5009,0
Item_Hybrid,40311132,40BA121,1,1.6525,0.6525,0
Item_Hybrid,40211133,40BC011,2,4.2034,2.2034,0
Item_Hybrid,40211236,40BD012,1,1.0,0.0,0
Item_Hybrid,40311210,40BA222,3,2.2315,0.7685,0
Item_Hybrid,40211117,40BQ141,2,1.9904,0.0096,0
Item_Hybrid,40311261,40BD032,3,3.4689,0.4689,0
Item_Hybrid,40211225,40B9561,4,2.9965,1.0035,0
Item_Hybrid,40211228,40BA132,3,3.6564,0.6564,0
Item_Hybrid,40211158,40BA011,4,3.1532,0.8468,0
Item_Hybrid,40211154,40BA091,1,2.3223,1.3223,0
Item_Hybrid,40211137,40BA061,1,1.6573,0.6573,0
Item_Hybrid,40211209,40BD032,2,2.114,0.114,0
Item_Hybrid,40411227,40BA222,3,4.1009,1.1009,0
Item_Hybrid,40311235,40BA222,1,2.5652,1.5652,0
Item_Hybrid,40211141,40BC061,4,4.1086,0.1086,0
Item_Hybrid,40211261,40BR072,5,3.6449,1.3551,0
Item_Hybrid,40211114,40BA011,1,1.9961,0.9961,0
Item_Hybrid,40411126,40BA081,4,2.8213,1.1787,0
Item_Hybrid,40211229,40BA012,2,2.101,0.101,0
Item_Hybrid,40311122,40BA081,4,2.9805,1.0195,0
Item_Hybrid,40311109,40BA021,1,1.0,0.0,0
Item_Hybrid,40411205,40BD012,4,2.2318,1.7682,0
Item_Hybrid,40327247,40BC071,2,2.379,0.379,0
Item_Hybrid,40311238,40B0292,2,2.9497,0.9497,0
Item_Hybrid,40311238,40B8932,3,3.2618,0.2618,0
Item_Hybrid,40411158,40BA051,2,1.3799,0.6201,0
Item_Hybrid,40311243,40BA052,4,3.6365,0.3635,0
Item_Hybrid,40411211,40BA222,2,3.2279,1.2279,0
Item_Hybrid,40511226,40BA012,4,2.4958,1.5042,1
Item_Hybrid,40411255,40BA222,4,4.2552,0.2552,0
Item_Hybrid,40411212,40BD012,3,1.9779,1.0221,0
Item_Hybrid,40211202,40B9651,4,3.7799,0.2201,0
Item_Hybrid,40311243,40BD012,4,3.7348,0.2652,0
Item_Hybrid,40211112,40KT142,5,2.3878,2.6122,0
Item_Hybrid,40311204,40BA132,4,3.5876,0.4124,0
Item_Hybrid,40211224,40BD012,3,1.2178,1.7822,0
Item_Hybrid,40211113,40BA091,1,3.0021,2.0021,0
Item_Hybrid,40411156,40BA021,4,2.95,1.05,0
Item_Hybrid,40311153,40BA021,5,4.4484,0.5516,0
Item_Hybrid,40211266,40BR022,2,1.7976,0.2024,0
Item_Hybrid,40411219,40BA082,5,3.4131,1.5869,0
Item_Hybrid,40311223,40BA122,3,2.1159,0.8841,0
Item_Hybrid,40211116,40BQ051,4,4.1115,0.1115,0
Item_Hybrid,40211246,40BR122,5,4.5488,0.4512,0
Item_Hybrid,40311158,40BQ341,3,3.4101,0.4101,0
Item_Hybrid,40411201,40BA062,3,3.341,0.341,0
Item_Hybrid,40211126,40IN672,5,2.5433,2.4567,0
Item_Hybrid,40211249,40B0292,4,3.3435,0.6565,0
Item_Hybrid,40311108,40BC011,2,2.8595,0.8595,0
Item_Hybrid,40411156,40BA011,5,3.0478,1.9522,0
Item_Hybrid,40411244,40BR472,1,2.9927,1.9927,0
Item_Hybrid,40211103,40UN050,1,2.1697,1.1697,0
Item_Hybrid,40411242,40BA102,4,2.0909,1.9091,0
Item_Hybrid,40411202,40BA052,4,3.0024,0.9976,0
Item_Hybrid,40211261,40BA152,3,3.8879,0.8879,0
Item_Hybrid,40511142,40BA051,3,3.0,0.0,0
Item_Hybrid,40411246,40BA082,3,2.2173,0.7827,0
Item_Hybrid,40211104,40UN110,4,3.2222,0.7778,0
Item_Hybrid,40311236,40BR042,4,3.9662,0.0338,0
Item_Hybrid,40211223,40BA132,3,4.106,1.106,0
Item_Hybrid,40211115,40BA011,3,2.1497,0.8503,0
Item_Hybrid,40211144,40BQ421,1,1.7746,0.7746,0
Item_Hybrid,40211203,40BA102,4,4.2178,0.2178,0
Item_Hybrid,40211257,409U163,1,1.678,0.678,0
Item_Hybrid,40311113,40BA051,1,1.0,0.0,0
Item_Hybrid,40411236,40BA012,3,3.1119,0.1119,0
Item_Hybrid,40411233,40BA102,4,2.7178,1.2822,0
Item_Hybrid,40311161,40BA221,1,1.172,0.172,0
Item_Hybrid,40211153,40BR372,4,3.7654,0.2346,0
Item_Hybrid,40411108,40BA011,4,3.0235,0.9765,0
Item_Hybrid,40211115,40BC061,1,1.8833,0.8833,0
Item_Hybrid,40311130,40BQ031,2,2.0651,0.0651,0
Item_Hybrid,40211102,40B0291,2,3.392,1.392,0
Item_Hybrid,40211205,40BR032,5,3.49,1.51,0
Item_Hybrid,40211132,40BA081,2,2.2453,0.2453,0
Item_Hybrid,40311257,40BA102,3,3.9083,0.9083,0
Item_Hybrid,40211110,40BQ321,2,2.9026,0.9026,0
Item_Hybrid,40411255,40BA102,4,4.2606,0.2606,0
Item_Hybrid,40411138,40BA051,2,1.3463,0.6537,0
Item_Hybrid,40311105,409A011,2,1.9713,0.0287,0
Item_Hybrid,40311265,4064243,2,3.2425,1.2425,0
Item_Hybrid,40311255,40B0292,2,1.2404,0.7596,0
Item_Hybrid,40211104,40BA131,4,2.9895,1.0105,0
Item_Hybrid,40211233,40BA092,2,2.1109,0.1109,0
Item_Hybrid,40211133,40BR372,5,4.3093,0.6907,0
Item_Hybrid,40311138,40BA011,1,2.988,1.988,0
Item_Hybrid,40311124,40BA021,1,1.5561,0.5561,0
Item_Hybrid,40211238,433A021,2,3.5223,1.5223,0
Item_Hybrid,40311223,40BA222,1,2.1317,1.1317,0
Item_Hybrid,40211161,40BA051,2,1.7664,0.2336,0
Item_Hybrid,40211137,40BA091,1,1.7318,0.7318,0
Item_Hybrid,40311128,40BA121,4,4.1103,0.1103,0
Item_Hybrid,40411238,40BA052,2,2.7022,0.7022,0
Item_Hybrid,40211118,40BC061,5,4.6747,0.3253,0
Item_Hybrid,40311218,40BR042,4,1.9151,2.0849,0
Item_Hybrid,40211235,40BA152,4,3.672,0.328,0
Item_Hybrid,40211138,40BA051,3,3.5243,0.5243,0
Item_Hybrid,40311206,40BA062,1,3.0852,2.0852,0
Item_Hybrid,40211230,40B0292,5,3.8469,1.1531,0
Item_Hybrid,40411209,40BA222,3,1.5895,1.4105,0
Item_Hybrid,40311118,40BC051,3,4.1842,1.1842,0
Item_Hybrid,40211224,40BR072,3,1.7569,1.2431,0
Item_Hybrid,40311243,40BA122,4,3.8868,0.1132,0
Item_Hybrid,40211113,40B0291,2,2.5324,0.5324,0
Item_Hybrid,40211235,40BR072,4,3.5456,0.4544,0
Item_Hybrid,40211161,40BQ331,1,1.7743,0.7743,0
Item_Hybrid,40311253,40B0292,3,2.4205,0.5795,0
Item_Hybrid,40211225,40BR372,4,3.0069,0.9931,0
Item_Hybrid,40311227,40BA082,4,3.2098,0.7902,0
Item_Hybrid,40211262,40BR082,5,4.1202,0.8798,0
Item_Hybrid,40511229,40BA052,2,5.0,3.0,0
Item_Hybrid,40211122,40BQ421,3,3.0782,0.0782,0
Item_Hybrid,40411119,40BA051,1,1.0,0.0,0
Item_Hybrid,40211202,40BA132,3,3.2098,0.2098,0
Item_Hybrid,40211125,40BQ141,4,3.4562,0.5438,0
Item_Hybrid,40411205,40BA052,2,2.2495,0.2495,0
Item_Hybrid,40311131,40B0291,2,1.9415,0.0585,0
Item_Hybrid,40311146,40BA081,2,1.6736,0.3264,0
Item_Hybrid,40211245,40BR032,2,3.1233,1.1233,0
Item_Hybrid,40411130,40BC071,1,2.6546,1.6546,0
Item_Hybrid,40311135,40BA221,1,2.6285,1.6285,0
Item_Hybrid,40411143,40BA051,1,1.6767,0.6767,0
Item_Hybrid,40411207,40BA062,2,2.5866,0.5866,0
Item_Hybrid,40211220,409Z481,5,4.2772,0.7228,0
Item_Hybrid,40211205,40BA062,5,3.5485,1.4515,0
Item_Hybrid,40211230,40BA062,4,4.0992,0.0992,0
Item_Hybrid,40411140,40BA021,1,1.8408,0.8408,0
Item_Hybrid,40511262,40BA052,3,3.0,0.0,0
Item_Hybrid,40211262,40BA142,5,4.1267,0.8733,0
Item_Hybrid,40311132,40BQ321,3,1.6575,1.3425,0
Item_Hybrid,40311138,40BC021,4,3.2194,0.7806,0
Item_Hybrid,40311151,40BA141,3,4.2994,1.2994,0
Item_Hybrid,40411143,40BA221,1,1.604,0.604,0
Item_Hybrid,40211222,40BD032,4,4.7826,0.7826,0
Item_Hybrid,40311231,40BD032,2,3.0037,1.0037,0
Item_Hybrid,40311205,40BD032,3,2.7898,0.2102,0
Item_Hybrid,40511227,40BA052,2,4.0145,2.0145,0
Item_Hybrid,40211152,40B0291,2,2.2416,0.2416,0
Item_Hybrid,40211233,40BA142,4,2.559,1.441,0
Item_Hybrid,40311238,40BA132,3,3.2339,0.2339,0
Item_Hybrid,40211125,40BC011,4,3.5453,0.4547,0
Item_Hybrid,40311219,40B0292,1,2.2607,1.2607,0
Item_Hybrid,40311105,40BC071,2,1.5366,0.4634,0
Item_Hybrid,40311134,40BA121,3,2.4334,0.5666,0
Item_Hybrid,40311116,40B0291,2,1.8038,0.1962,0
Item_Hybrid,40311157,40BA061,3,3.6774,0.6774,0
Item_Hybrid,40211104,40BC051,2,2.9774,0.9774,0
Item_Hybrid,40411149,40BC071,1,2.3705,1.3705,0
Item_Hybrid,40411130,40BA102,3,3.2104,0.2104,0
Item_Hybrid,40311214,40BD032,2,2.5598,0.5598,0
Item_Hybrid,40411222,40BA062,1,1.9905,0.9905,0
Item_Hybrid,40311108,40BA101,3,2.8499,0.1501,0
Item_Hybrid,40211134,40BC021,4,3.793,0.207,0
Item_Hybrid,40320324,40BC011,1,1.7551,0.7551,0
Item_Hybrid,40311243,40BA012,3,3.614,0.614,0
Item_Hybrid,40411130,40BA222,2,3.1168,1.1168,0
Item_Hybrid,40411215,40BA052,1,3.9253,2.9253,0
Item_Hybrid,40411240,40BR022,2,1.507,0.493,0
Item_Hybrid,40211127,40BA131,5,4.3295,0.6705,0
Item_Hybrid,40211131,40B0291,1,1.0,0.0,0
Item_Hybrid,40211235,40BA102,4,3.2058,0.7942,0
Item_Hybrid,40211101,40BR342,5,4.5621,0.4379,0
Item_Hybrid,40211205,40BD012,4,3.7589,0.2411,0
Item_Hybrid,40411120,40BA061,4,3.899,0.101,0
Item_Hybrid,40311125,40B0291,3,2.0,1.0,0
Item_Hybrid,40211150,40BC021,3,3.5764,0.5764,0
Item_Hybrid,40311148,40BA081,3,1.4476,1.5524,0
Item_Hybrid,40211219,40BA052,2,2.994,0.994,0
Item_Hybrid,40211260,40BR122,5,3.4498,1.5502,0
Item_Hybrid,40311146,40BA061,1,1.685,0.685,0
Item_Hybrid,40511219,40BA052,3,2.5331,0.4669,1
Item_Hybrid,40211150,40BC061,4,3.4503,0.5497,0
Item_Hybrid,40211110,40BC051,2,3.2236,1.2236,0
Item_Hybrid,40311249,40BA022,3,3.8884,0.8884,0
Item_Hybrid,40211205,40BR042,3,3.4654,0.4654,0
Item_Hybrid,40411104,40BC071,3,3.0037,0.0037,0
Item_Hybrid,40211122,40BA151,4,2.9962,1.0038,0
Item_Hybrid,40211106,40BA081,3,2.644,0.356,0
Item_Hybrid,40311104,40BA141,1,2.5481,1.5481,0
Item_Hybrid,40311229,40BA012,2,3.1436,1.1436,0
Item_Hybrid,40511247,40B0292,4,5.0,1.0,0
Item_Hybrid,40211208,90B2681,3,1.8849,1.1151,0
Item_Hybrid,40211249,40BR122,5,3.5767,1.4233,0
Item_Hybrid,40311116,40BA081,3,1.8999,1.1001,0
Item_Hybrid,40311208,40BA022,4,3.5435,0.4565,0
Item_Hybrid,40211206,40BA012,5,4.0355,0.9645,0
Item_Hybrid,40511201,40BA012,3,3.0,0.0,0
Item_Hybrid,40211116,40BA131,5,3.7583,1.2417,0
Item_Hybrid,40211101,40BA081,4,3.8186,0.1814,0
Item_Hybrid,40211112,40BA021,1,2.1194,1.1194,0
Item_Hybrid,40211112,40BQ371,3,2.5451,0.4549,0
Item_Hybrid,40211217,40BA022,5,3.8764,1.1236,0
Item_Hybrid,40211220,40B0292,5,4.1415,0.8585,0
Item_Hybrid,40311130,40BQ321,3,2.0841,0.9159,0
Item_Hybrid,40311139,40BQ141,2,2.2115,0.2115,0
Item_Hybrid,40311236,40BA102,4,3.8846,0.1154,0
Item_Hybrid,40311245,40BA012,4,2.3403,1.6597,0
Item_Hybrid,40511123,40BA051,1,2.4061,1.4061,0
Item_Hybrid,40311114,40BA051,4,3.7031,0.2969,0
Item_Hybrid,40311155,40BC051,3,3.192,0.192,0
Item_Hybrid,40211239,40BR372,1,1.7896,0.7896,0
Item_Hybrid,40211130,40BA021,1,1.6769,0.6769,0
Item_Hybrid,40211133,40BA061,5,4.205,0.795,0
Item_Hybrid,40311236,40B8932,4,3.9448,0.0552,0
Item_Hybrid,40211106,40BA011,1,2.3739,1.3739,0
Item_Hybrid,40211158,409R181,4,2.6475,1.3525,0
Item_Hybrid,40311211,40BR372,3,3.1502,0.1502,0
Item_Hybrid,40511118,40BA051,2,2.0,0.0,0
Item_Hybrid,40311214,40BD012,1,2.4659,1.4659,0
Item_Hybrid,40211110,4069211,3,3.0902,0.0902,0
Item_Hybrid,40411246,40BA052,2,2.146,0.146,0
Item_Hybrid,40211165,40BA141,2,3.6136,1.6136,0
Item_Hybrid,40211241,40BA052,1,2.4672,1.4672,0
Item_Hybrid,40211115,40BC021,1,1.776,0.776,0
Item_Hybrid,40411251,40BA082,4,2.7958,1.2042,0
Item_Hybrid,40211150,40UN080,3,3.3176,0.3176,0
Item_Hybrid,40511125,40B0291,3,1.0,2.0,0
Item_Hybrid,40211205,40BR322,3,3.5432,0.5432,0
Item_Hybrid,40211127,40BQ421,5,4.101,0.899,0
Item_Hybrid,40311241,40BA102,2,1.2019,0.7981,0
Item_Hybrid,40211113,40BA101,2,2.5649,0.5649,0
Item_Hybrid,40211252,409Z491,5,4.2078,0.7922,0
Item_Hybrid,40311128,40BA021,4,3.757,0.243,0
Item_Hybrid,40311150,40BA221,1,1.8275,0.8275,0
Item_Hybrid,40211244,40B9561,4,3.885,0.115,0
Item_Hybrid,40311227,40BA062,1,3.1878,2.1878,0
Item_Hybrid,40211102,40BA011,4,3.3882,0.6118,0
Item_Hybrid,40211102,40WN081,3,4.0698,1.0698,0
Item_Hybrid,40211208,40BA152,2,1.9038,0.0962,0
Item_Hybrid,40211248,40BR122,5,3.7828,1.2172,0
Item_Hybrid,40311231,40BQ512,4,3.2322,0.7678,0
Item_Hybrid,40411158,40BA081,3,1.3666,1.6334,0
Item_Hybrid,40211163,40BA141,4,2.2238,1.7762,0
Item_Hybrid,40311227,40B0292,2,3.3693,1.3693,0
Item_Hybrid,40411155,40BQ031,4,2.8142,1.1858,0
Item_Hybrid,40511247,40BA052,4,5.0,1.0,0
Item_Hybrid,40311235,40BA102,1,2.4184,1.4184,0
Item_Hybrid,40511233,40BA052,4,2.0,2.0,0
Item_Hybrid,40311133,40BA101,2,2.7903,0.7903,0
Item_Hybrid,40311245,40BD012,2,2.4492,0.4492,0
Item_Hybrid,40211137,40BA051,3,1.7812,1.2188,0
Item_Hybrid,40211262,40BA132,4,3.6594,0.3406,0
Item_Hybrid,40211207,40BA062,4,3.7423,0.2577,0
Item_Hybrid,40211237,40BA022,1,2.9038,1.9038,0
Item_Hybrid,40311162,40BA021,1,1.5657,0.5657,0
Item_Hybrid,40211234,40BR032,4,3.9101,0.0899,0
Item_Hybrid,40411248,40BR472,1,3.692,2.692,0
Item_Hybrid,40211136,40BC051,5,3.7653,1.2347,0
Item_Hybrid,40311139,40BA141,1,2.1153,1.1153,0
Item_Hybrid,40411158,40BA011,3,1.3899,1.6101,0
Item_Hybrid,40211129,40BQ141,5,3.3374,1.6626,0
Item_Hybrid,40211259,40BA152,2,3.4537,1.4537,0
Item_Hybrid,40311258,40BD012,3,3.4002,0.4002,0
Item_Hybrid,40411140,40BC071,2,1.8434,0.1566,0
Item_Hybrid,40211158,40BQ371,2,2.5419,0.5419,0
Item_Hybrid,40311142,40BA101,1,1.4863,0.4863,0
Item_Hybrid,40211256,40BD012,5,4.4122,0.5878,0
Item_Hybrid,40311217,40BA012,3,3.0831,0.0831,0
Item_Hybrid,40411143,40BC011,1,1.5778,0.5778,0
Item_Hybrid,40211107,40BA081,1,2.1109,1.1109,0
Item_Hybrid,40311127,40BA081,2,1.0,1.0,0
Item_Hybrid,40211148,40BQ321,3,3.7791,0.7791,0
Item_Hybrid,40320310,40BC051,1,1.883,0.883,0
Item_Hybrid,40211220,40BD052,3,4.3427,1.3427,0
Item_Hybrid,40311162,40BQ311,1,1.6411,0.6411,0
Item_Hybrid,40211261,40BA122,3,3.6513,0.6513,0
Item_Hybrid,40311155,40BQ311,3,3.2045,0.2045,0
Item_Hybrid,40211252,40BR072,4,4.3188,0.3188,0
Item_Hybrid,40311169,40BA221,1,1.0,0.0,0
Item_Hybrid,40411215,40BA012,3,3.919,0.919,0
Item_Hybrid,40311117,40BA141,3,3.1968,0.1968,0
Item_Hybrid,40311158,40BA121,1,3.0969,2.0969,0
Item_Hybrid,40211209,40BA092,1,2.0041,1.0041,0
Item_Hybrid,40311236,40BD032,4,3.9583,0.0417,0
Item_Hybrid,40211153,40BQ021,5,3.8728,1.1272,0
Item_Hybrid,40211151,40BA081,3,2.4682,0.5318,0
Item_Hybrid,40411138,40BA021,1,1.297,0.297,0
Item_Hybrid,40211118,40BA141,5,4.5466,0.4534,0
Item_Hybrid,40411101,40BA011,1,2.5627,1.5627,0
Item_Hybrid,40211217,40BR082,4,4.2421,0.2421,0
Item_Hybrid,40311132,40BC051,1,1.6413,0.6413,0
Item_Hybrid,40211226,40BD052,5,4.1482,0.8518,0
Item_Hybrid,40211225,40B9572,4,3.2156,0.7844,0
Item_Hybrid,40411240,40BR472,5,1.4754,3.5246,0
Item_Hybrid,40211109,40B0291,2,2.2012,0.2012,0
Item_Hybrid,40411110,40BQ311,2,2.0163,0.0163,0
Item_Hybrid,40211241,40BA152,3,3.7762,0.7762,0
Item_Hybrid,40311250,40BA062,1,4.2334,3.2334,0
Item_Hybrid,40211102,40BQ421,3,4.0809,1.0809,0
Item_Hybrid,40211108,40BA051,3,3.4484,0.4484,0
Item_Hybrid,40411252,40BR472,1,1.4139,0.4139,0
Item_Hybrid,40511256,40B0292,3,1.9671,1.0329,0
Item_Hybrid,40311111,40BA061,4,2.3504,1.6496,0
Item_Hybrid,40211114,40UN110,4,1.5485,2.4515,0
Item_Hybrid,40511207,40BA012,2,4.0184,2.0184,0
Item_Hybrid,40311218,40BA082,4,1.9639,2.0361,0
Item_Hybrid,40311151,40BA021,4,4.1155,0.1155,0
Item_Hybrid,40411146,40BA081,2,2.2127,0.2127,0
Item_Hybrid,40311215,40BA122,2,3.5728,1.5728,0
Item_Hybrid,40511105,40B0291,5,4.0,1.0,0
Item_Hybrid,40211249,40BA052,3,3.2329,0.2329,0
Item_Hybrid,40311157,40BQ321,5,3.6892,1.3108,0
Item_Hybrid,40211225,40BD052,3,3.4236,0.4236,0
Item_Hybrid,40211151,40BQ371,5,4.0776,0.9224,0
Item_Hybrid,40211112,40BQ391,5,2.5534,2.4466,0
Item_Hybrid,40311261,40BA012,3,3.6541,0.6541,0
Item_Hybrid,40411254,40BA222,3,3.4407,0.4407,0
Item_Hybrid,40211239,40BR042,1,1.6869,0.6869,0
Item_Hybrid,40111230,40BA152,2,1.693,0.307,0
Item_Hybrid,40311233,40BA022,2,2.9754,0.9754,0
Item_Hybrid,40211266,433A021,3,2.9213,0.0787,0
Item_Hybrid,40211202,40BR242,3,3.6435,0.6435,0
Item_Hybrid,40411113,40BQ311,5,4.6743,0.3257,0
Item_Hybrid,40211249,40BA022,4,3.2022,0.7978,0
Item_Hybrid,40311157,40B0291,5,3.6284,1.3716,0
Item_Hybrid,40211139,432N861,1,2.2919,1.2919,0
Item_Hybrid,40311260,40BQ512,5,3.461,1.539,0
Item_Hybrid,40211230,40BA152,3,4.1199,1.1199,0
Item_Hybrid,40311158,40BQ031,2,3.5769,1.5769,0
Item_Hybrid,40311231,40BA132,5,3.0042,1.9958,0
Item_Hybrid,40211116,40IN101,4,3.4746,0.5254,0
Item_Hybrid,40311104,40BA081,4,2.4274,1.5726,0
Item_Hybrid,40411240,40BA052,1,1.494,0.494,0
Item_Hybrid,40211217,40BR032,5,4.1398,0.8602,0
Item_Hybrid,40211248,40BA022,1,3.4402,2.4402,0
Item_Hybrid,40211257,40BR372,1,2.114,1.114,0
Item_Hybrid,40211266,40BR042,2,1.9662,0.0338,0
Item_Hybrid,40311148,40BA011,1,1.534,0.534,0
Item_Hybrid,40411159,40BA051,2,2.2997,0.2997,0
Item_Hybrid,40205303,40BD012,2,1.6635,0.3365,0
Item_Hybrid,40411141,40BC011,1,1.7764,0.7764,0
Item_Hybrid,40211104,40BQ371,4,3.2256,0.7744,0
Item_Hybrid,40211145,40BC011,1,1.8678,0.8678,0
Item_Hybrid,40411147,40BA061,2,3.4139,1.4139,0
Item_Hybrid,40211215,40BD032,3,2.0088,0.9912,0
Item_Hybrid,40311121,40BC011,4,2.5186,1.4814,0
Item_Hybrid,40411256,40BA102,4,2.8701,1.1299,0
Item_Hybrid,40411105,40BQ311,5,3.4616,1.5384,0
Item_Hybrid,40211116,40BA051,2,3.4525,1.4525,0
Item_Hybrid,40211111,40BQ381,1,2.289,1.289,0
Item_Hybrid,40211106,409A012,2,2.4944,0.4944,0
Item_Hybrid,40211249,40BR082,4,3.7881,0.2119,0
Item_Hybrid,40211222,40BA092,4,4.5883,0.5883,0
Item_Hybrid,40211123,40BA021,4,3.762,0.238,0
Item_Hybrid,40211262,40BR042,4,3.7757,0.2243,0
Item_Hybrid,40411228,40BA062,3,3.3867,0.3867,0
Item_Hybrid,40211105,40BA051,3,1.6629,1.3371,0
Item_Hybrid,40311158,40BA221,2,3.2859,1.2859,0
Item_Hybrid,40211138,40BQ171,4,3.6553,0.3447,0
Item_Hybrid,40211129,40BC021,4,3.5633,0.4367,0
Item_Hybrid,40411218,40BR022,3,2.8698,0.1302,0
Item_Hybrid,40311129,40BQ331,1,1.7689,0.7689,0
Item_Hybrid,40211234,40BA022,3,3.2434,0.2434,0
Item_Hybrid,40211206,40BA062,4,4.2193,0.2193,0
Item_Hybrid,40211211,40BR372,3,3.8979,0.8979,0
Item_Hybrid,40311248,40BA132,5,4.5158,0.4842,0
Item_Hybrid,40211136,40BQ371,3,4.3358,1.3358,0
Item_Hybrid,40211247,409Z501,5,3.6725,1.3275,0
Item_Hybrid,40311250,40BA012,5,4.2085,0.7915,0
Item_Hybrid,40311236,40BA062,4,3.8791,0.1209,0
Item_Hybrid,40311216,40BR042,4,3.3264,0.6736,0
Item_Hybrid,40311218,40B8932,4,1.9113,2.0887,0
Item_Hybrid,40311146,40BA221,1,1.688,0.688,0
Item_Hybrid,40211144,40BA021,4,1.6707,2.3293,0
Item_Hybrid,40211248,40BD012,3,3.6661,0.6661,0
Item_Hybrid,40211162,40BA151,4,2.4348,1.5652,0
Item_Hybrid,40211203,40BA012,2,4.0841,2.0841,0
Item_Hybrid,40311122,40BA101,4,3.1748,0.8252,0
Item_Hybrid,40311155,40BC011,3,3.184,0.184,0
Item_Hybrid,40211214,40BD032,3,2.331,0.669,0
Item_Hybrid,40311159,40BC071,1,1.2802,0.2802,0
Item_Hybrid,40211139,40BA081,3,3.0142,0.0142,0
Item_Hybrid,40211202,40BR072,3,3.4387,0.4387,0
Item_Hybrid,40211261,40BR222,4,3.7809,0.2191,0
Item_Hybrid,40411134,40B0291,2,1.1878,0.8122,0
Item_Hybrid,40411159,40BQ311,3,2.2263,0.7737,0
Item_Hybrid,40411108,40BQ311,4,2.9595,1.0405,0
Item_Hybrid,40211121,40BA121,3,2.9024,0.0976,0
Item_Hybrid,40411117,40BA061,2,1.5098,0.4902,0
Item_Hybrid,40411216,40BA082,1,1.1505,0.1505,0
Item_Hybrid,40511220,40BA052,4,3.0,1.0,0
Item_Hybrid,40205303,40BR122,2,2.1024,0.1024,0
Item_Hybrid,40211165,40BQ421,4,3.59,0.41,0
Item_Hybrid,40211123,40PQ041,4,3.6456,0.3544,0
Item_Hybrid,40211263,433A021,1,2.0041,1.0041,0
Item_Hybrid,40211206,40BA092,4,4.0309,0.0309,0
Item_Hybrid,40411238,40BA222,2,2.6975,0.6975,0
Item_Hybrid,40411254,40BA012,3,3.4038,0.4038,0
Item_Hybrid,40211117,409A012,1,2.5054,1.5054,0
Item_Hybrid,40211202,40BD012,2,3.453,1.453,0
Item_Hybrid,40411145,40BA011,2,1.7406,0.2594,0
Item_Hybrid,40311237,40BR042,1,2.7602,1.7602,0
Item_Hybrid,40211134,40BC061,4,3.1104,0.8896,0
Item_Hybrid,40211114,40BC021,1,1.7389,0.7389,0
Item_Hybrid,40411213,40BA222,3,3.3782,0.3782,0
Item_Hybrid,40211162,40UN080,4,2.404,1.596,0
Item_Hybrid,40311264,4064243,2,3.5847,1.5847,0
Item_Hybrid,40211144,40BQ331,2,1.4386,0.5614,0
Item_Hybrid,40211207,40BR322,4,4.2358,0.2358,0
Item_Hybrid,40211154,40BA022,2,2.2305,0.2305,0
Item_Hybrid,40211106,40BQ171,4,2.7761,1.2239,0
Item_Hybrid,40311210,40BA122,1,1.934,0.934,0
Item_Hybrid,40211220,40BR082,4,4.3544,0.3544,0
Item_Hybrid,40411147,40BC011,4,3.407,0.593,0
Item_Hybrid,40411229,40BR022,1,1.8971,0.8971,0
Item_Hybrid,40211130,40BQ371,3,1.5559,1.4441,0
Item_Hybrid,40311227,40BD032,1,2.9581,1.9581,0
Item_Hybrid,40411207,40BA012,3,2.5836,0.4164,0
Item_Hybrid,40211208,40BR082,2,2.0221,0.0221,0
Item_Hybrid,40311237,40BA062,3,2.6749,0.3251,0
Item_Hybrid,40211105,409Q082,2,2.4306,0.4306,0
Item_Hybrid,40411126,40BA101,3,2.7439,0.2561,0
Item_Hybrid,40311131,40BQ311,3,2.2213,0.7787,0
Item_Hybrid,40211211,40BA152,3,4.0135,1.0135,0
Item_Hybrid,40211214,40BR372,2,2.6422,0.6422,0
Item_Hybrid,40511118,40B0291,4,2.0,2.0,0
Item_Hybrid,40311223,40BR042,3,2.2218,0.7782,0
Item_Hybrid,40411247,40BA062,4,3.1697,0.8303,0
Item_Hybrid,40511119,40B0291,5,2.0,3.0,0
Item_Hybrid,40211222,40BA152,3,4.5783,1.5783,0
Item_Hybrid,40411237,40B0292,1,1.2844,0.2844,0
Item_Hybrid,40311128,40BQ141,4,4.1232,0.1232,0
Item_Hybrid,40511121,40BA051,2,1.9374,0.0626,0
Item_Hybrid,40311227,40BA222,2,3.0545,1.0545,0
Item_Hybrid,40311240,40BD012,1,1.0,0.0,0
Item_Hybrid,40311218,40BA102,4,1.948,2.052,0
Item_Hybrid,40211244,40BA082,3,3.4273,0.4273,0
Item_Hybrid,40211249,40BA152,2,3.583,1.583,0
Item_Hybrid,40211237,40B0292,1,2.9629,1.9629,0
Item_Hybrid,40511103,40B0291,2,1.0,1.0,0
Item_Hybrid,40311211,40BR042,3,3.1673,0.1673,0
Item_Hybrid,40311216,40BD032,2,3.3149,1.3149,0
Item_Hybrid,40211214,40BA022,4,2.2102,1.7898,0
Item_Hybrid,40311205,40BQ512,4,3.4729,0.5271,0
Item_Hybrid,40211131,40BA081,1,1.0,0.0,0
Item_Hybrid,40311244,40BR042,4,3.2134,0.7866,0
Item_Hybrid,40511135,40B0291,4,3.0632,0.9368,0
Item_Hybrid,40211123,40BC011,2,3.5407,1.5407,0
Item_Hybrid,40211207,40B0292,5,3.1681,1.8319,0
Item_Hybrid,40311227,40BA102,3,3.197,0.197,0
Item_Hybrid,40211103,40BA141,1,2.008,1.008,0
Item_Hybrid,40211111,40BA051,2,2.7733,0.7733,0
Item_Hybrid,40211123,40UN080,5,3.6403,1.3597,0
Item_Hybrid,40211201,40BA061,1,3.6467,2.6467,0
Item_Hybrid,40211101,40BQ051,5,4.5653,0.4347,0
Item_Hybrid,40411124,40BA021,1,1.861,0.861,0
Item_Hybrid,40411122,40BA051,1,1.4809,0.4809,0
Item_Hybrid,40211113,40BA151,3,3.1059,0.1059,0
Item_Hybrid,40311257,40BR372,4,3.881,0.119,0
Item_Hybrid,40211118,40BA121,5,4.5605,0.4395,0
Item_Hybrid,40311217,40BA062,1,3.3108,2.3108,0
Item_Hybrid,40311110,40BA061,1,2.2669,1.2669,0
Item_Hybrid,40311237,40BA022,1,2.5676,1.5676,0
Item_Hybrid,40211233,40BR032,2,2.3296,0.3296,0
Item_Hybrid,40311145,40BA051,1,2.0,1.0,0
Item_Hybrid,40211213,40BA082,3,1.511,1.489,0
Item_Hybrid,40311114,40BC011,3,3.1397,0.1397,0
Item_Hybrid,40211252,40BA102,5,4.2078,0.7922,0
Item_Hybrid,40211215,40BA152,3,2.0105,0.9895,0
Item_Hybrid,40211107,40BQ371,3,1.6602,1.3398,0
Item_Hybrid,40411109,40BA222,1,1.5355,0.5355,0
Item_Hybrid,40211137,40BA151,3,1.8687,1.1313,0
Item_Hybrid,40411101,40BA021,1,2.5683,1.5683,0
Item_Hybrid,40211261,409Z511,4,4.2251,0.2251,0
Item_Hybrid,40211234,40BR122,5,3.9071,1.0929,0
Item_Hybrid,40211250,40BD032,3,3.6581,0.6581,0
Item_Hybrid,40411212,40BA022,1,1.9734,0.9734,0
Item_Hybrid,40311161,40BA101,1,1.1521,0.1521,0
Item_Hybrid,40211237,40BR032,2,3.0133,1.0133,0
Item_Hybrid,40211264,40BR032,2,1.977,0.023,0
Item_Hybrid,40411120,40BA051,3,3.9368,0.9368,0
Item_Hybrid,40311137,40BA221,3,3.2108,0.2108,0
Item_Hybrid,40211132,40BC011,1,1.8866,0.8866,0
Item_Hybrid,40411221,40BA052,2,2.6463,0.6463,0
Item_Hybrid,40411121,40B0291,1,1.0,0.0,0
Item_Hybrid,40411147,40B0291,5,3.4927,1.5073,0
Item_Hybrid,40211126,40B9662,4,2.4588,1.5412,0
Item_Hybrid,40211229,40BR242,2,2.2129,0.2129,0
Item_Hybrid,40211145,40BA131,2,1.8683,0.1317,0
Item_Hybrid,40411102,40BA221,3,3.5674,0.5674,0
Item_Hybrid,40211243,40BA012,1,1.0,0.0,0
Item_Hybrid,40311235,40B0292,3,2.6438,0.3562,0
Item_Hybrid,40311145,40BA011,1,2.0,1.0,0
Item_Hybrid,40211164,409U403,4,4.1994,0.1994,0
Item_Hybrid,40211264,40BA102,1,1.9818,0.9818,0
Item_Hybrid,40311131,40BC011,1,2.3178,1.3178,0
Item_Hybrid,40311211,40BA122,4,3.1183,0.8817,0
Item_Hybrid,40311121,40BA131,3,3.0797,0.0797,0
Item_Hybrid,40211257,40BD032,2,1.9015,0.0985,0
Item_Hybrid,40411168,40BA221,1,1.0,0.0,0
Item_Hybrid,40311238,40BD032,3,3.2146,0.2146,0
Item_Hybrid,40311250,431A241,5,4.5872,0.4128,0
Item_Hybrid,40211220,40BR122,5,4.4642,0.5358,0
Item_Hybrid,40211107,40BR242,2,2.0065,0.0065,0
Item_Hybrid,40311233,40BA082,4,2.9918,1.0082,0
Item_Hybrid,40211158,40UN110,4,2.6645,1.3355,0
Item_Hybrid,40411226,40BA082,1,2.6868,1.6868,0
Item_Hybrid,40211264,40BA062,1,1.9607,0.9607,0
Item_Hybrid,40211125,40BA011,4,3.1864,0.8136,0
Item_Hybrid,40411141,40BA221,1,1.7959,0.7959,0
Item_Hybrid,40211165,40BA101,4,3.6741,0.3259,0
Item_Hybrid,40411126,40BA051,2,2.7747,0.7747,0
Item_Hybrid,40211145,40BA051,2,2.1727,0.1727,0
Item_Hybrid,40311135,40BQ321,3,3.1126,0.1126,0
Item_Hybrid,40311122,40BQ321,4,3.22,0.78,0
Item_Hybrid,40211151,40BC051,4,3.4241,0.5759,0
Item_Hybrid,40411140,40BQ031,3,1.8457,1.1543,0
Item_Hybrid,40211150,40BA011,3,3.4008,0.4008,0
Item_Hybrid,40411131,40BA081,1,1.0,0.0,0
Item_Hybrid,40211121,40BC021,2,2.8825,0.8825,0
Item_Hybrid,40211148,40BA141,4,3.8861,0.1139,0
Item_Hybrid,40320310,40BQ321,2,1.9791,0.0209,0
Item_Hybrid,40320324,40BA221,1,1.7575,0.7575,0
Item_Hybrid,40211263,409U163,1,2.003,1.003,0
Item_Hybrid,40311155,40BA141,3,3.1678,0.1678,0
Item_Hybrid,40211144,40BA221,1,1.6638,0.6638,0
Item_Hybrid,40211154,40BR372,2,2.316,0.316,0
Item_Hybrid,40211102,40BC051,4,3.4329,0.5671,0
Item_Hybrid,40311133,40BA221,2,2.9202,0.9202,0
Item_Hybrid,40311244,40BA012,3,2.9964,0.0036,0
Item_Hybrid,40211109,40BA051,2,2.5592,0.5592,0
Item_Hybrid,40211229,40BA082,2,1.8776,0.1224,0
Item_Hybrid,40311106,40B0291,4,3.1573,0.8427,0
Item_Hybrid,40211105,40B0291,1,1.6489,0.6489,0
Item_Hybrid,40211151,40BA141,4,3.7675,0.2325,0
Item_Hybrid,40311214,40BA062,1,2.354,1.354,0
Item_Hybrid,40211241,40BA102,3,2.6315,0.3685,0
Item_Hybrid,40211162,40BA011,2,2.5754,0.5754,0
Item_Hybrid,40411257,40BA052,2,2.4835,0.4835,0
Item_Hybrid,40211148,40BA091,4,3.9996,0.0004,0
Item_Hybrid,40411233,40BR472,5,2.7144,2.2856,0
Item_Hybrid,40311248,40B8932,5,4.2184,0.7816,0
Item_Hybrid,40411250,40BA052,2,3.2274,1.2274,0
Item_Hybrid,40211263,40BA082,2,1.7694,0.2306,0
Item_Hybrid,40311261,40BA082,4,3.4177,0.5823,0
Item_Hybrid,40411138,40BA011,1,1.3951,0.3951,0
Item_Hybrid,40411248,40BA222,4,3.6962,0.3038,0
Item_Hybrid,40311134,40B0291,2,1.6318,0.3682,0
Item_Hybrid,40211111,40BA151,3,2.3242,0.6758,0
Item_Hybrid,40211201,40BR082,3,3.8003,0.8003,0
Item_Hybrid,40311261,40BA022,5,3.3833,1.6167,0
Item_Hybrid,40411130,40BA021,2,2.6591,0.6591,0
Item_Hybrid,40311218,40BR072,4,2.1372,1.8628,0
Item_Hybrid,40211133,40BA021,4,4.1998,0.1998,0
Item_Hybrid,40211161,40BA101,4,1.6563,2.3437,0
Item_Hybrid,40211259,40BA092,5,3.8566,1.1434,0
Item_Hybrid,40411111,40BA081,1,1.8133,0.8133,0
Item_Hybrid,40211127,40BQ401,4,4.1138,0.1138,0
Item_Hybrid,40211126,433Q051,2,2.5305,0.5305,0
Item_Hybrid,40411240,40B0292,3,1.4898,1.5102,0
Item_Hybrid,40211151,40BA051,3,2.6906,0.3094,0
Item_Hybrid,40211150,40BQ421,4,3.4397,0.5603,0
Item_Hybrid,40311250,40BA122,4,4.4339,0.4339,0
Item_Hybrid,40411250,40BR472,5,3.1712,1.8288,0
Item_Hybrid,40311201,40BA102,4,4.8942,0.8942,0
Item_Hybrid,40211213,40BR122,4,3.0509,0.9491,0
Item_Hybrid,40211164,40BA102,3,4.2231,1.2231,0
Item_Hybrid,40411256,40BA022,3,2.8574,0.1426,0
Item_Hybrid,40311133,40BC011,3,2.7886,0.2114,0
Item_Hybrid,40211258,40BA012,1,1.0,0.0,0
Item_Hybrid,40211142,409A021,1,1.318,0.318,0
Item_Hybrid,40211105,40BC021,3,1.6934,1.3066,0
Item_Hybrid,40211121,40BQ171,4,2.4389,1.5611,0
Item_Hybrid,40211126,40BA141,3,3.2382,0.2382,0
Item_Hybrid,40211201,40BR072,4,3.096,0.904,0
Item_Hybrid,40311152,40BA061,1,2.0189,1.0189,0
Item_Hybrid,40211136,40BA051,3,3.5809,0.5809,0
Item_Hybrid,40311258,40BA022,5,3.5087,1.4913,0
Item_Hybrid,40511155,40B0291,5,4.5316,0.4684,0
Item_Hybrid,40311261,40BA132,5,3.5716,1.4284,0
Item_Hybrid,40311201,40B8932,5,4.7721,0.2279,0
Item_Hybrid,40311139,40BQ311,3,1.8825,1.1175,0
Item_Hybrid,40411120,40BA011,1,3.9436,2.9436,0
Item_Hybrid,40411222,40BA102,2,2.0113,0.0113,0
Item_Hybrid,40211109,40UN110,4,3.1801,0.8199,0
Item_Hybrid,40211207,40BA142,5,4.2393,0.7607,0
Item_Hybrid,40311123,40BC011,1,1.8826,0.8826,0
Item_Hybrid,40211244,40BR242,4,3.7811,0.2189,0
Item_Hybrid,40311261,40B0292,2,3.5311,1.5311,0
Item_Hybrid,40311241,40B0292,1,1.1007,0.1007,0
Item_Hybrid,40211249,40BA102,3,3.2934,0.2934,0
Item_Hybrid,40211228,409Z501,5,3.9049,1.0951,0
Item_Hybrid,40333126,40BA081,3,1.0,2.0,0
Item_Hybrid,40411253,40BA022,2,2.1807,0.1807,0
Item_Hybrid,40411160,40BD012,4,2.0812,1.9188,0
Item_Hybrid,40211107,40B0291,2,2.0739,0.0739,0
Item_Hybrid,40211259,40BR372,4,3.219,0.781,0
Item_Hybrid,40311125,40BA051,1,2.0,1.0,0
Item_Hybrid,40311226,40BA052,4,3.4352,0.5648,0
Item_Hybrid,40511203,40B0292,5,2.4835,2.5165,0
Item_Hybrid,40311138,40BA101,2,2.784,0.784,0
Item_Hybrid,40211243,40BA022,1,1.0,0.0,0
Item_Hybrid,40411138,40BQ031,2,1.3029,0.6971,0
Item_Hybrid,40211244,40BD032,4,3.7904,0.2096,0
Item_Hybrid,40211243,40BA062,1,1.0,0.0,0
Item_Hybrid,40411146,40BQ031,2,2.2011,0.2011,0
Item_Hybrid,40211129,40BA051,3,3.5861,0.5861,0
Item_Hybrid,40211256,40BA102,5,4.4277,0.5723,0
Item_Hybrid,40211101,40BR372,5,4.4641,0.5359,0
Item_Hybrid,40211227,40BR072,4,3.7663,0.2337,0
Item_Hybrid,40411258,40BA102,3,2.5174,0.4826,0
Item_Hybrid,40311106,40BQ141,3,2.8176,0.1824,0
Item_Hybrid,40211220,40BQ421,4,4.1587,0.1587,0
Item_Hybrid,40511130,40BA051,2,5.0,3.0,0
Item_Hybrid,40211104,40BA051,4,2.2199,1.7801,0
Item_Hybrid,40311250,40BA052,5,4.2184,0.7816,0
Item_Hybrid,40311206,40BA052,5,3.0881,1.9119,0
Item_Hybrid,40311118,40BC071,3,4.2042,1.2042,0
Item_Hybrid,40311256,40BR372,4,3.8946,0.1054,0
Item_Hybrid,40211162,40BQ051,4,2.5211,1.4789,0
Item_Hybrid,40311223,40BR022,3,2.2203,0.7797,0
Item_Hybrid,40311211,40BA102,4,3.0918,0.9082,0
Item_Hybrid,40511250,40BA052,3,4.5073,1.5073,0
Item_Hybrid,40511119,40BA011,4,2.0,2.0,0
Item_Hybrid,40511149,40BA051,2,3.0,1.0,0
Item_Hybrid,40320326,40BQ341,3,2.0999,0.9001,0
Item_Hybrid,40311137,40BQ341,5,3.0941,1.9059,0
Item_Hybrid,40311212,40BA122,1,2.3273,1.3273,0
Item_Hybrid,40211220,409Z501,5,4.2814,0.7186,0
Item_Hybrid,40320326,40BA021,1,2.1122,1.1122,0
Item_Hybrid,40211127,40BA141,3,4.4416,1.4416,0
Item_Hybrid,40411215,40BA022,2,3.9176,1.9176,0
Item_Hybrid,40311211,40BA222,3,3.152,0.152,0
Item_Hybrid,40311123,40BA061,1,2.0044,1.0044,0
Item_Hybrid,40211242,40B9572,4,4.4217,0.4217,0
Item_Hybrid,40211110,40BQ021,2,3.1832,1.1832,0
Item_Hybrid,40211222,40BR342,3,4.5685,1.5685,0
Item_Hybrid,40511224,40B0292,3,1.0,2.0,0
Item_Hybrid,40311241,40BA082,2,1.213,0.787,0
Item_Hybrid,40211268,40BA011,1,1.0,0.0,0
Item_Hybrid,40311229,40BA052,5,3.1815,1.8185,0
Item_Hybrid,40211147,40BA081,3,2.0169,0.9831,0
Item_Hybrid,40211201,40BA022,2,2.198,0.198,0
Item_Hybrid,40211101,40BC011,5,4.0875,0.9125,0
Item_Hybrid,40211224,40BR342,3,2.0933,0.9067,0
Item_Hybrid,40311162,40BA011,1,1.557,0.557,0
Item_Hybrid,40311235,40BA012,1,2.5424,1.5424,0
Item_Hybrid,40311201,40BA062,1,4.7886,3.7886,0
Item_Hybrid,40211209,40BR122,1,2.1995,1.1995,0
Item_Hybrid,40211145,40B0291,3,2.1888,0.8112,0
Item_Hybrid,40411133,40BC011,2,2.8006,0.8006,0
Item_Hybrid,40211123,40UN070,4,3.6448,0.3552,0
Item_Hybrid,40211127,40BC021,5,4.4428,0.5572,0
Item_Hybrid,40411110,40BQ031,3,2.1057,0.8943,0
Item_Hybrid,40311235,40BR022,3,2.5364,0.4636,0
Item_Hybrid,40211246,40BD012,4,4.3202,0.3202,0
Item_Hybrid,40411163,40BA101,3,3.4795,0.4795,0
Item_Hybrid,40320310,40BA101,1,2.0832,1.0832,0
Item_Hybrid,40311106,40BA081,3,2.7919,0.2081,0
Item_Hybrid,40211141,40BA091,4,4.2159,0.2159,0
Item_Hybrid,40411164,40BQ311,1,1.0,0.0,0
Item_Hybrid,40211222,40BD052,4,4.6819,0.6819,0
Item_Hybrid,40311230,40BR022,3,2.2306,0.7694,0
Item_Hybrid,40211133,40BA151,4,4.4524,0.4524,0
Item_Hybrid,40211234,40BA052,3,3.1868,0.1868,0
Item_Hybrid,40311211,40BD032,3,3.1274,0.1274,0
Item_Hybrid,40311211,40BR022,2,3.1386,1.1386,0
Item_Hybrid,40211203,40BR042,5,4.1328,0.8672,0
Item_Hybrid,40211144,40BC011,1,1.9923,0.9923,0
Item_Hybrid,40411237,40BR472,2,1.2816,0.7184,0
Item_Hybrid,40211255,40BA152,3,3.0985,0.0985,0
Item_Hybrid,40411146,40B0291,4,2.4003,1.5997,0
Item_Hybrid,40311215,40B8932,5,3.7586,1.2414,0
Item_Hybrid,40211101,40BA011,5,3.7891,1.2109,0
Item_Hybrid,40211145,409U053,2,1.7787,0.2213,0
Item_Hybrid,40411111,40BA011,3,1.9829,1.0171,0
Item_Hybrid,40211113,40BQ171,3,2.9826,0.0174,0
Item_Hybrid,40411120,40BA101,4,3.9548,0.0452,0
Item_Hybrid,40311209,40BA052,2,1.8852,0.1148,0
Item_Hybrid,40211239,40BA142,3,1.7698,1.2302,0
Item_Hybrid,40211129,40BQ371,3,3.2083,0.2083,0
Item_Hybrid,40211109,40BQ381,1,2.9392,1.9392,0
Item_Hybrid,40211102,40KE011,4,4.074,0.074,0
Item_Hybrid,40211122,40BC021,4,2.9245,1.0755,0
Item_Hybrid,40411244,40BR022,4,2.9485,1.0515,0
Item_Hybrid,40311155,40BA081,2,3.209,1.209,0
Item_Hybrid,40211130,40BA131,2,2.1197,0.1197,0
Item_Hybrid,40211110,40B9662,5,3.2074,1.7926,0
Item_Hybrid,40311129,40BA141,3,1.7723,1.2277,0
Item_Hybrid,40411205,40BR472,2,2.2726,0.2726,0
Item_Hybrid,40311219,40BA222,3,2.2486,0.7514,0
Item_Hybrid,40320324,40BQ311,3,1.8073,1.1927,0
Item_Hybrid,40211102,40BA141,4,3.4473,0.5527,0
Item_Hybrid,40211141,40BA141,4,4.1155,0.1155,0
Item_Hybrid,40311133,40BQ341,5,2.8663,2.1337,0
Item_Hybrid,40411263,40BA102,1,1.0,0.0,0
Item_Hybrid,40411243,40BA062,4,2.5927,1.4073,0
Item_Hybrid,40211161,409A013,1,2.2028,1.2028,0
Item_Hybrid,40311249,40BA222,4,4.3385,0.3385,0
Item_Hybrid,40311232,40BR042,3,2.2521,0.7479,0
Item_Hybrid,40211122,432N442,3,2.9038,0.0962,0
Item_Hybrid,40311211,40BD012,3,3.0997,0.0997,0
Item_Hybrid,40311109,40B0291,1,1.0,0.0,0
Item_Hybrid,40111256,40B9651,2,4.0,2.0,0
Item_Hybrid,40311151,40BC011,3,4.1114,1.1114,0
Item_Hybrid,40311116,40BA051,1,1.7854,0.7854,0
Item_Hybrid,40211256,40BA022,5,4.1921,0.8079,0
Item_Hybrid,40211206,40BA152,3,4.1185,1.1185,0
Item_Hybrid,40511143,40BA051,4,4.4687,0.4687,0
Item_Hybrid,40211245,40BR072,3,2.3217,0.6783,0
Item_Hybrid,40511111,40B0291,3,2.0,1.0,0
Item_Hybrid,40211227,40BA132,5,3.3233,1.6767,0
Item_Hybrid,40320310,40BA221,1,1.8933,0.8933,0
Item_Hybrid,40211228,40BA082,3,3.6775,0.6775,0
Item_Hybrid,40211222,40BA052,2,4.5519,2.5519,0
Item_Hybrid,40411211,40BA012,2,3.0442,1.0442,0
Item_Hybrid,40311258,40BA102,3,3.4161,0.4161,0
Item_Hybrid,40211217,40B9561,4,4.1015,0.1015,0
Item_Hybrid,40211242,40BD052,4,4.3515,0.3515,0
Item_Hybrid,40211117,40BQ371,4,2.7724,1.2276,0
Item_Hybrid,40511211,40B0292,4,3.0,1.0,0
Item_Hybrid,40311231,40BA052,3,2.802,0.198,0
Item_Hybrid,40511226,40B0292,4,3.3106,0.6894,1
Item_Hybrid,40211247,409Z511,3,3.6623,0.6623,0
Item_Hybrid,40211203,40BR222,4,3.9977,0.0023,0
Item_Hybrid,40211144,40BA061,4,1.7911,2.2089,0
Item_Hybrid,40311236,40BA012,5,3.8319,1.1681,0
Item_Hybrid,40411237,40BR022,1,1.2974,0.2974,0
Item_Hybrid,40311111,40BA021,2,2.5743,0.5743,0
Item_Hybrid,40211105,40BA061,4,1.9015,2.0985,0
Item_Hybrid,40411256,40BA012,3,2.8212,0.1788,0
Item_Hybrid,40211245,40BA142,3,2.6689,0.3311,0
Item_Hybrid,40511211,40BA052,3,3.0,0.0,0
Item_Hybrid,40211133,40BA141,4,4.5567,0.5567,0
Item_Hybrid,40211144,40BA081,2,1.6815,0.3185,0
Item_Hybrid,40211114,40BQ321,1,1.7076,0.7076,0
Item_Hybrid,40311205,40BD012,5,2.844,2.156,0
Item_Hybrid,40411212,40BA012,1,2.0984,1.0984,0
Item_Hybrid,40211202,40BR322,3,3.5693,0.5693,0
Item_Hybrid,40411243,40BR472,1,2.6652,1.6652,0
Item_Hybrid,40211105,40BR242,4,2.3141,1.6859,0
Item_Hybrid,40511210,40BA012,2,2.0,0.0,0
Item_Hybrid,40411213,40BA012,4,3.2368,0.7632,0
Item_Hybrid,40211237,40BD032,4,2.8911,1.1089,0
Item_Hybrid,40311230,40BR042,2,2.5731,0.5731,0
Item_Hybrid,40511238,40BA012,5,5.0,0.0,0
Item_Hybrid,40411246,40BR022,4,2.1875,1.8125,0
Item_Hybrid,40411151,40BA021,3,3.8002,0.8002,0
Item_Hybrid,40311155,40BC071,3,3.2078,0.2078,0
Item_Hybrid,40311244,40BR022,3,3.3114,0.3114,0
Item_Hybrid,40311209,40BA222,2,1.8942,0.1058,0
Item_Hybrid,40211242,40UN160,3,4.3973,1.3973,0
Item_Hybrid,40411215,40BD012,3,3.934,0.934,0
Item_Hybrid,40211118,40BA051,4,4.3294,0.3294,0
Item_Hybrid,40211129,40KE011,3,3.3305,0.3305,0
Item_Hybrid,40211108,409Z481,5,3.8927,1.1073,0
Item_Hybrid,40311229,40BA122,3,3.4547,0.4547,0
Item_Hybrid,40211216,40BR072,5,4.3262,0.6738,0
Item_Hybrid,40211144,40BQ401,1,1.7762,0.7762,0
Item_Hybrid,40311202,40BA012,2,3.4849,1.4849,0
Item_Hybrid,40211209,40BA122,3,2.0083,0.9917,0
Item_Hybrid,40411134,40BA061,1,1.1761,0.1761,0
Item_Hybrid,40211238,40BA012,1,2.5482,1.5482,0
Item_Hybrid,40211108,409Z501,5,3.8943,1.1057,0
Item_Hybrid,40311110,40BA011,2,2.1837,0.1837,0
Item_Hybrid,40411140,40BA011,1,1.915,0.915,0
Item_Hybrid,40311106,40BA051,3,3.0465,0.0465,0
Item_Hybrid,40311141,40BA051,1,1.0,0.0,0
Item_Hybrid,40511125,40BA011,1,1.0,0.0,0
Item_Hybrid,40211207,40B9572,4,4.1031,0.1031,0
Item_Hybrid,40511130,40B0291,4,5.0,1.0,0
Item_Hybrid,40311113,40BA081,2,1.0,1.0,0
Item_Hybrid,40411215,40BA082,2,3.9067,1.9067,0
Item_Hybrid,40211126,40BC061,1,2.564,1.564,0
Item_Hybrid,40311208,40BA062,4,3.4363,0.5637,0
Item_Hybrid,40211153,40BC061,4,3.8905,0.1095,0
Item_Hybrid,40211132,40BQ371,2,1.6741,0.3259,0
Item_Hybrid,40211232,40BA022,1,2.4811,1.4811,0
Item_Hybrid,40411104,40BC011,2,3.0048,1.0048,0
Item_Hybrid,40211104,40BQ421,2,3.4121,1.4121,0
Item_Hybrid,40211211,40BA132,3,3.6344,0.6344,0
Item_Hybrid,40311202,40B8932,3,3.7887,0.7887,0
Item_Hybrid,40311207,40B8932,4,4.0005,0.0005,0
Item_Hybrid,40411240,40BA102,4,1.5314,2.4686,0
Item_Hybrid,40211123,40BC051,4,3.7725,0.2275,0
Item_Hybrid,40411252,40BA102,2,1.4199,0.5801,0
Item_Hybrid,40311139,40BA011,1,2.1582,1.1582,0
Item_Hybrid,40211241,40BA012,4,2.4954,1.5046,0
Item_Hybrid,40311105,40BA051,1,1.5268,0.5268,0
Item_Hybrid,40211103,40BA131,3,2.0137,0.9863,0
Item_Hybrid,40411122,40BA061,1,1.4416,0.4416,0
Item_Hybrid,40211226,40BR072,4,3.9902,0.0098,0
Item_Hybrid,40211231,40BA052,1,1.0,0.0,0
Item_Hybrid,40411241,40BD012,4,1.5452,2.4548,0
Item_Hybrid,40211223,40BR032,4,4.4524,0.4524,0
Item_Hybrid,40311233,40BR372,4,3.0204,0.9796,0
Item_Hybrid,40205303,40BA102,1,1.7642,0.7642,0
Item_Hybrid,40211118,40B9662,5,4.3577,0.6423,0
Item_Hybrid,40411130,409A013,1,2.8798,1.8798,0
Item_Hybrid,40211109,40B9662,4,3.0631,0.9369,0
Item_Hybrid,40312142,40BA221,3,2.9921,0.0079,0
Item_Hybrid,40411212,40BA102,4,1.9651,2.0349,0
Item_Hybrid,40211133,40BQ321,4,4.331,0.331,0
Item_Hybrid,40411205,409A013,1,2.227,1.227,0
Item_Hybrid,40211247,40BA122,3,3.6813,0.6813,0
Item_Hybrid,40511255,40BA052,4,4.4927,0.4927,0
Item_Hybrid,40211141,40BQ171,4,4.1132,0.1132,0
Item_Hybrid,40411150,40BA061,1,2.334,1.334,0
Item_Hybrid,40411207,40BA222,1,2.5011,1.5011,0
Item_Hybrid,40311159,40BA011,1,1.2214,0.2214,0
Item_Hybrid,40211244,40BA132,2,3.4378,1.4378,0
Item_Hybrid,40211223,40BA022,5,3.8806,1.1194,0
Item_Hybrid,40311140,40BQ141,5,4.1012,0.8988,0
Item_Hybrid,40311212,40BA022,1,2.3975,1.3975,0
Item_Hybrid,40211113,40BQ021,1,2.9996,1.9996,0
Item_Hybrid,40311116,40BA011,2,1.8002,0.1998,0
Item_Hybrid,40411111,40BC071,1,1.7623,0.7623,0
Item_Hybrid,40311140,40BC021,5,4.0891,0.9109,0
Item_Hybrid,40211216,40BR322,5,4.569,0.431,0
Item_Hybrid,40211228,40BA102,4,3.7872,0.2128,0
Item_Hybrid,40311240,40BA052,1,1.0,0.0,0
Item_Hybrid,40411251,40BA012,1,2.7493,1.7493,0
Item_Hybrid,40211206,40BA052,3,3.8866,0.8866,0
Item_Hybrid,40311155,40BA221,2,3.1985,1.1985,0
Item_Hybrid,40311224,40BR022,1,1.2807,0.2807,0
Item_Hybrid,40411213,40B0292,4,3.2691,0.7309,0
Item_Hybrid,40211267,40BA152,3,3.3422,0.3422,0
Item_Hybrid,40311213,40BA012,1,2.4724,1.4724,0
Item_Hybrid,40211103,40BA011,1,1.8837,0.8837,0
Item_Hybrid,40211121,40BA141,3,2.6661,0.3339,0
Item_Hybrid,40411236,40BA222,4,3.1819,0.8181,0
Item_Hybrid,40211223,40BR042,4,4.0076,0.0076,0
Item_Hybrid,40411244,40BD012,4,2.965,1.035,0
Item_Hybrid,40211259,40BA082,1,2.7857,1.7857,0
Item_Hybrid,40311134,40BA061,1,2.1143,1.1143,0
Item_Hybrid,40211151,40PQ041,4,3.9699,0.0301,0
Item_Hybrid,40511111,40BA051,1,2.0,1.0,0
Item_Hybrid,40411225,40BA052,2,2.239,0.239,0
Item_Hybrid,40211224,40BD052,1,1.9968,0.9968,0
Item_Hybrid,40211236,40BA052,1,1.0,0.0,0
Item_Hybrid,40211163,40BC061,1,2.2431,1.2431,0
Item_Hybrid,40511202,40B0292,5,4.5165,0.4835,0
Item_Hybrid,40411246,40BA102,3,2.2119,0.7881,0
Item_Hybrid,40211117,40BQ171,1,2.7379,1.7379,0
Item_Hybrid,40311146,40BQ311,1,1.8864,0.8864,0
Item_Hybrid,40411146,40BC011,2,2.1744,0.1744,0
Item_Hybrid,40311104,40BA221,1,2.1088,1.1088,0
Item_Hybrid,40311202,40BA122,4,3.7714,0.2286,0
Item_Hybrid,40211216,409Z501,5,4.5321,0.4679,0
Item_Hybrid,40211103,40BC051,2,1.995,0.005,0
Item_Hybrid,40411238,40BA102,4,2.6983,1.3017,0
Item_Hybrid,40311131,40BA141,1,2.2303,1.2303,0
Item_Hybrid,40211244,40BR372,4,3.8942,0.1058,0
Item_Hybrid,40311243,40BR072,4,3.898,0.102,0
Item_Hybrid,40211220,40BA152,4,4.3474,0.3474,0
Item_Hybrid,40311140,40BC011,2,3.9393,1.9393,0
Item_Hybrid,40411209,40BR022,2,1.5719,0.4281,0
Item_Hybrid,40311219,40BR022,3,2.2517,0.7483,0
Item_Hybrid,40311139,40BA131,1,2.351,1.351,0
Item_Hybrid,40211132,40KN633,4,1.8957,2.1043,0
Item_Hybrid,40211147,40BQ321,2,1.8032,0.1968,0
Item_Hybrid,40411241,40BA022,1,1.537,0.537,0
Item_Hybrid,40211223,40BA092,5,4.4536,0.5464,0
Item_Hybrid,40411127,40BQ031,5,2.2492,2.7508,0
Item_Hybrid,40411159,40BQ031,3,2.278,0.722,0
Item_Hybrid,40411221,40BR472,5,2.6735,2.3265,0
Item_Hybrid,40211242,40BA092,5,4.3711,0.6289,0
Item_Hybrid,40411105,40BA051,3,3.4966,0.4966,0
Item_Hybrid,40211112,40BA091,1,2.3951,1.3951,0
Item_Hybrid,40211165,40BA151,3,3.6046,0.6046,0
Item_Hybrid,40311157,40BC021,4,3.7013,0.2987,0
Item_Hybrid,40311211,40K0051,2,3.0572,1.0572,0
Item_Hybrid,40411101,40BR472,4,2.7633,1.2367,0
Item_Hybrid,40411258,40BA082,3,2.5146,0.4854,0
Item_Hybrid,40211115,40BA131,2,1.6711,0.3289,0
Item_Hybrid,40411244,40BA102,3,2.9563,0.0437,0
Item_Hybrid,40211123,40BA091,2,3.6629,1.6629,0
Item_Hybrid,40211219,40BA012,4,3.2013,0.7987,0
Item_Hybrid,40311260,40BD012,4,3.0624,0.9376,0
Item_Hybrid,40211141,40BQ021,4,4.1123,0.1123,0
Item_Hybrid,40211132,40BC051,1,1.7722,0.7722,0
Item_Hybrid,40211252,40BA082,3,4.2,1.2,0
Item_Hybrid,40411115,40BA061,1,1.9777,0.9777,0
Item_Hybrid,40211136,40BA021,5,3.7795,1.2205,0
Item_Hybrid,40211213,40BR222,4,3.4679,0.5321,0
Item_Hybrid,40211208,40BA221,2,1.9701,0.0299,0
Item_Hybrid,40211225,40BR122,5,3.3151,1.6849,0
Item_Hybrid,40311108,40BA121,1,2.8922,1.8922,0
Item_Hybrid,40211252,409D021,3,4.178,1.178,0
Item_Hybrid,40211248,40BA062,2,3.6673,1.6673,0
Item_Hybrid,40311204,40BA082,5,3.2963,1.7037,0
Item_Hybrid,40211263,40BA132,2,1.8721,0.1279,0
Item_Hybrid,40311212,40BA132,2,2.3007,0.3007,0
Item_Hybrid,40211225,40BA142,4,3.4265,0.5735,0
Item_Hybrid,40211209,40BA012,1,2.0523,1.0523,0
Item_Hybrid,40211207,40BR072,5,4.2029,0.7971,0
Item_Hybrid,40211215,40BR032,1,2.1159,1.1159,0
Item_Hybrid,40311135,40BA051,3,2.895,0.105,0
Item_Hybrid,40311212,40BA012,1,2.4055,1.4055,0
Item_Hybrid,40411258,40BD012,4,2.5001,1.4999,0
Item_Hybrid,40211157,40BA091,1,1.6872,0.6872,0
Item_Hybrid,40320326,40BC011,1,2.0805,1.0805,0
Item_Hybrid,40211156,40BA101,3,3.5526,0.5526,0
Item_Hybrid,40211224,40BA142,3,2.0194,0.9806,0
Item_Hybrid,40311113,40B0291,1,1.0,0.0,0
Item_Hybrid,40311224,40BA062,1,1.2648,0.2648,0
Item_Hybrid,40311230,40BR372,3,2.4606,0.5394,0
Item_Hybrid,40411257,40B0292,4,2.4958,1.5042,0
Item_Hybrid,40411167,40BA221,2,1.4659,0.5341,0
Item_Hybrid,40211141,40B9651,4,4.3488,0.3488,0
Item_Hybrid,40211229,433A021,1,1.9973,0.9973,0
Item_Hybrid,40311208,40BR072,3,3.7862,0.7862,0
Item_Hybrid,40211135,40BA081,2,3.0952,1.0952,0
Item_Hybrid,40311214,40BA022,1,2.3543,1.3543,0
Item_Hybrid,40411164,40BC011,1,1.0,0.0,0
Item_Hybrid,40211103,40B0291,2,1.781,0.219,0
Item_Hybrid,40211220,40BA102,5,4.2215,0.7785,0
Item_Hybrid,40411217,40BD012,5,3.6912,1.3088,0
Item_Hybrid,40311210,409A011,1,1.9582,0.9582,0
Item_Hybrid,40211203,40BD012,5,4.3223,0.6777,0
Item_Hybrid,40211136,40BA151,4,4.1203,0.1203,0
Item_Hybrid,40211115,40BA081,2,1.8204,0.1796,0
Item_Hybrid,40411215,40BA222,3,3.9286,0.9286,0
Item_Hybrid,40211246,40BA092,5,4.547,0.453,0
Item_Hybrid,40311123,40BQ031,2,2.0252,0.0252,0
Item_Hybrid,40411117,40BA101,1,1.4934,0.4934,0
Item_Hybrid,40411101,40BA102,3,2.8664,0.1336,0
Item_Hybrid,40311206,40BA122,2,3.6765,1.6765,0
Item_Hybrid,40411160,40BA021,3,1.9053,1.0947,0
Item_Hybrid,40211109,40BQ371,4,2.8578,1.1422,0
Item_Hybrid,40211139,40BA091,1,2.3249,1.3249,0
Item_Hybrid,40311173,40BQ341,4,1.5485,2.4515,0
Item_Hybrid,40411148,40BA061,5,5.0,0.0,0
Item_Hybrid,40211164,40BA121,3,4.2132,1.2132,0
Item_Hybrid,40311232,40BA222,2,2.2402,0.2402,0
Item_Hybrid,40311122,40BQ031,2,3.0055,1.0055,0
Item_Hybrid,40211146,40B0291,2,2.9418,0.9418,0
Item_Hybrid,40511235,40BA012,1,3.5092,2.5092,0
Item_Hybrid,40211207,40BA082,3,3.3137,0.3137,0
Item_Hybrid,40320310,40BC021,3,1.8995,1.1005,0
Item_Hybrid,40411254,40BA082,3,3.4292,0.4292,0
Item_Hybrid,40211230,40BD012,3,4.0867,1.0867,0
Item_Hybrid,40511219,40BA012,1,2.4958,1.4958,1
Item_Hybrid,40211224,40BR122,2,2.0066,0.0066,0
Item_Hybrid,40211249,40BR222,5,3.7772,1.2228,0
Item_Hybrid,40311129,40BA051,1,1.9003,0.9003,0
Item_Hybrid,40311142,40BA051,1,1.4873,0.4873,0
Item_Hybrid,40311237,40BA132,1,2.7656,1.7656,0
Item_Hybrid,40211146,40UN080,2,2.8659,0.8659,0
Item_Hybrid,40211257,40BA082,3,1.5377,1.4623,0
Item_Hybrid,40211136,40BA081,4,3.3616,0.6384,0
Item_Hybrid,40211246,40BR372,4,4.6623,0.6623,0
Item_Hybrid,40311233,40BQ512,4,3.0528,0.9472,0
Item_Hybrid,40511205,40BA012,5,4.0,1.0,0
Item_Hybrid,40311207,40BR072,3,3.8069,0.8069,0
Item_Hybrid,40311130,40BA221,1,1.9941,0.9941,0
Item_Hybrid,40311105,40BA221,1,1.7428,0.7428,0
Item_Hybrid,40211256,40BA082,4,3.9779,0.0221,0
Item_Hybrid,40211141,40BA121,4,3.9942,0.0058,0
Item_Hybrid,40211122,40BC061,3,2.7694,0.2306,0
Item_Hybrid,40312142,40BA061,1,3.1151,2.1151,0
Item_Hybrid,40411117,40BA081,1,1.5223,0.5223,0
Item_Hybrid,40511138,40B0291,3,1.0,2.0,0
Item_Hybrid,40111230,40BA142,1,1.6662,0.6662,0
Item_Hybrid,40311259,40BA132,4,3.5437,0.4563,0
Item_Hybrid,40211146,40BQ321,3,2.794,0.206,0
Item_Hybrid,40211102,40BA131,5,3.6664,1.3336,0
Item_Hybrid,40311137,40BA051,3,3.4534,0.4534,0
Item_Hybrid,40311123,40BQ321,2,1.862,0.138,0
Item_Hybrid,40311131,40BC051,3,2.2374,0.7626,0
Item_Hybrid,40211230,40BA132,3,4.0986,1.0986,0
Item_Hybrid,40311255,40BA052,2,1.237,0.763,0
Item_Hybrid,40411118,40BA021,1,1.0,0.0,0
Item_Hybrid,40411211,40BR472,1,3.2296,2.2296,0
Item_Hybrid,40211134,40IN662,3,2.9523,0.0477,0
Item_Hybrid,40311132,40BQ331,1,1.5484,0.5484,0
Item_Hybrid,40211223,40BA052,5,3.8872,1.1128,0
Item_Hybrid,40211135,40B0291,3,3.1123,0.1123,0
Item_Hybrid,40311111,40BC021,4,2.5799,1.4201,0
Item_Hybrid,40511151,40BA011,3,4.5003,1.5003,0
Item_Hybrid,40211242,40BA122,5,4.6749,0.3251,0
Item_Hybrid,40411213,40BA102,4,3.3714,0.6286,0
Item_Hybrid,40211116,40BQ331,3,3.6714,0.6714,0
Item_Hybrid,40311157,40BC071,5,3.5516,1.4484,0
Item_Hybrid,40211129,40BA131,5,3.5605,1.4395,0
Item_Hybrid,40311134,40BA021,1,2.2078,1.2078,0
Item_Hybrid,40211115,40BQ331,1,1.5475,0.5475,0
Item_Hybrid,40211208,40BA012,1,1.8726,0.8726,0
Item_Hybrid,40311119,40BA061,2,3.0228,1.0228,0
Item_Hybrid,40511233,40B0292,4,2.0,2.0,0
Item_Hybrid,40211217,40BR242,4,4.3375,0.3375,0
Item_Hybrid,40211249,40BD052,3,3.4678,0.4678,0
Item_Hybrid,40411256,40BA222,3,2.885,0.115,0
Item_Hybrid,40211217,40BA082,3,3.8751,0.8751,0
Item_Hybrid,40211209,40BR372,4,2.2353,1.7647,0
Item_Hybrid,40311237,40BA082,4,2.6768,1.3232,0
Item_Hybrid,40311122,40BA021,4,2.962,1.038,0
Item_Hybrid,40211137,40BA101,2,1.66,0.34,0
Item_Hybrid,40211141,40BA021,5,4.1125,0.8875,0
Item_Hybrid,40311138,40BC011,1,2.564,1.564,0
Item_Hybrid,40411237,40BA022,1,1.3107,0.3107,0
Item_Hybrid,40411127,40BA021,2,2.292,0.292,0
Item_Hybrid,40211151,40UN070,4,3.9594,0.0406,0
Item_Hybrid,40211237,40BA132,1,3.0813,2.0813,0
Item_Hybrid,40311118,40BC011,3,4.2196,1.2196,0
Item_Hybrid,40211129,40KA393,5,3.3255,1.6745,0
Item_Hybrid,40311137,40BC071,4,3.1434,0.8566,0
Item_Hybrid,40211126,40BA121,3,3.5913,0.5913,0
Item_Hybrid,40511201,40B0292,5,3.0,2.0,0
Item_Hybrid,40311260,40BA021,2,3.1375,1.1375,0
Item_Hybrid,40311266,40BQ512,3,2.3313,0.6687,0
Item_Hybrid,40211106,40BQ391,4,3.0941,0.9059,0
Item_Hybrid,40211219,40BA022,4,2.9782,1.0218,0
Item_Hybrid,40411114,40BA051,3,1.5949,1.4051,0
Item_Hybrid,40411225,40B0292,4,2.2437,1.7563,0
Item_Hybrid,40211125,40BQ391,4,3.6636,0.3364,0
Item_Hybrid,40511225,40BA052,4,3.5073,0.4927,0
Item_Hybrid,40211147,40BA121,1,1.904,0.904,0
Item_Hybrid,40311258,40BR042,5,3.3659,1.6341,0
Item_Hybrid,40411210,40B0292,4,3.6475,0.3525,0
Item_Hybrid,40211241,40BA092,4,3.7013,0.2987,0
Item_Hybrid,40211242,40BA012,4,4.6568,0.6568,0
Item_Hybrid,40311254,40BA012,3,3.1081,0.1081,0
Item_Hybrid,40411151,40BC071,4,3.7626,0.2374,0
Item_Hybrid,40311216,40BA102,3,3.2805,0.2805,0
Item_Hybrid,40211134,40BQ021,3,2.9832,0.0168,0
Item_Hybrid,40311111,40BA101,2,2.5152,0.5152,0
Item_Hybrid,40211165,40BA131,2,3.6281,1.6281,0
Item_Hybrid,40311226,40BD012,4,3.1884,0.8116,0
Item_Hybrid,40211138,40BA151,5,3.6571,1.3429,0
Item_Hybrid,40411152,40BA021,2,1.8845,0.1155,0
Item_Hybrid,40211215,40BR042,1,1.9128,0.9128,0
Item_Hybrid,40411258,40BR022,3,2.5346,0.4654,0
Item_Hybrid,40511252,40B0292,2,4.0,2.0,0
Item_Hybrid,40311216,40BR372,4,3.3246,0.6754,0
Item_Hybrid,40211250,40BA082,4,3.5662,0.4338,0
Item_Hybrid,40411109,40BD012,5,1.591,3.409,0
Item_Hybrid,40211252,40BR042,4,4.1049,0.1049,0
Item_Hybrid,40311157,40BQ141,4,3.7169,0.2831,0
Item_Hybrid,40411166,40BA221,3,1.0,2.0,0
Item_Hybrid,40311114,40BC021,4,2.8948,1.1052,0
Item_Hybrid,40211132,40BQ381,1,1.9717,0.9717,0
Item_Hybrid,40211250,40BA122,3,3.6591,0.6591,0
Item_Hybrid,40411147,40BQ031,4,3.4047,0.5953,0
Item_Hybrid,40311114,40BA061,4,3.4594,0.5406,0
Item_Hybrid,40211109,40BA081,2,2.2698,0.2698,0
Item_Hybrid,40311135,40BA101,5,2.8584,2.1416,0
Item_Hybrid,40211111,40BC021,2,2.6066,0.6066,0
Item_Hybrid,40311159,40BA061,1,1.2619,0.2619,0
Item_Hybrid,40411141,40BA021,1,1.8114,0.8114,0
Item_Hybrid,40411248,40BA052,4,3.6469,0.3531,0
Item_Hybrid,40311157,40BA051,2,3.6556,1.6556,0
Item_Hybrid,40411258,40MN111,1,2.5701,1.5701,0
Item_Hybrid,40211233,433A012,1,2.0355,1.0355,0
Item_Hybrid,40411252,40BD012,2,1.4162,0.5838,0
Item_Hybrid,40211130,40BQ401,2,1.5535,0.4465,0
Item_Hybrid,40211164,40BA141,5,4.2092,0.7908,0
Item_Hybrid,40211207,40BA152,4,4.2266,0.2266,0
Item_Hybrid,40211202,40BA122,2,3.4341,1.4341,0
Item_Hybrid,40211263,40BA152,1,2.1314,1.1314,0
Item_Hybrid,40311123,40BA101,1,1.8836,0.8836,0
Item_Hybrid,40411152,40BA221,2,1.8549,0.1451,0
Item_Hybrid,40311232,40BA082,3,2.1127,0.8873,0
Item_Hybrid,40211231,40BA062,1,1.0,0.0,0
Item_Hybrid,40211127,40B9651,5,4.1019,0.8981,0
Item_Hybrid,40311211,40BR072,4,3.1517,0.8483,0
Item_Hybrid,40211226,40BA012,5,4.1713,0.8287,0
Item_Hybrid,40211216,40BA102,4,3.8612,0.1388,0
Item_Hybrid,40211231,40B0292,2,1.0,1.0,0
Item_Hybrid,40411147,40BA021,4,3.4256,0.5744,0
Item_Hybrid,40311206,40BA102,4,3.2815,0.7185,0
Item_Hybrid,40211202,40BR222,4,3.5669,0.4331,0
Item_Hybrid,40211106,40BQ371,4,3.1006,0.8994,0
Item_Hybrid,40311206,40BA012,2,3.0298,1.0298,0
Item_Hybrid,40311248,40BR042,5,4.4248,0.5752,0
Item_Hybrid,40211123,40BA061,4,3.772,0.228,0
Item_Hybrid,40211211,40BA142,4,4.0343,0.0343,0
Item_Hybrid,40311233,40BA052,5,2.9928,2.0072,0
Item_Hybrid,40411228,40BA012,3,3.4018,0.4018,0
Item_Hybrid,40311233,40BR022,3,3.1,0.1,0
Item_Hybrid,40311112,40BQ311,4,2.7737,1.2263,0
Item_Hybrid,40511262,40B0292,2,3.0,1.0,0
Item_Hybrid,40211103,40BA101,1,1.9746,0.9746,0
Item_Hybrid,40311208,40BR022,3,3.5574,0.5574,0
Item_Hybrid,40411244,40BA082,3,2.9401,0.0599,0
Item_Hybrid,40411157,40B0291,3,3.6882,0.6882,0
Item_Hybrid,40411125,40BA051,1,2.4238,1.4238,0
Item_Hybrid,40211116,40BC011,2,3.4084,1.4084,0
Item_Hybrid,40311104,40BA011,1,2.1723,1.1723,0
Item_Hybrid,40511128,40BA051,1,1.0,0.0,0
Item_Hybrid,40211235,40BA062,2,3.534,1.534,0
Item_Hybrid,40511104,40BA051,4,1.0,3.0,0
Item_Hybrid,40411126,40BA061,1,2.7902,1.7902,0
Item_Hybrid,40211106,40BC011,1,2.5284,1.5284,0
Item_Hybrid,40211238,40BD032,3,3.2118,0.2118,0
Item_Hybrid,40211139,40BA131,4,2.7749,1.2251,0
Item_Hybrid,40211161,409A023,1,2.1996,1.1996,0
Item_Hybrid,40411130,40BA061,1,2.5568,1.5568,0
Item_Hybrid,40411238,40BD012,4,2.6935,1.3065,0
Item_Hybrid,40311255,40BA012,2,1.2308,0.7692,0
Item_Hybrid,40411222,40BA012,1,1.9243,0.9243,0
Item_Hybrid,40311120,40B0291,3,1.8766,1.1234,0
Item_Hybrid,40211244,40B9662,3,3.6788,0.6788,0
Item_Hybrid,40311208,40BA122,3,3.7842,0.7842,0
Item_Hybrid,40211250,40BA132,2,3.5341,1.5341,0
Item_Hybrid,40311117,40BC011,2,3.0565,1.0565,0
Item_Hybrid,40211245,40BD032,3,2.4285,0.5715,0
Item_Hybrid,40311245,40BR372,2,2.5624,0.5624,0
Item_Hybrid,40411104,40BA051,3,2.9568,0.0432,0
Item_Hybrid,40211250,40BR032,4,3.9063,0.0937,0
Item_Hybrid,40211102,40BQ021,5,3.9678,1.0322,0
Item_Hybrid,40311236,40BA022,4,3.8856,0.1144,0
Item_Hybrid,40411101,409A013,1,2.6752,1.6752,0
Item_Hybrid,40511259,40B0292,4,2.0,2.0,0
Item_Hybrid,40511112,40BA051,1,1.0,0.0,0
Item_Hybrid,40211222,40BR072,5,4.5753,0.4247,0
Item_Hybrid,40311129,40BA021,1,1.7667,0.7667,0
Item_Hybrid,40411220,40BR472,3,3.3527,0.3527,0
Item_Hybrid,40211113,40KT142,4,3.0063,0.9937,0
Item_Hybrid,40511218,40BA052,4,2.5331,1.4669,1
Item_Hybrid,40211113,40BQ371,4,3.0988,0.9012,0
Item_Hybrid,40311235,40BD032,2,2.3707,0.3707,0
Item_Hybrid,40511252,40BA052,3,4.0,1.0,0
Item_Hybrid,40211108,409Z491,5,3.898,1.102,0
Item_Hybrid,40411229,40BA052,3,2.0215,0.9785,0
Item_Hybrid,40311116,40BQ321,3,2.0848,0.9152,0
Item_Hybrid,40411248,40BA062,4,3.6785,0.3215,0
Item_Hybrid,40411148,40BC071,5,5.0,0.0,0
Item_Hybrid,40211107,40BA151,3,1.6601,1.3399,0
Item_Hybrid,40211246,40B9561,4,4.6344,0.6344,0
Item_Hybrid,40211248,40BR372,3,3.6668,0.6668,0
Item_Hybrid,40211228,40RR072,2,3.8887,1.8887,0
Item_Hybrid,40311105,40BQ031,1,1.5165,0.5165,0
Item_Hybrid,40211153,40BC011,2,2.88,0.88,0
Item_Hybrid,40511122,40B0291,2,2.0632,0.0632,0
Item_Hybrid,40211202,40BR032,2,3.5643,1.5643,0
Item_Hybrid,40311132,40BA131,2,1.5519,0.4481,0
Item_Hybrid,40311120,40BA141,3,2.1245,0.8755,0
Item_Hybrid,40311129,40BA061,2,1.7652,0.2348,0
Item_Hybrid,40311104,40BQ331,3,2.5504,0.4496,0
Item_Hybrid,40311162,40BA061,1,1.4571,0.4571,0
Item_Hybrid,40205303,40BR042,1,1.6453,0.6453,0
Item_Hybrid,40311104,40BA061,2,2.1075,0.1075,0
Item_Hybrid,40211162,40BC011,3,2.6507,0.3493,0
Item_Hybrid,40411153,40B0291,4,2.5949,1.4051,0
Item_Hybrid,40411159,40BA061,3,2.2601,0.7399,0
Item_Hybrid,40311245,40BA052,2,2.441,0.441,0
Item_Hybrid,40211164,40BQ371,4,4.216,0.216,0
Item_Hybrid,40311115,40BA051,1,4.0,3.0,0
Item_Hybrid,40411110,40BA051,2,2.1174,0.1174,0
Item_Hybrid,40311202,40BA052,5,3.5347,1.4653,0
Item_Hybrid,40411166,40BQ311,2,1.0,1.0,0
Item_Hybrid,40311161,40BC011,2,1.1572,0.8428,0
Item_Hybrid,40311253,40BR372,4,2.5769,1.4231,0
Item_Hybrid,40211216,40BD052,5,4.5681,0.4319,0
Item_Hybrid,40411219,40BA222,4,3.4074,0.5926,0
Item_Hybrid,40411214,40BA082,3,2.0875,0.9125,0
Item_Hybrid,40311104,40BQ341,3,2.5541,0.4459,0
Item_Hybrid,40211101,40BA141,5,4.4368,0.5632,0
Item_Hybrid,40411126,40BA021,2,2.8164,0.8164,0
Item_Hybrid,40311257,40B8932,5,4.0168,0.9832,0
Item_Hybrid,40311108,40BQ331,3,2.8892,0.1108,0
Item_Hybrid,40211103,40BA051,4,1.9853,2.0147,0
Item_Hybrid,40211215,40BA012,1,1.8234,0.8234,0
Item_Hybrid,40211103,40BA061,4,1.9879,2.0121,0
Item_Hybrid,40411127,40BA012,1,2.216,1.216,0
Item_Hybrid,40411130,40BR472,3,3.013,0.013,0
Item_Hybrid,40211118,40BA011,3,4.3135,1.3135,0
Item_Hybrid,40311207,40BR372,5,3.805,1.195,0
Item_Hybrid,40211129,40BA021,4,3.5661,0.4339,0
Item_Hybrid,40211244,40BA012,3,3.4268,0.4268,0
Item_Hybrid,40511226,40BA052,3,2.5331,0.4669,1
Item_Hybrid,40311169,40BC011,1,1.0,0.0,0
Item_Hybrid,40411105,40BC071,4,3.498,0.502,0
Item_Hybrid,40411113,40BC071,5,4.6756,0.3244,0
Item_Hybrid,40411111,40BA051,3,1.9036,1.0964,0
Item_Hybrid,40311120,40BQ141,4,2.2244,1.7756,0
Item_Hybrid,40511142,40BA011,3,3.0,0.0,0
Item_Hybrid,40211101,40BC051,3,4.1045,1.1045,0
Item_Hybrid,40411253,40B0292,3,2.1548,0.8452,0
Item_Hybrid,40511258,40BA052,2,1.4927,0.5073,0
Item_Hybrid,40311245,40BR042,3,2.5478,0.4522,0
Item_Hybrid,40311146,40BQ331,1,1.7593,0.7593,0
Item_Hybrid,40211257,40BR032,1,2.0044,1.0044,0
Item_Hybrid,40411133,40BC071,1,2.8297,1.8297,0
Item_Hybrid,40411236,40BD012,4,3.0841,0.9159,0
Item_Hybrid,40411233,40BQ311,3,2.3616,0.6384,0
Item_Hybrid,40211209,40BA221,1,1.8806,0.8806,0
Item_Hybrid,40211127,40BA021,3,4.1364,1.1364,0
Item_Hybrid,40311221,40BQ512,3,2.7939,0.2061,0
Item_Hybrid,40211206,409Z501,5,3.8183,1.1817,0
Item_Hybrid,40211109,40BA121,2,2.585,0.585,0
Item_Hybrid,40211162,40BC051,3,2.6861,0.3139,0
Item_Hybrid,40211204,40BA052,1,1.0,0.0,0
Item_Hybrid,40411138,40BA081,1,1.2929,0.2929,0
Item_Hybrid,40211230,40BA012,4,3.7007,0.2993,0
Item_Hybrid,40511219,40B0292,1,3.3106,2.3106,1
Item_Hybrid,40320326,40BA131,3,2.1962,0.8038,0
Item_Hybrid,40211242,40BR082,5,4.5783,0.4217,0
Item_Hybrid,40211136,40BA121,4,3.8811,0.1189,0
Item_Hybrid,40211121,40BQ021,2,2.1917,0.1917,0
Item_Hybrid,40311210,40BR072,3,1.9384,1.0616,0
Item_Hybrid,40311138,40BA221,1,2.9776,1.9776,0
Item_Hybrid,40211259,409D021,2,3.778,1.778,0
Item_Hybrid,40311256,40BA082,4,4.1012,0.1012,0
Item_Hybrid,40211122,40BQ171,4,2.774,1.226,0
Item_Hybrid,40211150,40BA091,1,3.4389,2.4389,0
Item_Hybrid,40311155,40BQ321,3,3.196,0.196,0
Item_Hybrid,40411259,40BA012,1,3.5092,2.5092,0
Item_Hybrid,40411110,40BC011,1,2.0372,1.0372,0
Item_Hybrid,40211235,40BD032,4,3.5567,0.4433,0
Item_Hybrid,40211123,40BA051,3,3.645,0.645,0
Item_Hybrid,40211256,40BR032,5,4.5745,0.4255,0
Item_Hybrid,40211219,40B0292,4,3.3108,0.6892,0
Item_Hybrid,40511117,40B0291,4,1.0,3.0,0
Item_Hybrid,40211117,40BC061,3,2.3971,0.6029,0
Item_Hybrid,40211257,40BD012,3,1.6426,1.3574,0
Item_Hybrid,40211249,40BA062,3,3.3146,0.3146,0
Item_Hybrid,40111256,40BR222,1,4.0,3.0,0
Item_Hybrid,40211161,40BC021,4,1.4424,2.5576,0
Item_Hybrid,40211101,40BA091,4,4.5716,0.5716,0
Item_Hybrid,40211255,433A012,1,2.746,1.746,0
Item_Hybrid,40311242,40B0292,2,1.5165,0.4835,0
Item_Hybrid,40311157,40BA101,5,3.6628,1.3372,0
Item_Hybrid,40205303,433A021,1,2.0187,1.0187,0
Item_Hybrid,40511224,40BA052,2,1.0,1.0,0
Item_Hybrid,40211247,40BA142,4,3.8629,0.1371,0
Item_Hybrid,40211252,40BA152,3,4.2334,1.2334,0
Item_Hybrid,40311153,40BQ311,3,4.346,1.346,0
Item_Hybrid,40311260,40B8932,5,3.4513,1.5487,0
Item_Hybrid,40511105,40BA011,3,4.0,1.0,0
Item_Hybrid,40211129,40IN041,5,3.3217,1.6783,0
Item_Hybrid,40511141,40B0291,4,1.0,3.0,0
Item_Hybrid,40211133,40BQ371,4,4.3357,0.3357,0
Item_Hybrid,40211215,40BR322,2,2.1158,0.1158,0
Item_Hybrid,40211234,40BR322,4,3.8976,0.1024,0
Item_Hybrid,40320310,40BA131,2,1.8782,0.1218,0
Item_Hybrid,40311130,40BC051,3,2.0737,0.9263,0
Item_Hybrid,40211152,40BA011,1,2.2659,1.2659,0
Item_Hybrid,40311231,40BR042,4,3.0024,0.9976,0
Item_Hybrid,40211243,40B0292,2,1.0,1.0,0
Item_Hybrid,40411244,40BA222,3,2.9373,0.0627,0
Item_Hybrid,40211110,40UN120,5,3.192,1.808,0
Item_Hybrid,40411128,40BA051,3,2.8541,0.1459,0
Item_Hybrid,40311137,40BA121,4,3.4005,0.5995,0
Item_Hybrid,40211257,40BR242,1,1.9929,0.9929,0
Item_Hybrid,40411127,40B0291,5,2.2215,2.7785,0
Item_Hybrid,40311134,40BC071,2,1.7917,0.2083,0
Item_Hybrid,40411141,40BQ031,1,1.8186,0.8186,0
Item_Hybrid,40211238,433A012,2,3.5186,1.5186,0
Item_Hybrid,40311152,40BA081,4,2.001,1.999,0
Item_Hybrid,40211123,40BA081,4,3.7724,0.2276,0
Item_Hybrid,40211112,40BA061,4,2.331,1.669,0
Item_Hybrid,40411251,40BA222,3,2.8548,0.1452,0
Item_Hybrid,40211247,40BA132,2,3.6844,1.6844,0
Item_Hybrid,40311241,40BA052,1,1.2151,0.2151,0
Item_Hybrid,40311133,40BQ141,5,2.7389,2.2611,0
Item_Hybrid,40211232,40B0292,1,2.503,1.503,0
Item_Hybrid,40211201,40BA012,2,1.9618,0.0382,0
Item_Hybrid,40411222,40BR472,3,1.996,1.004,0
Item_Hybrid,40211110,40B0291,2,3.11,1.11,0
Item_Hybrid,40211249,40BA132,3,3.3105,0.3105,0
Item_Hybrid,40211147,40BQ031,1,1.7171,0.7171,0
Item_Hybrid,40411258,40BR472,3,2.5745,0.4255,0
Item_Hybrid,40311119,40BA121,2,2.6083,0.6083,0
Item_Hybrid,40211256,40BA092,5,4.5699,0.4301,0
Item_Hybrid,40211109,40BC061,4,3.1614,0.8386,0
Item_Hybrid,40311253,40BD012,3,2.6303,0.3697,0
Item_Hybrid,40311106,40BA141,2,3.1162,1.1162,0
Item_Hybrid,40411134,40BA081,2,1.1965,0.8035,0
Item_Hybrid,40211209,40BD012,3,2.0967,0.9033,0
Item_Hybrid,40311130,40BA081,2,1.5352,0.4648,0
Item_Hybrid,40311221,40BR372,2,2.6888,0.6888,0
Item_Hybrid,40311140,40BA081,4,3.7732,0.2268,0
Item_Hybrid,40211246,40BR222,5,4.6678,0.3322,0
Item_Hybrid,40211139,40BQ371,4,2.5622,1.4378,0
Item_Hybrid,40211113,40BC011,2,2.7729,0.7729,0
Item_Hybrid,40311153,40BA081,4,4.5677,0.5677,0
Item_Hybrid,40211105,40BA021,2,1.8824,0.1176,0
Item_Hybrid,40211153,40BA121,3,3.2144,0.2144,0
Item_Hybrid,40311230,40BA222,2,2.5526,0.5526,0
Item_Hybrid,40311229,40BA022,3,3.1824,0.1824,0
Item_Hybrid,40211239,40BA132,1,1.6754,0.6754,0
Item_Hybrid,40411219,40BR472,4,3.4706,0.5294,0
Item_Hybrid,40211137,40BA131,3,1.7952,1.2048,0
Item_Hybrid,40211108,40BA091,2,3.8849,1.8849,0
Item_Hybrid,40211263,40BD052,1,2.2358,1.2358,0
Item_Hybrid,40327247,40BA021,1,2.3063,1.3063,0
Item_Hybrid,40320326,40BC021,5,2.1185,2.8815,0
Item_Hybrid,40211118,40BA151,5,4.6755,0.3245,0
Item_Hybrid,40211128,40B0291,2,1.5316,0.4684,0
Item_Hybrid,40211217,40BR322,4,4.4318,0.4318,0
Item_Hybrid,40211133,40BA051,3,4.0075,1.0075,0
Item_Hybrid,40311253,40BA102,3,2.5388,0.4612,0
Item_Hybrid,40411160,40BC071,1,1.9223,0.9223,0
Item_Hybrid,40211115,40BQ371,1,1.8514,0.8514,0
Item_Hybrid,40211229,40BR342,4,2.3405,1.6595,0
Item_Hybrid,40311245,40B8932,3,2.4586,0.5414,0
Item_Hybrid,40333126,40BQ311,1,1.0,0.0,0
Item_Hybrid,40211241,40BR072,5,3.1994,1.8006,0
Item_Hybrid,40211229,40BA122,1,2.3216,1.3216,0
Item_Hybrid,40411124,40BA101,1,1.8176,0.8176,0
Item_Hybrid,40311113,40BA061,1,1.0,0.0,0
Item_Hybrid,40211205,40BD052,3,3.4634,0.4634,0
Item_Hybrid,40211146,40BQ381,3,2.7499,0.2501,0
Item_Hybrid,40211201,40BR372,2,2.9887,0.9887,0
Item_Hybrid,40411230,40BD012,4,2.6519,1.3481,0
Item_Hybrid,40211216,40BA082,4,3.5359,0.4641,0
Item_Hybrid,40511217,40BA052,2,1.0,1.0,0
Item_Hybrid,40311107,40BA121,4,3.207,0.793,0
Item_Hybrid,40311135,40BQ311,3,3.1808,0.1808,0
Item_Hybrid,40211121,40BQ371,3,2.6497,0.3503,0
Item_Hybrid,40411215,40BA102,4,3.95,0.05,0
Item_Hybrid,40511210,40B0292,4,2.0,2.0,0
Item_Hybrid,40211158,40BA022,2,2.5281,0.5281,0
Item_Hybrid,40311104,40BC071,4,2.0181,1.9819,0
Item_Hybrid,40311215,40BR072,4,3.3693,0.6307,0
Item_Hybrid,40411101,40BQ031,5,2.6607,2.3393,0
Item_Hybrid,40411240,40BA222,1,1.5258,0.5258,0
Item_Hybrid,40311143,40BA011,1,1.6578,0.6578,0
Item_Hybrid,40211255,433A021,2,2.7522,0.7522,0
Item_Hybrid,40211225,40BR222,3,3.4517,0.4517,0
Item_Hybrid,40211226,40B9572,4,4.2216,0.2216,0
Item_Hybrid,40311249,40BR372,4,4.2081,0.2081,0
Item_Hybrid,40311204,40BA222,4,3.5753,0.4247,0
Item_Hybrid,40211115,40BQ321,1,1.561,0.561,0
Item_Hybrid,40211201,409Q072,4,3.7361,0.2639,0
Item_Hybrid,40211201,430R063,4,3.7369,0.2631,0
Item_Hybrid,40211126,40BA021,2,3.491,1.491,0
Item_Hybrid,40211113,40BA021,2,2.5629,0.5629,0
Item_Hybrid,40211213,40BR322,3,3.4501,0.4501,0
Item_Hybrid,40411242,40BD012,3,2.061,0.939,0
Item_Hybrid,40311216,40BR072,3,3.3233,0.3233,0
Item_Hybrid,40211102,40BA121,3,3.6663,0.6663,0
Item_Hybrid,40311160,40BA021,1,1.9786,0.9786,0
Item_Hybrid,40411128,40BQ311,2,2.89,0.89,0
Item_Hybrid,40311121,40BQ031,1,2.8435,1.8435,0
Item_Hybrid,40311202,40BA132,4,3.7767,0.2233,0
Item_Hybrid,40311229,40BR372,4,3.4658,0.5342,0
Item_Hybrid,40211230,40BD052,4,4.131,0.131,0
Item_Hybrid,40411149,40BA011,5,2.4397,2.5603,0
Item_Hybrid,40211237,40BD052,2,3.3304,1.3304,0
Item_Hybrid,40211226,40BA052,4,4.1301,0.1301,0
Item_Hybrid,40311113,40BC071,1,1.0,0.0,0
Item_Hybrid,40211109,40BQ331,1,2.9614,1.9614,0
Item_Hybrid,40211245,40B0292,2,1.9564,0.0436,0
Item_Hybrid,40211222,40BA142,4,4.5876,0.5876,0
Item_Hybrid,40411220,40BD012,2,3.3766,1.3766,0
Item_Hybrid,40311173,40BA141,1,1.5666,0.5666,0
Item_Hybrid,40311243,40BA132,5,3.9153,1.0847,0
Item_Hybrid,40211209,40BA022,1,1.8873,0.8873,0
Item_Hybrid,40211208,40BR042,1,1.6598,0.6598,0
Item_Hybrid,40211208,40BR322,1,2.1189,1.1189,0
Item_Hybrid,40311224,40BA052,1,1.254,0.254,0
Item_Hybrid,40211117,409Z491,4,2.6345,1.3655,0
Item_Hybrid,40211234,433A011,2,4.1172,2.1172,0
Item_Hybrid,40211267,433A021,2,3.1642,1.1642,0
Item_Hybrid,40411148,40BA051,5,5.0,0.0,0
Item_Hybrid,40511205,40B0292,5,4.0,1.0,0
Item_Hybrid,40211209,433A021,1,1.8784,0.8784,0
Item_Hybrid,40211213,40BD032,4,2.7851,1.2149,0
Item_Hybrid,40211166,40BC051,1,1.0,0.0,0
Item_Hybrid,40411202,40BA012,1,2.9802,1.9802,0
Item_Hybrid,40211230,40BR372,4,4.2354,0.2354,0
Item_Hybrid,40211119,40BQ141,3,3.5625,0.5625,0
Item_Hybrid,40311202,40BR372,5,3.7696,1.2304,0
Item_Hybrid,40311128,40BC051,4,4.1162,0.1162,0
Item_Hybrid,40511139,40BA051,1,1.9374,0.9374,0
Item_Hybrid,40411114,40B0291,2,1.5925,0.4075,0
Item_Hybrid,40211104,40BQ021,3,3.3216,0.3216,0
Item_Hybrid,40311216,40B0292,3,3.0841,0.0841,0
Item_Hybrid,40211107,40BQ141,1,2.0138,1.0138,0
Item_Hybrid,40511222,40BA052,4,3.4782,0.5218,0
Item_Hybrid,40311133,40BA051,3,3.2597,0.2597,0
Item_Hybrid,40211120,40BA051,1,3.5313,2.5313,0
Item_Hybrid,40511231,40B0292,1,1.4835,0.4835,0
Item_Hybrid,40211214,40BR072,2,2.5425,0.5425,0
Item_Hybrid,40211224,40BA122,2,1.5437,0.4563,0
Item_Hybrid,40211147,40B0291,1,2.0698,1.0698,0
Item_Hybrid,40211234,40BR222,5,3.9841,1.0159,0
Item_Hybrid,40411102,40BQ311,3,3.5887,0.5887,0
Item_Hybrid,40211141,40BC051,2,4.0,2.0,0
Item_Hybrid,40205303,40BA152,1,2.1165,1.1165,0
Item_Hybrid,40311216,40B8932,3,3.3387,0.3387,0
Item_Hybrid,40211148,40UN050,3,4.0079,1.0079,0
Item_Hybrid,40311129,40BA121,2,1.7788,0.2212,0
Item_Hybrid,40211266,40BA221,1,2.2886,1.2886,0
Item_Hybrid,40211211,40B9561,4,3.7796,0.2204,0
Item_Hybrid,40211142,40BA051,3,1.2163,1.7837,0
Item_Hybrid,40211161,40BC051,2,1.5564,0.4436,0
Item_Hybrid,40311122,40BQ331,3,3.2293,0.2293,0
Item_Hybrid,40411109,40BR472,3,1.4906,1.5094,0
Item_Hybrid,40211238,40BA142,4,3.8761,0.1239,0
Item_Hybrid,40511102,40B0291,5,4.0632,0.9368,0
Item_Hybrid,40311138,40B0291,4,3.0863,0.9137,0
Item_Hybrid,40211263,40BR242,1,2.228,1.228,0
Item_Hybrid,40211232,40BA092,4,2.4242,1.5758,0
Item_Hybrid,40211246,40BR032,4,4.5526,0.5526,0
Item_Hybrid,40311123,40BA051,1,2.0048,1.0048,0
Item_Hybrid,40211156,40BA011,5,3.934,1.066,0
Item_Hybrid,40211165,40BQ141,2,3.6446,1.6446,0
Item_Hybrid,40211201,4069432,2,3.7491,1.7491,0
Item_Hybrid,40211245,40BR242,2,3.3673,1.3673,0
Item_Hybrid,40211208,40BR242,2,1.987,0.013,0
Item_Hybrid,40211151,40BQ021,5,4.0765,0.9235,0
Item_Hybrid,40311236,40BQ512,4,3.9667,0.0333,0
Item_Hybrid,40511218,40BA012,3,2.4958,0.5042,1
Item_Hybrid,40411261,409A013,4,3.0029,0.9971,0
Item_Hybrid,40311226,40BA082,4,3.2058,0.7942,0
Item_Hybrid,40311132,40BQ031,3,2.1189,0.8811,0
Item_Hybrid,40411264,40BD012,2,1.0,1.0,0
Item_Hybrid,40211213,40BR072,4,3.2042,0.7958,0
Item_Hybrid,40411152,40BA081,1,1.8595,0.8595,0
Item_Hybrid,40211256,40BR372,4,4.666,0.666,0
Item_Hybrid,40211262,40BR372,4,3.8901,0.1099,0
Item_Hybrid,40211162,40BA021,2,2.5726,0.5726,0
Item_Hybrid,40511244,40B0292,4,5.0,1.0,0
Item_Hybrid,40311253,40B8932,2,2.7874,0.7874,0
Item_Hybrid,40211238,40BA092,2,3.7542,1.7542,0
Item_Hybrid,40311247,40BA082,4,3.8088,0.1912,0
Item_Hybrid,40211132,40BA101,1,1.9089,0.9089,0
Item_Hybrid,40311208,40BA012,4,3.4843,0.5157,0
Item_Hybrid,40211216,40BR042,3,3.8782,0.8782,0
Item_Hybrid,40311157,40BA221,4,3.6376,0.3624,0
Item_Hybrid,40211223,40BA102,5,3.8836,1.1164,0
Item_Hybrid,40311204,40BA122,3,3.3661,0.3661,0
Item_Hybrid,40311123,40BA221,1,2.0042,1.0042,0
Item_Hybrid,40311227,40B8932,3,2.9995,0.0005,0
Item_Hybrid,40311108,40BC071,3,2.8701,0.1299,0
Item_Hybrid,40211206,40BR342,3,4.1226,1.1226,0
Item_Hybrid,40311122,40BC071,3,3.2185,0.2185,0
Item_Hybrid,40211111,40BA081,2,2.8799,0.8799,0
Item_Hybrid,40511206,40B0292,5,4.0,1.0,0
Item_Hybrid,40311155,40BA051,3,3.2261,0.2261,0
Item_Hybrid,40311131,40BA061,1,2.3169,1.3169,0
Item_Hybrid,40411222,40B0292,4,1.9545,2.0455,0
Item_Hybrid,40311140,40BC051,4,4.1055,0.1055,0
Item_Hybrid,40311133,40BC051,3,2.7468,0.2532,0
Item_Hybrid,40411202,40B0292,4,2.9878,1.0122,0
Item_Hybrid,40411207,40BD012,1,2.5898,1.5898,0
Item_Hybrid,40211118,40BA101,4,4.2242,0.2242,0
Item_Hybrid,40411149,40B0291,5,2.4254,2.5746,0
Item_Hybrid,40211111,40BA091,1,2.1719,1.1719,0
Item_Hybrid,40211126,40BA081,4,3.388,0.612,0
Item_Hybrid,40211126,40BQ021,4,2.3283,1.6717,0
Item_Hybrid,40411234,40BA022,1,1.0,0.0,0
Item_Hybrid,40211150,40BA021,3,3.4506,0.4506,0
Item_Hybrid,40211137,40BQ051,1,1.6512,0.6512,0
Item_Hybrid,40211237,40BA122,1,3.2128,2.2128,0
Item_Hybrid,40511156,40B0291,5,3.4684,1.5316,0
Item_Hybrid,40211150,40BQ051,4,3.7626,0.2374,0
Item_Hybrid,40211225,40BR072,4,3.2209,0.7791,0
Item_Hybrid,40311248,40BQ512,4,4.2245,0.2245,0
Item_Hybrid,40211117,40BA011,1,2.2578,1.2578,0
Item_Hybrid,40311143,40BA081,3,1.5323,1.4677,0
Item_Hybrid,40311133,40BA131,2,2.994,0.994,0
Item_Hybrid,40211108,40BQ141,4,3.6721,0.3279,0
Item_Hybrid,40211154,40BC051,2,2.0075,0.0075,0
Item_Hybrid,40320326,40BA061,1,2.4501,1.4501,0
Item_Hybrid,40311105,40BC051,2,2.1434,0.1434,0
Item_Hybrid,40311132,40BQ341,4,1.9603,2.0397,0
Item_Hybrid,40211248,40BD052,4,3.5711,0.4289,0
Item_Hybrid,40211127,40BQ371,4,4.4298,0.4298,0
Item_Hybrid,40411212,40BA052,1,2.0404,1.0404,0
Item_Hybrid,40211252,409Z501,5,4.1927,0.8073,0
Item_Hybrid,40211165,40BA011,5,3.6868,1.3132,0
Item_Hybrid,40411209,40BA012,1,1.538,0.538,0
Item_Hybrid,40411209,40BR472,3,1.5606,1.4394,0
Item_Hybrid,40311115,40BA011,1,4.0,3.0,0
Item_Hybrid,40211102,40BA051,3,3.5776,0.5776,0
Item_Hybrid,40411220,40BA222,4,3.3665,0.6335,0
Item_Hybrid,40211104,40BA061,5,2.8672,2.1328,0
Item_Hybrid,40411211,40BA022,3,3.2228,0.2228,0
Item_Hybrid,40211248,40BA132,2,3.6252,1.6252,0
Item_Hybrid,40311133,40BA081,3,2.8951,0.1049,0
Item_Hybrid,40311204,40BD012,5,3.0907,1.9093,0
Item_Hybrid,40311122,40BC011,1,3.2014,2.2014,0
Item_Hybrid,40211102,409D021,4,4.0792,0.0792,0
Item_Hybrid,40211147,40BC071,1,1.9878,0.9878,0
Item_Hybrid,40411161,40BA021,3,4.5192,1.5192,0
Item_Hybrid,40211214,40B0292,2,1.9948,0.0052,0
Item_Hybrid,40211206,40BR372,4,4.0975,0.0975,0
Item_Hybrid,40311241,40BD032,1,1.5405,0.5405,0
Item_Hybrid,40211131,40BA021,1,1.0,0.0,0
Item_Hybrid,40211141,40BA061,5,3.9909,1.0091,0
Item_Hybrid,40411102,40B0291,5,3.627,1.373,0
Item_Hybrid,40311258,40BA082,5,3.2092,1.7908,0
Item_Hybrid,40411129,40BC071,1,1.2208,0.2208,0
Item_Hybrid,40411255,40BA082,4,4.2473,0.2473,0
Item_Hybrid,40211230,40BA122,4,4.337,0.337,0
Item_Hybrid,40211141,40BQ371,5,4.108,0.892,0
Item_Hybrid,40411151,40BA051,5,3.83,1.17,0
Item_Hybrid,40411105,40BA011,1,3.5194,2.5194,0
Item_Hybrid,40311204,40BR072,4,3.5842,0.4158,0
Item_Hybrid,40211239,40BA092,1,1.4527,0.4527,0
Item_Hybrid,40311227,40BA021,2,2.9948,0.9948,0
Item_Hybrid,40411127,40BC011,2,2.2896,0.2896,0
Item_Hybrid,40311202,40BA062,3,3.5412,0.5412,0
Item_Hybrid,40311218,40BD032,1,1.9147,0.9147,0
Item_Hybrid,40211132,40BA021,1,1.9233,0.9233,0
Item_Hybrid,40211226,40BA142,4,4.0612,0.0612,0
Item_Hybrid,40211238,40BA122,2,3.0861,1.0861,0
Item_Hybrid,40311105,40B0291,3,1.6948,1.3052,0
Item_Rating,40411202,40BR472,3,3.0325,0.0325,0
Item_Rating,40311247,40BA052,5,3.638,1.362,0
Item_Rating,40211206,40BR122,5,3.9674,1.0326,0
Item_Rating,40511218,40B0292,5,3.3106,1.6894,1
Item_Rating,40211202,40BR342,2,3.566,1.566,0
Item_Rating,40311256,40BA122,3,3.8363,0.8363,0
Item_Rating,40211109,40BA091,1,2.5855,1.5855,0
Item_Rating,40311211,40BA062,1,3.0477,2.0477,0
Item_Rating,40311211,40BA012,1,3.1997,2.1997,0
Item_Rating,40211148,40BQ021,4,4.0487,0.0487,0
Item_Rating,40211220,40BA082,4,3.9195,0.0805,0
Item_Rating,40311215,40BR372,4,3.4135,0.5865,0
Item_Rating,40311207,40BA222,5,3.9462,1.0538,0
Item_Rating,40211250,40BR222,4,3.7825,0.2175,0
Item_Rating,40211133,40BA121,3,4.2183,1.2183,0
Item_Rating,40311259,40BA122,1,3.5309,2.5309,0
Item_Rating,40211138,40BQ331,3,3.7717,0.7717,0
Item_Rating,40211121,40BC051,3,2.64,0.36,0
Item_Rating,40311108,40BA061,2,2.9842,0.9842,0
Item_Rating,40211125,40BC051,4,3.4739,0.5261,0
Item_Rating,40411111,40BC011,1,1.7109,0.7109,0
Item_Rating,40211138,40B0291,2,3.1899,1.1899,0
Item_Rating,40311155,40BA011,4,3.3764,0.6236,0
Item_Rating,40211217,40BA102,5,3.9187,1.0813,0
Item_Rating,40411202,40BA062,2,2.9683,0.9683,0
Item_Rating,40211106,40BQ051,4,3.021,0.979,0
Item_Rating,40511204,40B0292,5,2.5303,2.4697,0
Item_Rating,40211150,40BC011,3,3.5879,0.5879,0
Item_Rating,40311108,40BA141,2,2.9699,0.9699,0
Item_Rating,40411129,40B0291,2,1.1801,0.8199,0
Item_Rating,40311109,40BA011,1,1.0,0.0,0
Item_Rating,40411145,40BA051,1,1.7717,0.7717,0
Item_Rating,40211125,40BA091,1,3.7488,2.7488,0
Item_Rating,40311226,40BR072,4,3.3487,0.6513,0
Item_Rating,40211135,40BA011,4,3.3081,0.6919,0
Item_Rating,40211217,40BA092,5,4.2257,0.7743,0
Item_Rating,40311134,409A011,2,2.3302,0.3302,0
Item_Rating,40211102,40BQ391,4,3.7802,0.2198,0
Item_Rating,40211117,40BQ051,4,2.1234,1.8766,0
Item_Rating,40311236,40BA082,4,3.8783,0.1217,0
Item_Rating,40311244,40BR072,3,3.1067,0.1067,0
Item_Rating,40411248,40BA012,4,3.6094,0.3906,0
Item_Rating,40311246,40BA052,3,1.7133,1.2867,0
Item_Rating,40311140,40BQ341,5,3.7615,1.2385,0
Item_Rating,40411120,40BC071,4,4.004,0.004,0
Item_Rating,40211232,40BA012,1,2.5728,1.5728,0
Item_Rating,40211102,40BA151,4,3.6673,0.3327,0
Item_Rating,40411118,40BA081,1,1.0,0.0,0
Item_Rating,40211156,40BQ171,3,3.9693,0.9693,0
Item_Rating,40211207,40BR082,5,4.2485,0.7515,0
Item_Rating,40211113,40B9662,4,3.4679,0.5321,0
Item_Rating,40311150,40B0291,3,1.8101,1.1899,0
Item_Rating,40311127,40BA061,1,1.0,0.0,0
Item_Rating,40311247,40BR372,4,3.2664,0.7336,0
Item_Rating,40211129,40BA101,4,3.7777,0.2223,0
Item_Rating,40211127,40B0291,4,4.066,0.066,0
Item_Rating,40211102,40KA393,4,2.9092,1.0908,2
Item_Rating,40211245,40BR082,3,2.1447,0.8553,0
Item_Rating,40411163,40BA221,3,3.5049,0.5049,0
Item_Rating,40311117,40BQ341,4,3.4169,0.5831,0
Item_Rating,40311111,40BA141,2,2.4289,0.4289,0
Item_Rating,40211146,40BA021,2,3.0801,1.0801,0
Item_Rating,40311150,40BA101,1,1.8285,0.8285,0
Item_Rating,40311216,40BR022,3,3.2199,0.2199,0
Item_Rating,40411150,40BA051,1,2.5583,1.5583,0
Item_Rating,40211126,40KA513,3,2.6183,0.3817,0
Item_Rating,40211126,40KE011,3,2.9092,0.0908,2
Item_Rating,40211252,40BA052,3,4.1479,1.1479,0
Item_Rating,40411242,40BA222,3,2.1711,0.8289,0
Item_Rating,40211162,40BA091,1,2.4841,1.4841,0
Item_Rating,40411129,40BQ031,3,1.2352,1.7648,0
Item_Rating,40411247,40BA052,3,3.2427,0.2427,0
Item_Rating,40211158,40BC061,3,2.6552,0.3448,0
Item_Rating,40211214,40BA012,4,1.8028,2.1972,0
Item_Rating,40211107,40BA141,1,2.2686,1.2686,0
Item_Rating,40311256,40B8932,5,4.0626,0.9374,0
Item_Rating,40211252,40BA142,5,4.2954,0.7046,0
Item_Rating,40311138,40BA081,3,2.9014,0.0986,0
Item_Rating,40211146,40BQ051,3,3.0027,0.0027,0
Item_Rating,40311235,40K0051,1,2.8783,1.8783,0
Item_Rating,40311150,40BA021,1,1.792,0.792,0
Item_Rating,40411236,40BA082,4,3.0405,0.9595,0
Item_Rating,40411120,40BC011,3,3.8996,0.8996,0
Item_Rating,40311254,40BA052,3,3.1506,0.1506,0
Item_Rating,40411219,40B0292,5,3.242,1.758,0
Item_Rating,40311223,40B0292,3,2.1258,0.8742,0
Item_Rating,40211117,40BC021,2,2.0934,0.0934,0
Item_Rating,40211229,90B2681,4,2.5096,1.4904,0
Item_Rating,40211220,40BR042,4,3.9097,0.0903,0
Item_Rating,40211209,40BR222,4,2.2607,1.7393,0
Item_Rating,40333126,40BA221,1,1.0,0.0,0
Item_Rating,40211105,40BC051,2,1.7427,0.2573,0
Item_Rating,40211108,40BC061,5,3.8708,1.1292,0
Item_Rating,40211202,40BA102,3,3.1785,0.1785,0
Item_Rating,40211261,40BA022,5,3.7596,1.2404,0
Item_Rating,40311128,40BA221,3,3.6632,0.6632,0
Item_Rating,40211242,40BA102,4,4.6769,0.6769,0
Item_Rating,40211250,40BA012,3,3.5425,0.5425,0
Item_Rating,40211111,40B0291,2,2.677,0.677,0
Item_Rating,40211208,433A011,1,2.0881,1.0881,0
Item_Rating,40211156,40BQ381,4,3.8275,0.1725,0
Item_Rating,40211127,40BQ321,4,4.4486,0.4486,0
Item_Rating,40211109,40BC021,3,2.3822,0.6178,0
Item_Rating,40511103,40BA051,1,1.0,0.0,0
Item_Rating,40211146,40BA101,1,2.9445,1.9445,0
Item_Rating,40211148,40BA121,4,3.9282,0.0718,0
Item_Rating,40211230,409Z491,5,4.4083,0.5917,0
Item_Rating,40211144,40BC021,1,1.6343,0.6343,0
Item_Rating,40411224,40B0292,5,2.4252,2.5748,0
Item_Rating,40211247,40BR042,1,3.3291,2.3291,0
Item_Rating,40211113,40BQ331,1,2.8425,1.8425,0
Item_Rating,40411215,40BA062,1,3.8896,2.8896,0
Item_Rating,40511133,40BA011,5,4.0198,0.9802,0
Item_Rating,40211109,40BQ391,4,2.6308,1.3692,0
Item_Rating,40311205,40BA102,4,2.6515,1.3485,0
Item_Rating,40211206,40BA122,3,3.8645,0.8645,0
Item_Rating,40211127,40BA121,4,4.6669,0.6669,0
Item_Rating,40311206,40BA082,4,3.0624,0.9376,0
Item_Rating,40311238,40BA102,3,3.1636,0.1636,0
Item_Rating,40411252,40BA222,3,1.3972,1.6028,0
Item_Rating,40311217,40BA102,3,3.3079,0.3079,0
Item_Rating,40311232,40BA062,1,2.0524,1.0524,0
Item_Rating,40211228,409Z511,4,4.0708,0.0708,0
Item_Rating,40411230,40BA062,1,2.5379,1.5379,0
Item_Rating,40211113,40BA131,3,3.0343,0.0343,0
Item_Rating,40211259,40BD052,4,3.4249,0.5751,0
Item_Rating,40211132,40B0291,2,2.3575,0.3575,0
Item_Rating,40211234,40BD032,4,3.3281,0.6719,0
Item_Rating,40411133,40BA081,1,2.8867,1.8867,0
Item_Rating,40311166,40BQ311,3,1.265,1.735,0
Item_Rating,40211228,40BR032,4,4.0169,0.0169,0
Item_Rating,40211111,40BC011,1,2.8071,1.8071,0
Item_Rating,40311214,40BA052,3,2.4451,0.5549,0
Item_Rating,40211264,40BD012,1,2.012,1.012,0
Item_Rating,40211108,40BC021,4,3.5465,0.4535,0
Item_Rating,40311137,40BC021,5,3.4127,1.5873,0
Item_Rating,40311123,40B0291,2,1.9842,0.0158,0
Item_Rating,40211219,40BA152,4,3.9878,0.0122,0
Item_Rating,40211104,40BA121,3,2.5699,0.4301,0
Item_Rating,40411128,40BA061,3,2.7625,0.2375,0
Item_Rating,40511246,40BA012,4,4.0695,0.0695,0
Item_Rating,40211141,40BA101,3,3.9274,0.9274,0
Item_Rating,40311226,40BR022,3,3.3046,0.3046,0
Item_Rating,40211267,40BA132,3,3.5,0.5,0
Item_Rating,40411217,40BA062,5,3.6761,1.3239,0
Item_Rating,40211242,40BA022,4,4.67,0.67,0
Item_Rating,40411230,40BA082,2,2.5284,0.5284,0
Item_Rating,40211142,40BQ021,1,1.3163,0.3163,0
Item_Rating,40411208,40BR022,3,2.9755,0.0245,0
Item_Rating,40311206,40BA222,3,3.2207,0.2207,0
Item_Rating,40211237,40BA102,3,2.9323,0.0677,0
Item_Rating,40211205,40B0292,5,3.6097,1.3903,0
Item_Rating,40311250,40UN160,4,4.1326,0.1326,0
Item_Rating,40511238,40BA052,4,5.0,1.0,0
Item_Rating,40311121,40BA051,3,2.9276,0.0724,0
Item_Rating,40211257,40BA102,1,1.6373,0.6373,0
Item_Rating,40311122,40BA121,2,2.9741,0.9741,0
Item_Rating,40411141,40BA101,1,1.788,0.788,0
Item_Rating,40511209,40B0292,4,3.0,1.0,0
Item_Rating,40311261,40B8932,4,3.6418,0.3582,0
Item_Rating,40211117,40UN110,4,2.0733,1.9267,0
Item_Rating,40311201,40BA122,5,4.8696,0.1304,0
Item_Rating,40211246,40BA062,5,4.3291,0.6709,0
Item_Rating,40311114,40BQ341,5,3.2722,1.7278,0
Item_Rating,40311224,40BA022,1,1.289,0.289,0
Item_Rating,40311229,40BA132,5,3.4613,1.5387,0
Item_Rating,40311112,40BQ341,5,2.9716,2.0284,0
Item_Rating,40211105,40BQ171,1,1.8032,0.8032,0
Item_Rating,40311221,40BA062,1,2.4592,1.4592,0
Item_Rating,40211248,40BR342,3,3.7845,0.7845,0
Item_Rating,40211246,40BA082,3,4.2971,1.2971,0
Item_Rating,40211105,40BA121,3,2.0763,0.9237,0
Item_Rating,40411227,40BA052,4,4.0497,0.0497,0
Item_Rating,40211262,40BD012,4,3.7738,0.2262,0
Item_Rating,40411115,40BA021,2,2.0156,0.0156,0
Item_Rating,40311121,40BA021,3,3.1795,0.1795,0
Item_Rating,40411207,40B0292,4,2.5879,1.4121,0
Item_Rating,40411140,40BQ311,2,1.8305,0.1695,0
Item_Rating,40311264,4069582,2,3.8551,1.8551,0
Item_Rating,40311119,40BA131,2,2.6004,0.6004,0
Item_Rating,40411210,40BA062,3,3.7171,0.7171,0
Item_Rating,40411202,40BA082,3,2.9687,0.0313,0
Item_Rating,40411164,40BA101,2,1.0,1.0,0
Item_Rating,40211229,40BR122,5,2.3061,2.6939,0
Item_Rating,40511217,40B0292,4,1.0,3.0,0
Item_Rating,40211259,40BA122,2,2.9511,0.9511,0
Item_Rating,40211255,40BD032,3,2.6319,0.3681,0
Item_Rating,40211142,40BA061,4,1.314,2.686,0
Item_Rating,40211249,40BR042,2,3.2701,1.2701,0
Item_Rating,40311148,40BC071,3,1.4505,1.5495,0
Item_Rating,40311232,40BQ512,3,2.4623,0.5377,0
Item_Rating,40211161,40B9651,3,2.4853,0.5147,0
Item_Rating,40211209,40BA082,2,1.9227,0.0773,0
Item_Rating,40311209,40B0292,1,1.7276,0.7276,0
Item_Rating,40311259,40BA052,5,3.4282,1.5718,0
Item_Rating,40411237,40BD012,3,1.3689,1.6311,0
Item_Rating,40411219,40BA052,3,3.2122,0.2122,0
Item_Rating,40211213,40BA132,1,1.4251,0.4251,0
Item_Rating,40311250,40BD012,5,4.2453,0.7547,0
Item_Rating,40311137,40BQ331,3,3.1099,0.1099,0
Item_Rating,40511206,40BA052,4,4.0,0.0,0
Item_Rating,40511229,40B0292,4,5.0,1.0,0
Item_Rating,40311229,40BR072,4,3.3031,0.6969,0
Item_Rating,40211234,40BA102,4,3.6174,0.3826,0
Item_Rating,40211238,40BD012,1,2.3749,1.3749,0
Item_Rating,40311211,40B0292,3,3.1537,0.1537,0
Item_Rating,40311238,40BQ512,4,3.5947,0.4053,0
Item_Rating,40411243,40BA012,1,2.5986,1.5986,0
Item_Rating,40311129,40BQ321,2,1.9286,0.0714,0
Item_Rating,40211150,40BA051,3,3.4388,0.4388,0
Item_Rating,40411236,40BR022,4,3.1855,0.8145,0
Item_Rating,40211117,40BA091,1,2.2034,1.2034,0
Item_Rating,40411231,40BA012,1,2.6042,1.6042,0
Item_Rating,40311205,40BR372,5,2.7174,2.2826,0
Item_Rating,40211217,40BA052,4,4.0641,0.0641,0
Item_Rating,40211146,40BA141,3,3.3784,0.3784,0
Item_Rating,40411138,40BC011,1,1.2378,0.2378,0
Item_Rating,40211156,40BR372,3,4.1934,1.1934,0
Item_Rating,40411208,40BA052,3,3.0229,0.0229,0
Item_Rating,40205303,40BR072,3,1.6608,1.3392,0
Item_Rating,40411220,40BA062,2,3.352,1.352,0
Item_Rating,40411213,40BD012,4,3.3124,0.6876,0
Item_Rating,40211267,40BD052,1,3.5847,2.5847,0
Item_Rating,40211129,40BA141,4,3.8324,0.1676,0
Item_Rating,40211126,433N062,5,2.7362,2.2638,0
Item_Rating,40211102,409U053,5,3.8913,1.1087,0
Item_Rating,40211134,40BA061,4,3.1054,0.8946,0
Item_Rating,40311134,40BQ321,3,2.4609,0.5391,0
Item_Rating,40211203,40BA022,3,4.1153,1.1153,0
Item_Rating,40211147,40BC051,1,2.0873,1.0873,0
Item_Rating,40311217,40BD012,4,3.2184,0.7816,0
Item_Rating,40211233,40BA152,2,2.4867,0.4867,0
Item_Rating,40211137,40BQ391,2,1.6019,0.3981,0
Item_Rating,40411106,40BA051,3,4.7342,1.7342,0
Item_Rating,40311158,40UN130,5,4.9995,0.0005,1
Item_Rating,40211116,40BQ021,4,4.2388,0.2388,0
Item_Rating,40311202,40BA082,4,3.5583,0.4417,0
Item_Rating,40211154,40BQ391,3,2.4039,0.5961,0
Item_Rating,40311110,40B0291,3,2.2114,0.7886,0
Item_Rating,40411150,40BC071,2,2.381,0.381,0
Item_Rating,40211117,40BA131,4,1.9537,2.0463,0
Item_Rating,40311229,40BD012,4,3.1352,0.8648,0
Item_Rating,40211102,40BA081,4,3.7028,0.2972,0
Item_Rating,40211115,40BQ021,2,2.1731,0.1731,0
Item_Rating,40211215,40BA052,1,1.5494,0.5494,0
Item_Rating,40211105,40BA151,3,1.9616,1.0384,0
Item_Rating,40211166,40BQ371,1,1.0,0.0,0
Item_Rating,40311237,40BA122,3,2.6601,0.3399,0
Item_Rating,40311211,40BA132,4,3.3231,0.6769,0
Item_Rating,40211225,40UN070,5,3.2319,1.7681,0
Item_Rating,40511109,40B0291,4,1.553,2.447,0
Item_Rating,40211161,40BQ051,1,1.8935,0.8935,0
Item_Rating,40211118,40BC051,5,4.5764,0.4236,0
Item_Rating,40411131,40BA021,1,1.0,0.0,0
Item_Rating,40311122,40BA221,3,3.0476,0.0476,0
Item_Rating,40511104,40B0291,5,1.0,4.0,0
Item_Rating,40211126,40BA051,5,3.4721,1.5279,0
Item_Rating,40211211,40BR082,3,3.9625,0.9625,0
Item_Rating,40211262,40BA092,4,4.1048,0.1048,0
Item_Rating,40211250,40B0292,4,3.7111,0.2889,0
Item_Rating,40311233,40B8932,3,3.2728,0.2728,0
Item_Rating,40311146,40BC011,1,1.7927,0.7927,0
Item_Rating,40211156,40BA151,3,4.1106,1.1106,0
Item_Rating,40211228,40BA062,3,4.1143,1.1143,0
Item_Rating,40311221,40BD012,3,2.5709,0.4291,0
Item_Rating,40311119,40BA011,5,3.3729,1.6271,0
Item_Rating,40411126,40BC011,3,2.6803,0.3197,0
Item_Rating,40311130,409A021,1,1.6056,0.6056,0
Item_Rating,40211232,40BA102,1,2.5556,1.5556,0
Item_Rating,40211117,40BA121,3,1.9974,1.0026,0
Item_Rating,40411247,40BA102,2,3.1528,1.1528,0
Item_Rating,40211248,40BA102,4,3.4581,0.5419,0
Item_Rating,40411251,40BA022,2,2.7793,0.7793,0
Item_Rating,40312142,40BA101,4,3.09,0.91,0
Item_Rating,40211229,40BR082,4,2.305,1.695,0
Item_Rating,40211214,40BR242,2,2.9078,0.9078,0
Item_Rating,40311150,40BC011,1,1.8605,0.8605,0
Item_Rating,40411102,40BQ031,5,3.6009,1.3991,0
Item_Rating,40211106,40BA061,5,2.51,2.49,0
Item_Rating,40211230,409Z481,4,4.4938,0.4938,0
Item_Rating,40211117,40BA151,4,2.2135,1.7865,0
Item_Rating,40211259,40BA022,4,2.8044,1.1956,0
Item_Rating,40311259,40BA062,1,3.4319,2.4319,0
Item_Rating,40411159,40BA101,3,2.2489,0.7511,0
Item_Rating,40411115,40BA221,1,2.0994,1.0994,0
Item_Rating,40211247,409Z481,4,3.638,0.362,0
Item_Rating,40311260,40BR022,3,2.4035,0.5965,0
Item_Rating,40411128,40BA011,1,2.8203,1.8203,0
Item_Rating,40211146,40BA151,4,3.2418,0.7582,0
Item_Rating,40211101,40B0291,4,3.8097,0.1903,0
Item_Rating,40211148,40BQ171,4,4.1792,0.1792,0
Item_Rating,40211244,40BR042,2,3.7323,1.7323,0
Item_Rating,40511101,40BA011,1,2.0198,1.0198,0
Item_Rating,40205303,40BR242,1,2.1441,1.1441,0
Item_Rating,40211235,40BR042,2,3.2785,1.2785,0
Item_Rating,40211126,40KA393,3,2.9092,0.0908,2
Item_Rating,40211139,40BQ421,2,2.9007,0.9007,0
Item_Rating,40211206,40BD012,3,3.9815,0.9815,0
Item_Rating,40311204,40BA052,5,2.8906,2.1094,0
Item_Rating,40211233,40BR242,1,2.5922,1.5922,0
Item_Rating,40411125,40BA011,1,2.5524,1.5524,0
Item_Rating,40311218,40BA132,5,2.0972,2.9028,0
Item_Rating,40211137,40BC011,3,1.8429,1.1571,0
Item_Rating,40311120,40BA021,1,2.2984,1.2984,0
Item_Rating,40511107,40BA051,5,3.3704,1.6296,0
Item_Rating,40311217,40BD032,2,3.3753,1.3753,0
Item_Rating,40311215,40B0292,2,3.0661,1.0661,0
Item_Rating,40311155,40BQ031,1,3.3334,2.3334,0
Item_Rating,40211201,40BR032,3,3.2838,0.2838,0
Item_Rating,40211134,40BQ401,4,3.0335,0.9665,0
Item_Rating,40211208,40BA092,1,1.9892,0.9892,0
Item_Rating,40211247,40BR032,4,3.7934,0.2066,0
Item_Rating,40311238,40BA122,3,3.032,0.032,0
Item_Rating,40211109,40BQ141,2,2.7779,0.7779,0
Item_Rating,40211130,40BA081,1,1.8994,0.8994,0
Item_Rating,40311158,40BC071,5,3.6476,1.3524,0
Item_Rating,40211226,40BD032,4,3.9777,0.0223,0
Item_Rating,40211266,40BA081,2,1.8688,0.1312,0
Item_Rating,40311233,40B0292,3,2.9342,0.0658,0
Item_Rating,40311136,40BA011,1,3.5298,2.5298,0
Item_Rating,40311132,40BA121,1,1.7275,0.7275,0
Item_Rating,40211133,40BC011,2,3.9842,1.9842,0
Item_Rating,40211236,40BD012,1,1.0,0.0,0
Item_Rating,40311210,40BA222,3,2.2096,0.7904,0
Item_Rating,40211117,40BQ141,2,2.3053,0.3053,0
Item_Rating,40311261,40BD032,3,3.5713,0.5713,0
Item_Rating,40211225,40B9561,4,2.8607,1.1393,0
Item_Rating,40211228,40BA132,3,3.6359,0.6359,0
Item_Rating,40211158,40BA011,4,2.9303,1.0697,0
Item_Rating,40211154,40BA091,1,2.3476,1.3476,0
Item_Rating,40211137,40BA061,1,1.7427,0.7427,0
Item_Rating,40211209,40BD032,2,2.0491,0.0491,0
Item_Rating,40411227,40BA222,3,4.0464,1.0464,0
Item_Rating,40311235,40BA222,1,2.9472,1.9472,0
Item_Rating,40211141,40BC061,4,3.9924,0.0076,0
Item_Rating,40211261,40BR072,5,3.4088,1.5912,0
Item_Rating,40211114,40BA011,1,1.9924,0.9924,0
Item_Rating,40411126,40BA081,4,2.8645,1.1355,0
Item_Rating,40211229,40BA012,2,2.1439,0.1439,0
Item_Rating,40311122,40BA081,4,2.9681,1.0319,0
Item_Rating,40311109,40BA021,1,1.0,0.0,0
Item_Rating,40411205,40BD012,4,2.2333,1.7667,0
Item_Rating,40327247,40BC071,2,2.4431,0.4431,0
Item_Rating,40311238,40B0292,2,2.9099,0.9099,0
Item_Rating,40311238,40B8932,3,3.4741,0.4741,0
Item_Rating,40411158,40BA051,2,1.3911,0.6089,0
Item_Rating,40311243,40BA052,4,3.5362,0.4638,0
Item_Rating,40411211,40BA222,2,3.2952,1.2952,0
Item_Rating,40511226,40BA012,4,2.4958,1.5042,1
Item_Rating,40411255,40BA222,4,4.2133,0.2133,0
Item_Rating,40411212,40BD012,3,1.9674,1.0326,0
Item_Rating,40211202,40B9651,4,3.8647,0.1353,0
Item_Rating,40311243,40BD012,4,3.6085,0.3915,0
Item_Rating,40211112,40KT142,5,3.2521,1.7479,0
Item_Rating,40311204,40BA132,4,3.3079,0.6921,0
Item_Rating,40211224,40BD012,3,1.3171,1.6829,0
Item_Rating,40211113,40BA091,1,3.0286,2.0286,0
Item_Rating,40411156,40BA021,4,2.9451,1.0549,0
Item_Rating,40311153,40BA021,5,4.3679,0.6321,0
Item_Rating,40211266,40BR022,2,2.0037,0.0037,0
Item_Rating,40411219,40BA082,5,3.4511,1.5489,0
Item_Rating,40311223,40BA122,3,2.1194,0.8806,0
Item_Rating,40211116,40BQ051,4,4.2255,0.2255,0
Item_Rating,40211246,40BR122,5,4.6353,0.3647,0
Item_Rating,40311158,40BQ341,3,3.4846,0.4846,0
Item_Rating,40411201,40BA062,3,3.3271,0.3271,0
Item_Rating,40211126,40IN672,5,2.9789,2.0211,0
Item_Rating,40211249,40B0292,4,3.3197,0.6803,0
Item_Rating,40311108,40BC011,2,2.8238,0.8238,0
Item_Rating,40411156,40BA011,5,3.0957,1.9043,0
Item_Rating,40411244,40BR472,1,3.0968,2.0968,0
Item_Rating,40211103,40UN050,1,3.9993,2.9993,1
Item_Rating,40411242,40BA102,4,2.1192,1.8808,0
Item_Rating,40411202,40BA052,4,3.0159,0.9841,0
Item_Rating,40211261,40BA152,3,3.7707,0.7707,0
Item_Rating,40511142,40BA051,3,3.0,0.0,0
Item_Rating,40411246,40BA082,3,2.301,0.699,0
Item_Rating,40211104,40UN110,4,3.49,0.51,0
Item_Rating,40311236,40BR042,4,4.0197,0.0197,0
Item_Rating,40211223,40BA132,3,3.9051,0.9051,0
Item_Rating,40211115,40BA011,3,2.1992,0.8008,0
Item_Rating,40211144,40BQ421,1,1.9113,0.9113,0
Item_Rating,40211203,40BA102,4,4.1151,0.1151,0
Item_Rating,40211257,409U163,1,2.2243,1.2243,0
Item_Rating,40311113,40BA051,1,1.0,0.0,0
Item_Rating,40411236,40BA012,3,3.0921,0.0921,0
Item_Rating,40411233,40BA102,4,2.5568,1.4432,0
Item_Rating,40311161,40BA221,1,1.1687,0.1687,0
Item_Rating,40211153,40BR372,4,3.9098,0.0902,0
Item_Rating,40411108,40BA011,4,3.0646,0.9354,0
Item_Rating,40211115,40BC061,1,2.1807,1.1807,0
Item_Rating,40311130,40BQ031,2,1.4402,0.5598,0
Item_Rating,40211102,40B0291,2,3.7136,1.7136,0
Item_Rating,40211205,40BR032,5,3.6588,1.3412,0
Item_Rating,40211132,40BA081,2,2.2167,0.2167,0
Item_Rating,40311257,40BA102,3,3.9112,0.9112,0
Item_Rating,40211110,40BQ321,2,3.2713,1.2713,0
Item_Rating,40411255,40BA102,4,4.2471,0.2471,0
Item_Rating,40411138,40BA051,2,1.4192,0.5808,0
Item_Rating,40311105,409A011,2,2.2287,0.2287,0
Item_Rating,40311265,4064243,2,2.899,0.899,0
Item_Rating,40311255,40B0292,2,1.2352,0.7648,0
Item_Rating,40211104,40BA131,4,2.9847,1.0153,0
Item_Rating,40211233,40BA092,2,2.3784,0.3784,0
Item_Rating,40211133,40BR372,5,4.4363,0.5637,0
Item_Rating,40311138,40BA011,1,2.9878,1.9878,0
Item_Rating,40311124,40BA021,1,1.6672,0.6672,0
Item_Rating,40211238,433A021,2,3.0936,1.0936,0
Item_Rating,40311223,40BA222,1,2.2423,1.2423,0
Item_Rating,40211161,40BA051,2,1.8612,0.1388,0
Item_Rating,40211137,40BA091,1,1.849,0.849,0
Item_Rating,40311128,40BA121,4,3.8804,0.1196,0
Item_Rating,40411238,40BA052,2,2.6961,0.6961,0
Item_Rating,40211118,40BC061,5,4.8943,0.1057,0
Item_Rating,40311218,40BR042,4,2.1376,1.8624,0
Item_Rating,40211235,40BA152,4,3.7036,0.2964,0
Item_Rating,40211138,40BA051,3,3.3634,0.3634,0
Item_Rating,40311206,40BA062,1,3.0543,2.0543,0
Item_Rating,40211230,40B0292,5,3.6962,1.3038,0
Item_Rating,40411209,40BA222,3,1.6179,1.3821,0
Item_Rating,40311118,40BC051,3,4.0964,1.0964,0
Item_Rating,40211224,40BR072,3,1.8167,1.1833,0
Item_Rating,40311243,40BA122,4,3.712,0.288,0
Item_Rating,40211113,40B0291,2,2.5078,0.5078,0
Item_Rating,40211235,40BR072,4,3.5256,0.4744,0
Item_Rating,40211161,40BQ331,1,1.679,0.679,0
Item_Rating,40311253,40B0292,3,2.3993,0.6007,0
Item_Rating,40211225,40BR372,4,2.6194,1.3806,0
Item_Rating,40311227,40BA082,4,3.2065,0.7935,0
Item_Rating,40211262,40BR082,5,4.1415,0.8585,0
Item_Rating,40511229,40BA052,2,5.0,3.0,0
Item_Rating,40211122,40BQ421,3,2.8648,0.1352,0
Item_Rating,40411119,40BA051,1,1.0,0.0,0
Item_Rating,40211202,40BA132,3,3.0985,0.0985,0
Item_Rating,40211125,40BQ141,4,3.6747,0.3253,0
Item_Rating,40411205,40BA052,2,2.2944,0.2944,0
Item_Rating,40311131,40B0291,2,1.8908,0.1092,0
Item_Rating,40311146,40BA081,2,1.8909,0.1091,0
Item_Rating,40211245,40BR032,2,2.225,0.225,0
Item_Rating,40411130,40BC071,1,2.3847,1.3847,0
Item_Rating,40311135,40BA221,1,2.821,1.821,0
Item_Rating,40411143,40BA051,1,1.7178,0.7178,0
Item_Rating,40411207,40BA062,2,2.716,0.716,0
Item_Rating,40211220,409Z481,5,4.4499,0.5501,0
Item_Rating,40211205,40BA062,5,3.528,1.472,0
Item_Rating,40211230,40BA062,4,4.0583,0.0583,0
Item_Rating,40411140,40BA021,1,1.8699,0.8699,0
Item_Rating,40511262,40BA052,3,3.0,0.0,0
Item_Rating,40211262,40BA142,5,4.1591,0.8409,0
Item_Rating,40311132,40BQ321,3,1.8323,1.1677,0
Item_Rating,40311138,40BC021,4,3.1992,0.8008,0
Item_Rating,40311151,40BA141,3,4.1674,1.1674,0
Item_Rating,40411143,40BA221,1,1.5768,0.5768,0
Item_Rating,40211222,40BD032,4,4.5974,0.5974,0
Item_Rating,40311231,40BD032,2,2.9098,0.9098,0
Item_Rating,40311205,40BD032,3,2.3672,0.6328,0
Item_Rating,40511227,40BA052,2,3.9912,1.9912,0
Item_Rating,40211152,40B0291,2,2.2471,0.2471,0
Item_Rating,40211233,40BA142,4,2.5525,1.4475,0
Item_Rating,40311238,40BA132,3,3.2782,0.2782,0
Item_Rating,40211125,40BC011,4,3.6459,0.3541,0
Item_Rating,40311219,40B0292,1,2.2809,1.2809,0
Item_Rating,40311105,40BC071,2,1.6569,0.3431,0
Item_Rating,40311134,40BA121,3,2.3875,0.6125,0
Item_Rating,40311116,40B0291,2,2.0333,0.0333,0
Item_Rating,40311157,40BA061,3,3.6824,0.6824,0
Item_Rating,40211104,40BC051,2,2.5899,0.5899,0
Item_Rating,40411149,40BC071,1,2.3325,1.3325,0
Item_Rating,40411130,40BA102,3,4.5177,1.5177,0
Item_Rating,40311214,40BD032,2,2.6669,0.6669,0
Item_Rating,40411222,40BA062,1,2.0265,1.0265,0
Item_Rating,40311108,40BA101,3,2.8252,0.1748,0
Item_Rating,40211134,40BC021,4,3.802,0.198,0
Item_Rating,40320324,40BC011,1,1.7096,0.7096,0
Item_Rating,40311243,40BA012,3,3.4864,0.4864,0
Item_Rating,40411130,40BA222,2,4.4817,2.4817,0
Item_Rating,40411215,40BA052,1,3.8132,2.8132,0
Item_Rating,40411240,40BR022,2,1.6067,0.3933,0
Item_Rating,40211127,40BA131,5,4.4506,0.5494,0
Item_Rating,40211131,40B0291,1,1.0,0.0,0
Item_Rating,40211235,40BA102,4,2.8066,1.1934,0
Item_Rating,40211101,40BR342,5,4.5654,0.4346,0
Item_Rating,40211205,40BD012,4,3.5545,0.4455,0
Item_Rating,40411120,40BA061,4,3.7692,0.2308,0
Item_Rating,40311125,40B0291,3,2.0,1.0,0
Item_Rating,40211150,40BC021,3,3.7713,0.7713,0
Item_Rating,40311148,40BA081,3,1.4466,1.5534,0
Item_Rating,40211219,40BA052,2,3.0024,1.0024,0
Item_Rating,40211260,40BR122,5,3.3546,1.6454,0
Item_Rating,40311146,40BA061,1,1.8103,0.8103,0
Item_Rating,40511219,40BA052,3,2.5331,0.4669,1
Item_Rating,40211150,40BC061,4,3.7731,0.2269,0
Item_Rating,40211110,40BC051,2,3.4338,1.4338,0
Item_Rating,40311249,40BA022,3,3.5001,0.5001,0
Item_Rating,40211205,40BR042,3,3.6679,0.6679,0
Item_Rating,40411104,40BC071,3,2.9763,0.0237,0
Item_Rating,40211122,40BA151,4,3.365,0.635,0
Item_Rating,40211106,40BA081,3,2.413,0.587,0
Item_Rating,40311104,40BA141,1,2.4634,1.4634,0
Item_Rating,40311229,40BA012,2,3.0725,1.0725,0
Item_Rating,40511247,40B0292,4,5.0,1.0,0
Item_Rating,40211208,90B2681,3,2.4367,0.5633,0
Item_Rating,40211249,40BR122,5,3.5733,1.4267,0
Item_Rating,40311116,40BA081,3,2.0271,0.9729,0
Item_Rating,40311208,40BA022,4,3.5091,0.4909,0
Item_Rating,40211206,40BA012,5,3.9413,1.0587,0
Item_Rating,40511201,40BA012,3,3.0,0.0,0
Item_Rating,40211116,40BA131,5,3.6212,1.3788,0
Item_Rating,40211101,40BA081,4,3.8527,0.1473,0
Item_Rating,40211112,40BA021,1,2.195,1.195,0
Item_Rating,40211112,40BQ371,3,2.9036,0.0964,0
Item_Rating,40211217,40BA022,5,3.9928,1.0072,0
Item_Rating,40211220,40B0292,5,4.0799,0.9201,0
Item_Rating,40311130,40BQ321,3,1.6579,1.3421,0
Item_Rating,40311139,40BQ141,2,2.4238,0.4238,0
Item_Rating,40311236,40BA102,4,3.842,0.158,0
Item_Rating,40311245,40BA012,4,2.3344,1.6656,0
Item_Rating,40511123,40BA051,1,2.3704,1.3704,0
Item_Rating,40311114,40BA051,4,3.992,0.008,0
Item_Rating,40311155,40BC051,3,3.2053,0.2053,0
Item_Rating,40211239,40BR372,1,2.1137,1.1137,0
Item_Rating,40211130,40BA021,1,1.7938,0.7938,0
Item_Rating,40211133,40BA061,5,4.1782,0.8218,0
Item_Rating,40311236,40B8932,4,3.9706,0.0294,0
Item_Rating,40211106,40BA011,1,2.2974,1.2974,0
Item_Rating,40211158,409R181,4,2.8322,1.1678,0
Item_Rating,40311211,40BR372,3,3.2632,0.2632,0
Item_Rating,40511118,40BA051,2,2.0,0.0,0
Item_Rating,40311214,40BD012,1,2.4684,1.4684,0
Item_Rating,40211110,4069211,3,3.5396,0.5396,0
Item_Rating,40411246,40BA052,2,2.1554,0.1554,0
Item_Rating,40211165,40BA141,2,3.6177,1.6177,0
Item_Rating,40211241,40BA052,1,2.5088,1.5088,0
Item_Rating,40211115,40BC021,1,1.8184,0.8184,0
Item_Rating,40411251,40BA082,4,2.6977,1.3023,0
Item_Rating,40211150,40UN080,3,3.1491,0.1491,0
Item_Rating,40511125,40B0291,3,1.0,2.0,0
Item_Rating,40211205,40BR322,3,3.5212,0.5212,0
Item_Rating,40211127,40BQ421,5,4.3339,0.6661,0
Item_Rating,40311241,40BA102,2,1.176,0.824,0
Item_Rating,40211113,40BA101,2,2.5688,0.5688,0
Item_Rating,40211252,409Z491,5,4.3185,0.6815,0
Item_Rating,40311128,40BA021,4,3.7448,0.2552,0
Item_Rating,40311150,40BA221,1,1.8231,0.8231,0
Item_Rating,40211244,40B9561,4,3.7924,0.2076,0
Item_Rating,40311227,40BA062,1,3.3498,2.3498,0
Item_Rating,40211102,40BA011,4,3.5953,0.4047,0
Item_Rating,40211102,40WN081,3,3.9232,0.9232,0
Item_Rating,40211208,40BA152,2,2.1042,0.1042,0
Item_Rating,40211248,40BR122,5,3.5952,1.4048,0
Item_Rating,40311231,40BQ512,4,3.2355,0.7645,0
Item_Rating,40411158,40BA081,3,1.3642,1.6358,0
Item_Rating,40211163,40BA141,4,2.1794,1.8206,0
Item_Rating,40311227,40B0292,2,3.4148,1.4148,0
Item_Rating,40411155,40BQ031,4,2.8741,1.1259,0
Item_Rating,40511247,40BA052,4,5.0,1.0,0
Item_Rating,40311235,40BA102,1,2.486,1.486,0
Item_Rating,40511233,40BA052,4,2.0,2.0,0
Item_Rating,40311133,40BA101,2,2.9714,0.9714,0
Item_Rating,40311245,40BD012,2,2.4465,0.4465,0
Item_Rating,40211137,40BA051,3,1.7839,1.2161,0
Item_Rating,40211262,40BA132,4,3.7215,0.2785,0
Item_Rating,40211207,40BA062,4,3.264,0.736,0
Item_Rating,40211237,40BA022,1,2.8332,1.8332,0
Item_Rating,40311162,40BA021,1,1.7102,0.7102,0
Item_Rating,40211234,40BR032,4,3.8386,0.1614,0
Item_Rating,40411248,40BR472,1,3.7214,2.7214,0
Item_Rating,40211136,40BC051,5,3.772,1.228,0
Item_Rating,40311139,40BA141,1,2.376,1.376,0
Item_Rating,40411158,40BA011,3,1.4043,1.5957,0
Item_Rating,40211129,40BQ141,5,3.8153,1.1847,0
Item_Rating,40211259,40BA152,2,3.4116,1.4116,0
Item_Rating,40311258,40BD012,3,3.3568,0.3568,0
Item_Rating,40411140,40BC071,2,1.8755,0.1245,0
Item_Rating,40211158,40BQ371,2,2.5454,0.5454,0
Item_Rating,40311142,40BA101,1,1.461,0.461,0
Item_Rating,40211256,40BD012,5,3.7828,1.2172,0
Item_Rating,40311217,40BA012,3,3.0481,0.0481,0
Item_Rating,40411143,40BC011,1,1.504,0.504,0
Item_Rating,40211107,40BA081,1,2.1109,1.1109,0
Item_Rating,40311127,40BA081,2,1.0,1.0,0
Item_Rating,40211148,40BQ321,3,3.8092,0.8092,0
Item_Rating,40320310,40BC051,1,2.041,1.041,0
Item_Rating,40211220,40BD052,3,4.2435,1.2435,0
Item_Rating,40311162,40BQ311,1,1.6641,0.6641,0
Item_Rating,40211261,40BA122,3,3.4971,0.4971,0
Item_Rating,40311155,40BQ311,3,3.3048,0.3048,0
Item_Rating,40211252,40BR072,4,4.1974,0.1974,0
Item_Rating,40311169,40BA221,1,1.0,0.0,0
Item_Rating,40411215,40BA012,3,3.804,0.804,0
Item_Rating,40311117,40BA141,3,3.1859,0.1859,0
Item_Rating,40311158,40BA121,1,3.0651,2.0651,0
Item_Rating,40211209,40BA092,1,2.1673,1.1673,0
Item_Rating,40311236,40BD032,4,4.0118,0.0118,0
Item_Rating,40211153,40BQ021,5,3.9952,1.0048,0
Item_Rating,40211151,40BA081,3,2.5693,0.4307,0
Item_Rating,40411138,40BA021,1,1.3208,0.3208,0
Item_Rating,40211118,40BA141,5,4.4643,0.5357,0
Item_Rating,40411101,40BA011,1,2.4243,1.4243,0
Item_Rating,40211217,40BR082,4,4.2536,0.2536,0
Item_Rating,40311132,40BC051,1,1.6978,0.6978,0
Item_Rating,40211226,40BD052,5,4.3024,0.6976,0
Item_Rating,40211225,40B9572,4,3.0791,0.9209,0
Item_Rating,40411240,40BR472,5,1.5584,3.4416,0
Item_Rating,40211109,40B0291,2,2.3733,0.3733,0
Item_Rating,40411110,40BQ311,2,1.9619,0.0381,0
Item_Rating,40211241,40BA152,3,3.301,0.301,0
Item_Rating,40311250,40BA062,1,4.2083,3.2083,0
Item_Rating,40211102,40BQ421,3,3.5434,0.5434,0
Item_Rating,40211108,40BA051,3,3.4318,0.4318,0
Item_Rating,40411252,40BR472,1,1.4497,0.4497,0
Item_Rating,40511256,40B0292,3,1.9393,1.0607,0
Item_Rating,40311111,40BA061,4,2.3554,1.6446,0
Item_Rating,40211114,40UN110,4,1.9104,2.0896,0
Item_Rating,40511207,40BA012,2,4.0695,2.0695,0
Item_Rating,40311218,40BA082,4,1.9344,2.0656,0
Item_Rating,40311151,40BA021,4,4.2396,0.2396,0
Item_Rating,40411146,40BA081,2,2.193,0.193,0
Item_Rating,40311215,40BA122,2,3.4299,1.4299,0
Item_Rating,40511105,40B0291,5,4.0,1.0,0
Item_Rating,40211249,40BA052,3,3.3383,0.3383,0
Item_Rating,40311157,40BQ321,5,3.719,1.281,0
Item_Rating,40211225,40BD052,3,3.3369,0.3369,0
Item_Rating,40211151,40BQ371,5,3.8857,1.1143,0
Item_Rating,40211112,40BQ391,5,2.7809,2.2191,0
Item_Rating,40311261,40BA012,3,3.4745,0.4745,0
Item_Rating,40411254,40BA222,3,3.5843,0.5843,0
Item_Rating,40211239,40BR042,1,2.0149,1.0149,0
Item_Rating,40111230,40BA152,2,1.6421,0.3579,0
Item_Rating,40311233,40BA022,2,2.9648,0.9648,0
Item_Rating,40211266,433A021,3,2.265,0.735,0
Item_Rating,40211202,40BR242,3,3.4585,0.4585,0
Item_Rating,40411113,40BQ311,5,4.6974,0.3026,0
Item_Rating,40211249,40BA022,4,3.1405,0.8595,0
Item_Rating,40311157,40B0291,5,3.5837,1.4163,0
Item_Rating,40211139,432N861,1,2.6009,1.6009,0
Item_Rating,40311260,40BQ512,5,3.471,1.529,0
Item_Rating,40211230,40BA152,3,4.311,1.311,0
Item_Rating,40311158,40BQ031,2,3.7268,1.7268,0
Item_Rating,40311231,40BA132,5,2.9035,2.0965,0
Item_Rating,40211116,40IN101,4,2.9217,1.0783,0
Item_Rating,40311104,40BA081,4,2.2071,1.7929,0
Item_Rating,40411240,40BA052,1,1.5754,0.5754,0
Item_Rating,40211217,40BR032,5,4.2816,0.7184,0
Item_Rating,40211248,40BA022,1,3.2581,2.2581,0
Item_Rating,40211257,40BR372,1,1.9198,0.9198,0
Item_Rating,40211266,40BR042,2,2.1317,0.1317,0
Item_Rating,40311148,40BA011,1,1.579,0.579,0
Item_Rating,40411159,40BA051,2,2.3407,0.3407,0
Item_Rating,40205303,40BD012,2,1.6418,0.3582,0
Item_Rating,40411141,40BC011,1,1.7327,0.7327,0
Item_Rating,40211104,40BQ371,4,3.4512,0.5488,0
Item_Rating,40211145,40BC011,1,2.0906,1.0906,0
Item_Rating,40411147,40BA061,2,3.4123,1.4123,0
Item_Rating,40211215,40BD032,3,2.1241,0.8759,0
Item_Rating,40311121,40BC011,4,2.484,1.516,0
Item_Rating,40411256,40BA102,4,2.9008,1.0992,0
Item_Rating,40411105,40BQ311,5,3.468,1.532,0
Item_Rating,40211116,40BA051,2,3.3678,1.3678,0
Item_Rating,40211111,40BQ381,1,2.5094,1.5094,0
Item_Rating,40211106,409A012,2,3.0005,1.0005,0
Item_Rating,40211249,40BR082,4,3.603,0.397,0
Item_Rating,40211222,40BA092,4,4.557,0.557,0
Item_Rating,40211123,40BA021,4,3.6643,0.3357,0
Item_Rating,40211262,40BR042,4,3.8625,0.1375,0
Item_Rating,40411228,40BA062,3,3.3234,0.3234,0
Item_Rating,40211105,40BA051,3,1.7335,1.2665,0
Item_Rating,40311158,40BA221,2,3.7053,1.7053,0
Item_Rating,40211138,40BQ171,4,3.5923,0.4077,0
Item_Rating,40211129,40BC021,4,3.6199,0.3801,0
Item_Rating,40411218,40BR022,3,2.9298,0.0702,0
Item_Rating,40311129,40BQ331,1,1.8328,0.8328,0
Item_Rating,40211234,40BA022,3,3.2732,0.2732,0
Item_Rating,40211206,40BA062,4,4.0228,0.0228,0
Item_Rating,40211211,40BR372,3,3.8699,0.8699,0
Item_Rating,40311248,40BA132,5,4.3042,0.6958,0
Item_Rating,40211136,40BQ371,3,4.334,1.334,0
Item_Rating,40211247,409Z501,5,3.8837,1.1163,0
Item_Rating,40311250,40BA012,5,4.1696,0.8304,0
Item_Rating,40311236,40BA062,4,3.8184,0.1816,0
Item_Rating,40311216,40BR042,4,3.3545,0.6455,0
Item_Rating,40311218,40B8932,4,2.156,1.844,0
Item_Rating,40311146,40BA221,1,2.177,1.177,0
Item_Rating,40211144,40BA021,4,2.103,1.897,0
Item_Rating,40211248,40BD012,3,3.2754,0.2754,0
Item_Rating,40211162,40BA151,4,2.6135,1.3865,0
Item_Rating,40211203,40BA012,2,4.0552,2.0552,0
Item_Rating,40311122,40BA101,4,2.9489,1.0511,0
Item_Rating,40311155,40BC011,3,3.1702,0.1702,0
Item_Rating,40211214,40BD032,3,2.0802,0.9198,0
Item_Rating,40311159,40BC071,1,1.3102,0.3102,0
Item_Rating,40211139,40BA081,3,3.0262,0.0262,0
Item_Rating,40211202,40BR072,3,3.4159,0.4159,0
Item_Rating,40211261,40BR222,4,3.7403,0.2597,0
Item_Rating,40411134,40B0291,2,1.1804,0.8196,0
Item_Rating,40411159,40BQ311,3,2.1886,0.8114,0
Item_Rating,40411108,40BQ311,4,2.941,1.059,0
Item_Rating,40211121,40BA121,3,3.2215,0.2215,0
Item_Rating,40411117,40BA061,2,1.5097,0.4903,0
Item_Rating,40411216,40BA082,1,1.1488,0.1488,0
Item_Rating,40511220,40BA052,4,3.0,1.0,0
Item_Rating,40205303,40BR122,2,1.8148,0.1852,0
Item_Rating,40211165,40BQ421,4,3.5274,0.4726,0
Item_Rating,40211123,40PQ041,4,3.6892,0.3108,0
Item_Rating,40211263,433A021,1,1.9925,0.9925,0
Item_Rating,40211206,40BA092,4,4.1502,0.1502,0
Item_Rating,40411238,40BA222,2,2.6729,0.6729,0
Item_Rating,40411254,40BA012,3,3.4937,0.4937,0
Item_Rating,40211117,409A012,1,1.7802,0.7802,0
Item_Rating,40211202,40BD012,2,3.1769,1.1769,0
Item_Rating,40411145,40BA011,2,1.8398,0.1602,0
Item_Rating,40311237,40BR042,1,2.7215,1.7215,0
Item_Rating,40211134,40BC061,4,3.3559,0.6441,0
Item_Rating,40211114,40BC021,1,2.1945,1.1945,0
Item_Rating,40411213,40BA222,3,3.3689,0.3689,0
Item_Rating,40211162,40UN080,4,2.4549,1.5451,0
Item_Rating,40311264,4064243,2,4.0,2.0,0
Item_Rating,40211144,40BQ331,2,1.774,0.226,0
Item_Rating,40211207,40BR322,4,4.2265,0.2265,0
Item_Rating,40211154,40BA022,2,2.7416,0.7416,0
Item_Rating,40211106,40BQ171,4,3.0915,0.9085,0
Item_Rating,40311210,40BA122,1,2.1423,1.1423,0
Item_Rating,40211220,40BR082,4,4.271,0.271,0
Item_Rating,40411147,40BC011,4,3.4106,0.5894,0
Item_Rating,40411229,40BR022,1,1.899,0.899,0
Item_Rating,40211130,40BQ371,3,1.8783,1.1217,0
Item_Rating,40311227,40BD032,1,2.8462,1.8462,0
Item_Rating,40411207,40BA012,3,2.6899,0.3101,0
Item_Rating,40211208,40BR082,2,2.1155,0.1155,0
Item_Rating,40311237,40BA062,3,2.647,0.353,0
Item_Rating,40211105,409Q082,2,2.0304,0.0304,0
Item_Rating,40411126,40BA101,3,2.68,0.32,0
Item_Rating,40311131,40BQ311,3,2.2443,0.7557,0
Item_Rating,40211211,40BA152,3,4.0704,1.0704,0
Item_Rating,40211214,40BR372,2,2.2622,0.2622,0
Item_Rating,40511118,40B0291,4,2.0,2.0,0
Item_Rating,40311223,40BR042,3,2.305,0.695,0
Item_Rating,40411247,40BA062,4,3.2273,0.7727,0
Item_Rating,40511119,40B0291,5,2.0,3.0,0
Item_Rating,40211222,40BA152,3,4.6924,1.6924,0
Item_Rating,40411237,40B0292,1,1.3064,0.3064,0
Item_Rating,40311128,40BQ141,4,3.8823,0.1177,0
Item_Rating,40511121,40BA051,2,1.9136,0.0864,0
Item_Rating,40311227,40BA222,2,3.2924,1.2924,0
Item_Rating,40311240,40BD012,1,1.0,0.0,0
Item_Rating,40311218,40BA102,4,1.8831,2.1169,0
Item_Rating,40211244,40BA082,3,3.5792,0.5792,0
Item_Rating,40211249,40BA152,2,3.6477,1.6477,0
Item_Rating,40211237,40B0292,1,2.9194,1.9194,0
Item_Rating,40511103,40B0291,2,1.0,1.0,0
Item_Rating,40311211,40BR042,3,3.3358,0.3358,0
Item_Rating,40311216,40BD032,2,3.2215,1.2215,0
Item_Rating,40211214,40BA022,4,1.9125,2.0875,0
Item_Rating,40311205,40BQ512,4,3.4473,0.5527,0
Item_Rating,40211131,40BA081,1,1.0,0.0,0
Item_Rating,40311244,40BR042,4,3.2896,0.7104,0
Item_Rating,40511135,40B0291,4,3.1061,0.8939,0
Item_Rating,40211123,40BC011,2,3.7338,1.7338,0
Item_Rating,40211207,40B0292,5,3.0152,1.9848,0
Item_Rating,40311227,40BA102,3,3.1901,0.1901,0
Item_Rating,40211103,40BA141,1,2.0391,1.0391,0
Item_Rating,40211111,40BA051,2,2.7629,0.7629,0
Item_Rating,40211123,40UN080,5,3.6768,1.3232,0
Item_Rating,40211201,40BA061,1,3.4434,2.4434,0
Item_Rating,40211101,40BQ051,5,4.6821,0.3179,0
Item_Rating,40411124,40BA021,1,1.8793,0.8793,0
Item_Rating,40411122,40BA051,1,1.4825,0.4825,0
Item_Rating,40211113,40BA151,3,3.0152,0.0152,0
Item_Rating,40311257,40BR372,4,3.8456,0.1544,0
Item_Rating,40211118,40BA121,5,4.4816,0.5184,0
Item_Rating,40311217,40BA062,1,3.0815,2.0815,0
Item_Rating,40311110,40BA061,1,2.2793,1.2793,0
Item_Rating,40311237,40BA022,1,2.5546,1.5546,0
Item_Rating,40211233,40BR032,2,2.5229,0.5229,0
Item_Rating,40311145,40BA051,1,2.0,1.0,0
Item_Rating,40211213,40BA082,3,1.2038,1.7962,0
Item_Rating,40311114,40BC011,3,3.3332,0.3332,0
Item_Rating,40211252,40BA102,5,4.118,0.882,0
Item_Rating,40211215,40BA152,3,2.1067,0.8933,0
Item_Rating,40211107,40BQ371,3,1.8695,1.1305,0
Item_Rating,40411109,40BA222,1,2.4079,1.4079,0
Item_Rating,40211137,40BA151,3,1.9511,1.0489,0
Item_Rating,40411101,40BA021,1,2.3932,1.3932,0
Item_Rating,40211261,409Z511,4,4.185,0.185,0
Item_Rating,40211234,40BR122,5,3.8994,1.1006,0
Item_Rating,40211250,40BD032,3,3.6307,0.6307,0
Item_Rating,40411212,40BA022,1,1.9824,0.9824,0
Item_Rating,40311161,40BA101,1,1.129,0.129,0
Item_Rating,40211237,40BR032,2,3.0302,1.0302,0
Item_Rating,40211264,40BR032,2,1.9844,0.0156,0
Item_Rating,40411120,40BA051,3,3.8281,0.8281,0
Item_Rating,40311137,40BA221,3,3.3978,0.3978,0
Item_Rating,40211132,40BC011,1,2.1347,1.1347,0
Item_Rating,40411221,40BA052,2,2.6593,0.6593,0
Item_Rating,40411121,40B0291,1,1.0,0.0,0
Item_Rating,40411147,40B0291,5,3.5472,1.4528,0
Item_Rating,40211126,40B9662,4,3.2873,0.7127,0
Item_Rating,40211229,40BR242,2,2.3307,0.3307,0
Item_Rating,40211145,40BA131,2,1.8894,0.1106,0
Item_Rating,40411102,40BA221,3,3.4943,0.4943,0
Item_Rating,40211243,40BA012,1,1.0,0.0,0
Item_Rating,40311235,40B0292,3,2.5312,0.4688,0
Item_Rating,40311145,40BA011,1,2.0,1.0,0
Item_Rating,40211164,409U403,4,2.9092,1.0908,2
Item_Rating,40211264,40BA102,1,1.9819,0.9819,0
Item_Rating,40311131,40BC011,1,2.3262,1.3262,0
Item_Rating,40311211,40BA122,4,3.197,0.803,0
Item_Rating,40311121,40BA131,3,2.9669,0.0331,0
Item_Rating,40211257,40BD032,2,1.909,0.091,0
Item_Rating,40411168,40BA221,1,1.0,0.0,0
Item_Rating,40311238,40BD032,3,3.0442,0.0442,0
Item_Rating,40311250,431A241,5,2.9092,2.0908,2
Item_Rating,40211220,40BR122,5,4.2821,0.7179,0
Item_Rating,40211107,40BR242,2,1.5001,0.4999,0
Item_Rating,40311233,40BA082,4,2.9878,1.0122,0
Item_Rating,40211158,40UN110,4,2.7255,1.2745,0
Item_Rating,40411226,40BA082,1,2.7223,1.7223,0
Item_Rating,40211264,40BA062,1,1.9795,0.9795,0
Item_Rating,40211125,40BA011,4,3.2283,0.7717,0
Item_Rating,40411141,40BA221,1,1.7899,0.7899,0
Item_Rating,40211165,40BA101,4,3.7707,0.2293,0
Item_Rating,40411126,40BA051,2,2.7689,0.7689,0
Item_Rating,40211145,40BA051,2,2.3317,0.3317,0
Item_Rating,40311135,40BQ321,3,3.0964,0.0964,0
Item_Rating,40311122,40BQ321,4,3.1406,0.8594,0
Item_Rating,40211151,40BC051,4,2.7465,1.2535,0
Item_Rating,40411140,40BQ031,3,1.9225,1.0775,0
Item_Rating,40211150,40BA011,3,3.343,0.343,0
Item_Rating,40411131,40BA081,1,1.0,0.0,0
Item_Rating,40211121,40BC021,2,3.079,1.079,0
Item_Rating,40211148,40BA141,4,4.01,0.01,0
Item_Rating,40320310,40BQ321,2,2.04,0.04,0
Item_Rating,40320324,40BA221,1,1.7592,0.7592,0
Item_Rating,40211263,409U163,1,2.3898,1.3898,0
Item_Rating,40311155,40BA141,3,3.1681,0.1681,0
Item_Rating,40211144,40BA221,1,2.1151,1.1151,0
Item_Rating,40211154,40BR372,2,2.4103,0.4103,0
Item_Rating,40211102,40BC051,4,3.4474,0.5526,0
Item_Rating,40311133,40BA221,2,3.4402,1.4402,0
Item_Rating,40311244,40BA012,3,2.9953,0.0047,0
Item_Rating,40211109,40BA051,2,2.5264,0.5264,0
Item_Rating,40211229,40BA082,2,1.8701,0.1299,0
Item_Rating,40311106,40B0291,4,3.311,0.689,0
Item_Rating,40211105,40B0291,1,1.6836,0.6836,0
Item_Rating,40211151,40BA141,4,3.4102,0.5898,0
Item_Rating,40311214,40BA062,1,2.4875,1.4875,0
Item_Rating,40211241,40BA102,3,2.4272,0.5728,0
Item_Rating,40211162,40BA011,2,2.63,0.63,0
Item_Rating,40411257,40BA052,2,2.4417,0.4417,0
Item_Rating,40211148,40BA091,4,4.1305,0.1305,0
Item_Rating,40411233,40BR472,5,2.5656,2.4344,0
Item_Rating,40311248,40B8932,5,4.2293,0.7707,0
Item_Rating,40411250,40BA052,2,3.2425,1.2425,0
Item_Rating,40211263,40BA082,2,1.7719,0.2281,0
Item_Rating,40311261,40BA082,4,3.3962,0.6038,0
Item_Rating,40411138,40BA011,1,1.4835,0.4835,0
Item_Rating,40411248,40BA222,4,3.7218,0.2782,0
Item_Rating,40311134,40B0291,2,1.7741,0.2259,0
Item_Rating,40211111,40BA151,3,2.8418,0.1582,0
Item_Rating,40211201,40BR082,3,3.428,0.428,0
Item_Rating,40311261,40BA022,5,3.3432,1.6568,0
Item_Rating,40411130,40BA021,2,2.4344,0.4344,0
Item_Rating,40311218,40BR072,4,2.1762,1.8238,0
Item_Rating,40211133,40BA021,4,4.1145,0.1145,0
Item_Rating,40211161,40BA101,4,1.6611,2.3389,0
Item_Rating,40211259,40BA092,5,3.449,1.551,0
Item_Rating,40411111,40BA081,1,1.8518,0.8518,0
Item_Rating,40211127,40BQ401,4,4.626,0.626,0
Item_Rating,40211126,433Q051,2,2.7362,0.7362,0
Item_Rating,40411240,40B0292,3,1.5257,1.4743,0
Item_Rating,40211151,40BA051,3,2.7951,0.2049,0
Item_Rating,40211150,40BQ421,4,3.6582,0.3418,0
Item_Rating,40311250,40BA122,4,4.2497,0.2497,0
Item_Rating,40411250,40BR472,5,3.1279,1.8721,0
Item_Rating,40311201,40BA102,4,4.8084,0.8084,0
Item_Rating,40211213,40BR122,4,3.149,0.851,0
Item_Rating,40211164,40BA102,3,4.4949,1.4949,0
Item_Rating,40411256,40BA022,3,2.8781,0.1219,0
Item_Rating,40311133,40BC011,3,2.9577,0.0423,0
Item_Rating,40211258,40BA012,1,1.0,0.0,0
Item_Rating,40211142,409A021,1,1.4943,0.4943,0
Item_Rating,40211105,40BC021,3,1.7401,1.2599,0
Item_Rating,40211121,40BQ171,4,2.7039,1.2961,0
Item_Rating,40211126,40BA141,3,4.0681,1.0681,0
Item_Rating,40211201,40BR072,4,2.972,1.028,0
Item_Rating,40311152,40BA061,1,2.0386,1.0386,0
Item_Rating,40211136,40BA051,3,3.7142,0.7142,0
Item_Rating,40311258,40BA022,5,3.3754,1.6246,0
Item_Rating,40511155,40B0291,5,4.553,0.447,0
Item_Rating,40311261,40BA132,5,3.8536,1.1464,0
Item_Rating,40311201,40B8932,5,4.8379,0.1621,0
Item_Rating,40311139,40BQ311,3,2.1657,0.8343,0
Item_Rating,40411120,40BA011,1,3.8805,2.8805,0
Item_Rating,40411222,40BA102,2,2.0405,0.0405,0
Item_Rating,40211109,40UN110,4,2.7172,1.2828,0
Item_Rating,40211207,40BA142,5,4.238,0.762,0
Item_Rating,40311123,40BC011,1,1.9196,0.9196,0
Item_Rating,40211244,40BR242,4,4.0285,0.0285,0
Item_Rating,40311261,40B0292,2,3.5019,1.5019,0
Item_Rating,40311241,40B0292,1,1.2721,0.2721,0
Item_Rating,40211249,40BA102,3,3.1181,0.1181,0
Item_Rating,40211228,409Z501,5,4.0096,0.9904,0
Item_Rating,40333126,40BA081,3,1.0,2.0,0
Item_Rating,40411253,40BA022,2,2.1899,0.1899,0
Item_Rating,40411160,40BD012,4,2.4295,1.5705,0
Item_Rating,40211107,40B0291,2,2.0519,0.0519,0
Item_Rating,40211259,40BR372,4,3.3124,0.6876,0
Item_Rating,40311125,40BA051,1,2.0,1.0,0
Item_Rating,40311226,40BA052,4,3.2704,0.7296,0
Item_Rating,40511203,40B0292,5,2.4697,2.5303,0
Item_Rating,40311138,40BA101,2,2.8106,0.8106,0
Item_Rating,40211243,40BA022,1,1.0,0.0,0
Item_Rating,40411138,40BQ031,2,1.3624,0.6376,0
Item_Rating,40211244,40BD032,4,3.8864,0.1136,0
Item_Rating,40211243,40BA062,1,1.0,0.0,0
Item_Rating,40411146,40BQ031,2,2.1959,0.1959,0
Item_Rating,40211129,40BA051,3,3.7369,0.7369,0
Item_Rating,40211256,40BA102,5,4.0302,0.9698,0
Item_Rating,40211101,40BR372,5,4.605,0.395,0
Item_Rating,40211227,40BR072,4,3.6414,0.3586,0
Item_Rating,40411258,40BA102,3,2.4406,0.5594,0
Item_Rating,40311106,40BQ141,3,3.12,0.12,0
Item_Rating,40211220,40BQ421,4,4.0601,0.0601,0
Item_Rating,40511130,40BA051,2,5.0,3.0,0
Item_Rating,40211104,40BA051,4,2.4156,1.5844,0
Item_Rating,40311250,40BA052,5,4.1916,0.8084,0
Item_Rating,40311206,40BA052,5,3.0696,1.9304,0
Item_Rating,40311118,40BC071,3,4.2047,1.2047,0
Item_Rating,40311256,40BR372,4,3.8647,0.1353,0
Item_Rating,40211162,40BQ051,4,2.4548,1.5452,0
Item_Rating,40311223,40BR022,3,2.2248,0.7752,0
Item_Rating,40311211,40BA102,4,3.1329,0.8671,0
Item_Rating,40511250,40BA052,3,4.4956,1.4956,0
Item_Rating,40511119,40BA011,4,2.0,2.0,0
Item_Rating,40511149,40BA051,2,3.0,1.0,0
Item_Rating,40320326,40BQ341,3,2.4911,0.5089,0
Item_Rating,40311137,40BQ341,5,3.176,1.824,0
Item_Rating,40311212,40BA122,1,2.333,1.333,0
Item_Rating,40211220,409Z501,5,4.5568,0.4432,0
Item_Rating,40320326,40BA021,1,2.3568,1.3568,0
Item_Rating,40211127,40BA141,3,4.6637,1.6637,0
Item_Rating,40411215,40BA022,2,3.8175,1.8175,0
Item_Rating,40311211,40BA222,3,3.3129,0.3129,0
Item_Rating,40311123,40BA061,1,2.0135,1.0135,0
Item_Rating,40211242,40B9572,4,4.5149,0.5149,0
Item_Rating,40211110,40BQ021,2,3.083,1.083,0
Item_Rating,40211222,40BR342,3,4.5644,1.5644,0
Item_Rating,40511224,40B0292,3,1.0,2.0,0
Item_Rating,40311241,40BA082,2,1.1961,0.8039,0
Item_Rating,40211268,40BA011,1,2.4361,1.4361,1
Item_Rating,40311229,40BA052,5,3.1572,1.8428,0
Item_Rating,40211147,40BA081,3,2.2504,0.7496,0
Item_Rating,40211201,40BA022,2,2.115,0.115,0
Item_Rating,40211101,40BC011,5,3.8727,1.1273,0
Item_Rating,40211224,40BR342,3,2.288,0.712,0
Item_Rating,40311162,40BA011,1,1.6725,0.6725,0
Item_Rating,40311235,40BA012,1,2.5479,1.5479,0
Item_Rating,40311201,40BA062,1,4.7894,3.7894,0
Item_Rating,40211209,40BR122,1,2.1651,1.1651,0
Item_Rating,40211145,40B0291,3,2.3366,0.6634,0
Item_Rating,40411133,40BC011,2,2.7811,0.7811,0
Item_Rating,40211123,40UN070,4,3.8178,0.1822,0
Item_Rating,40211127,40BC021,5,4.6559,0.3441,0
Item_Rating,40411110,40BQ031,3,2.1991,0.8009,0
Item_Rating,40311235,40BR022,3,2.7276,0.2724,0
Item_Rating,40211246,40BD012,4,4.2969,0.2969,0
Item_Rating,40411163,40BA101,3,3.4202,0.4202,0
Item_Rating,40320310,40BA101,1,1.9626,0.9626,0
Item_Rating,40311106,40BA081,3,3.022,0.022,0
Item_Rating,40211141,40BA091,4,4.0865,0.0865,0
Item_Rating,40411164,40BQ311,1,1.0,0.0,0
Item_Rating,40211222,40BD052,4,4.6986,0.6986,0
Item_Rating,40311230,40BR022,3,2.4607,0.5393,0
Item_Rating,40211133,40BA151,4,4.6589,0.6589,0
Item_Rating,40211234,40BA052,3,3.157,0.157,0
Item_Rating,40311211,40BD032,3,3.2352,0.2352,0
Item_Rating,40311211,40BR022,2,3.2489,1.2489,0
Item_Rating,40211203,40BR042,5,4.2643,0.7357,0
Item_Rating,40211144,40BC011,1,1.9126,0.9126,0
Item_Rating,40411237,40BR472,2,1.3329,0.6671,0
Item_Rating,40211255,40BA152,3,3.1683,0.1683,0
Item_Rating,40411146,40B0291,4,2.5062,1.4938,0
Item_Rating,40311215,40B8932,5,3.7355,1.2645,0
Item_Rating,40211101,40BA011,5,3.7942,1.2058,0
Item_Rating,40211145,409U053,2,1.9652,0.0348,0
Item_Rating,40411111,40BA011,3,2.1604,0.8396,0
Item_Rating,40211113,40BQ171,3,2.9521,0.0479,0
Item_Rating,40411120,40BA101,4,3.8941,0.1059,0
Item_Rating,40311209,40BA052,2,1.8983,0.1017,0
Item_Rating,40211239,40BA142,3,1.7526,1.2474,0
Item_Rating,40211129,40BQ371,3,3.5293,0.5293,0
Item_Rating,40211109,40BQ381,1,2.5373,1.5373,0
Item_Rating,40211102,40KE011,4,2.9092,1.0908,2
Item_Rating,40211122,40BC021,4,3.2549,0.7451,0
Item_Rating,40411244,40BR022,4,2.9539,1.0461,0
Item_Rating,40311155,40BA081,2,3.2342,1.2342,0
Item_Rating,40211130,40BA131,2,2.1189,0.1189,0
Item_Rating,40211110,40B9662,5,3.0568,1.9432,0
Item_Rating,40311129,40BA141,3,1.8506,1.1494,0
Item_Rating,40411205,40BR472,2,2.3728,0.3728,0
Item_Rating,40311219,40BA222,3,2.2742,0.7258,0
Item_Rating,40320324,40BQ311,3,1.8942,1.1058,0
Item_Rating,40211102,40BA141,4,3.6965,0.3035,0
Item_Rating,40211141,40BA141,4,3.9915,0.0085,0
Item_Rating,40311133,40BQ341,5,2.6862,2.3138,0
Item_Rating,40411263,40BA102,1,1.0,0.0,0
Item_Rating,40411243,40BA062,4,2.5927,1.4073,0
Item_Rating,40211161,409A013,1,1.9152,0.9152,0
Item_Rating,40311249,40BA222,4,4.4341,0.4341,0
Item_Rating,40311232,40BR042,3,2.2619,0.7381,0
Item_Rating,40211122,432N442,3,2.4219,0.5781,0
Item_Rating,40311211,40BD012,3,3.1442,0.1442,0
Item_Rating,40311109,40B0291,1,1.0,0.0,0
Item_Rating,40111256,40B9651,2,4.0,2.0,0
Item_Rating,40311151,40BC011,3,4.1296,1.1296,0
Item_Rating,40311116,40BA051,1,2.1151,1.1151,0
Item_Rating,40211256,40BA022,5,3.8002,1.1998,0
Item_Rating,40211206,40BA152,3,4.0398,1.0398,0
Item_Rating,40511143,40BA051,4,4.4568,0.4568,0
Item_Rating,40211245,40BR072,3,2.1023,0.8977,0
Item_Rating,40511111,40B0291,3,2.0,1.0,0
Item_Rating,40211227,40BA132,5,2.8625,2.1375,0
Item_Rating,40320310,40BA221,1,2.0569,1.0569,0
Item_Rating,40211228,40BA082,3,3.7935,0.7935,0
Item_Rating,40211222,40BA052,2,4.4516,2.4516,0
Item_Rating,40411211,40BA012,2,2.9493,0.9493,0
Item_Rating,40311258,40BA102,3,3.1066,0.1066,0
Item_Rating,40211217,40B9561,4,3.8215,0.1785,0
Item_Rating,40211242,40BD052,4,4.5636,0.5636,0
Item_Rating,40211117,40BQ371,4,2.0482,1.9518,0
Item_Rating,40511211,40B0292,4,3.0,1.0,0
Item_Rating,40311231,40BA052,3,2.8504,0.1496,0
Item_Rating,40511226,40B0292,4,3.3106,0.6894,1
Item_Rating,40211247,409Z511,3,3.6878,0.6878,0
Item_Rating,40211203,40BR222,4,4.0037,0.0037,0
Item_Rating,40211144,40BA061,4,1.7088,2.2912,0
Item_Rating,40311236,40BA012,5,3.7524,1.2476,0
Item_Rating,40411237,40BR022,1,1.3512,0.3512,0
Item_Rating,40311111,40BA021,2,2.514,0.514,0
Item_Rating,40211105,40BA061,4,1.5062,2.4938,0
Item_Rating,40411256,40BA012,3,2.807,0.193,0
Item_Rating,40211245,40BA142,3,2.3768,0.6232,0
Item_Rating,40511211,40BA052,3,3.0,0.0,0
Item_Rating,40211133,40BA141,4,4.5281,0.5281,0
Item_Rating,40211144,40BA081,2,2.1275,0.1275,0
Item_Rating,40211114,40BQ321,1,1.9801,0.9801,0
Item_Rating,40311205,40BD012,5,2.5302,2.4698,0
Item_Rating,40411212,40BA012,1,2.2344,1.2344,0
Item_Rating,40211202,40BR322,3,3.5645,0.5645,0
Item_Rating,40411243,40BR472,1,2.7081,1.7081,0
Item_Rating,40211105,40BR242,4,1.3474,2.6526,0
Item_Rating,40511210,40BA012,2,2.0,0.0,0
Item_Rating,40411213,40BA012,4,3.0949,0.9051,0
Item_Rating,40211237,40BD032,4,2.9862,1.0138,0
Item_Rating,40311230,40BR042,2,2.7833,0.7833,0
Item_Rating,40511238,40BA012,5,5.0,0.0,0
Item_Rating,40411246,40BR022,4,2.2292,1.7708,0
Item_Rating,40411151,40BA021,3,3.8304,0.8304,0
Item_Rating,40311155,40BC071,3,3.2886,0.2886,0
Item_Rating,40311244,40BR022,3,3.0232,0.0232,0
Item_Rating,40311209,40BA222,2,2.2825,0.2825,0
Item_Rating,40211242,40UN160,3,4.2321,1.2321,0
Item_Rating,40411215,40BD012,3,3.8512,0.8512,0
Item_Rating,40211118,40BA051,4,4.2588,0.2588,0
Item_Rating,40211129,40KE011,3,2.9092,0.0908,2
Item_Rating,40211108,409Z481,5,3.6278,1.3722,0
Item_Rating,40311229,40BA122,3,3.2617,0.2617,0
Item_Rating,40211216,40BR072,5,4.2045,0.7955,0
Item_Rating,40211144,40BQ401,1,1.8835,0.8835,0
Item_Rating,40311202,40BA012,2,3.3998,1.3998,0
Item_Rating,40211209,40BA122,3,2.0406,0.9594,0
Item_Rating,40411134,40BA061,1,1.1403,0.1403,0
Item_Rating,40211238,40BA012,1,2.4228,1.4228,0
Item_Rating,40211108,409Z501,5,3.6388,1.3612,0
Item_Rating,40311110,40BA011,2,2.1319,0.1319,0
Item_Rating,40411140,40BA011,1,1.9883,0.9883,0
Item_Rating,40311106,40BA051,3,3.4051,0.4051,0
Item_Rating,40311141,40BA051,1,1.0,0.0,0
Item_Rating,40511125,40BA011,1,1.0,0.0,0
Item_Rating,40211207,40B9572,4,4.0841,0.0841,0
Item_Rating,40511130,40B0291,4,5.0,1.0,0
Item_Rating,40311113,40BA081,2,1.0,1.0,0
Item_Rating,40411215,40BA082,2,3.752,1.752,0
Item_Rating,40211126,40BC061,1,3.5805,2.5805,0
Item_Rating,40311208,40BA062,4,3.3903,0.6097,0
Item_Rating,40211153,40BC061,4,4.0463,0.0463,0
Item_Rating,40211132,40BQ371,2,1.6755,0.3245,0
Item_Rating,40211232,40BA022,1,2.5217,1.5217,0
Item_Rating,40411104,40BC011,2,2.9592,0.9592,0
Item_Rating,40211104,40BQ421,2,3.2553,1.2553,0
Item_Rating,40211211,40BA132,3,3.2334,0.2334,0
Item_Rating,40311202,40B8932,3,3.6895,0.6895,0
Item_Rating,40311207,40B8932,4,3.9905,0.0095,0
Item_Rating,40411240,40BA102,4,1.6141,2.3859,0
Item_Rating,40211123,40BC051,4,3.8861,0.1139,0
Item_Rating,40411252,40BA102,2,1.4338,0.5662,0
Item_Rating,40311139,40BA011,1,2.0941,1.0941,0
Item_Rating,40211241,40BA012,4,2.5544,1.4456,0
Item_Rating,40311105,40BA051,1,1.582,0.582,0
Item_Rating,40211103,40BA131,3,2.0504,0.9496,0
Item_Rating,40411122,40BA061,1,1.4089,0.4089,0
Item_Rating,40211226,40BR072,4,3.9636,0.0364,0
Item_Rating,40211231,40BA052,1,1.0,0.0,0
Item_Rating,40411241,40BD012,4,1.5222,2.4778,0
Item_Rating,40211223,40BR032,4,4.4657,0.4657,0
Item_Rating,40311233,40BR372,4,3.0546,0.9454,0
Item_Rating,40205303,40BA102,1,1.6375,0.6375,0
Item_Rating,40211118,40B9662,5,4.6272,0.3728,0
Item_Rating,40411130,409A013,1,3.8259,2.8259,0
Item_Rating,40211109,40B9662,4,3.3689,0.6311,0
Item_Rating,40312142,40BA221,3,3.1231,0.1231,0
Item_Rating,40411212,40BA102,4,1.9573,2.0427,0
Item_Rating,40211133,40BQ321,4,4.3864,0.3864,0
Item_Rating,40411205,409A013,1,2.5015,1.5015,0
Item_Rating,40211247,40BA122,3,3.807,0.807,0
Item_Rating,40511255,40BA052,4,4.5044,0.5044,0
Item_Rating,40211141,40BQ171,4,4.0301,0.0301,0
Item_Rating,40411150,40BA061,1,2.3611,1.3611,0
Item_Rating,40411207,40BA222,1,2.5814,1.5814,0
Item_Rating,40311159,40BA011,1,1.2002,0.2002,0
Item_Rating,40211244,40BA132,2,3.5028,1.5028,0
Item_Rating,40211223,40BA022,5,3.8716,1.1284,0
Item_Rating,40311140,40BQ141,5,4.145,0.855,0
Item_Rating,40311212,40BA022,1,2.4239,1.4239,0
Item_Rating,40211113,40BQ021,1,3.0213,2.0213,0
Item_Rating,40311116,40BA011,2,2.1442,0.1442,0
Item_Rating,40411111,40BC071,1,1.7679,0.7679,0
Item_Rating,40311140,40BC021,5,4.0809,0.9191,0
Item_Rating,40211216,40BR322,5,4.5113,0.4887,0
Item_Rating,40211228,40BA102,4,3.825,0.175,0
Item_Rating,40311240,40BA052,1,1.0,0.0,0
Item_Rating,40411251,40BA012,1,2.6225,1.6225,0
Item_Rating,40211206,40BA052,3,3.9616,0.9616,0
Item_Rating,40311155,40BA221,2,3.301,1.301,0
Item_Rating,40311224,40BR022,1,1.2939,0.2939,0
Item_Rating,40411213,40B0292,4,3.2025,0.7975,0
Item_Rating,40211267,40BA152,3,3.579,0.579,0
Item_Rating,40311213,40BA012,1,2.3958,1.3958,0
Item_Rating,40211103,40BA011,1,1.9476,0.9476,0
Item_Rating,40211121,40BA141,3,2.8865,0.1135,0
Item_Rating,40411236,40BA222,4,3.238,0.762,0
Item_Rating,40211223,40BR042,4,4.0009,0.0009,0
Item_Rating,40411244,40BD012,4,2.9598,1.0402,0
Item_Rating,40211259,40BA082,1,2.9779,1.9779,0
Item_Rating,40311134,40BA061,1,2.1222,1.1222,0
Item_Rating,40211151,40PQ041,4,4.4304,0.4304,0
Item_Rating,40511111,40BA051,1,2.0,1.0,0
Item_Rating,40411225,40BA052,2,2.2258,0.2258,0
Item_Rating,40211224,40BD052,1,2.0902,1.0902,0
Item_Rating,40211236,40BA052,1,1.0,0.0,0
Item_Rating,40211163,40BC061,1,2.2723,1.2723,0
Item_Rating,40511202,40B0292,5,4.5303,0.4697,0
Item_Rating,40411246,40BA102,3,2.2707,0.7293,0
Item_Rating,40211117,40BQ171,1,1.9934,0.9934,0
Item_Rating,40311146,40BQ311,1,1.7915,0.7915,0
Item_Rating,40411146,40BC011,2,2.1133,0.1133,0
Item_Rating,40311104,40BA221,1,2.1452,1.1452,0
Item_Rating,40311202,40BA122,4,3.6163,0.3837,0
Item_Rating,40211216,409Z501,5,4.4827,0.5173,0
Item_Rating,40211103,40BC051,2,1.9848,0.0152,0
Item_Rating,40411238,40BA102,4,2.6805,1.3195,0
Item_Rating,40311131,40BA141,1,2.2073,1.2073,0
Item_Rating,40211244,40BR372,4,3.6623,0.3377,0
Item_Rating,40311243,40BR072,4,3.7532,0.2468,0
Item_Rating,40211220,40BA152,4,4.2368,0.2368,0
Item_Rating,40311140,40BC011,2,3.9942,1.9942,0
Item_Rating,40411209,40BR022,2,1.5804,0.4196,0
Item_Rating,40311219,40BR022,3,2.2849,0.7151,0
Item_Rating,40311139,40BA131,1,2.3945,1.3945,0
Item_Rating,40211132,40KN633,4,2.363,1.637,0
Item_Rating,40211147,40BQ321,2,2.0009,0.0009,0
Item_Rating,40411241,40BA022,1,1.51,0.51,0
Item_Rating,40211223,40BA092,5,4.4619,0.5381,0
Item_Rating,40411127,40BQ031,5,2.2762,2.7238,0
Item_Rating,40411159,40BQ031,3,2.3248,0.6752,0
Item_Rating,40411221,40BR472,5,2.7763,2.2237,0
Item_Rating,40211242,40BA092,5,4.5005,0.4995,0
Item_Rating,40411105,40BA051,3,3.5078,0.5078,0
Item_Rating,40211112,40BA091,1,2.6522,1.6522,0
Item_Rating,40211165,40BA151,3,3.6094,0.6094,0
Item_Rating,40311157,40BC021,4,3.749,0.251,0
Item_Rating,40311211,40K0051,2,4.1237,2.1237,0
Item_Rating,40411101,40BR472,4,3.4756,0.5244,0
Item_Rating,40411258,40BA082,3,2.4454,0.5546,0
Item_Rating,40211115,40BA131,2,1.9782,0.0218,0
Item_Rating,40411244,40BA102,3,2.9487,0.0513,0
Item_Rating,40211123,40BA091,2,3.8272,1.8272,0
Item_Rating,40211219,40BA012,4,3.011,0.989,0
Item_Rating,40311260,40BD012,4,3.0318,0.9682,0
Item_Rating,40211141,40BQ021,4,4.0117,0.0117,0
Item_Rating,40211132,40BC051,1,1.9922,0.9922,0
Item_Rating,40211252,40BA082,3,4.1039,1.1039,0
Item_Rating,40411115,40BA061,1,1.972,0.972,0
Item_Rating,40211136,40BA021,5,3.5167,1.4833,0
Item_Rating,40211213,40BR222,4,3.3322,0.6678,0
Item_Rating,40211208,40BA221,2,2.401,0.401,0
Item_Rating,40211225,40BR122,5,3.3053,1.6947,0
Item_Rating,40311108,40BA121,1,2.985,1.985,0
Item_Rating,40211252,409D021,3,4.0544,1.0544,0
Item_Rating,40211248,40BA062,2,3.4922,1.4922,0
Item_Rating,40311204,40BA082,5,3.2462,1.7538,0
Item_Rating,40211263,40BA132,2,1.7461,0.2539,0
Item_Rating,40311212,40BA132,2,2.2375,0.2375,0
Item_Rating,40211225,40BA142,4,3.4264,0.5736,0
Item_Rating,40211209,40BA012,1,1.8686,0.8686,0
Item_Rating,40211207,40BR072,5,3.6977,1.3023,0
Item_Rating,40211215,40BR032,1,2.0082,1.0082,0
Item_Rating,40311135,40BA051,3,3.1139,0.1139,0
Item_Rating,40311212,40BA012,1,2.4429,1.4429,0
Item_Rating,40411258,40BD012,4,2.4289,1.5711,0
Item_Rating,40211157,40BA091,1,1.7015,0.7015,0
Item_Rating,40320326,40BC011,1,2.0829,1.0829,0
Item_Rating,40211156,40BA101,3,3.6984,0.6984,0
Item_Rating,40211224,40BA142,3,2.2318,0.7682,0
Item_Rating,40311113,40B0291,1,1.0,0.0,0
Item_Rating,40311224,40BA062,1,1.2734,0.2734,0
Item_Rating,40311230,40BR372,3,2.7787,0.2213,0
Item_Rating,40411257,40B0292,4,2.4865,1.5135,0
Item_Rating,40411167,40BA221,2,1.433,0.567,0
Item_Rating,40211141,40B9651,4,4.3366,0.3366,0
Item_Rating,40211229,433A021,1,2.1705,1.1705,0
Item_Rating,40311208,40BR072,3,3.6251,0.6251,0
Item_Rating,40211135,40BA081,2,3.3656,1.3656,0
Item_Rating,40311214,40BA022,1,2.2707,1.2707,0
Item_Rating,40411164,40BC011,1,1.0,0.0,0
Item_Rating,40211103,40B0291,2,1.9434,0.0566,0
Item_Rating,40211220,40BA102,5,3.9356,1.0644,0
Item_Rating,40411217,40BD012,5,3.6985,1.3015,0
Item_Rating,40311210,409A011,1,2.2229,1.2229,0
Item_Rating,40211203,40BD012,5,4.1108,0.8892,0
Item_Rating,40211136,40BA151,4,4.0538,0.0538,0
Item_Rating,40211115,40BA081,2,2.1633,0.1633,0
Item_Rating,40411215,40BA222,3,3.7758,0.7758,0
Item_Rating,40211246,40BA092,5,4.552,0.448,0
Item_Rating,40311123,40BQ031,2,2.1501,0.1501,0
Item_Rating,40411117,40BA101,1,1.4775,0.4775,0
Item_Rating,40411101,40BA102,3,3.4457,0.4457,0
Item_Rating,40311206,40BA122,2,3.5242,1.5242,0
Item_Rating,40411160,40BA021,3,1.8129,1.1871,0
Item_Rating,40211109,40BQ371,4,2.7035,1.2965,0
Item_Rating,40211139,40BA091,1,2.661,1.661,0
Item_Rating,40311173,40BQ341,4,1.6765,2.3235,0
Item_Rating,40411148,40BA061,5,5.0,0.0,0
Item_Rating,40211164,40BA121,3,4.2304,1.2304,0
Item_Rating,40311232,40BA222,2,2.3358,0.3358,0
Item_Rating,40311122,40BQ031,2,2.9159,0.9159,0
Item_Rating,40211146,40B0291,2,2.8057,0.8057,0
Item_Rating,40511235,40BA012,1,3.5347,2.5347,0
Item_Rating,40211207,40BA082,3,3.2772,0.2772,0
Item_Rating,40320310,40BC021,3,2.0654,0.9346,0
Item_Rating,40411254,40BA082,3,3.5122,0.5122,0
Item_Rating,40211230,40BD012,3,3.8455,0.8455,0
Item_Rating,40511219,40BA012,1,2.4958,1.4958,1
Item_Rating,40211224,40BR122,2,2.0265,0.0265,0
Item_Rating,40211249,40BR222,5,3.6076,1.3924,0
Item_Rating,40311129,40BA051,1,2.0024,1.0024,0
Item_Rating,40311142,40BA051,1,1.4777,0.4777,0
Item_Rating,40311237,40BA132,1,2.6591,1.6591,0
Item_Rating,40211146,40UN080,2,3.2948,1.2948,0
Item_Rating,40211257,40BA082,3,1.6216,1.3784,0
Item_Rating,40211136,40BA081,4,3.481,0.519,0
Item_Rating,40211246,40BR372,4,4.6597,0.6597,0
Item_Rating,40311233,40BQ512,4,3.2769,0.7231,0
Item_Rating,40511205,40BA012,5,4.0,1.0,0
Item_Rating,40311207,40BR072,3,3.8497,0.8497,0
Item_Rating,40311130,40BA221,1,1.5063,0.5063,0
Item_Rating,40311105,40BA221,1,1.654,0.654,0
Item_Rating,40211256,40BA082,4,3.7749,0.2251,0
Item_Rating,40211141,40BA121,4,3.9609,0.0391,0
Item_Rating,40211122,40BC061,3,3.0487,0.0487,0
Item_Rating,40312142,40BA061,1,3.1305,2.1305,0
Item_Rating,40411117,40BA081,1,1.5319,0.5319,0
Item_Rating,40511138,40B0291,3,1.0,2.0,0
Item_Rating,40111230,40BA142,1,1.6507,0.6507,0
Item_Rating,40311259,40BA132,4,3.5272,0.4728,0
Item_Rating,40211146,40BQ321,3,3.312,0.312,0
Item_Rating,40211102,40BA131,5,3.6891,1.3109,0
Item_Rating,40311137,40BA051,3,3.496,0.496,0
Item_Rating,40311123,40BQ321,2,1.7581,0.2419,0
Item_Rating,40311131,40BC051,3,2.2027,0.7973,0
Item_Rating,40211230,40BA132,3,3.7624,0.7624,0
Item_Rating,40311255,40BA052,2,1.2453,0.7547,0
Item_Rating,40411118,40BA021,1,1.0,0.0,0
Item_Rating,40411211,40BR472,1,3.3256,2.3256,0
Item_Rating,40211134,40IN662,3,2.9306,0.0694,0
Item_Rating,40311132,40BQ331,1,1.7607,0.7607,0
Item_Rating,40211223,40BA052,5,3.8871,1.1129,0
Item_Rating,40211135,40B0291,3,3.3718,0.3718,0
Item_Rating,40311111,40BC021,4,2.4388,1.5612,0
Item_Rating,40511151,40BA011,3,4.5099,1.5099,0
Item_Rating,40211242,40BA122,5,4.673,0.327,0
Item_Rating,40411213,40BA102,4,3.397,0.603,0
Item_Rating,40211116,40BQ331,3,3.7725,0.7725,0
Item_Rating,40311157,40BC071,5,3.5777,1.4223,0
Item_Rating,40211129,40BA131,5,3.6219,1.3781,0
Item_Rating,40311134,40BA021,1,2.0247,1.0247,0
Item_Rating,40211115,40BQ331,1,1.7808,0.7808,0
Item_Rating,40211208,40BA012,1,1.9933,0.9933,0
Item_Rating,40311119,40BA061,2,3.0566,1.0566,0
Item_Rating,40511233,40B0292,4,2.0,2.0,0
Item_Rating,40211217,40BR242,4,4.3965,0.3965,0
Item_Rating,40211249,40BD052,3,3.5784,0.5784,0
Item_Rating,40411256,40BA222,3,2.9496,0.0504,0
Item_Rating,40211217,40BA082,3,3.8929,0.8929,0
Item_Rating,40211209,40BR372,4,2.2847,1.7153,0
Item_Rating,40311237,40BA082,4,2.6794,1.3206,0
Item_Rating,40311122,40BA021,4,2.9158,1.0842,0
Item_Rating,40211137,40BA101,2,1.7417,0.2583,0
Item_Rating,40211141,40BA021,5,3.989,1.011,0
Item_Rating,40311138,40BC011,1,2.6891,1.6891,0
Item_Rating,40411237,40BA022,1,1.3787,0.3787,0
Item_Rating,40411127,40BA021,2,2.3598,0.3598,0
Item_Rating,40211151,40UN070,4,4.0664,0.0664,0
Item_Rating,40211237,40BA132,1,2.7688,1.7688,0
Item_Rating,40311118,40BC011,3,4.2695,1.2695,0
Item_Rating,40211129,40KA393,5,2.9092,2.0908,2
Item_Rating,40311137,40BC071,4,3.4787,0.5213,0
Item_Rating,40211126,40BA121,3,4.1061,1.1061,0
Item_Rating,40511201,40B0292,5,3.0,2.0,0
Item_Rating,40311260,40BA021,2,3.8091,1.8091,0
Item_Rating,40311266,40BQ512,3,3.1766,0.1766,0
Item_Rating,40211106,40BQ391,4,3.1159,0.8841,0
Item_Rating,40211219,40BA022,4,2.9777,1.0223,0
Item_Rating,40411114,40BA051,3,1.666,1.334,0
Item_Rating,40411225,40B0292,4,2.2379,1.7621,0
Item_Rating,40211125,40BQ391,4,3.6977,0.3023,0
Item_Rating,40511225,40BA052,4,3.4956,0.5044,0
Item_Rating,40211147,40BA121,1,2.1771,1.1771,0
Item_Rating,40311258,40BR042,5,3.5005,1.4995,0
Item_Rating,40411210,40B0292,4,3.6258,0.3742,0
Item_Rating,40211241,40BA092,4,3.4329,0.5671,0
Item_Rating,40211242,40BA012,4,4.6533,0.6533,0
Item_Rating,40311254,40BA012,3,3.0755,0.0755,0
Item_Rating,40411151,40BC071,4,3.7657,0.2343,0
Item_Rating,40311216,40BA102,3,3.2463,0.2463,0
Item_Rating,40211134,40BQ021,3,3.3278,0.3278,0
Item_Rating,40311111,40BA101,2,2.4779,0.4779,0
Item_Rating,40211165,40BA131,2,3.639,1.639,0
Item_Rating,40311226,40BD012,4,2.9591,1.0409,0
Item_Rating,40211138,40BA151,5,3.9665,1.0335,0
Item_Rating,40411152,40BA021,2,1.906,0.094,0
Item_Rating,40211215,40BR042,1,1.9316,0.9316,0
Item_Rating,40411258,40BR022,3,2.4866,0.5134,0
Item_Rating,40511252,40B0292,2,4.0,2.0,0
Item_Rating,40311216,40BR372,4,3.3411,0.6589,0
Item_Rating,40211250,40BA082,4,3.6516,0.3484,0
Item_Rating,40411109,40BD012,5,2.7147,2.2853,0
Item_Rating,40211252,40BR042,4,4.0919,0.0919,0
Item_Rating,40311157,40BQ141,4,3.8346,0.1654,0
Item_Rating,40411166,40BA221,3,1.0,2.0,0
Item_Rating,40311114,40BC021,4,2.92,1.08,0
Item_Rating,40211132,40BQ381,1,1.7939,0.7939,0
Item_Rating,40211250,40BA122,3,3.6417,0.6417,0
Item_Rating,40411147,40BQ031,4,3.4185,0.5815,0
Item_Rating,40311114,40BA061,4,3.4729,0.5271,0
Item_Rating,40211109,40BA081,2,2.4654,0.4654,0
Item_Rating,40311135,40BA101,5,2.8339,2.1661,0
Item_Rating,40211111,40BC021,2,2.9283,0.9283,0
Item_Rating,40311159,40BA061,1,1.2665,0.2665,0
Item_Rating,40411141,40BA021,1,1.811,0.811,0
Item_Rating,40411248,40BA052,4,3.6135,0.3865,0
Item_Rating,40311157,40BA051,2,3.6349,1.6349,0
Item_Rating,40411258,40MN111,1,3.014,2.014,0
Item_Rating,40211233,433A012,1,2.0866,1.0866,0
Item_Rating,40411252,40BD012,2,1.4197,0.5803,0
Item_Rating,40211130,40BQ401,2,1.9582,0.0418,0
Item_Rating,40211164,40BA141,5,4.2053,0.7947,0
Item_Rating,40211207,40BA152,4,4.2113,0.2113,0
Item_Rating,40211202,40BA122,2,3.4153,1.4153,0
Item_Rating,40211263,40BA152,1,2.2472,1.2472,0
Item_Rating,40311123,40BA101,1,1.8943,0.8943,0
Item_Rating,40411152,40BA221,2,1.8457,0.1543,0
Item_Rating,40311232,40BA082,3,2.0929,0.9071,0
Item_Rating,40211231,40BA062,1,1.0,0.0,0
Item_Rating,40211127,40B9651,5,4.3342,0.6658,0
Item_Rating,40311211,40BR072,4,3.2558,0.7442,0
Item_Rating,40211226,40BA012,5,4.2274,0.7726,0
Item_Rating,40211216,40BA102,4,3.3635,0.6365,0
Item_Rating,40211231,40B0292,2,1.0,1.0,0
Item_Rating,40411147,40BA021,4,3.4455,0.5545,0
Item_Rating,40311206,40BA102,4,3.0197,0.9803,0
Item_Rating,40211202,40BR222,4,3.5864,0.4136,0
Item_Rating,40211106,40BQ371,4,3.2259,0.7741,0
Item_Rating,40311206,40BA012,2,2.9602,0.9602,0
Item_Rating,40311248,40BR042,5,4.3001,0.6999,0
Item_Rating,40211123,40BA061,4,3.8634,0.1366,0
Item_Rating,40211211,40BA142,4,3.9899,0.0101,0
Item_Rating,40311233,40BA052,5,3.0124,1.9876,0
Item_Rating,40411228,40BA012,3,3.3645,0.3645,0
Item_Rating,40311233,40BR022,3,3.1057,0.1057,0
Item_Rating,40311112,40BQ311,4,2.7701,1.2299,0
Item_Rating,40511262,40B0292,2,3.0,1.0,0
Item_Rating,40211103,40BA101,1,1.9436,0.9436,0
Item_Rating,40311208,40BR022,3,3.3551,0.3551,0
Item_Rating,40411244,40BA082,3,2.9224,0.0776,0
Item_Rating,40411157,40B0291,3,3.673,0.673,0
Item_Rating,40411125,40BA051,1,2.3628,1.3628,0
Item_Rating,40211116,40BC011,2,3.306,1.306,0
Item_Rating,40311104,40BA011,1,2.1279,1.1279,0
Item_Rating,40511128,40BA051,1,1.0,0.0,0
Item_Rating,40211235,40BA062,2,3.1096,1.1096,0
Item_Rating,40511104,40BA051,4,1.0,3.0,0
Item_Rating,40411126,40BA061,1,2.8012,1.8012,0
Item_Rating,40211106,40BC011,1,2.4095,1.4095,0
Item_Rating,40211238,40BD032,3,2.7852,0.2148,0
Item_Rating,40211139,40BA131,4,2.974,1.026,0
Item_Rating,40211161,409A023,1,1.8722,0.8722,0
Item_Rating,40411130,40BA061,1,2.247,1.247,0
Item_Rating,40411238,40BD012,4,2.6785,1.3215,0
Item_Rating,40311255,40BA012,2,1.2308,0.7692,0
Item_Rating,40411222,40BA012,1,1.8904,0.8904,0
Item_Rating,40311120,40B0291,3,1.9618,1.0382,0
Item_Rating,40211244,40B9662,3,3.8538,0.8538,0
Item_Rating,40311208,40BA122,3,3.7182,0.7182,0
Item_Rating,40211250,40BA132,2,3.5015,1.5015,0
Item_Rating,40311117,40BC011,2,3.0092,1.0092,0
Item_Rating,40211245,40BD032,3,2.2798,0.7202,0
Item_Rating,40311245,40BR372,2,2.5581,0.5581,0
Item_Rating,40411104,40BA051,3,2.8872,0.1128,0
Item_Rating,40211250,40BR032,4,3.8404,0.1596,0
Item_Rating,40211102,40BQ021,5,3.7948,1.2052,0
Item_Rating,40311236,40BA022,4,3.8491,0.1509,0
Item_Rating,40411101,409A013,1,3.0256,2.0256,0
Item_Rating,40511259,40B0292,4,2.0,2.0,0
Item_Rating,40511112,40BA051,1,1.0,0.0,0
Item_Rating,40211222,40BR072,5,4.4843,0.5157,0
Item_Rating,40311129,40BA021,1,1.6912,0.6912,0
Item_Rating,40411220,40BR472,3,3.2437,0.2437,0
Item_Rating,40211113,40KT142,4,3.2541,0.7459,0
Item_Rating,40511218,40BA052,4,2.5331,1.4669,1
Item_Rating,40211113,40BQ371,4,2.9206,1.0794,0
Item_Rating,40311235,40BD032,2,2.5052,0.5052,0
Item_Rating,40511252,40BA052,3,4.0,1.0,0
Item_Rating,40211108,409Z491,5,4.0709,0.9291,0
Item_Rating,40411229,40BA052,3,2.1234,0.8766,0
Item_Rating,40311116,40BQ321,3,1.9881,1.0119,0
Item_Rating,40411248,40BA062,4,3.6665,0.3335,0
Item_Rating,40411148,40BC071,5,5.0,0.0,0
Item_Rating,40211107,40BA151,3,2.1664,0.8336,0
Item_Rating,40211246,40B9561,4,4.5365,0.5365,0
Item_Rating,40211248,40BR372,3,3.6444,0.6444,0
Item_Rating,40211228,40RR072,2,3.9937,1.9937,0
Item_Rating,40311105,40BQ031,1,1.4951,0.4951,0
Item_Rating,40211153,40BC011,2,2.9445,0.9445,0
Item_Rating,40511122,40B0291,2,2.1061,0.1061,0
Item_Rating,40211202,40BR032,2,3.5727,1.5727,0
Item_Rating,40311132,40BA131,2,1.7103,0.2897,0
Item_Rating,40311120,40BA141,3,2.1512,0.8488,0
Item_Rating,40311129,40BA061,2,1.7723,0.2277,0
Item_Rating,40311104,40BQ331,3,2.2167,0.7833,0
Item_Rating,40311162,40BA061,1,1.4926,0.4926,0
Item_Rating,40205303,40BR042,1,1.6032,0.6032,0
Item_Rating,40311104,40BA061,2,2.0971,0.0971,0
Item_Rating,40211162,40BC011,3,2.688,0.312,0
Item_Rating,40411153,40B0291,4,2.6591,1.3409,0
Item_Rating,40411159,40BA061,3,2.2631,0.7369,0
Item_Rating,40311245,40BA052,2,2.4358,0.4358,0
Item_Rating,40211164,40BQ371,4,4.2506,0.2506,0
Item_Rating,40311115,40BA051,1,4.0,3.0,0
Item_Rating,40411110,40BA051,2,2.1688,0.1688,0
Item_Rating,40311202,40BA052,5,3.4879,1.5121,0
Item_Rating,40411166,40BQ311,2,1.0,1.0,0
Item_Rating,40311161,40BC011,2,1.1231,0.8769,0
Item_Rating,40311253,40BR372,4,2.6136,1.3864,0
Item_Rating,40211216,40BD052,5,4.3418,0.6582,0
Item_Rating,40411219,40BA222,4,3.4054,0.5946,0
Item_Rating,40411214,40BA082,3,2.0499,0.9501,0
Item_Rating,40311104,40BQ341,3,2.3384,0.6616,0
Item_Rating,40211101,40BA141,5,4.0075,0.9925,0
Item_Rating,40411126,40BA021,2,2.8736,0.8736,0
Item_Rating,40311257,40B8932,5,4.1285,0.8715,0
Item_Rating,40311108,40BQ331,3,2.9878,0.0122,0
Item_Rating,40211103,40BA051,4,1.9579,2.0421,0
Item_Rating,40211215,40BA012,1,1.5064,0.5064,0
Item_Rating,40211103,40BA061,4,1.9645,2.0355,0
Item_Rating,40411127,40BA012,1,2.1213,1.1213,0
Item_Rating,40411130,40BR472,3,4.7543,1.7543,0
Item_Rating,40211118,40BA011,3,4.2353,1.2353,0
Item_Rating,40311207,40BR372,5,4.1243,0.8757,0
Item_Rating,40211129,40BA021,4,3.6444,0.3556,0
Item_Rating,40211244,40BA012,3,3.5586,0.5586,0
Item_Rating,40511226,40BA052,3,2.5331,0.4669,1
Item_Rating,40311169,40BC011,1,1.0,0.0,0
Item_Rating,40411105,40BC071,4,3.5262,0.4738,0
Item_Rating,40411113,40BC071,5,4.7735,0.2265,0
Item_Rating,40411111,40BA051,3,2.074,0.926,0
Item_Rating,40311120,40BQ141,4,2.1709,1.8291,0
Item_Rating,40511142,40BA011,3,3.0,0.0,0
Item_Rating,40211101,40BC051,3,3.9675,0.9675,0
Item_Rating,40411253,40B0292,3,2.1245,0.8755,0
Item_Rating,40511258,40BA052,2,1.5044,0.4956,0
Item_Rating,40311245,40BR042,3,2.5317,0.4683,0
Item_Rating,40311146,40BQ331,1,1.6643,0.6643,0
Item_Rating,40211257,40BR032,1,1.829,0.829,0
Item_Rating,40411133,40BC071,1,2.8406,1.8406,0
Item_Rating,40411236,40BD012,4,3.0313,0.9687,0
Item_Rating,40411233,40BQ311,3,2.9827,0.0173,0
Item_Rating,40211209,40BA221,1,2.2536,1.2536,0
Item_Rating,40211127,40BA021,3,4.3219,1.3219,0
Item_Rating,40311221,40BQ512,3,2.8286,0.1714,0
Item_Rating,40211206,409Z501,5,4.0499,0.9501,0
Item_Rating,40211109,40BA121,2,2.7004,0.7004,0
Item_Rating,40211162,40BC051,3,2.7996,0.2004,0
Item_Rating,40211204,40BA052,1,1.0,0.0,0
Item_Rating,40411138,40BA081,1,1.2999,0.2999,0
Item_Rating,40211230,40BA012,4,3.6628,0.3372,0
Item_Rating,40511219,40B0292,1,3.3106,2.3106,1
Item_Rating,40320326,40BA131,3,2.328,0.672,0
Item_Rating,40211242,40BR082,5,4.6073,0.3927,0
Item_Rating,40211136,40BA121,4,3.7763,0.2237,0
Item_Rating,40211121,40BQ021,2,2.6744,0.6744,0
Item_Rating,40311210,40BR072,3,2.055,0.945,0
Item_Rating,40311138,40BA221,1,2.8262,1.8262,0
Item_Rating,40211259,409D021,2,3.5173,1.5173,0
Item_Rating,40311256,40BA082,4,3.6788,0.3212,0
Item_Rating,40211122,40BQ171,4,3.0231,0.9769,0
Item_Rating,40211150,40BA091,1,3.8469,2.8469,0
Item_Rating,40311155,40BQ321,3,3.2077,0.2077,0
Item_Rating,40411259,40BA012,1,3.5347,2.5347,0
Item_Rating,40411110,40BC011,1,2.0096,1.0096,0
Item_Rating,40211235,40BD032,4,3.4449,0.5551,0
Item_Rating,40211123,40BA051,3,3.6376,0.6376,0
Item_Rating,40211256,40BR032,5,4.7112,0.2888,0
Item_Rating,40211219,40B0292,4,3.2729,0.7271,0
Item_Rating,40511117,40B0291,4,1.0,3.0,0
Item_Rating,40211117,40BC061,3,2.1851,0.8149,0
Item_Rating,40211257,40BD012,3,1.6326,1.3674,0
Item_Rating,40211249,40BA062,3,3.2217,0.2217,0
Item_Rating,40111256,40BR222,1,4.0,3.0,0
Item_Rating,40211161,40BC021,4,1.4384,2.5616,0
Item_Rating,40211101,40BA091,4,4.7894,0.7894,0
Item_Rating,40211255,433A012,1,3.2501,2.2501,0
Item_Rating,40311242,40B0292,2,1.5303,0.4697,0
Item_Rating,40311157,40BA101,5,3.6578,1.3422,0
Item_Rating,40205303,433A021,1,1.742,0.742,0
Item_Rating,40511224,40BA052,2,1.0,1.0,0
Item_Rating,40211247,40BA142,4,3.7515,0.2485,0
Item_Rating,40211252,40BA152,3,4.3289,1.3289,0
Item_Rating,40311153,40BQ311,3,4.3219,1.3219,0
Item_Rating,40311260,40B8932,5,3.4555,1.5445,0
Item_Rating,40511105,40BA011,3,4.0,1.0,0
Item_Rating,40211129,40IN041,5,3.3031,1.6969,0
Item_Rating,40511141,40B0291,4,1.0,3.0,0
Item_Rating,40211133,40BQ371,4,4.5244,0.5244,0
Item_Rating,40211215,40BR322,2,2.2012,0.2012,0
Item_Rating,40211234,40BR322,4,3.7739,0.2261,0
Item_Rating,40320310,40BA131,2,2.002,0.002,0
Item_Rating,40311130,40BC051,3,1.6432,1.3568,0
Item_Rating,40211152,40BA011,1,2.2923,1.2923,0
Item_Rating,40311231,40BR042,4,2.9075,1.0925,0
Item_Rating,40211243,40B0292,2,1.0,1.0,0
Item_Rating,40411244,40BA222,3,2.9116,0.0884,0
Item_Rating,40211110,40UN120,5,2.9092,2.0908,2
Item_Rating,40411128,40BA051,3,2.8033,0.1967,0
Item_Rating,40311137,40BA121,4,3.3461,0.6539,0
Item_Rating,40211257,40BR242,1,2.2362,1.2362,0
Item_Rating,40411127,40B0291,5,2.2086,2.7914,0
Item_Rating,40311134,40BC071,2,1.9893,0.0107,0
Item_Rating,40411141,40BQ031,1,1.8517,0.8517,0
Item_Rating,40211238,433A012,2,3.8523,1.8523,0
Item_Rating,40311152,40BA081,4,1.9982,2.0018,0
Item_Rating,40211123,40BA081,4,3.6881,0.3119,0
Item_Rating,40211112,40BA061,4,2.3146,1.6854,0
Item_Rating,40411251,40BA222,3,2.7852,0.2148,0
Item_Rating,40211247,40BA132,2,3.2414,1.2414,0
Item_Rating,40311241,40BA052,1,1.2159,0.2159,0
Item_Rating,40311133,40BQ141,5,2.9064,2.0936,0
Item_Rating,40211232,40B0292,1,2.5339,1.5339,0
Item_Rating,40211201,40BA012,2,1.956,0.044,0
Item_Rating,40411222,40BR472,3,1.9702,1.0298,0
Item_Rating,40211110,40B0291,2,3.1056,1.1056,0
Item_Rating,40211249,40BA132,3,3.2223,0.2223,0
Item_Rating,40211147,40BQ031,1,1.9771,0.9771,0
Item_Rating,40411258,40BR472,3,2.5586,0.4414,0
Item_Rating,40311119,40BA121,2,2.5894,0.5894,0
Item_Rating,40211256,40BA092,5,4.5813,0.4187,0
Item_Rating,40211109,40BC061,4,2.7123,1.2877,0
Item_Rating,40311253,40BD012,3,2.5099,0.4901,0
Item_Rating,40311106,40BA141,2,3.2604,1.2604,0
Item_Rating,40411134,40BA081,2,1.1843,0.8157,0
Item_Rating,40211209,40BD012,3,2.0043,0.9957,0
Item_Rating,40311130,40BA081,2,1.5168,0.4832,0
Item_Rating,40311221,40BR372,2,2.7091,0.7091,0
Item_Rating,40311140,40BA081,4,3.949,0.051,0
Item_Rating,40211246,40BR222,5,4.68,0.32,0
Item_Rating,40211139,40BQ371,4,2.8678,1.1322,0
Item_Rating,40211113,40BC011,2,2.6463,0.6463,0
Item_Rating,40311153,40BA081,4,4.4813,0.4813,0
Item_Rating,40211105,40BA021,2,1.805,0.195,0
Item_Rating,40211153,40BA121,3,3.2764,0.2764,0
Item_Rating,40311230,40BA222,2,2.6767,0.6767,0
Item_Rating,40311229,40BA022,3,3.1564,0.1564,0
Item_Rating,40211239,40BA132,1,1.8781,0.8781,0
Item_Rating,40411219,40BR472,4,3.5864,0.4136,0
Item_Rating,40211137,40BA131,3,1.8182,1.1818,0
Item_Rating,40211108,40BA091,2,3.8647,1.8647,0
Item_Rating,40211263,40BD052,1,2.1355,1.1355,0
Item_Rating,40327247,40BA021,1,2.2834,1.2834,0
Item_Rating,40320326,40BC021,5,2.3611,2.6389,0
Item_Rating,40211118,40BA151,5,4.7185,0.2815,0
Item_Rating,40211128,40B0291,2,1.553,0.447,0
Item_Rating,40211217,40BR322,4,4.2642,0.2642,0
Item_Rating,40211133,40BA051,3,4.0812,1.0812,0
Item_Rating,40311253,40BA102,3,2.527,0.473,0
Item_Rating,40411160,40BC071,1,1.8167,0.8167,0
Item_Rating,40211115,40BQ371,1,1.8449,0.8449,0
Item_Rating,40211229,40BR342,4,2.3644,1.6356,0
Item_Rating,40311245,40B8932,3,2.5794,0.4206,0
Item_Rating,40333126,40BQ311,1,1.0,0.0,0
Item_Rating,40211241,40BR072,5,3.0517,1.9483,0
Item_Rating,40211229,40BA122,1,2.2364,1.2364,0
Item_Rating,40411124,40BA101,1,1.7741,0.7741,0
Item_Rating,40311113,40BA061,1,1.0,0.0,0
Item_Rating,40211205,40BD052,3,3.7469,0.7469,0
Item_Rating,40211146,40BQ381,3,2.6633,0.3367,0
Item_Rating,40211201,40BR372,2,2.8379,0.8379,0
Item_Rating,40411230,40BD012,4,2.5379,1.4621,0
Item_Rating,40211216,40BA082,4,3.3324,0.6676,0
Item_Rating,40511217,40BA052,2,1.0,1.0,0
Item_Rating,40311107,40BA121,4,3.3036,0.6964,0
Item_Rating,40311135,40BQ311,3,2.9309,0.0691,0
Item_Rating,40211121,40BQ371,3,2.8239,0.1761,0
Item_Rating,40411215,40BA102,4,3.8851,0.1149,0
Item_Rating,40511210,40B0292,4,2.0,2.0,0
Item_Rating,40211158,40BA022,2,2.3744,0.3744,0
Item_Rating,40311104,40BC071,4,2.1831,1.8169,0
Item_Rating,40311215,40BR072,4,3.4187,0.5813,0
Item_Rating,40411101,40BQ031,5,2.618,2.382,0
Item_Rating,40411240,40BA222,1,1.6682,0.6682,0
Item_Rating,40311143,40BA011,1,1.719,0.719,0
Item_Rating,40211255,433A021,2,2.8099,0.8099,0
Item_Rating,40211225,40BR222,3,3.5144,0.5144,0
Item_Rating,40211226,40B9572,4,4.2915,0.2915,0
Item_Rating,40311249,40BR372,4,4.0708,0.0708,0
Item_Rating,40311204,40BA222,4,3.6651,0.3349,0
Item_Rating,40211115,40BQ321,1,1.9739,0.9739,0
Item_Rating,40211201,409Q072,4,3.3782,0.6218,0
Item_Rating,40211201,430R063,4,3.3782,0.6218,0
Item_Rating,40211126,40BA021,2,3.6844,1.6844,0
Item_Rating,40211113,40BA021,2,2.5655,0.5655,0
Item_Rating,40211213,40BR322,3,3.5101,0.5101,0
Item_Rating,40411242,40BD012,3,2.0831,0.9169,0
Item_Rating,40311216,40BR072,3,3.2414,0.2414,0
Item_Rating,40211102,40BA121,3,3.6992,0.6992,0
Item_Rating,40311160,40BA021,1,1.9554,0.9554,0
Item_Rating,40411128,40BQ311,2,2.9048,0.9048,0
Item_Rating,40311121,40BQ031,1,2.7969,1.7969,0
Item_Rating,40311202,40BA132,4,3.6991,0.3009,0
Item_Rating,40311229,40BR372,4,3.4134,0.5866,0
Item_Rating,40211230,40BD052,4,4.3293,0.3293,0
Item_Rating,40411149,40BA011,5,2.4711,2.5289,0
Item_Rating,40211237,40BD052,2,3.2118,1.2118,0
Item_Rating,40211226,40BA052,4,4.1467,0.1467,0
Item_Rating,40311113,40BC071,1,1.0,0.0,0
Item_Rating,40211109,40BQ331,1,2.7849,1.7849,0
Item_Rating,40211245,40B0292,2,1.8223,0.1777,0
Item_Rating,40211222,40BA142,4,4.6184,0.6184,0
Item_Rating,40411220,40BD012,2,3.3411,1.3411,0
Item_Rating,40311173,40BA141,1,1.6387,0.6387,0
Item_Rating,40311243,40BA132,5,3.8596,1.1404,0
Item_Rating,40211209,40BA022,1,1.9239,0.9239,0
Item_Rating,40211208,40BR042,1,1.946,0.946,0
Item_Rating,40211208,40BR322,1,2.1508,1.1508,0
Item_Rating,40311224,40BA052,1,1.2517,0.2517,0
Item_Rating,40211117,409Z491,4,5.0,1.0,0
Item_Rating,40211234,433A011,2,3.6859,1.6859,0
Item_Rating,40211267,433A021,2,3.1515,1.1515,0
Item_Rating,40411148,40BA051,5,5.0,0.0,0
Item_Rating,40511205,40B0292,5,4.0,1.0,0
Item_Rating,40211209,433A021,1,2.1886,1.1886,0
Item_Rating,40211213,40BD032,4,2.4272,1.5728,0
Item_Rating,40211166,40BC051,1,1.0,0.0,0
Item_Rating,40411202,40BA012,1,2.974,1.974,0
Item_Rating,40211230,40BR372,4,4.1283,0.1283,0
Item_Rating,40211119,40BQ141,3,3.6953,0.6953,0
Item_Rating,40311202,40BR372,5,3.6584,1.3416,0
Item_Rating,40311128,40BC051,4,4.0139,0.0139,0
Item_Rating,40511139,40BA051,1,1.9136,0.9136,0
Item_Rating,40411114,40B0291,2,1.6297,0.3703,0
Item_Rating,40211104,40BQ021,3,3.3151,0.3151,0
Item_Rating,40311216,40B0292,3,3.0596,0.0596,0
Item_Rating,40211107,40BQ141,1,2.3831,1.3831,0
Item_Rating,40511222,40BA052,4,3.5133,0.4867,0
Item_Rating,40311133,40BA051,3,3.2535,0.2535,0
Item_Rating,40211120,40BA051,1,3.5432,2.5432,0
Item_Rating,40511231,40B0292,1,1.4697,0.4697,0
Item_Rating,40211214,40BR072,2,2.2015,0.2015,0
Item_Rating,40211224,40BA122,2,1.2323,0.7677,0
Item_Rating,40211147,40B0291,1,2.0522,1.0522,0
Item_Rating,40211234,40BR222,5,3.7476,1.2524,0
Item_Rating,40411102,40BQ311,3,3.5583,0.5583,0
Item_Rating,40211141,40BC051,2,4.0642,2.0642,0
Item_Rating,40205303,40BA152,1,2.0936,1.0936,0
Item_Rating,40311216,40B8932,3,3.2783,0.2783,0
Item_Rating,40211148,40UN050,3,3.9993,0.9993,1
Item_Rating,40311129,40BA121,2,1.9325,0.0675,0
Item_Rating,40211266,40BA221,1,2.1426,1.1426,0
Item_Rating,40211211,40B9561,4,3.8661,0.1339,0
Item_Rating,40211142,40BA051,3,1.2757,1.7243,0
Item_Rating,40211161,40BC051,2,1.5393,0.4607,0
Item_Rating,40311122,40BQ331,3,2.9817,0.0183,0
Item_Rating,40411109,40BR472,3,2.2022,0.7978,0
Item_Rating,40211238,40BA142,4,3.8657,0.1343,0
Item_Rating,40511102,40B0291,5,4.1061,0.8939,0
Item_Rating,40311138,40B0291,4,2.8136,1.1864,0
Item_Rating,40211263,40BR242,1,2.2133,1.2133,0
Item_Rating,40211232,40BA092,4,2.3944,1.6056,0
Item_Rating,40211246,40BR032,4,4.6466,0.6466,0
Item_Rating,40311123,40BA051,1,2.0283,1.0283,0
Item_Rating,40211156,40BA011,5,3.8863,1.1137,0
Item_Rating,40211165,40BQ141,2,3.7285,1.7285,0
Item_Rating,40211201,4069432,2,3.4741,1.4741,0
Item_Rating,40211245,40BR242,2,2.9162,0.9162,0
Item_Rating,40211208,40BR242,2,2.2367,0.2367,0
Item_Rating,40211151,40BQ021,5,4.0994,0.9006,0
Item_Rating,40311236,40BQ512,4,4.026,0.026,0
Item_Rating,40511218,40BA012,3,2.4958,0.5042,1
Item_Rating,40411261,409A013,4,3.2879,0.7121,0
Item_Rating,40311226,40BA082,4,3.0863,0.9137,0
Item_Rating,40311132,40BQ031,3,2.3542,0.6458,0
Item_Rating,40411264,40BD012,2,1.0,1.0,0
Item_Rating,40211213,40BR072,4,2.3661,1.6339,0
Item_Rating,40411152,40BA081,1,1.8425,0.8425,0
Item_Rating,40211256,40BR372,4,4.4639,0.4639,0
Item_Rating,40211262,40BR372,4,3.7884,0.2116,0
Item_Rating,40211162,40BA021,2,2.6265,0.6265,0
Item_Rating,40511244,40B0292,4,5.0,1.0,0
Item_Rating,40311253,40B8932,2,2.8038,0.8038,0
Item_Rating,40211238,40BA092,2,3.8028,1.8028,0
Item_Rating,40311247,40BA082,4,3.8511,0.1489,0
Item_Rating,40211132,40BA101,1,2.1306,1.1306,0
Item_Rating,40311208,40BA012,4,3.2296,0.7704,0
Item_Rating,40211216,40BR042,3,3.8404,0.8404,0
Item_Rating,40311157,40BA221,4,3.5354,0.4646,0
Item_Rating,40211223,40BA102,5,3.8774,1.1226,0
Item_Rating,40311204,40BA122,3,3.2049,0.2049,0
Item_Rating,40311123,40BA221,1,2.0593,1.0593,0
Item_Rating,40311227,40B8932,3,3.0046,0.0046,0
Item_Rating,40311108,40BC071,3,2.8673,0.1327,0
Item_Rating,40211206,40BR342,3,4.0713,1.0713,0
Item_Rating,40311122,40BC071,3,3.0877,0.0877,0
Item_Rating,40211111,40BA081,2,2.7718,0.7718,0
Item_Rating,40511206,40B0292,5,4.0,1.0,0
Item_Rating,40311155,40BA051,3,3.2655,0.2655,0
Item_Rating,40311131,40BA061,1,2.3017,1.3017,0
Item_Rating,40411222,40B0292,4,1.9217,2.0783,0
Item_Rating,40311140,40BC051,4,4.1041,0.1041,0
Item_Rating,40311133,40BC051,3,2.9019,0.0981,0
Item_Rating,40411202,40B0292,4,2.9777,1.0223,0
Item_Rating,40411207,40BD012,1,2.6731,1.6731,0
Item_Rating,40211118,40BA101,4,4.4266,0.4266,0
Item_Rating,40411149,40B0291,5,2.4491,2.5509,0
Item_Rating,40211111,40BA091,1,2.4827,1.4827,0
Item_Rating,40211126,40BA081,4,3.6134,0.3866,0
Item_Rating,40211126,40BQ021,4,3.6332,0.3668,0
Item_Rating,40411234,40BA022,1,1.0,0.0,0
Item_Rating,40211150,40BA021,3,3.4405,0.4405,0
Item_Rating,40211137,40BQ051,1,1.8274,0.8274,0
Item_Rating,40211237,40BA122,1,3.0906,2.0906,0
Item_Rating,40511156,40B0291,5,3.447,1.553,0
Item_Rating,40211150,40BQ051,4,3.5797,0.4203,0
Item_Rating,40211225,40BR072,4,3.1247,0.8753,0
Item_Rating,40311248,40BQ512,4,4.2332,0.2332,0
Item_Rating,40211117,40BA011,1,2.4684,1.4684,0
Item_Rating,40311143,40BA081,3,1.5093,1.4907,0
Item_Rating,40311133,40BA131,2,2.9307,0.9307,0
Item_Rating,40211108,40BQ141,4,3.6613,0.3387,0
Item_Rating,40211154,40BC051,2,2.1252,0.1252,0
Item_Rating,40320326,40BA061,1,2.4835,1.4835,0
Item_Rating,40311105,40BC051,2,2.1723,0.1723,0
Item_Rating,40311132,40BQ341,4,2.1151,1.8849,0
Item_Rating,40211248,40BD052,4,3.5631,0.4369,0
Item_Rating,40211127,40BQ371,4,4.5369,0.5369,0
Item_Rating,40411212,40BA052,1,2.1335,1.1335,0
Item_Rating,40211252,409Z501,5,4.182,0.818,0
Item_Rating,40211165,40BA011,5,3.8328,1.1672,0
Item_Rating,40411209,40BA012,1,1.5203,0.5203,0
Item_Rating,40411209,40BR472,3,1.5469,1.4531,0
Item_Rating,40311115,40BA011,1,4.0,3.0,0
Item_Rating,40211102,40BA051,3,3.5946,0.5946,0
Item_Rating,40411220,40BA222,4,3.3167,0.6833,0
Item_Rating,40211104,40BA061,5,2.5489,2.4511,0
Item_Rating,40411211,40BA022,3,3.2707,0.2707,0
Item_Rating,40211248,40BA132,2,3.1081,1.1081,0
Item_Rating,40311133,40BA081,3,3.284,0.284,0
Item_Rating,40311204,40BD012,5,3.054,1.946,0
Item_Rating,40311122,40BC011,1,2.9628,1.9628,0
Item_Rating,40211102,409D021,4,3.871,0.129,0
Item_Rating,40211147,40BC071,1,2.1684,1.1684,0
Item_Rating,40411161,40BA021,3,4.5356,1.5356,0
Item_Rating,40211214,40B0292,2,1.9765,0.0235,0
Item_Rating,40211206,40BR372,4,3.9652,0.0348,0
Item_Rating,40311241,40BD032,1,1.5242,0.5242,0
Item_Rating,40211131,40BA021,1,1.0,0.0,0
Item_Rating,40211141,40BA061,5,3.9811,1.0189,0
Item_Rating,40411102,40B0291,5,3.6355,1.3645,0
Item_Rating,40311258,40BA082,5,3.0708,1.9292,0
Item_Rating,40411129,40BC071,1,1.2441,0.2441,0
Item_Rating,40411255,40BA082,4,4.2227,0.2227,0
Item_Rating,40211230,40BA122,4,4.1328,0.1328,0
Item_Rating,40211141,40BQ371,5,4.0869,0.9131,0
Item_Rating,40411151,40BA051,5,3.8914,1.1086,0
Item_Rating,40411105,40BA011,1,3.5443,2.5443,0
Item_Rating,40311204,40BR072,4,3.2827,0.7173,0
Item_Rating,40211239,40BA092,1,1.5259,0.5259,0
Item_Rating,40311227,40BA021,2,2.3148,0.3148,0
Item_Rating,40411127,40BC011,2,2.3634,0.3634,0
Item_Rating,40311202,40BA062,3,3.4886,0.4886,0
Item_Rating,40311218,40BD032,1,2.1254,1.1254,0
Item_Rating,40211132,40BA021,1,2.279,1.279,0
Item_Rating,40211226,40BA142,4,4.1289,0.1289,0
Item_Rating,40211238,40BA122,2,2.8706,0.8706,0
Item_Rating,40311105,40B0291,3,1.6216,1.3784,0
User_Content,40411202,40BR472,3,3.3443,0.3443,1
User_Content,40311247,40BA052,5,3.4133,1.5867,0
User_Content,40211206,40BR122,5,4.2414,0.7586,0
User_Content,40511218,40B0292,5,3.5273,1.4727,0
User_Content,40211202,40BR342,2,3.5763,1.5763,0
User_Content,40311256,40BA122,3,3.5167,0.5167,0
User_Content,40211109,40BA091,1,1.431,0.431,0
User_Content,40311211,40BA062,1,2.8485,1.8485,0
User_Content,40311211,40BA012,1,3.2958,2.2958,0
User_Content,40211148,40BQ021,4,1.6774,2.3226,0
User_Content,40211220,40BA082,4,3.2588,0.7412,0
User_Content,40311215,40BR372,4,3.5756,0.4244,1
User_Content,40311207,40BA222,5,3.7414,1.2586,0
User_Content,40211250,40BR222,4,3.0299,0.9701,0
User_Content,40211133,40BA121,3,3.0833,0.0833,0
User_Content,40311259,40BA122,1,2.5295,1.5295,1
User_Content,40211138,40BQ331,3,2.2097,0.7903,0
User_Content,40211121,40BC051,3,3.5254,0.5254,0
User_Content,40311108,40BA061,2,3.4872,1.4872,0
User_Content,40211125,40BC051,4,2.2,1.8,0
User_Content,40411111,40BC011,1,1.9213,0.9213,1
User_Content,40211138,40B0291,2,3.1642,1.1642,0
User_Content,40311155,40BA011,4,2.4361,1.5639,1
User_Content,40211217,40BA102,5,3.0635,1.9365,0
User_Content,40411202,40BA062,2,2.1737,0.1737,1
User_Content,40211106,40BQ051,4,3.6984,0.3016,0
User_Content,40511204,40B0292,5,3.092,1.908,0
User_Content,40211150,40BC011,3,2.1964,0.8036,0
User_Content,40311108,40BA141,2,2.3418,0.3418,0
User_Content,40411129,40B0291,2,3.3266,1.3266,1
User_Content,40311109,40BA011,1,2.4361,1.4361,1
User_Content,40411145,40BA051,1,2.3562,1.3562,1
User_Content,40211125,40BA091,1,1.3833,0.3833,0
User_Content,40311226,40BR072,4,3.6986,0.3014,0
User_Content,40211135,40BA011,4,2.4361,1.5639,1
User_Content,40211217,40BA092,5,3.339,1.661,0
User_Content,40311134,409A011,2,3.0,1.0,0
User_Content,40211102,40BQ391,4,3.5574,0.4426,0
User_Content,40211117,40BQ051,4,3.2126,0.7874,1
User_Content,40311236,40BA082,4,3.5714,0.4286,0
User_Content,40311244,40BR072,3,3.6622,0.6622,1
User_Content,40411248,40BA012,4,2.4958,1.5042,1
User_Content,40311246,40BA052,3,2.5331,0.4669,1
User_Content,40311140,40BQ341,5,4.0476,0.9524,0
User_Content,40411120,40BC071,4,2.3107,1.6893,1
User_Content,40211232,40BA012,1,2.4958,1.4958,1
User_Content,40211102,40BA151,4,3.6429,0.3571,0
User_Content,40411118,40BA081,1,2.9398,1.9398,1
User_Content,40211156,40BQ171,3,3.5686,0.5686,0
User_Content,40211207,40BR082,5,3.5909,1.4091,0
User_Content,40211113,40B9662,4,4.1961,0.1961,0
User_Content,40311150,40B0291,3,3.3266,0.3266,1
User_Content,40311127,40BA061,1,2.858,1.858,1
User_Content,40311247,40BR372,4,3.5676,0.4324,0
User_Content,40211129,40BA101,4,2.8966,1.1034,0
User_Content,40211127,40B0291,4,2.7833,1.2167,0
User_Content,40211102,40KA393,4,2.9092,1.0908,2
User_Content,40211245,40BR082,3,3.6667,0.6667,0
User_Content,40411163,40BA221,3,1.9007,1.0993,1
User_Content,40311117,40BQ341,4,4.3333,0.3333,0
User_Content,40311111,40BA141,2,2.575,0.575,0
User_Content,40211146,40BA021,2,3.6562,1.6562,0
User_Content,40311150,40BA101,1,2.3527,1.3527,1
User_Content,40311216,40BR022,3,3.2778,0.2778,0
User_Content,40411150,40BA051,1,2.3562,1.3562,1
User_Content,40211126,40KA513,3,3.5714,0.5714,0
User_Content,40211126,40KE011,3,2.9092,0.0908,2
User_Content,40211252,40BA052,3,2.9855,0.0145,0
User_Content,40411242,40BA222,3,2.8924,0.1076,1
User_Content,40211162,40BA091,1,1.3393,0.3393,0
User_Content,40411129,40BQ031,3,2.726,0.274,1
User_Content,40411247,40BA052,3,2.5331,0.4669,1
User_Content,40211158,40BC061,3,3.2283,0.2283,0
User_Content,40211214,40BA012,4,3.2162,0.7838,0
User_Content,40211107,40BA141,1,2.662,1.662,0
User_Content,40311256,40B8932,5,4.0682,0.9318,0
User_Content,40211252,40BA142,5,3.7458,1.2542,0
User_Content,40311138,40BA081,3,3.0133,0.0133,0
User_Content,40211146,40BQ051,3,3.8333,0.8333,0
User_Content,40311235,40K0051,1,1.0001,0.0001,1
User_Content,40311150,40BA021,1,2.3705,1.3705,1
User_Content,40411236,40BA082,4,3.0753,0.9247,1
User_Content,40411120,40BC011,3,1.9213,1.0787,1
User_Content,40311254,40BA052,3,2.5331,0.4669,1
User_Content,40411219,40B0292,5,3.3106,1.6894,1
User_Content,40311223,40B0292,3,3.2059,0.2059,0
User_Content,40211117,40BC021,2,3.2889,1.2889,1
User_Content,40211229,90B2681,4,4.0,0.0,0
User_Content,40211220,40BR042,4,2.7216,1.2784,0
User_Content,40211209,40BR222,4,3.6222,0.3778,0
User_Content,40333126,40BA221,1,1.9007,0.9007,1
User_Content,40211105,40BC051,2,3.2097,1.2097,0
User_Content,40211108,40BC061,5,3.5303,1.4697,0
User_Content,40211202,40BA102,3,3.871,0.871,0
User_Content,40211261,40BA022,5,2.6543,2.3457,0
User_Content,40311128,40BA221,3,1.4839,1.5161,0
User_Content,40211242,40BA102,4,3.1905,0.8095,0
User_Content,40211250,40BA012,3,2.1282,0.8718,0
User_Content,40211111,40B0291,2,2.7647,0.7647,0
User_Content,40211208,433A011,1,1.7506,0.7506,1
User_Content,40211156,40BQ381,4,3.25,0.75,0
User_Content,40211127,40BQ321,4,3.4375,0.5625,0
User_Content,40211109,40BC021,3,3.7222,0.7222,0
User_Content,40511103,40BA051,1,2.3562,1.3562,1
User_Content,40211146,40BA101,1,3.1642,2.1642,0
User_Content,40211148,40BA121,4,3.0145,0.9855,0
User_Content,40211230,409Z491,5,4.3846,0.6154,0
User_Content,40211144,40BC021,1,3.2889,2.2889,1
User_Content,40411224,40B0292,5,3.3106,1.6894,1
User_Content,40211247,40BR042,1,3.9857,2.9857,0
User_Content,40211113,40BQ331,1,2.2727,1.2727,0
User_Content,40411215,40BA062,1,2.1737,1.1737,1
User_Content,40511133,40BA011,5,2.4361,2.5639,1
User_Content,40211109,40BQ391,4,3.3231,0.6769,0
User_Content,40311205,40BA102,4,3.0096,0.9904,1
User_Content,40211206,40BA122,3,2.25,0.75,0
User_Content,40211127,40BA121,4,2.9516,1.0484,0
User_Content,40311206,40BA082,4,3.0753,0.9247,1
User_Content,40311238,40BA102,3,2.6429,0.3571,0
User_Content,40411252,40BA222,3,2.8924,0.1076,1
User_Content,40311217,40BA102,3,3.807,0.807,0
User_Content,40311232,40BA062,1,2.1737,1.1737,1
User_Content,40211228,409Z511,4,3.7812,0.2188,0
User_Content,40411230,40BA062,1,2.1737,1.1737,1
User_Content,40211113,40BA131,3,3.45,0.45,0
User_Content,40211259,40BD052,4,2.8627,1.1373,0
User_Content,40211132,40B0291,2,2.6543,0.6543,0
User_Content,40211234,40BD032,4,3.6042,0.3958,0
User_Content,40411133,40BA081,1,2.9398,1.9398,1
User_Content,40311166,40BQ311,3,2.7005,0.2995,1
User_Content,40211228,40BR032,4,3.7391,0.2609,0
User_Content,40211111,40BC011,1,1.6154,0.6154,0
User_Content,40311214,40BA052,3,2.7586,0.2414,0
User_Content,40211264,40BD012,1,3.2457,2.2457,1
User_Content,40211108,40BC021,4,3.5915,0.4085,0
User_Content,40311137,40BC021,5,3.5714,1.4286,0
User_Content,40311123,40B0291,2,2.8143,0.8143,0
User_Content,40211219,40BA152,4,3.1094,0.8906,0
User_Content,40211104,40BA121,3,2.8769,0.1231,0
User_Content,40411128,40BA061,3,2.858,0.142,1
User_Content,40511246,40BA012,4,2.6897,1.3103,0
User_Content,40211141,40BA101,3,2.5429,0.4571,0
User_Content,40311226,40BR022,3,3.2537,0.2537,0
User_Content,40211267,40BA132,3,3.0571,0.0571,1
User_Content,40411217,40BA062,5,2.1737,2.8263,1
User_Content,40211242,40BA022,4,3.45,0.55,0
User_Content,40411230,40BA082,2,3.0753,1.0753,1
User_Content,40211142,40BQ021,1,2.1372,1.1372,1
User_Content,40411208,40BR022,3,3.0719,0.0719,1
User_Content,40311206,40BA222,3,2.8924,0.1076,1
User_Content,40211237,40BA102,3,3.0278,0.0278,0
User_Content,40211205,40B0292,5,3.8718,1.1282,0
User_Content,40311250,40UN160,4,2.9333,1.0667,0
User_Content,40511238,40BA052,4,2.9231,1.0769,0
User_Content,40311121,40BA051,3,2.2857,0.7143,0
User_Content,40211257,40BA102,1,3.1316,2.1316,0
User_Content,40311122,40BA121,2,2.9833,0.9833,0
User_Content,40411141,40BA101,1,2.3527,1.3527,1
User_Content,40511209,40B0292,4,3.3106,0.6894,1
User_Content,40311261,40B8932,4,3.94,0.06,0
User_Content,40211117,40UN110,4,3.9992,0.0008,1
User_Content,40311201,40BA122,5,2.8868,2.1132,0
User_Content,40211246,40BA062,5,2.3571,2.6429,0
User_Content,40311114,40BQ341,5,4.1758,0.8242,1
User_Content,40311224,40BA022,1,2.4733,1.4733,1
User_Content,40311229,40BA132,5,3.5152,1.4848,0
User_Content,40311112,40BQ341,5,4.0357,0.9643,0
User_Content,40211105,40BQ171,1,3.5385,2.5385,0
User_Content,40311221,40BA062,1,2.9048,1.9048,0
User_Content,40211248,40BR342,3,3.8437,0.8437,0
User_Content,40211246,40BA082,3,3.25,0.25,0
User_Content,40211105,40BA121,3,2.6491,0.3509,0
User_Content,40411227,40BA052,4,2.5331,1.4669,1
User_Content,40211262,40BD012,4,3.2457,0.7543,1
User_Content,40411115,40BA021,2,2.3705,0.3705,1
User_Content,40311121,40BA021,3,1.7941,1.2059,0
User_Content,40411207,40B0292,4,3.3106,0.6894,1
User_Content,40411140,40BQ311,2,2.7005,0.7005,1
User_Content,40311264,4069582,2,1.9995,0.0005,1
User_Content,40311119,40BA131,2,3.3538,1.3538,0
User_Content,40411210,40BA062,3,2.1737,0.8263,1
User_Content,40411202,40BA082,3,3.0753,0.0753,1
User_Content,40411164,40BA101,2,2.3527,0.3527,1
User_Content,40211229,40BR122,5,3.8824,1.1176,0
User_Content,40511217,40B0292,4,4.0548,0.0548,0
User_Content,40211259,40BA122,2,2.6,0.6,0
User_Content,40211255,40BD032,3,3.0294,0.0294,1
User_Content,40211142,40BA061,4,2.858,1.142,1
User_Content,40211249,40BR042,2,2.7742,0.7742,0
User_Content,40311148,40BC071,3,2.3107,0.6893,1
User_Content,40311232,40BQ512,3,3.5137,0.5137,1
User_Content,40211161,40B9651,3,3.6368,0.6368,1
User_Content,40211209,40BA082,2,3.3409,1.3409,0
User_Content,40311209,40B0292,1,3.3106,2.3106,1
User_Content,40311259,40BA052,5,2.5331,2.4669,1
User_Content,40411237,40BD012,3,3.2457,0.2457,1
User_Content,40411219,40BA052,3,2.5331,0.4669,1
User_Content,40211213,40BA132,1,3.2667,2.2667,0
User_Content,40311250,40BD012,5,3.3729,1.6271,0
User_Content,40311137,40BQ331,3,2.5588,0.4412,0
User_Content,40511206,40BA052,4,2.9851,1.0149,0
User_Content,40511229,40B0292,4,3.2208,0.7792,0
User_Content,40311229,40BR072,4,4.3065,0.3065,0
User_Content,40211234,40BA102,4,2.7778,1.2222,0
User_Content,40211238,40BD012,1,2.9286,1.9286,0
User_Content,40311211,40B0292,3,3.5522,0.5522,0
User_Content,40311238,40BQ512,4,3.5211,0.4789,0
User_Content,40411243,40BA012,1,2.4958,1.4958,1
User_Content,40311129,40BQ321,2,3.6774,1.6774,0
User_Content,40211150,40BA051,3,2.386,0.614,0
User_Content,40411236,40BR022,4,3.0719,0.9281,1
User_Content,40211117,40BA091,1,1.6658,0.6658,1
User_Content,40411231,40BA012,1,2.4958,1.4958,1
User_Content,40311205,40BR372,5,3.5756,1.4244,1
User_Content,40211217,40BA052,4,2.5231,1.4769,0
User_Content,40211146,40BA141,3,2.0462,0.9538,0
User_Content,40411138,40BC011,1,1.9213,0.9213,1
User_Content,40211156,40BR372,3,3.6545,0.6545,0
User_Content,40411208,40BA052,3,2.5331,0.4669,1
User_Content,40205303,40BR072,3,4.2258,1.2258,0
User_Content,40411220,40BA062,2,2.1737,0.1737,1
User_Content,40411213,40BD012,4,3.2457,0.7543,1
User_Content,40211267,40BD052,1,2.7903,1.7903,1
User_Content,40211129,40BA141,4,2.1864,1.8136,0
User_Content,40211126,433N062,5,5.0,0.0,0
User_Content,40211102,409U053,5,3.6667,1.3333,0
User_Content,40211134,40BA061,4,3.1406,0.8594,0
User_Content,40311134,40BQ321,3,3.4306,0.4306,0
User_Content,40211203,40BA022,3,3.06,0.06,0
User_Content,40211147,40BC051,1,2.7493,1.7493,1
User_Content,40311217,40BD012,4,3.7667,0.2333,0
User_Content,40211233,40BA152,2,3.1446,1.1446,0
User_Content,40211137,40BQ391,2,3.2931,1.2931,0
User_Content,40411106,40BA051,3,2.3562,0.6438,1
User_Content,40311158,40UN130,5,5.0,0.0,0
User_Content,40211116,40BQ021,4,2.2239,1.7761,0
User_Content,40311202,40BA082,4,3.2105,0.7895,0
User_Content,40211154,40BQ391,3,3.8966,0.8966,0
User_Content,40311110,40B0291,3,3.3266,0.3266,1
User_Content,40411150,40BC071,2,2.3107,0.3107,1
User_Content,40211117,40BA131,4,3.0152,0.9848,1
User_Content,40311229,40BD012,4,2.7031,1.2969,0
User_Content,40211102,40BA081,4,3.082,0.918,0
User_Content,40211115,40BQ021,2,2.1372,0.1372,1
User_Content,40211215,40BA052,1,2.5331,1.5331,1
User_Content,40211105,40BA151,3,3.8679,0.8679,0
User_Content,40211166,40BQ371,1,3.7408,2.7408,1
User_Content,40311237,40BA122,3,2.5295,0.4705,1
User_Content,40311211,40BA132,4,2.1406,1.8594,0
User_Content,40211225,40UN070,5,4.5,0.5,0
User_Content,40511109,40B0291,4,3.3266,0.6734,1
User_Content,40211161,40BQ051,1,3.2126,2.2126,1
User_Content,40211118,40BC051,5,2.4324,2.5676,0
User_Content,40411131,40BA021,1,2.3705,1.3705,1
User_Content,40311122,40BA221,3,1.3889,1.6111,0
User_Content,40511104,40B0291,5,3.3266,1.6734,1
User_Content,40211126,40BA051,5,3.0923,1.9077,0
User_Content,40211211,40BR082,3,3.1148,0.1148,0
User_Content,40211262,40BA092,4,3.4052,0.5948,1
User_Content,40211250,40B0292,4,3.5867,0.4133,0
User_Content,40311233,40B8932,3,4.118,1.118,1
User_Content,40311146,40BC011,1,1.5556,0.5556,0
User_Content,40211156,40BA151,3,3.7544,0.7544,0
User_Content,40211228,40BA062,3,2.8219,0.1781,0
User_Content,40311221,40BD012,3,3.1719,0.1719,0
User_Content,40311119,40BA011,5,3.5758,1.4242,0
User_Content,40411126,40BC011,3,1.9213,1.0787,1
User_Content,40311130,409A021,1,1.0,0.0,0
User_Content,40211232,40BA102,1,3.0096,2.0096,1
User_Content,40211117,40BA121,3,2.9105,0.0895,1
User_Content,40411247,40BA102,2,3.0096,1.0096,1
User_Content,40211248,40BA102,4,3.1765,0.8235,0
User_Content,40411251,40BA022,2,2.4733,0.4733,1
User_Content,40312142,40BA101,4,2.7656,1.2344,0
User_Content,40211229,40BR082,4,3.6714,0.3286,0
User_Content,40211214,40BR242,2,2.9815,0.9815,0
User_Content,40311150,40BC011,1,1.9213,0.9213,1
User_Content,40411102,40BQ031,5,2.726,2.274,1
User_Content,40211106,40BA061,5,3.8,1.2,0
User_Content,40211230,409Z481,4,4.0727,0.0727,0
User_Content,40211117,40BA151,4,3.5621,0.4379,1
User_Content,40211259,40BA022,4,4.0,0.0,0
User_Content,40311259,40BA062,1,2.1737,1.1737,1
User_Content,40411159,40BA101,3,2.3527,0.6473,1
User_Content,40411115,40BA221,1,1.9007,0.9007,1
User_Content,40211247,409Z481,4,4.0625,0.0625,0
User_Content,40311260,40BR022,3,3.0719,0.0719,1
User_Content,40411128,40BA011,1,2.4361,1.4361,1
User_Content,40211146,40BA151,4,3.7797,0.2203,0
User_Content,40211101,40B0291,4,3.0204,0.9796,0
User_Content,40211148,40BQ171,4,2.625,1.375,0
User_Content,40211244,40BR042,2,2.8514,0.8514,0
User_Content,40511101,40BA011,1,2.4361,1.4361,1
User_Content,40205303,40BR242,1,2.8904,1.8904,0
User_Content,40211235,40BR042,2,2.5059,0.5059,0
User_Content,40211126,40KA393,3,2.9092,0.0908,2
User_Content,40211139,40BQ421,2,2.8563,0.8563,1
User_Content,40211206,40BD012,3,2.7937,0.2063,0
User_Content,40311204,40BA052,5,2.5331,2.4669,1
User_Content,40211233,40BR242,1,2.9429,1.9429,0
User_Content,40411125,40BA011,1,2.4361,1.4361,1
User_Content,40311218,40BA132,5,2.3143,2.6857,0
User_Content,40211137,40BC011,3,1.7534,1.2466,0
User_Content,40311120,40BA021,1,2.1646,1.1646,0
User_Content,40511107,40BA051,5,2.3562,2.6438,1
User_Content,40311217,40BD032,2,2.931,0.931,0
User_Content,40311215,40B0292,2,3.3106,1.3106,1
User_Content,40311155,40BQ031,1,2.726,1.726,1
User_Content,40211201,40BR032,3,3.6444,0.6444,0
User_Content,40211134,40BQ401,4,3.7541,0.2459,0
User_Content,40211208,40BA092,1,3.4052,2.4052,1
User_Content,40211247,40BR032,4,3.7288,0.2712,0
User_Content,40311238,40BA122,3,2.0617,0.9383,0
User_Content,40211109,40BQ141,2,2.9853,0.9853,0
User_Content,40211130,40BA081,1,3.2338,2.2338,0
User_Content,40311158,40BC071,5,3.0164,1.9836,0
User_Content,40211226,40BD032,4,3.15,0.85,0
User_Content,40211266,40BA081,2,2.9398,0.9398,1
User_Content,40311233,40B0292,3,3.3106,0.3106,1
User_Content,40311136,40BA011,1,2.4361,1.4361,1
User_Content,40311132,40BA121,1,2.9105,1.9105,1
User_Content,40211133,40BC011,2,2.2174,0.2174,0
User_Content,40211236,40BD012,1,3.2457,2.2457,1
User_Content,40311210,40BA222,3,2.5067,0.4933,0
User_Content,40211117,40BQ141,2,2.9136,0.9136,1
User_Content,40311261,40BD032,3,3.6944,0.6944,0
User_Content,40211225,40B9561,4,4.0,0.0,0
User_Content,40211228,40BA132,3,3.2286,0.2286,0
User_Content,40211158,40BA011,4,1.75,2.25,0
User_Content,40211154,40BA091,1,1.8889,0.8889,0
User_Content,40211137,40BA061,1,3.6812,2.6812,0
User_Content,40211209,40BD032,2,3.5,1.5,0
User_Content,40411227,40BA222,3,2.8924,0.1076,1
User_Content,40311235,40BA222,1,2.8924,1.8924,1
User_Content,40211141,40BC061,4,3.4667,0.5333,0
User_Content,40211261,40BR072,5,3.7922,1.2078,0
User_Content,40211114,40BA011,1,2.4361,1.4361,1
User_Content,40411126,40BA081,4,2.9398,1.0602,1
User_Content,40211229,40BA012,2,2.2892,0.2892,0
User_Content,40311122,40BA081,4,2.9667,1.0333,0
User_Content,40311109,40BA021,1,2.3705,1.3705,1
User_Content,40411205,40BD012,4,3.2457,0.7543,1
User_Content,40327247,40BC071,2,2.3107,0.3107,1
User_Content,40311238,40B0292,2,3.3373,1.3373,0
User_Content,40311238,40B8932,3,3.8421,0.8421,0
User_Content,40411158,40BA051,2,2.3562,0.3562,1
User_Content,40311243,40BA052,4,3.0938,0.9062,0
User_Content,40411211,40BA222,2,2.8924,0.8924,1
User_Content,40511226,40BA012,4,3.1549,0.8451,0
User_Content,40411255,40BA222,4,2.8924,1.1076,1
User_Content,40411212,40BD012,3,3.2457,0.2457,1
User_Content,40211202,40B9651,4,3.82,0.18,0
User_Content,40311243,40BD012,4,4.2462,0.2462,0
User_Content,40211112,40KT142,5,4.6207,0.3793,0
User_Content,40311204,40BA132,4,3.0571,0.9429,1
User_Content,40211224,40BD012,3,3.2457,0.2457,1
User_Content,40211113,40BA091,1,1.7377,0.7377,0
User_Content,40411156,40BA021,4,2.3705,1.6295,1
User_Content,40311153,40BA021,5,2.8378,2.1622,0
User_Content,40211266,40BR022,2,3.0719,1.0719,1
User_Content,40411219,40BA082,5,3.0753,1.9247,1
User_Content,40311223,40BA122,3,2.65,0.35,0
User_Content,40211116,40BQ051,4,3.0909,0.9091,0
User_Content,40211246,40BR122,5,4.6778,0.3222,0
User_Content,40311158,40BQ341,3,4.1961,1.1961,0
User_Content,40411201,40BA062,3,2.1737,0.8263,1
User_Content,40211126,40IN672,5,5.0,0.0,0
User_Content,40211249,40B0292,4,3.2121,0.7879,0
User_Content,40311108,40BC011,2,1.975,0.025,0
User_Content,40411156,40BA011,5,2.4361,2.5639,1
User_Content,40411244,40BR472,1,3.3443,2.3443,1
User_Content,40211103,40UN050,1,3.9993,2.9993,1
User_Content,40411242,40BA102,4,3.0096,0.9904,1
User_Content,40411202,40BA052,4,2.5331,1.4669,1
User_Content,40211261,40BA152,3,3.12,0.12,0
User_Content,40511142,40BA051,3,2.3562,0.6438,1
User_Content,40411246,40BA082,3,3.0753,0.0753,1
User_Content,40211104,40UN110,4,4.0,0.0,0
User_Content,40311236,40BR042,4,3.0364,0.9636,0
User_Content,40211223,40BA132,3,3.25,0.25,0
User_Content,40211115,40BA011,3,2.4361,0.5639,1
User_Content,40211144,40BQ421,1,2.8563,1.8563,1
User_Content,40211203,40BA102,4,3.0179,0.9821,0
User_Content,40211257,409U163,1,1.1429,0.1429,0
User_Content,40311113,40BA051,1,2.3562,1.3562,1
User_Content,40411236,40BA012,3,2.4958,0.5042,1
User_Content,40411233,40BA102,4,3.0096,0.9904,1
User_Content,40311161,40BA221,1,1.9007,0.9007,1
User_Content,40211153,40BR372,4,4.0182,0.0182,0
User_Content,40411108,40BA011,4,2.4361,1.5639,1
User_Content,40211115,40BC061,1,3.0859,2.0859,1
User_Content,40311130,40BQ031,2,2.386,0.386,0
User_Content,40211102,40B0291,2,2.2419,0.2419,0
User_Content,40211205,40BR032,5,3.8,1.2,0
User_Content,40211132,40BA081,2,3.141,1.141,0
User_Content,40311257,40BA102,3,3.2794,0.2794,0
User_Content,40211110,40BQ321,2,3.4186,1.4186,0
User_Content,40411255,40BA102,4,3.0096,0.9904,1
User_Content,40411138,40BA051,2,2.3562,0.3562,1
User_Content,40311105,409A011,2,3.0,1.0,0
User_Content,40311265,4064243,2,0.9997,1.0003,1
User_Content,40311255,40B0292,2,3.3106,1.3106,1
User_Content,40211104,40BA131,4,3.0746,0.9254,0
User_Content,40211233,40BA092,2,3.8876,1.8876,0
User_Content,40211133,40BR372,5,4.0714,0.9286,0
User_Content,40311138,40BA011,1,1.6667,0.6667,0
User_Content,40311124,40BA021,1,2.3705,1.3705,1
User_Content,40211238,433A021,2,1.1667,0.8333,0
User_Content,40311223,40BA222,1,2.5179,1.5179,0
User_Content,40211161,40BA051,2,2.3562,0.3562,1
User_Content,40211137,40BA091,1,1.7255,0.7255,0
User_Content,40311128,40BA121,4,2.4225,1.5775,0
User_Content,40411238,40BA052,2,2.5331,0.5331,1
User_Content,40211118,40BC061,5,3.194,1.806,0
User_Content,40311218,40BR042,4,2.1972,1.8028,0
User_Content,40211235,40BA152,4,3.2329,0.7671,0
User_Content,40211138,40BA051,3,2.7164,0.2836,0
User_Content,40311206,40BA062,1,2.1737,1.1737,1
User_Content,40211230,40B0292,5,3.7586,1.2414,0
User_Content,40411209,40BA222,3,2.8924,0.1076,1
User_Content,40311118,40BC051,3,1.8923,1.1077,0
User_Content,40211224,40BR072,3,3.6622,0.6622,1
User_Content,40311243,40BA122,4,2.7031,1.2969,0
User_Content,40211113,40B0291,2,2.5479,0.5479,0
User_Content,40211235,40BR072,4,4.3766,0.3766,0
User_Content,40211161,40BQ331,1,2.5503,1.5503,1
User_Content,40311253,40B0292,3,3.3106,0.3106,1
User_Content,40211225,40BR372,4,3.4394,0.5606,0
User_Content,40311227,40BA082,4,3.0753,0.9247,1
User_Content,40211262,40BR082,5,3.4642,1.5358,1
User_Content,40511229,40BA052,2,2.6795,0.6795,0
User_Content,40211122,40BQ421,3,3.0625,0.0625,0
User_Content,40411119,40BA051,1,2.3562,1.3562,1
User_Content,40211202,40BA132,3,2.6349,0.3651,0
User_Content,40211125,40BQ141,4,3.4247,0.5753,0
User_Content,40411205,40BA052,2,2.5331,0.5331,1
User_Content,40311131,40B0291,2,3.0169,1.0169,0
User_Content,40311146,40BA081,2,3.0167,1.0167,0
User_Content,40211245,40BR032,2,3.9041,1.9041,0
User_Content,40411130,40BC071,1,2.3107,1.3107,1
User_Content,40311135,40BA221,1,2.7073,1.7073,0
User_Content,40411143,40BA051,1,2.3562,1.3562,1
User_Content,40411207,40BA062,2,2.1737,0.1737,1
User_Content,40211220,409Z481,5,4.1111,0.8889,0
User_Content,40211205,40BA062,5,2.0548,2.9452,0
User_Content,40211230,40BA062,4,2.6585,1.3415,0
User_Content,40411140,40BA021,1,2.3705,1.3705,1
User_Content,40511262,40BA052,3,2.5331,0.4669,1
User_Content,40211262,40BA142,5,4.0769,0.9231,1
User_Content,40311132,40BQ321,3,3.3073,0.3073,1
User_Content,40311138,40BC021,4,3.1299,0.8701,0
User_Content,40311151,40BA141,3,2.0571,0.9429,0
User_Content,40411143,40BA221,1,1.9007,0.9007,1
User_Content,40211222,40BD032,4,2.8831,1.1169,0
User_Content,40311231,40BD032,2,2.6349,0.6349,0
User_Content,40311205,40BD032,3,3.0294,0.0294,1
User_Content,40511227,40BA052,2,2.7813,0.7813,0
User_Content,40211152,40B0291,2,3.3266,1.3266,1
User_Content,40211233,40BA142,4,3.7708,0.2292,0
User_Content,40311238,40BA132,3,2.2289,0.7711,0
User_Content,40211125,40BC011,4,1.5211,2.4789,0
User_Content,40311219,40B0292,1,3.3106,2.3106,1
User_Content,40311105,40BC071,2,3.5775,1.5775,0
User_Content,40311134,40BA121,3,2.7662,0.2338,0
User_Content,40311116,40B0291,2,3.3871,1.3871,0
User_Content,40311157,40BA061,3,2.9538,0.0462,0
User_Content,40211104,40BC051,2,3.0149,1.0149,0
User_Content,40411149,40BC071,1,2.3107,1.3107,1
User_Content,40411130,40BA102,3,3.0096,0.0096,1
User_Content,40311214,40BD032,2,2.7067,0.7067,0
User_Content,40411222,40BA062,1,2.1737,1.1737,1
User_Content,40311108,40BA101,3,2.3375,0.6625,0
User_Content,40211134,40BC021,4,2.803,1.197,0
User_Content,40320324,40BC011,1,2.058,1.058,0
User_Content,40311243,40BA012,3,3.6712,0.6712,0
User_Content,40411130,40BA222,2,2.8924,0.8924,1
User_Content,40411215,40BA052,1,2.5331,1.5331,1
User_Content,40411240,40BR022,2,3.0719,1.0719,1
User_Content,40211127,40BA131,5,2.6885,2.3115,0
User_Content,40211131,40B0291,1,3.3266,2.3266,1
User_Content,40211235,40BA102,4,2.869,1.131,0
User_Content,40211101,40BR342,5,3.8696,1.1304,0
User_Content,40211205,40BD012,4,2.6429,1.3571,0
User_Content,40411120,40BA061,4,2.858,1.142,1
User_Content,40311125,40B0291,3,3.3266,0.3266,1
User_Content,40211150,40BC021,3,3.7193,0.7193,0
User_Content,40311148,40BA081,3,2.9398,0.0602,1
User_Content,40211219,40BA052,2,2.3433,0.3433,0
User_Content,40211260,40BR122,5,4.4595,0.5405,0
User_Content,40311146,40BA061,1,3.5,2.5,0
User_Content,40511219,40BA052,3,2.5331,0.4669,1
User_Content,40211150,40BC061,4,3.8929,0.1071,0
User_Content,40211110,40BC051,2,3.0698,1.0698,0
User_Content,40311249,40BA022,3,3.2812,0.2812,0
User_Content,40211205,40BR042,3,3.8873,0.8873,0
User_Content,40411104,40BC071,3,2.3107,0.6893,1
User_Content,40211122,40BA151,4,3.9,0.1,0
User_Content,40211106,40BA081,3,3.1094,0.1094,0
User_Content,40311104,40BA141,1,2.6667,1.6667,0
User_Content,40311229,40BA012,2,3.3125,1.3125,0
User_Content,40511247,40B0292,4,3.4462,0.5538,0
User_Content,40211208,90B2681,3,3.3337,0.3337,1
User_Content,40211249,40BR122,5,4.7377,0.2623,0
User_Content,40311116,40BA081,3,3.2836,0.2836,0
User_Content,40311208,40BA022,4,3.3404,0.6596,0
User_Content,40211206,40BA012,5,2.9538,2.0462,0
User_Content,40511201,40BA012,3,2.0267,0.9733,0
User_Content,40211116,40BA131,5,2.5584,2.4416,0
User_Content,40211101,40BA081,4,3.0588,0.9412,0
User_Content,40211112,40BA021,1,2.9024,1.9024,0
User_Content,40211112,40BQ371,3,4.1429,1.1429,0
User_Content,40211217,40BA022,5,2.7258,2.2742,0
User_Content,40211220,40B0292,5,3.6327,1.3673,0
User_Content,40311130,40BQ321,3,3.7353,0.7353,0
User_Content,40311139,40BQ141,2,2.6552,0.6552,0
User_Content,40311236,40BA102,4,3.0,1.0,0
User_Content,40311245,40BA012,4,2.4958,1.5042,1
User_Content,40511123,40BA051,1,2.3562,1.3562,1
User_Content,40311114,40BA051,4,2.3562,1.6438,1
User_Content,40311155,40BC051,3,2.7493,0.2507,1
User_Content,40211239,40BR372,1,3.5756,2.5756,1
User_Content,40211130,40BA021,1,2.5844,1.5844,0
User_Content,40211133,40BA061,5,3.3,1.7,0
User_Content,40311236,40B8932,4,3.7714,0.2286,0
User_Content,40211106,40BA011,1,2.8333,1.8333,0
User_Content,40211158,409R181,4,3.0769,0.9231,0
User_Content,40311211,40BR372,3,2.791,0.209,0
User_Content,40511118,40BA051,2,2.3562,0.3562,1
User_Content,40311214,40BD012,1,3.0886,2.0886,0
User_Content,40211110,4069211,3,4.0,1.0,0
User_Content,40411246,40BA052,2,2.5331,0.5331,1
User_Content,40211165,40BA141,2,2.4262,0.4262,0
User_Content,40211241,40BA052,1,1.9859,0.9859,0
User_Content,40211115,40BC021,1,3.2889,2.2889,1
User_Content,40411251,40BA082,4,3.0753,0.9247,1
User_Content,40211150,40UN080,3,3.1667,0.1667,0
User_Content,40511125,40B0291,3,3.3266,0.3266,1
User_Content,40211205,40BR322,3,2.8594,0.1406,0
User_Content,40211127,40BQ421,5,2.8704,2.1296,0
User_Content,40311241,40BA102,2,3.0096,1.0096,1
User_Content,40211113,40BA101,2,2.5513,0.5513,0
User_Content,40211252,409Z491,5,4.3061,0.6939,0
User_Content,40311128,40BA021,4,2.4925,1.5075,0
User_Content,40311150,40BA221,1,1.9007,0.9007,1
User_Content,40211244,40B9561,4,4.0,0.0,0
User_Content,40311227,40BA062,1,2.1737,1.1737,1
User_Content,40211102,40BA011,4,2.2424,1.7576,0
User_Content,40211102,40WN081,3,2.3333,0.6667,0
User_Content,40211208,40BA152,2,3.188,1.188,1
User_Content,40211248,40BR122,5,4.5758,0.4242,0
User_Content,40311231,40BQ512,4,3.434,0.566,0
User_Content,40411158,40BA081,3,2.9398,0.0602,1
User_Content,40211163,40BA141,4,2.3776,1.6224,1
User_Content,40311227,40B0292,2,3.3106,1.3106,1
User_Content,40411155,40BQ031,4,2.726,1.274,1
User_Content,40511247,40BA052,4,3.25,0.75,0
User_Content,40311235,40BA102,1,3.0096,2.0096,1
User_Content,40511233,40BA052,4,2.6364,1.3636,0
User_Content,40311133,40BA101,2,2.0725,0.0725,0
User_Content,40311245,40BD012,2,3.2457,1.2457,1
User_Content,40211137,40BA051,3,2.3382,0.6618,0
User_Content,40211262,40BA132,4,3.0571,0.9429,1
User_Content,40211207,40BA062,4,3.2388,0.7612,0
User_Content,40211237,40BA022,1,2.4225,1.4225,0
User_Content,40311162,40BA021,1,2.3705,1.3705,1
User_Content,40211234,40BR032,4,3.9024,0.0976,0
User_Content,40411248,40BR472,1,3.3443,2.3443,1
User_Content,40211136,40BC051,5,3.2545,1.7455,0
User_Content,40311139,40BA141,1,2.3692,1.3692,0
User_Content,40411158,40BA011,3,2.4361,0.5639,1
User_Content,40211129,40BQ141,5,3.1698,1.8302,0
User_Content,40211259,40BA152,2,3.4667,1.4667,0
User_Content,40311258,40BD012,3,2.7564,0.2436,0
User_Content,40411140,40BC071,2,2.3107,0.3107,1
User_Content,40211158,40BQ371,2,4.0789,2.0789,0
User_Content,40311142,40BA101,1,2.3527,1.3527,1
User_Content,40211256,40BD012,5,3.3143,1.6857,0
User_Content,40311217,40BA012,3,3.4839,0.4839,0
User_Content,40411143,40BC011,1,1.9213,0.9213,1
User_Content,40211107,40BA081,1,2.9143,1.9143,0
User_Content,40311127,40BA081,2,2.9398,0.9398,1
User_Content,40211148,40BQ321,3,3.0725,0.0725,0
User_Content,40320310,40BC051,1,2.9722,1.9722,0
User_Content,40211220,40BD052,3,2.9175,0.0825,0
User_Content,40311162,40BQ311,1,2.7005,1.7005,1
User_Content,40211261,40BA122,3,2.4512,0.5488,0
User_Content,40311155,40BQ311,3,2.7005,0.2995,1
User_Content,40211252,40BR072,4,3.5645,0.4355,0
User_Content,40311169,40BA221,1,1.9007,0.9007,1
User_Content,40411215,40BA012,3,2.4958,0.5042,1
User_Content,40311117,40BA141,3,2.7879,0.2121,0
User_Content,40311158,40BA121,1,2.7258,1.7258,0
User_Content,40211209,40BA092,1,3.9895,2.9895,0
User_Content,40311236,40BD032,4,2.9259,1.0741,0
User_Content,40211153,40BQ021,5,2.8444,2.1556,0
User_Content,40211151,40BA081,3,3.6935,0.6935,0
User_Content,40411138,40BA021,1,2.3705,1.3705,1
User_Content,40211118,40BA141,5,2.4865,2.5135,0
User_Content,40411101,40BA011,1,2.4361,1.4361,1
User_Content,40211217,40BR082,4,3.5091,0.4909,0
User_Content,40311132,40BC051,1,2.7493,1.7493,1
User_Content,40211226,40BD052,5,3.0,2.0,0
User_Content,40211225,40B9572,4,3.7708,0.2292,0
User_Content,40411240,40BR472,5,3.3443,1.6557,1
User_Content,40211109,40B0291,2,2.6377,0.6377,0
User_Content,40411110,40BQ311,2,2.7005,0.7005,1
User_Content,40211241,40BA152,3,3.5,0.5,0
User_Content,40311250,40BA062,1,1.4839,0.4839,0
User_Content,40211102,40BQ421,3,3.1321,0.1321,0
User_Content,40211108,40BA051,3,2.7391,0.2609,0
User_Content,40411252,40BR472,1,3.3443,2.3443,1
User_Content,40511256,40B0292,3,3.338,0.338,0
User_Content,40311111,40BA061,4,4.2078,0.2078,0
User_Content,40211114,40UN110,4,3.9992,0.0008,1
User_Content,40511207,40BA012,2,2.8,0.8,0
User_Content,40311218,40BA082,4,3.0857,0.9143,0
User_Content,40311151,40BA021,4,2.6613,1.3387,0
User_Content,40411146,40BA081,2,2.9398,0.9398,1
User_Content,40311215,40BA122,2,2.5295,0.5295,1
User_Content,40511105,40B0291,5,3.3266,1.6734,1
User_Content,40211249,40BA052,3,1.9552,1.0448,0
User_Content,40311157,40BQ321,5,3.2121,1.7879,0
User_Content,40211225,40BD052,3,2.7097,0.2903,0
User_Content,40211151,40BQ371,5,3.7436,1.2564,0
User_Content,40211112,40BQ391,5,3.0698,1.9302,0
User_Content,40311261,40BA012,3,3.3766,0.3766,0
User_Content,40411254,40BA222,3,2.8924,0.1076,1
User_Content,40211239,40BR042,1,2.9845,1.9845,1
User_Content,40111230,40BA152,2,3.188,1.188,1
User_Content,40311233,40BA022,2,2.4733,0.4733,1
User_Content,40211266,433A021,3,1.2151,1.7849,1
User_Content,40211202,40BR242,3,2.9245,0.0755,0
User_Content,40411113,40BQ311,5,2.7005,2.2995,1
User_Content,40211249,40BA022,4,2.3125,1.6875,0
User_Content,40311157,40B0291,5,2.4615,2.5385,0
User_Content,40211139,432N861,1,1.0009,0.0009,1
User_Content,40311260,40BQ512,5,3.5137,1.4863,1
User_Content,40211230,40BA152,3,3.359,0.359,0
User_Content,40311158,40BQ031,2,2.4231,0.4231,0
User_Content,40311231,40BA132,5,2.619,2.381,0
User_Content,40211116,40IN101,4,4.0,0.0,0
User_Content,40311104,40BA081,4,3.6491,0.3509,0
User_Content,40411240,40BA052,1,2.5331,1.5331,1
User_Content,40211217,40BR032,5,3.3684,1.6316,0
User_Content,40211248,40BA022,1,3.4776,2.4776,0
User_Content,40211257,40BR372,1,3.7222,2.7222,0
User_Content,40211266,40BR042,2,2.9845,0.9845,1
User_Content,40311148,40BA011,1,2.4361,1.4361,1
User_Content,40411159,40BA051,2,2.3562,0.3562,1
User_Content,40205303,40BD012,2,3.4222,1.4222,0
User_Content,40411141,40BC011,1,1.9213,0.9213,1
User_Content,40211104,40BQ371,4,4.0185,0.0185,0
User_Content,40211145,40BC011,1,1.9213,0.9213,1
User_Content,40411147,40BA061,2,2.858,0.858,1
User_Content,40211215,40BD032,3,3.0294,0.0294,1
User_Content,40311121,40BC011,4,2.0141,1.9859,0
User_Content,40411256,40BA102,4,3.0096,0.9904,1
User_Content,40411105,40BQ311,5,2.7005,2.2995,1
User_Content,40211116,40BA051,2,2.8533,0.8533,0
User_Content,40211111,40BQ381,1,3.0353,2.0353,0
User_Content,40211106,409A012,2,2.5,0.5,0
User_Content,40211249,40BR082,4,3.7895,0.2105,0
User_Content,40211222,40BA092,4,3.7895,0.2105,0
User_Content,40211123,40BA021,4,2.0308,1.9692,0
User_Content,40211262,40BR042,4,2.9845,1.0155,1
User_Content,40411228,40BA062,3,2.1737,0.8263,1
User_Content,40211105,40BA051,3,2.5517,0.4483,0
User_Content,40311158,40BA221,2,2.0328,0.0328,0
User_Content,40211138,40BQ171,4,2.3636,1.6364,0
User_Content,40211129,40BC021,4,3.9344,0.0656,0
User_Content,40411218,40BR022,3,3.0719,0.0719,1
User_Content,40311129,40BQ331,1,3.1034,2.1034,0
User_Content,40211234,40BA022,3,3.913,0.913,0
User_Content,40211206,40BA062,4,1.6769,2.3231,0
User_Content,40211211,40BR372,3,3.0462,0.0462,0
User_Content,40311248,40BA132,5,2.9559,2.0441,0
User_Content,40211136,40BQ371,3,4.16,1.16,0
User_Content,40211247,409Z501,5,5.0,0.0,0
User_Content,40311250,40BA012,5,2.5821,2.4179,0
User_Content,40311236,40BA062,4,2.6296,1.3704,0
User_Content,40311216,40BR042,4,3.4198,0.5802,0
User_Content,40311218,40B8932,4,3.6429,0.3571,0
User_Content,40311146,40BA221,1,1.5667,0.5667,0
User_Content,40211144,40BA021,4,2.3705,1.6295,1
User_Content,40211248,40BD012,3,3.2424,0.2424,0
User_Content,40211162,40BA151,4,3.803,0.197,0
User_Content,40211203,40BA012,2,2.8889,0.8889,0
User_Content,40311122,40BA101,4,2.2742,1.7258,0
User_Content,40311155,40BC011,3,1.9213,1.0787,1
User_Content,40211214,40BD032,3,2.2254,0.7746,0
User_Content,40311159,40BC071,1,2.3107,1.3107,1
User_Content,40211139,40BA081,3,2.9398,0.0602,1
User_Content,40211202,40BR072,3,3.8906,0.8906,0
User_Content,40211261,40BR222,4,3.1316,0.8684,0
User_Content,40411134,40B0291,2,3.3266,1.3266,1
User_Content,40411159,40BQ311,3,2.7005,0.2995,1
User_Content,40411108,40BQ311,4,2.7005,1.2995,1
User_Content,40211121,40BA121,3,2.8548,0.1452,0
User_Content,40411117,40BA061,2,2.858,0.858,1
User_Content,40411216,40BA082,1,3.0753,2.0753,1
User_Content,40511220,40BA052,4,1.7349,2.2651,0
User_Content,40205303,40BR122,2,4.6279,2.6279,0
User_Content,40211165,40BQ421,4,3.0741,0.9259,0
User_Content,40211123,40PQ041,4,4.5789,0.5789,0
User_Content,40211263,433A021,1,1.1613,0.1613,0
User_Content,40211206,40BA092,4,3.1129,0.8871,0
User_Content,40411238,40BA222,2,2.8924,0.8924,1
User_Content,40411254,40BA012,3,2.4958,0.5042,1
User_Content,40211117,409A012,1,1.6657,0.6657,1
User_Content,40211202,40BD012,2,3.1875,1.1875,0
User_Content,40411145,40BA011,2,2.4361,0.4361,1
User_Content,40311237,40BR042,1,2.9845,1.9845,1
User_Content,40211134,40BC061,4,3.0,1.0,0
User_Content,40211114,40BC021,1,3.2889,2.2889,1
User_Content,40411213,40BA222,3,2.8924,0.1076,1
User_Content,40211162,40UN080,4,3.2857,0.7143,0
User_Content,40311264,4064243,2,0.9997,1.0003,1
User_Content,40211144,40BQ331,2,2.5503,0.5503,1
User_Content,40211207,40BR322,4,3.6825,0.3175,0
User_Content,40211154,40BA022,2,2.8169,0.8169,0
User_Content,40211106,40BQ171,4,2.9032,1.0968,0
User_Content,40311210,40BA122,1,2.3506,1.3506,0
User_Content,40211220,40BR082,4,3.2766,0.7234,0
User_Content,40411147,40BC011,4,1.9213,2.0787,1
User_Content,40411229,40BR022,1,3.0719,2.0719,1
User_Content,40211130,40BQ371,3,4.0147,1.0147,0
User_Content,40311227,40BD032,1,3.0294,2.0294,1
User_Content,40411207,40BA012,3,2.4958,0.5042,1
User_Content,40211208,40BR082,2,3.4642,1.4642,1
User_Content,40311237,40BA062,3,2.1737,0.8263,1
User_Content,40211105,409Q082,2,2.0,0.0,0
User_Content,40411126,40BA101,3,2.3527,0.6473,1
User_Content,40311131,40BQ311,3,3.1923,0.1923,0
User_Content,40211211,40BA152,3,2.7667,0.2333,0
User_Content,40211214,40BR372,2,3.1944,1.1944,0
User_Content,40511118,40B0291,4,3.3266,0.6734,1
User_Content,40311223,40BR042,3,2.7576,0.2424,0
User_Content,40411247,40BA062,4,2.1737,1.8263,1
User_Content,40511119,40B0291,5,3.3266,1.6734,1
User_Content,40211222,40BA152,3,2.6575,0.3425,0
User_Content,40411237,40B0292,1,3.3106,2.3106,1
User_Content,40311128,40BQ141,4,3.6094,0.3906,0
User_Content,40511121,40BA051,2,2.3562,0.3562,1
User_Content,40311227,40BA222,2,2.8924,0.8924,1
User_Content,40311240,40BD012,1,3.2457,2.2457,1
User_Content,40311218,40BA102,4,2.6377,1.3623,0
User_Content,40211244,40BA082,3,3.0986,0.0986,0
User_Content,40211249,40BA152,2,3.2623,1.2623,0
User_Content,40211237,40B0292,1,2.9333,1.9333,0
User_Content,40511103,40B0291,2,3.3266,1.3266,1
User_Content,40311211,40BR042,3,3.2857,0.2857,0
User_Content,40311216,40BD032,2,2.6667,0.6667,0
User_Content,40211214,40BA022,4,2.0833,1.9167,0
User_Content,40311205,40BQ512,4,3.5137,0.4863,1
User_Content,40211131,40BA081,1,2.9398,1.9398,1
User_Content,40311244,40BR042,4,2.9845,1.0155,1
User_Content,40511135,40B0291,4,3.3266,0.6734,1
User_Content,40211123,40BC011,2,1.3968,0.6032,0
User_Content,40211207,40B0292,5,3.4324,1.5676,0
User_Content,40311227,40BA102,3,3.0096,0.0096,1
User_Content,40211103,40BA141,1,2.3776,1.3776,1
User_Content,40211111,40BA051,2,2.84,0.84,0
User_Content,40211123,40UN080,5,3.4,1.6,0
User_Content,40211201,40BA061,1,3.9529,2.9529,0
User_Content,40211101,40BQ051,5,4.1591,0.8409,0
User_Content,40411124,40BA021,1,2.3705,1.3705,1
User_Content,40411122,40BA051,1,2.3562,1.3562,1
User_Content,40211113,40BA151,3,3.6,0.6,0
User_Content,40311257,40BR372,4,3.7667,0.2333,0
User_Content,40211118,40BA121,5,3.0133,1.9867,0
User_Content,40311217,40BA062,1,3.2586,2.2586,0
User_Content,40311110,40BA061,1,2.858,1.858,1
User_Content,40311237,40BA022,1,2.4733,1.4733,1
User_Content,40211233,40BR032,2,3.6977,1.6977,0
User_Content,40311145,40BA051,1,2.3562,1.3562,1
User_Content,40211213,40BA082,3,3.2329,0.2329,0
User_Content,40311114,40BC011,3,1.9213,1.0787,1
User_Content,40211252,40BA102,5,3.0323,1.9677,0
User_Content,40211215,40BA152,3,3.188,0.188,1
User_Content,40211107,40BQ371,3,3.3684,0.3684,0
User_Content,40411109,40BA222,1,2.8924,1.8924,1
User_Content,40211137,40BA151,3,3.8772,0.8772,0
User_Content,40411101,40BA021,1,2.3705,1.3705,1
User_Content,40211261,409Z511,4,3.8125,0.1875,0
User_Content,40211234,40BR122,5,4.6279,0.3721,0
User_Content,40211250,40BD032,3,2.9155,0.0845,0
User_Content,40411212,40BA022,1,2.4733,1.4733,1
User_Content,40311161,40BA101,1,2.3527,1.3527,1
User_Content,40211237,40BR032,2,3.1077,1.1077,0
User_Content,40211264,40BR032,2,3.3814,1.3814,1
User_Content,40411120,40BA051,3,2.3562,0.6438,1
User_Content,40311137,40BA221,3,1.6933,1.3067,0
User_Content,40211132,40BC011,1,1.5862,0.5862,0
User_Content,40411221,40BA052,2,2.5331,0.5331,1
User_Content,40411121,40B0291,1,3.3266,2.3266,1
User_Content,40411147,40B0291,5,3.3266,1.6734,1
User_Content,40211126,40B9662,4,4.4,0.4,0
User_Content,40211229,40BR242,2,3.2407,1.2407,0
User_Content,40211145,40BA131,2,3.0152,1.0152,1
User_Content,40411102,40BA221,3,1.9007,1.0993,1
User_Content,40211243,40BA012,1,2.4958,1.4958,1
User_Content,40311235,40B0292,3,3.3106,0.3106,1
User_Content,40311145,40BA011,1,2.4361,1.4361,1
User_Content,40211164,409U403,4,2.9092,1.0908,2
User_Content,40211264,40BA102,1,3.0096,2.0096,1
User_Content,40311131,40BC011,1,2.2419,1.2419,0
User_Content,40311211,40BA122,4,2.5645,1.4355,0
User_Content,40311121,40BA131,3,2.9028,0.0972,0
User_Content,40211257,40BD032,2,2.7647,0.7647,0
User_Content,40411168,40BA221,1,1.9007,0.9007,1
User_Content,40311238,40BD032,3,2.6543,0.3457,0
User_Content,40311250,431A241,5,2.9092,2.0908,2
User_Content,40211220,40BR122,5,4.4941,0.5059,0
User_Content,40211107,40BR242,2,3.0238,1.0238,0
User_Content,40311233,40BA082,4,3.0753,0.9247,1
User_Content,40211158,40UN110,4,4.0,0.0,0
User_Content,40411226,40BA082,1,3.0753,2.0753,1
User_Content,40211264,40BA062,1,2.1737,1.1737,1
User_Content,40211125,40BA011,4,1.5467,2.4533,0
User_Content,40411141,40BA221,1,1.9007,0.9007,1
User_Content,40211165,40BA101,4,1.873,2.127,0
User_Content,40411126,40BA051,2,2.3562,0.3562,1
User_Content,40211145,40BA051,2,2.3562,0.3562,1
User_Content,40311135,40BQ321,3,3.9375,0.9375,0
User_Content,40311122,40BQ321,4,3.1017,0.8983,0
User_Content,40211151,40BC051,4,3.4333,0.5667,0
User_Content,40411140,40BQ031,3,2.726,0.274,1
User_Content,40211150,40BA011,3,3.2105,0.2105,0
User_Content,40411131,40BA081,1,2.9398,1.9398,1
User_Content,40211121,40BC021,2,3.5,1.5,0
User_Content,40211148,40BA141,4,2.2778,1.7222,0
User_Content,40320310,40BQ321,2,3.1,1.1,0
User_Content,40320324,40BA221,1,1.8154,0.8154,0
User_Content,40211263,409U163,1,1.2632,0.2632,0
User_Content,40311155,40BA141,3,2.3776,0.6224,1
User_Content,40211144,40BA221,1,1.9007,0.9007,1
User_Content,40211154,40BR372,2,3.194,1.194,0
User_Content,40211102,40BC051,4,2.7188,1.2812,0
User_Content,40311133,40BA221,2,2.2097,0.2097,0
User_Content,40311244,40BA012,3,2.4958,0.5042,1
User_Content,40211109,40BA051,2,2.1304,0.1304,0
User_Content,40211229,40BA082,2,3.4268,1.4268,0
User_Content,40311106,40B0291,4,3.4054,0.5946,0
User_Content,40211105,40B0291,1,3.4068,2.4068,0
User_Content,40211151,40BA141,4,2.193,1.807,0
User_Content,40311214,40BA062,1,1.7024,0.7024,0
User_Content,40211241,40BA102,3,3.0462,0.0462,0
User_Content,40211162,40BA011,2,1.8986,0.1014,0
User_Content,40411257,40BA052,2,2.5331,0.5331,1
User_Content,40211148,40BA091,4,1.5,2.5,0
User_Content,40411233,40BR472,5,3.3443,1.6557,1
User_Content,40311248,40B8932,5,4.1852,0.8148,0
User_Content,40411250,40BA052,2,2.5331,0.5331,1
User_Content,40211263,40BA082,2,3.0,1.0,0
User_Content,40311261,40BA082,4,3.4286,0.5714,0
User_Content,40411138,40BA011,1,2.4361,1.4361,1
User_Content,40411248,40BA222,4,2.8924,1.1076,1
User_Content,40311134,40B0291,2,3.0845,1.0845,0
User_Content,40211111,40BA151,3,3.4828,0.4828,0
User_Content,40211201,40BR082,3,3.1327,0.1327,0
User_Content,40311261,40BA022,5,3.2857,1.7143,0
User_Content,40411130,40BA021,2,2.3705,0.3705,1
User_Content,40311218,40BR072,4,3.8451,0.1549,0
User_Content,40211133,40BA021,4,2.6515,1.3485,0
User_Content,40211161,40BA101,4,2.3527,1.6473,1
User_Content,40211259,40BA092,5,4.1739,0.8261,0
User_Content,40411111,40BA081,1,2.9398,1.9398,1
User_Content,40211127,40BQ401,4,3.4464,0.5536,0
User_Content,40211126,433Q051,2,2.0,0.0,0
User_Content,40411240,40B0292,3,3.3106,0.3106,1
User_Content,40211151,40BA051,3,2.7857,0.2143,0
User_Content,40211150,40BQ421,4,2.6552,1.3448,0
User_Content,40311250,40BA122,4,2.1724,1.8276,0
User_Content,40411250,40BR472,5,3.3443,1.6557,1
User_Content,40311201,40BA102,4,3.1481,0.8519,0
User_Content,40211213,40BR122,4,4.1268,0.1268,0
User_Content,40211164,40BA102,3,3.4304,0.4304,0
User_Content,40411256,40BA022,3,2.4733,0.5267,1
User_Content,40311133,40BC011,3,2.6,0.4,0
User_Content,40211258,40BA012,1,2.4958,1.4958,1
User_Content,40211142,409A021,1,1.0005,0.0005,1
User_Content,40211105,40BC021,3,3.7797,0.7797,0
User_Content,40211121,40BQ171,4,3.3585,0.6415,0
User_Content,40211126,40BA141,3,2.6,0.4,0
User_Content,40211201,40BR072,4,4.3936,0.3936,0
User_Content,40311152,40BA061,1,2.858,1.858,1
User_Content,40211136,40BA051,3,3.451,0.451,0
User_Content,40311258,40BA022,5,2.3671,2.6329,0
User_Content,40511155,40B0291,5,3.3266,1.6734,1
User_Content,40311261,40BA132,5,2.5797,2.4203,0
User_Content,40311201,40B8932,5,4.0222,0.9778,0
User_Content,40311139,40BQ311,3,2.9545,0.0455,0
User_Content,40411120,40BA011,1,2.4361,1.4361,1
User_Content,40411222,40BA102,2,3.0096,1.0096,1
User_Content,40211109,40UN110,4,4.0,0.0,0
User_Content,40211207,40BA142,5,4.0299,0.9701,0
User_Content,40311123,40BC011,1,1.5714,0.5714,0
User_Content,40211244,40BR242,4,2.8644,1.1356,0
User_Content,40311261,40B0292,2,3.2105,1.2105,0
User_Content,40311241,40B0292,1,3.3106,2.3106,1
User_Content,40211249,40BA102,3,2.7903,0.2097,0
User_Content,40211228,409Z501,5,5.0,0.0,0
User_Content,40333126,40BA081,3,2.9398,0.0602,1
User_Content,40411253,40BA022,2,2.4733,0.4733,1
User_Content,40411160,40BD012,4,3.2457,0.7543,1
User_Content,40211107,40B0291,2,3.0,1.0,0
User_Content,40211259,40BR372,4,2.9216,1.0784,0
User_Content,40311125,40BA051,1,2.3562,1.3562,1
User_Content,40311226,40BA052,4,2.575,1.425,0
User_Content,40511203,40B0292,5,3.6393,1.3607,0
User_Content,40311138,40BA101,2,2.1053,0.1053,0
User_Content,40211243,40BA022,1,2.4733,1.4733,1
User_Content,40411138,40BQ031,2,2.726,0.726,1
User_Content,40211244,40BD032,4,2.9167,1.0833,0
User_Content,40211243,40BA062,1,2.1737,1.1737,1
User_Content,40411146,40BQ031,2,2.726,0.726,1
User_Content,40211129,40BA051,3,3.1552,0.1552,0
User_Content,40211256,40BA102,5,3.9275,1.0725,0
User_Content,40211101,40BR372,5,3.9057,1.0943,0
User_Content,40211227,40BR072,4,4.3936,0.3936,0
User_Content,40411258,40BA102,3,3.0096,0.0096,1
User_Content,40311106,40BQ141,3,3.493,0.493,0
User_Content,40211220,40BQ421,4,2.7432,1.2568,0
User_Content,40511130,40BA051,2,2.3562,0.3562,1
User_Content,40211104,40BA051,4,2.7879,1.2121,0
User_Content,40311250,40BA052,5,2.6066,2.3934,0
User_Content,40311206,40BA052,5,2.5331,2.4669,1
User_Content,40311118,40BC071,3,3.5536,0.5536,0
User_Content,40311256,40BR372,4,4.1515,0.1515,0
User_Content,40211162,40BQ051,4,3.3438,0.6562,0
User_Content,40311223,40BR022,3,2.75,0.25,0
User_Content,40311211,40BA102,4,3.3438,0.6562,0
User_Content,40511250,40BA052,3,2.2203,0.7797,0
User_Content,40511119,40BA011,4,2.4361,1.5639,1
User_Content,40511149,40BA051,2,2.3562,0.3562,1
User_Content,40320326,40BQ341,3,4.0222,1.0222,0
User_Content,40311137,40BQ341,5,4.3934,0.6066,0
User_Content,40311212,40BA122,1,2.1159,1.1159,0
User_Content,40211220,409Z501,5,5.0,0.0,0
User_Content,40320326,40BA021,1,2.7719,1.7719,0
User_Content,40211127,40BA141,3,2.5333,0.4667,0
User_Content,40411215,40BA022,2,2.4733,0.4733,1
User_Content,40311211,40BA222,3,3.44,0.44,0
User_Content,40311123,40BA061,1,3.75,2.75,0
User_Content,40211242,40B9572,4,3.881,0.119,0
User_Content,40211110,40BQ021,2,2.1818,0.1818,0
User_Content,40211222,40BR342,3,3.4583,0.4583,0
User_Content,40511224,40B0292,3,3.3043,0.3043,0
User_Content,40311241,40BA082,2,3.0753,1.0753,1
User_Content,40211268,40BA011,1,2.4361,1.4361,1
User_Content,40311229,40BA052,5,2.7031,2.2969,0
User_Content,40211147,40BA081,3,2.9398,0.0602,1
User_Content,40211201,40BA022,2,3.1633,1.1633,0
User_Content,40211101,40BC011,5,1.68,3.32,0
User_Content,40211224,40BR342,3,3.5803,0.5803,1
User_Content,40311162,40BA011,1,2.4361,1.4361,1
User_Content,40311235,40BA012,1,2.4958,1.4958,1
User_Content,40311201,40BA062,1,3.1111,2.1111,0
User_Content,40211209,40BR122,1,4.7303,3.7303,0
User_Content,40211145,40B0291,3,3.3266,0.3266,1
User_Content,40411133,40BC011,2,1.9213,0.0787,1
User_Content,40211123,40UN070,4,4.4167,0.4167,0
User_Content,40211127,40BC021,5,4.0,1.0,0
User_Content,40411110,40BQ031,3,2.726,0.274,1
User_Content,40311235,40BR022,3,3.0719,0.0719,1
User_Content,40211246,40BD012,4,2.8673,1.1327,0
User_Content,40411163,40BA101,3,2.3527,0.6473,1
User_Content,40320310,40BA101,1,3.1111,2.1111,0
User_Content,40311106,40BA081,3,3.8429,0.8429,0
User_Content,40211141,40BA091,4,1.4576,2.5424,0
User_Content,40411164,40BQ311,1,2.7005,1.7005,1
User_Content,40211222,40BD052,4,2.12,1.88,0
User_Content,40311230,40BR022,3,3.2031,0.2031,0
User_Content,40211133,40BA151,4,3.8596,0.1404,0
User_Content,40211234,40BA052,3,2.8,0.2,0
User_Content,40311211,40BD032,3,2.8281,0.1719,0
User_Content,40311211,40BR022,2,3.8776,1.8776,0
User_Content,40211203,40BR042,5,2.7407,2.2593,0
User_Content,40211144,40BC011,1,1.9213,0.9213,1
User_Content,40411237,40BR472,2,3.3443,1.3443,1
User_Content,40211255,40BA152,3,3.188,0.188,1
User_Content,40411146,40B0291,4,3.3266,0.6734,1
User_Content,40311215,40B8932,5,4.118,0.882,1
User_Content,40211101,40BA011,5,2.4894,2.5106,0
User_Content,40211145,409U053,2,3.0009,1.0009,1
User_Content,40411111,40BA011,3,2.4361,0.5639,1
User_Content,40211113,40BQ171,3,1.9067,1.0933,0
User_Content,40411120,40BA101,4,2.3527,1.6473,1
User_Content,40311209,40BA052,2,2.5331,0.5331,1
User_Content,40211239,40BA142,3,4.0769,1.0769,1
User_Content,40211129,40BQ371,3,3.7727,0.7727,0
User_Content,40211109,40BQ381,1,2.5217,1.5217,0
User_Content,40211102,40KE011,4,2.9092,1.0908,2
User_Content,40211122,40BC021,4,3.1818,0.8182,0
User_Content,40411244,40BR022,4,3.0719,0.9281,1
User_Content,40311155,40BA081,2,2.9398,0.9398,1
User_Content,40211130,40BA131,2,2.7065,0.7065,0
User_Content,40211110,40B9662,5,4.4667,0.5333,0
User_Content,40311129,40BA141,3,2.3729,0.6271,0
User_Content,40411205,40BR472,2,3.3443,1.3443,1
User_Content,40311219,40BA222,3,2.8924,0.1076,1
User_Content,40320324,40BQ311,3,2.9231,0.0769,0
User_Content,40211102,40BA141,4,2.4286,1.5714,0
User_Content,40211141,40BA141,4,2.0735,1.9265,0
User_Content,40311133,40BQ341,5,4.283,0.717,0
User_Content,40411263,40BA102,1,3.0096,2.0096,1
User_Content,40411243,40BA062,4,2.1737,1.8263,1
User_Content,40211161,409A013,1,1.6248,0.6248,1
User_Content,40311249,40BA222,4,3.0702,0.9298,0
User_Content,40311232,40BR042,3,2.9845,0.0155,1
User_Content,40211122,432N442,3,2.0,1.0,0
User_Content,40311211,40BD012,3,3.303,0.303,0
User_Content,40311109,40B0291,1,3.3266,2.3266,1
User_Content,40111256,40B9651,2,3.625,1.625,0
User_Content,40311151,40BC011,3,1.7879,1.2121,0
User_Content,40311116,40BA051,1,2.5161,1.5161,0
User_Content,40211256,40BA022,5,3.8088,1.1912,0
User_Content,40211206,40BA152,3,3.2167,0.2167,0
User_Content,40511143,40BA051,4,2.3562,1.6438,1
User_Content,40211245,40BR072,3,3.7895,0.7895,0
User_Content,40511111,40B0291,3,3.3266,0.3266,1
User_Content,40211227,40BA132,5,2.5784,2.4216,0
User_Content,40320310,40BA221,1,2.1739,1.1739,0
User_Content,40211228,40BA082,3,3.1143,0.1143,0
User_Content,40211222,40BA052,2,2.5789,0.5789,0
User_Content,40411211,40BA012,2,2.4958,0.4958,1
User_Content,40311258,40BA102,3,3.4177,0.4177,0
User_Content,40211217,40B9561,4,4.0,0.0,0
User_Content,40211242,40BD052,4,2.3019,1.6981,0
User_Content,40211117,40BQ371,4,3.7408,0.2592,1
User_Content,40511211,40B0292,4,3.4211,0.5789,0
User_Content,40311231,40BA052,3,1.9104,1.0896,0
User_Content,40511226,40B0292,4,4.0714,0.0714,0
User_Content,40211247,409Z511,3,3.7778,0.7778,0
User_Content,40211203,40BR222,4,3.4792,0.5208,0
User_Content,40211144,40BA061,4,2.858,1.142,1
User_Content,40311236,40BA012,5,2.9167,2.0833,0
User_Content,40411237,40BR022,1,3.0719,2.0719,1
User_Content,40311111,40BA021,2,2.3158,0.3158,0
User_Content,40211105,40BA061,4,4.193,0.193,0
User_Content,40411256,40BA012,3,2.4958,0.5042,1
User_Content,40211245,40BA142,3,4.12,1.12,0
User_Content,40511211,40BA052,3,2.0779,0.9221,0
User_Content,40211133,40BA141,4,1.7612,2.2388,0
User_Content,40211144,40BA081,2,2.9398,0.9398,1
User_Content,40211114,40BQ321,1,3.3073,2.3073,1
User_Content,40311205,40BD012,5,3.2457,1.7543,1
User_Content,40411212,40BA012,1,2.4958,1.4958,1
User_Content,40211202,40BR322,3,2.7627,0.2373,0
User_Content,40411243,40BR472,1,3.3443,2.3443,1
User_Content,40211105,40BR242,4,3.1,0.9,0
User_Content,40511210,40BA012,2,2.2069,0.2069,0
User_Content,40411213,40BA012,4,2.4958,1.5042,1
User_Content,40211237,40BD032,4,2.4507,1.5493,0
User_Content,40311230,40BR042,2,2.6892,0.6892,0
User_Content,40511238,40BA012,5,3.2564,1.7436,0
User_Content,40411246,40BR022,4,3.0719,0.9281,1
User_Content,40411151,40BA021,3,2.3705,0.6295,1
User_Content,40311155,40BC071,3,2.3107,0.6893,1
User_Content,40311244,40BR022,3,3.0719,0.0719,1
User_Content,40311209,40BA222,2,2.8924,0.8924,1
User_Content,40211242,40UN160,3,2.8571,0.1429,0
User_Content,40411215,40BD012,3,3.2457,0.2457,1
User_Content,40211118,40BA051,4,2.8028,1.1972,0
User_Content,40211129,40KE011,3,2.9092,0.0908,2
User_Content,40211108,409Z481,5,4.0545,0.9455,0
User_Content,40311229,40BA122,3,2.9104,0.0896,0
User_Content,40211216,40BR072,5,4.3485,0.6515,0
User_Content,40211144,40BQ401,1,3.3906,2.3906,1
User_Content,40311202,40BA012,2,2.5256,0.5256,0
User_Content,40211209,40BA122,3,2.6796,0.3204,0
User_Content,40411134,40BA061,1,2.858,1.858,1
User_Content,40211238,40BA012,1,3.3621,2.3621,0
User_Content,40211108,409Z501,5,5.0,0.0,0
User_Content,40311110,40BA011,2,2.4361,0.4361,1
User_Content,40411140,40BA011,1,2.4361,1.4361,1
User_Content,40311106,40BA051,3,2.0714,0.9286,0
User_Content,40311141,40BA051,1,2.3562,1.3562,1
User_Content,40511125,40BA011,1,2.4361,1.4361,1
User_Content,40211207,40B9572,4,3.7833,0.2167,0
User_Content,40511130,40B0291,4,3.3266,0.6734,1
User_Content,40311113,40BA081,2,2.9398,0.9398,1
User_Content,40411215,40BA082,2,3.0753,1.0753,1
User_Content,40211126,40BC061,1,3.95,2.95,0
User_Content,40311208,40BA062,4,2.6122,1.3878,0
User_Content,40211153,40BC061,4,3.25,0.75,0
User_Content,40211132,40BQ371,2,4.0417,2.0417,0
User_Content,40211232,40BA022,1,2.4733,1.4733,1
User_Content,40411104,40BC011,2,1.9213,0.0787,1
User_Content,40211104,40BQ421,2,3.3396,1.3396,0
User_Content,40211211,40BA132,3,2.3538,0.6462,0
User_Content,40311202,40B8932,3,3.9815,0.9815,0
User_Content,40311207,40B8932,4,3.8936,0.1064,0
User_Content,40411240,40BA102,4,3.0096,0.9904,1
User_Content,40211123,40BC051,4,2.4091,1.5909,0
User_Content,40411252,40BA102,2,3.0096,1.0096,1
User_Content,40311139,40BA011,1,2.6471,1.6471,0
User_Content,40211241,40BA012,4,2.7429,1.2571,0
User_Content,40311105,40BA051,1,2.5616,1.5616,0
User_Content,40211103,40BA131,3,3.0152,0.0152,1
User_Content,40411122,40BA061,1,2.858,1.858,1
User_Content,40211226,40BR072,4,3.7797,0.2203,0
User_Content,40211231,40BA052,1,2.5331,1.5331,1
User_Content,40411241,40BD012,4,3.2457,0.7543,1
User_Content,40211223,40BR032,4,3.7347,0.2653,0
User_Content,40311233,40BR372,4,3.5756,0.4244,1
User_Content,40205303,40BA102,1,3.1828,2.1828,0
User_Content,40211118,40B9662,5,4.3455,0.6545,0
User_Content,40411130,409A013,1,1.6248,0.6248,1
User_Content,40211109,40B9662,4,4.2708,0.2708,0
User_Content,40312142,40BA221,3,2.0192,0.9808,0
User_Content,40411212,40BA102,4,3.0096,0.9904,1
User_Content,40211133,40BQ321,4,3.2836,0.7164,0
User_Content,40411205,409A013,1,1.6248,0.6248,1
User_Content,40211247,40BA122,3,2.4429,0.5571,0
User_Content,40511255,40BA052,4,1.2368,2.7632,0
User_Content,40211141,40BQ171,4,3.6441,0.3559,0
User_Content,40411150,40BA061,1,2.858,1.858,1
User_Content,40411207,40BA222,1,2.8924,1.8924,1
User_Content,40311159,40BA011,1,2.4361,1.4361,1
User_Content,40211244,40BA132,2,2.4054,0.4054,0
User_Content,40211223,40BA022,5,3.6379,1.3621,0
User_Content,40311140,40BQ141,5,3.5833,1.4167,0
User_Content,40311212,40BA022,1,2.6269,1.6269,0
User_Content,40211113,40BQ021,1,1.4189,0.4189,0
User_Content,40311116,40BA011,2,3.6765,1.6765,0
User_Content,40411111,40BC071,1,2.3107,1.3107,1
User_Content,40311140,40BC021,5,3.9808,1.0192,0
User_Content,40211216,40BR322,5,3.2222,1.7778,0
User_Content,40211228,40BA102,4,3.5541,0.4459,0
User_Content,40311240,40BA052,1,2.5331,1.5331,1
User_Content,40411251,40BA012,1,2.4958,1.4958,1
User_Content,40211206,40BA052,3,2.6923,0.3077,0
User_Content,40311155,40BA221,2,1.9007,0.0993,1
User_Content,40311224,40BR022,1,3.0719,2.0719,1
User_Content,40411213,40B0292,4,3.3106,0.6894,1
User_Content,40211267,40BA152,3,3.188,0.188,1
User_Content,40311213,40BA012,1,2.4958,1.4958,1
User_Content,40211103,40BA011,1,2.4361,1.4361,1
User_Content,40211121,40BA141,3,2.6667,0.3333,0
User_Content,40411236,40BA222,4,2.8924,1.1076,1
User_Content,40211223,40BR042,4,3.4737,0.5263,0
User_Content,40411244,40BD012,4,3.2457,0.7543,1
User_Content,40211259,40BA082,1,3.0851,2.0851,0
User_Content,40311134,40BA061,1,3.3239,2.3239,0
User_Content,40211151,40PQ041,4,4.4375,0.4375,0
User_Content,40511111,40BA051,1,2.3562,1.3562,1
User_Content,40411225,40BA052,2,2.5331,0.5331,1
User_Content,40211224,40BD052,1,2.7903,1.7903,1
User_Content,40211236,40BA052,1,2.5331,1.5331,1
User_Content,40211163,40BC061,1,3.0859,2.0859,1
User_Content,40511202,40B0292,5,4.1129,0.8871,0
User_Content,40411246,40BA102,3,3.0096,0.0096,1
User_Content,40211117,40BQ171,1,3.1721,2.1721,1
User_Content,40311146,40BQ311,1,2.8333,1.8333,0
User_Content,40411146,40BC011,2,1.9213,0.0787,1
User_Content,40311104,40BA221,1,1.7234,0.7234,0
User_Content,40311202,40BA122,4,2.4304,1.5696,0
User_Content,40211216,409Z501,5,5.0,0.0,0
User_Content,40211103,40BC051,2,2.7493,0.7493,1
User_Content,40411238,40BA102,4,3.0096,0.9904,1
User_Content,40311131,40BA141,1,3.0161,2.0161,0
User_Content,40211244,40BR372,4,2.7639,1.2361,0
User_Content,40311243,40BR072,4,4.1176,0.1176,0
User_Content,40211220,40BA152,4,3.5402,0.4598,0
User_Content,40311140,40BC011,2,2.3469,0.3469,0
User_Content,40411209,40BR022,2,3.0719,1.0719,1
User_Content,40311219,40BR022,3,3.0719,0.0719,1
User_Content,40311139,40BA131,1,2.5821,1.5821,0
User_Content,40211132,40KN633,4,2.0,2.0,0
User_Content,40211147,40BQ321,2,3.3073,1.3073,1
User_Content,40411241,40BA022,1,2.4733,1.4733,1
User_Content,40211223,40BA092,5,3.58,1.42,0
User_Content,40411127,40BQ031,5,2.726,2.274,1
User_Content,40411159,40BQ031,3,2.726,0.274,1
User_Content,40411221,40BR472,5,3.3443,1.6557,1
User_Content,40211242,40BA092,5,3.9455,1.0545,0
User_Content,40411105,40BA051,3,2.3562,0.6438,1
User_Content,40211112,40BA091,1,2.0506,1.0506,0
User_Content,40211165,40BA151,3,3.8727,0.8727,0
User_Content,40311157,40BC021,4,3.5672,0.4328,0
User_Content,40311211,40K0051,2,1.0,1.0,0
User_Content,40411101,40BR472,4,3.3443,0.6557,1
User_Content,40411258,40BA082,3,3.0753,0.0753,1
User_Content,40211115,40BA131,2,3.0152,1.0152,1
User_Content,40411244,40BA102,3,3.0096,0.0096,1
User_Content,40211123,40BA091,2,1.4138,0.5862,0
User_Content,40211219,40BA012,4,2.7313,1.2687,0
User_Content,40311260,40BD012,4,3.2457,0.7543,1
User_Content,40211141,40BQ021,4,2.1765,1.8235,0
User_Content,40211132,40BC051,1,2.5053,1.5053,0
User_Content,40211252,40BA082,3,3.7879,0.7879,0
User_Content,40411115,40BA061,1,2.858,1.858,1
User_Content,40211136,40BA021,5,3.2041,1.7959,0
User_Content,40211213,40BR222,4,2.7887,1.2113,0
User_Content,40211208,40BA221,2,1.9007,0.0993,1
User_Content,40211225,40BR122,5,4.4375,0.5625,0
User_Content,40311108,40BA121,1,2.6962,1.6962,0
User_Content,40211252,409D021,3,2.375,0.625,0
User_Content,40211248,40BA062,2,2.8824,0.8824,0
User_Content,40311204,40BA082,5,3.0753,1.9247,1
User_Content,40211263,40BA132,2,2.7612,0.7612,0
User_Content,40311212,40BA132,2,3.058,1.058,0
User_Content,40211225,40BA142,4,4.0156,0.0156,0
User_Content,40211209,40BA012,1,2.76,1.76,0
User_Content,40211207,40BR072,5,4.3284,0.6716,0
User_Content,40211215,40BR032,1,3.3814,2.3814,1
User_Content,40311135,40BA051,3,3.76,0.76,0
User_Content,40311212,40BA012,1,2.3056,1.3056,0
User_Content,40411258,40BD012,4,3.2457,0.7543,1
User_Content,40211157,40BA091,1,1.6658,0.6658,1
User_Content,40320326,40BC011,1,2.1967,1.1967,0
User_Content,40211156,40BA101,3,2.6557,0.3443,0
User_Content,40211224,40BA142,3,4.0769,1.0769,1
User_Content,40311113,40B0291,1,3.3266,2.3266,1
User_Content,40311224,40BA062,1,2.1737,1.1737,1
User_Content,40311230,40BR372,3,3.2222,0.2222,0
User_Content,40411257,40B0292,4,3.3106,0.6894,1
User_Content,40411167,40BA221,2,1.9007,0.0993,1
User_Content,40211141,40B9651,4,3.6053,0.3947,0
User_Content,40211229,433A021,1,1.1316,0.1316,0
User_Content,40311208,40BR072,3,4.5909,1.5909,0
User_Content,40211135,40BA081,2,2.9398,0.9398,1
User_Content,40311214,40BA022,1,2.2048,1.2048,0
User_Content,40411164,40BC011,1,1.9213,0.9213,1
User_Content,40211103,40B0291,2,3.3266,1.3266,1
User_Content,40211220,40BA102,5,3.0,2.0,0
User_Content,40411217,40BD012,5,3.2457,1.7543,1
User_Content,40311210,409A011,1,3.0,2.0,0
User_Content,40211203,40BD012,5,3.098,1.902,0
User_Content,40211136,40BA151,4,3.6279,0.3721,0
User_Content,40211115,40BA081,2,2.9398,0.9398,1
User_Content,40411215,40BA222,3,2.8924,0.1076,1
User_Content,40211246,40BA092,5,3.9474,1.0526,0
User_Content,40311123,40BQ031,2,1.92,0.08,0
User_Content,40411117,40BA101,1,2.3527,1.3527,1
User_Content,40411101,40BA102,3,3.0096,0.0096,1
User_Content,40311206,40BA122,2,2.5295,0.5295,1
User_Content,40411160,40BA021,3,2.3705,0.6295,1
User_Content,40211109,40BQ371,4,3.7656,0.2344,0
User_Content,40211139,40BA091,1,1.6658,0.6658,1
User_Content,40311173,40BQ341,4,4.1912,0.1912,0
User_Content,40411148,40BA061,5,2.858,2.142,1
User_Content,40211164,40BA121,3,2.7895,0.2105,0
User_Content,40311232,40BA222,2,2.8924,0.8924,1
User_Content,40311122,40BQ031,2,2.3043,0.3043,0
User_Content,40211146,40B0291,2,3.3939,1.3939,0
User_Content,40511235,40BA012,1,2.5469,1.5469,0
User_Content,40211207,40BA082,3,3.6406,0.6406,0
User_Content,40320310,40BC021,3,3.6351,0.6351,0
User_Content,40411254,40BA082,3,3.0753,0.0753,1
User_Content,40211230,40BD012,3,2.7024,0.2976,0
User_Content,40511219,40BA012,1,2.4958,1.4958,1
User_Content,40211224,40BR122,2,4.2902,2.2902,1
User_Content,40211249,40BR222,5,3.6552,1.3448,0
User_Content,40311129,40BA051,1,2.8966,1.8966,0
User_Content,40311142,40BA051,1,2.3562,1.3562,1
User_Content,40311237,40BA132,1,3.0571,2.0571,1
User_Content,40211146,40UN080,2,3.5,1.5,0
User_Content,40211257,40BA082,3,3.5676,0.5676,0
User_Content,40211136,40BA081,4,3.2353,0.7647,0
User_Content,40211246,40BR372,4,2.8854,1.1146,0
User_Content,40311233,40BQ512,4,3.5137,0.4863,1
User_Content,40511205,40BA012,5,2.8,2.2,0
User_Content,40311207,40BR072,3,4.0161,1.0161,0
User_Content,40311130,40BA221,1,2.5645,1.5645,0
User_Content,40311105,40BA221,1,1.2388,0.2388,0
User_Content,40211256,40BA082,4,3.3636,0.6364,0
User_Content,40211141,40BA121,4,2.6364,1.3636,0
User_Content,40211122,40BC061,3,3.8846,0.8846,0
User_Content,40312142,40BA061,1,3.619,2.619,0
User_Content,40411117,40BA081,1,2.9398,1.9398,1
User_Content,40511138,40B0291,3,3.3266,0.3266,1
User_Content,40111230,40BA142,1,4.0769,3.0769,1
User_Content,40311259,40BA132,4,3.0571,0.9429,1
User_Content,40211146,40BQ321,3,3.8636,0.8636,0
User_Content,40211102,40BA131,5,3.0909,1.9091,0
User_Content,40311137,40BA051,3,2.3636,0.6364,0
User_Content,40311123,40BQ321,2,3.2464,1.2464,0
User_Content,40311131,40BC051,3,3.1935,0.1935,0
User_Content,40211230,40BA132,3,2.625,0.375,0
User_Content,40311255,40BA052,2,2.5331,0.5331,1
User_Content,40411118,40BA021,1,2.3705,1.3705,1
User_Content,40411211,40BR472,1,3.3443,2.3443,1
User_Content,40211134,40IN662,3,4.0,1.0,0
User_Content,40311132,40BQ331,1,2.5503,1.5503,1
User_Content,40211223,40BA052,5,2.8136,2.1864,0
User_Content,40211135,40B0291,3,3.3266,0.3266,1
User_Content,40311111,40BC021,4,3.3117,0.6883,0
User_Content,40511151,40BA011,3,2.4361,0.5639,1
User_Content,40211242,40BA122,5,3.1613,1.8387,0
User_Content,40411213,40BA102,4,3.0096,0.9904,1
User_Content,40211116,40BQ331,3,2.3382,0.6618,0
User_Content,40311157,40BC071,5,3.1875,1.8125,0
User_Content,40211129,40BA131,5,3.1186,1.8814,0
User_Content,40311134,40BA021,1,2.2877,1.2877,0
User_Content,40211115,40BQ331,1,2.5503,1.5503,1
User_Content,40211208,40BA012,1,2.4958,1.4958,1
User_Content,40311119,40BA061,2,3.6923,1.6923,0
User_Content,40511233,40B0292,4,4.0308,0.0308,0
User_Content,40211217,40BR242,4,3.2653,0.7347,0
User_Content,40211249,40BD052,3,2.8983,0.1017,0
User_Content,40411256,40BA222,3,2.8924,0.1076,1
User_Content,40211217,40BA082,3,3.3115,0.3115,0
User_Content,40211209,40BR372,4,2.7708,1.2292,0
User_Content,40311237,40BA082,4,3.0753,0.9247,1
User_Content,40311122,40BA021,4,2.2203,1.7797,0
User_Content,40211137,40BA101,2,2.7391,0.7391,0
User_Content,40211141,40BA021,5,3.1912,1.8088,0
User_Content,40311138,40BC011,1,1.7273,0.7273,0
User_Content,40411237,40BA022,1,2.4733,1.4733,1
User_Content,40411127,40BA021,2,2.3705,0.3705,1
User_Content,40211151,40UN070,4,4.4815,0.4815,0
User_Content,40211237,40BA132,1,2.1857,1.1857,0
User_Content,40311118,40BC011,3,1.9194,1.0806,0
User_Content,40211129,40KA393,5,2.9092,2.0908,2
User_Content,40311137,40BC071,4,3.4265,0.5735,0
User_Content,40211126,40BA121,3,3.2903,0.2903,0
User_Content,40511201,40B0292,5,3.3333,1.6667,0
User_Content,40311260,40BA021,2,2.3705,0.3705,1
User_Content,40311266,40BQ512,3,3.5137,0.5137,1
User_Content,40211106,40BQ391,4,3.75,0.25,0
User_Content,40211219,40BA022,4,2.3016,1.6984,0
User_Content,40411114,40BA051,3,2.3562,0.6438,1
User_Content,40411225,40B0292,4,3.3106,0.6894,1
User_Content,40211125,40BQ391,4,2.6765,1.3235,0
User_Content,40511225,40BA052,4,1.6842,2.3158,0
User_Content,40211147,40BA121,1,2.9105,1.9105,1
User_Content,40311258,40BR042,5,2.859,2.141,0
User_Content,40411210,40B0292,4,3.3106,0.6894,1
User_Content,40211241,40BA092,4,3.6818,0.3182,0
User_Content,40211242,40BA012,4,2.806,1.194,0
User_Content,40311254,40BA012,3,2.4958,0.5042,1
User_Content,40411151,40BC071,4,2.3107,1.6893,1
User_Content,40311216,40BA102,3,3.4198,0.4198,0
User_Content,40211134,40BQ021,3,2.3158,0.6842,0
User_Content,40311111,40BA101,2,2.3418,0.3418,0
User_Content,40211165,40BA131,2,3.0938,1.0938,0
User_Content,40311226,40BD012,4,2.4359,1.5641,0
User_Content,40211138,40BA151,5,3.5156,1.4844,0
User_Content,40411152,40BA021,2,2.3705,0.3705,1
User_Content,40211215,40BR042,1,2.9845,1.9845,1
User_Content,40411258,40BR022,3,3.0719,0.0719,1
User_Content,40511252,40B0292,2,3.3188,1.3188,0
User_Content,40311216,40BR372,4,3.2375,0.7625,0
User_Content,40211250,40BA082,4,3.5211,0.4789,0
User_Content,40411109,40BD012,5,3.2457,1.7543,1
User_Content,40211252,40BR042,4,3.2381,0.7619,0
User_Content,40311157,40BQ141,4,3.3667,0.6333,0
User_Content,40411166,40BA221,3,1.9007,1.0993,1
User_Content,40311114,40BC021,4,3.2889,0.7111,1
User_Content,40211132,40BQ381,1,3.1928,2.1928,0
User_Content,40211250,40BA122,3,2.5541,0.4459,0
User_Content,40411147,40BQ031,4,2.726,1.274,1
User_Content,40311114,40BA061,4,2.858,1.142,1
User_Content,40211109,40BA081,2,2.4783,0.4783,0
User_Content,40311135,40BA101,5,2.98,2.02,0
User_Content,40211111,40BC021,2,2.7732,0.7732,0
User_Content,40311159,40BA061,1,2.858,1.858,1
User_Content,40411141,40BA021,1,2.3705,1.3705,1
User_Content,40411248,40BA052,4,2.5331,1.4669,1
User_Content,40311157,40BA051,2,2.2879,0.2879,0
User_Content,40411258,40MN111,1,3.0001,2.0001,1
User_Content,40211233,433A012,1,2.0009,1.0009,1
User_Content,40411252,40BD012,2,3.2457,1.2457,1
User_Content,40211130,40BQ401,2,3.7746,1.7746,0
User_Content,40211164,40BA141,5,2.1067,2.8933,0
User_Content,40211207,40BA152,4,3.2769,0.7231,0
User_Content,40211202,40BA122,2,2.3077,0.3077,0
User_Content,40211263,40BA152,1,2.6349,1.6349,0
User_Content,40311123,40BA101,1,2.9155,1.9155,0
User_Content,40411152,40BA221,2,1.9007,0.0993,1
User_Content,40311232,40BA082,3,3.0753,0.0753,1
User_Content,40211231,40BA062,1,2.1737,1.1737,1
User_Content,40211127,40B9651,5,3.6818,1.3182,0
User_Content,40311211,40BR072,4,3.6308,0.3692,0
User_Content,40211226,40BA012,5,3.0968,1.9032,0
User_Content,40211216,40BA102,4,3.6515,0.3485,0
User_Content,40211231,40B0292,2,3.3106,1.3106,1
User_Content,40411147,40BA021,4,2.3705,1.6295,1
User_Content,40311206,40BA102,4,3.0096,0.9904,1
User_Content,40211202,40BR222,4,3.1186,0.8814,0
User_Content,40211106,40BQ371,4,3.873,0.127,0
User_Content,40311206,40BA012,2,2.4958,0.4958,1
User_Content,40311248,40BR042,5,3.5143,1.4857,0
User_Content,40211123,40BA061,4,4.2333,0.2333,0
User_Content,40211211,40BA142,4,3.8254,0.1746,0
User_Content,40311233,40BA052,5,2.5331,2.4669,1
User_Content,40411228,40BA012,3,2.4958,0.5042,1
User_Content,40311233,40BR022,3,3.0719,0.0719,1
User_Content,40311112,40BQ311,4,2.7538,1.2462,0
User_Content,40511262,40B0292,2,3.3106,1.3106,1
User_Content,40211103,40BA101,1,2.3527,1.3527,1
User_Content,40311208,40BR022,3,3.7632,0.7632,0
User_Content,40411244,40BA082,3,3.0753,0.0753,1
User_Content,40411157,40B0291,3,3.3266,0.3266,1
User_Content,40411125,40BA051,1,2.3562,1.3562,1
User_Content,40211116,40BC011,2,1.7895,0.2105,0
User_Content,40311104,40BA011,1,2.6207,1.6207,0
User_Content,40511128,40BA051,1,2.3562,1.3562,1
User_Content,40211235,40BA062,2,2.4487,0.4487,0
User_Content,40511104,40BA051,4,2.3562,1.6438,1
User_Content,40411126,40BA061,1,2.858,1.858,1
User_Content,40211106,40BC011,1,2.3623,1.3623,0
User_Content,40211238,40BD032,3,3.2182,0.2182,0
User_Content,40211139,40BA131,4,3.0152,0.9848,1
User_Content,40211161,409A023,1,4.9997,3.9997,1
User_Content,40411130,40BA061,1,2.858,1.858,1
User_Content,40411238,40BD012,4,3.2457,0.7543,1
User_Content,40311255,40BA012,2,2.4958,0.4958,1
User_Content,40411222,40BA012,1,2.4958,1.4958,1
User_Content,40311120,40B0291,3,2.5,0.5,0
User_Content,40211244,40B9662,3,4.3542,1.3542,0
User_Content,40311208,40BA122,3,2.7755,0.2245,0
User_Content,40211250,40BA132,2,2.6901,0.6901,0
User_Content,40311117,40BC011,2,1.5588,0.4412,0
User_Content,40211245,40BD032,3,2.8961,0.1039,0
User_Content,40311245,40BR372,2,3.5756,1.5756,1
User_Content,40411104,40BA051,3,2.3562,0.6438,1
User_Content,40211250,40BR032,4,3.4776,0.5224,0
User_Content,40211102,40BQ021,5,2.5167,2.4833,0
User_Content,40311236,40BA022,4,3.1091,0.8909,0
User_Content,40411101,409A013,1,1.6248,0.6248,1
User_Content,40511259,40B0292,4,2.6471,1.3529,0
User_Content,40511112,40BA051,1,2.3562,1.3562,1
User_Content,40211222,40BR072,5,4.2297,0.7703,0
User_Content,40311129,40BA021,1,3.4426,2.4426,0
User_Content,40411220,40BR472,3,3.3443,0.3443,1
User_Content,40211113,40KT142,4,4.6957,0.6957,0
User_Content,40511218,40BA052,4,3.7451,0.2549,0
User_Content,40211113,40BQ371,4,3.7246,0.2754,0
User_Content,40311235,40BD032,2,3.0294,1.0294,1
User_Content,40511252,40BA052,3,2.0,1.0,0
User_Content,40211108,409Z491,5,4.3226,0.6774,0
User_Content,40411229,40BA052,3,2.5331,0.4669,1
User_Content,40311116,40BQ321,3,3.7077,0.7077,0
User_Content,40411248,40BA062,4,2.1737,1.8263,1
User_Content,40411148,40BC071,5,2.3107,2.6893,1
User_Content,40211107,40BA151,3,3.7049,0.7049,0
User_Content,40211246,40B9561,4,4.0,0.0,0
User_Content,40211248,40BR372,3,2.9104,0.0896,0
User_Content,40211228,40RR072,2,4.0,2.0,0
User_Content,40311105,40BQ031,1,2.1864,1.1864,0
User_Content,40211153,40BC011,2,1.7895,0.2105,0
User_Content,40511122,40B0291,2,3.3266,1.3266,1
User_Content,40211202,40BR032,2,3.8966,1.8966,0
User_Content,40311132,40BA131,2,3.0152,1.0152,1
User_Content,40311120,40BA141,3,2.1463,0.8537,0
User_Content,40311129,40BA061,2,3.9672,1.9672,0
User_Content,40311104,40BQ331,3,2.4643,0.5357,0
User_Content,40311162,40BA061,1,2.858,1.858,1
User_Content,40205303,40BR042,1,3.0426,2.0426,0
User_Content,40311104,40BA061,2,3.5818,1.5818,0
User_Content,40211162,40BC011,3,1.9118,1.0882,0
User_Content,40411153,40B0291,4,3.3266,0.6734,1
User_Content,40411159,40BA061,3,2.858,0.142,1
User_Content,40311245,40BA052,2,2.5331,0.5331,1
User_Content,40211164,40BQ371,4,3.9394,0.0606,0
User_Content,40311115,40BA051,1,2.3562,1.3562,1
User_Content,40411110,40BA051,2,2.3562,0.3562,1
User_Content,40311202,40BA052,5,2.1852,2.8148,0
User_Content,40411166,40BQ311,2,2.7005,0.7005,1
User_Content,40311161,40BC011,2,1.9213,0.0787,1
User_Content,40311253,40BR372,4,3.5756,0.4244,1
User_Content,40211216,40BD052,5,3.3871,1.6129,0
User_Content,40411219,40BA222,4,2.8924,1.1076,1
User_Content,40411214,40BA082,3,3.0753,0.0753,1
User_Content,40311104,40BQ341,3,4.2683,1.2683,0
User_Content,40211101,40BA141,5,2.1731,2.8269,0
User_Content,40411126,40BA021,2,2.3705,0.3705,1
User_Content,40311257,40B8932,5,3.9643,1.0357,0
User_Content,40311108,40BQ331,3,2.7971,0.2029,0
User_Content,40211103,40BA051,4,2.3562,1.6438,1
User_Content,40211215,40BA012,1,2.4958,1.4958,1
User_Content,40211103,40BA061,4,2.858,1.142,1
User_Content,40411127,40BA012,1,2.4958,1.4958,1
User_Content,40411130,40BR472,3,3.3443,0.3443,1
User_Content,40211118,40BA011,3,2.1667,0.8333,0
User_Content,40311207,40BR372,5,3.8689,1.1311,0
User_Content,40211129,40BA021,4,2.9153,1.0847,0
User_Content,40211244,40BA012,3,2.5467,0.4533,0
User_Content,40511226,40BA052,3,2.1507,0.8493,0
User_Content,40311169,40BC011,1,1.9213,0.9213,1
User_Content,40411105,40BC071,4,2.3107,1.6893,1
User_Content,40411113,40BC071,5,2.3107,2.6893,1
User_Content,40411111,40BA051,3,2.3562,0.6438,1
User_Content,40311120,40BQ141,4,3.2346,0.7654,0
User_Content,40511142,40BA011,3,2.4361,0.5639,1
User_Content,40211101,40BC051,3,2.7234,0.2766,0
User_Content,40411253,40B0292,3,3.3106,0.3106,1
User_Content,40511258,40BA052,2,2.2143,0.2143,0
User_Content,40311245,40BR042,3,2.9845,0.0155,1
User_Content,40311146,40BQ331,1,2.8036,1.8036,0
User_Content,40211257,40BR032,1,3.7258,2.7258,0
User_Content,40411133,40BC071,1,2.3107,1.3107,1
User_Content,40411236,40BD012,4,3.2457,0.7543,1
User_Content,40411233,40BQ311,3,2.7005,0.2995,1
User_Content,40211209,40BA221,1,1.4706,0.4706,0
User_Content,40211127,40BA021,3,2.6667,0.3333,0
User_Content,40311221,40BQ512,3,3.0526,0.0526,0
User_Content,40211206,409Z501,5,5.0,0.0,0
User_Content,40211109,40BA121,2,3.3333,1.3333,0
User_Content,40211162,40BC051,3,2.4348,0.5652,0
User_Content,40211204,40BA052,1,2.5331,1.5331,1
User_Content,40411138,40BA081,1,2.9398,1.9398,1
User_Content,40211230,40BA012,4,2.8315,1.1685,0
User_Content,40511219,40B0292,1,3.3106,2.3106,1
User_Content,40320326,40BA131,3,2.9655,0.0345,0
User_Content,40211242,40BR082,5,3.7857,1.2143,0
User_Content,40211136,40BA121,4,3.0,1.0,0
User_Content,40211121,40BQ021,2,2.3091,0.3091,0
User_Content,40311210,40BR072,3,3.5195,0.5195,0
User_Content,40311138,40BA221,1,2.2609,1.2609,0
User_Content,40211259,409D021,2,2.2727,0.2727,0
User_Content,40311256,40BA082,4,3.4262,0.5738,0
User_Content,40211122,40BQ171,4,3.0,1.0,0
User_Content,40211150,40BA091,1,1.2857,0.2857,0
User_Content,40311155,40BQ321,3,3.3073,0.3073,1
User_Content,40411259,40BA012,1,2.4958,1.4958,1
User_Content,40411110,40BC011,1,1.9213,0.9213,1
User_Content,40211235,40BD032,4,3.3647,0.6353,0
User_Content,40211123,40BA051,3,2.1846,0.8154,0
User_Content,40211256,40BR032,5,3.9206,1.0794,0
User_Content,40211219,40B0292,4,3.7538,0.2462,0
User_Content,40511117,40B0291,4,3.3266,0.6734,1
User_Content,40211117,40BC061,3,3.0859,0.0859,1
User_Content,40211257,40BD012,3,3.3188,0.3188,0
User_Content,40211249,40BA062,3,1.4478,1.5522,0
User_Content,40111256,40BR222,1,3.5397,2.5397,0
User_Content,40211161,40BC021,4,3.2889,0.7111,1
User_Content,40211101,40BA091,4,2.0,2.0,0
User_Content,40211255,433A012,1,2.0009,1.0009,1
User_Content,40311242,40B0292,2,3.3106,1.3106,1
User_Content,40311157,40BA101,5,1.9394,3.0606,0
User_Content,40205303,433A021,1,1.175,0.175,0
User_Content,40511224,40BA052,2,2.493,0.493,0
User_Content,40211247,40BA142,4,4.125,0.125,0
User_Content,40211252,40BA152,3,3.1897,0.1897,0
User_Content,40311153,40BQ311,3,3.0,0.0,0
User_Content,40311260,40B8932,5,4.118,0.882,1
User_Content,40511105,40BA011,3,2.4361,0.5639,1
User_Content,40211129,40IN041,5,5.0,0.0,0
User_Content,40511141,40B0291,4,3.3266,0.6734,1
User_Content,40211133,40BQ371,4,4.0784,0.0784,0
User_Content,40211215,40BR322,2,3.1928,1.1928,1
User_Content,40211234,40BR322,4,3.5,0.5,0
User_Content,40320310,40BA131,2,2.8493,0.8493,0
User_Content,40311130,40BC051,3,2.7692,0.2308,0
User_Content,40211152,40BA011,1,2.4361,1.4361,1
User_Content,40311231,40BR042,4,2.7941,1.2059,0
User_Content,40211243,40B0292,2,3.3106,1.3106,1
User_Content,40411244,40BA222,3,2.8924,0.1076,1
User_Content,40211110,40UN120,5,2.9092,2.0908,2
User_Content,40411128,40BA051,3,2.3562,0.6438,1
User_Content,40311137,40BA121,4,3.1096,0.8904,0
User_Content,40211257,40BR242,1,3.06,2.06,0
User_Content,40411127,40B0291,5,3.3266,1.6734,1
User_Content,40311134,40BC071,2,3.4928,1.4928,0
User_Content,40411141,40BQ031,1,2.726,1.726,1
User_Content,40211238,433A012,2,2.0009,0.0009,1
User_Content,40311152,40BA081,4,2.9398,1.0602,1
User_Content,40211123,40BA081,4,2.9048,1.0952,0
User_Content,40211112,40BA061,4,3.5444,0.4556,0
User_Content,40411251,40BA222,3,2.8924,0.1076,1
User_Content,40211247,40BA132,2,2.8696,0.8696,0
User_Content,40311241,40BA052,1,2.5331,1.5331,1
User_Content,40311133,40BQ141,5,3.5714,1.4286,0
User_Content,40211232,40B0292,1,3.3106,2.3106,1
User_Content,40211201,40BA012,2,2.3824,0.3824,0
User_Content,40411222,40BR472,3,3.3443,0.3443,1
User_Content,40211110,40B0291,2,3.1707,1.1707,0
User_Content,40211249,40BA132,3,3.2222,0.2222,0
User_Content,40211147,40BQ031,1,2.726,1.726,1
User_Content,40411258,40BR472,3,3.3443,0.3443,1
User_Content,40311119,40BA121,2,2.7813,0.7813,0
User_Content,40211256,40BA092,5,4.1846,0.8154,0
User_Content,40211109,40BC061,4,2.9861,1.0139,0
User_Content,40311253,40BD012,3,3.2457,0.2457,1
User_Content,40311106,40BA141,2,2.5915,0.5915,0
User_Content,40411134,40BA081,2,2.9398,0.9398,1
User_Content,40211209,40BD012,3,3.117,0.117,0
User_Content,40311130,40BA081,2,3.3731,1.3731,0
User_Content,40311221,40BR372,2,3.8793,1.8793,0
User_Content,40311140,40BA081,4,3.4038,0.5962,0
User_Content,40211246,40BR222,5,3.6966,1.3034,0
User_Content,40211139,40BQ371,4,3.7408,0.2592,1
User_Content,40211113,40BC011,2,1.4521,0.5479,0
User_Content,40311153,40BA081,4,2.6533,1.3467,0
User_Content,40211105,40BA021,2,2.9138,0.9138,0
User_Content,40211153,40BA121,3,3.0755,0.0755,0
User_Content,40311230,40BA222,2,2.9394,0.9394,0
User_Content,40311229,40BA022,3,2.9688,0.0312,0
User_Content,40211239,40BA132,1,3.0571,2.0571,1
User_Content,40411219,40BR472,4,3.3443,0.6557,1
User_Content,40211137,40BA131,3,3.0986,0.0986,0
User_Content,40211108,40BA091,2,2.2188,0.2188,0
User_Content,40211263,40BD052,1,2.1818,1.1818,0
User_Content,40327247,40BA021,1,2.3705,1.3705,1
User_Content,40320326,40BC021,5,4.1228,0.8772,0
User_Content,40211118,40BA151,5,3.4638,1.5362,0
User_Content,40211128,40B0291,2,3.3266,1.3266,1
User_Content,40211217,40BR322,4,3.3077,0.6923,0
User_Content,40211133,40BA051,3,2.4921,0.5079,0
User_Content,40311253,40BA102,3,3.0096,0.0096,1
User_Content,40411160,40BC071,1,2.3107,1.3107,1
User_Content,40211115,40BQ371,1,3.7408,2.7408,1
User_Content,40211229,40BR342,4,3.5758,0.4242,0
User_Content,40311245,40B8932,3,4.118,1.118,1
User_Content,40333126,40BQ311,1,2.7005,1.7005,1
User_Content,40211241,40BR072,5,4.1719,0.8281,0
User_Content,40211229,40BA122,1,2.7143,1.7143,0
User_Content,40411124,40BA101,1,2.3527,1.3527,1
User_Content,40311113,40BA061,1,2.858,1.858,1
User_Content,40211205,40BD052,3,2.4219,0.5781,0
User_Content,40211146,40BQ381,3,3.5091,0.5091,0
User_Content,40211201,40BR372,2,2.8854,0.8854,0
User_Content,40411230,40BD012,4,3.2457,0.7543,1
User_Content,40211216,40BA082,4,3.3382,0.6618,0
User_Content,40511217,40BA052,2,3.4079,1.4079,0
User_Content,40311107,40BA121,4,2.9677,1.0323,0
User_Content,40311135,40BQ311,3,2.3409,0.6591,0
User_Content,40211121,40BQ371,3,3.7358,0.7358,0
User_Content,40411215,40BA102,4,3.0096,0.9904,1
User_Content,40511210,40B0292,4,2.7059,1.2941,0
User_Content,40211158,40BA022,2,3.1546,1.1546,0
User_Content,40311104,40BC071,4,2.907,1.093,0
User_Content,40311215,40BR072,4,3.6622,0.3378,1
User_Content,40411101,40BQ031,5,2.726,2.274,1
User_Content,40411240,40BA222,1,2.8924,1.8924,1
User_Content,40311143,40BA011,1,2.4361,1.4361,1
User_Content,40211255,433A021,2,1.2151,0.7849,1
User_Content,40211225,40BR222,3,3.5556,0.5556,0
User_Content,40211226,40B9572,4,3.7442,0.2558,0
User_Content,40311249,40BR372,4,3.4697,0.5303,0
User_Content,40311204,40BA222,4,2.8924,1.1076,1
User_Content,40211115,40BQ321,1,3.3073,2.3073,1
User_Content,40211201,409Q072,4,4.0,0.0,0
User_Content,40211201,430R063,4,5.0,1.0,0
User_Content,40211126,40BA021,2,2.7241,0.7241,0
User_Content,40211113,40BA021,2,2.6622,0.6622,0
User_Content,40211213,40BR322,3,2.7794,0.2206,0
User_Content,40411242,40BD012,3,3.2457,0.2457,1
User_Content,40311216,40BR072,3,3.4267,0.4267,0
User_Content,40211102,40BA121,3,3.0794,0.0794,0
User_Content,40311160,40BA021,1,2.3705,1.3705,1
User_Content,40411128,40BQ311,2,2.7005,0.7005,1
User_Content,40311121,40BQ031,1,1.9483,0.9483,0
User_Content,40311202,40BA132,4,2.5,1.5,0
User_Content,40311229,40BR372,4,4.0147,0.0147,0
User_Content,40211230,40BD052,4,2.7241,1.2759,0
User_Content,40411149,40BA011,5,2.4361,2.5639,1
User_Content,40211237,40BD052,2,2.8358,0.8358,0
User_Content,40211226,40BA052,4,2.5556,1.4444,0
User_Content,40311113,40BC071,1,2.3107,1.3107,1
User_Content,40211109,40BQ331,1,2.1406,1.1406,0
User_Content,40211245,40B0292,2,3.3125,1.3125,0
User_Content,40211222,40BA142,4,3.8816,0.1184,0
User_Content,40411220,40BD012,2,3.2457,1.2457,1
User_Content,40311173,40BA141,1,2.7895,1.7895,0
User_Content,40311243,40BA132,5,3.125,1.875,0
User_Content,40211209,40BA022,1,2.9271,1.9271,0
User_Content,40211208,40BR042,1,2.9845,1.9845,1
User_Content,40211208,40BR322,1,3.1928,2.1928,1
User_Content,40311224,40BA052,1,2.5331,1.5331,1
User_Content,40211117,409Z491,4,4.3328,0.3328,1
User_Content,40211234,433A011,2,2.0,0.0,0
User_Content,40211267,433A021,2,1.2151,0.7849,1
User_Content,40411148,40BA051,5,2.3562,2.6438,1
User_Content,40511205,40B0292,5,3.2973,1.7027,0
User_Content,40211209,433A021,1,1.1765,0.1765,0
User_Content,40211213,40BD032,4,2.76,1.24,0
User_Content,40211166,40BC051,1,2.7493,1.7493,1
User_Content,40411202,40BA012,1,2.4958,1.4958,1
User_Content,40211230,40BR372,4,2.7528,1.2472,0
User_Content,40211119,40BQ141,3,2.9136,0.0864,1
User_Content,40311202,40BR372,5,2.8205,2.1795,0
User_Content,40311128,40BC051,4,2.2254,1.7746,0
User_Content,40511139,40BA051,1,2.3562,1.3562,1
User_Content,40411114,40B0291,2,3.3266,1.3266,1
User_Content,40211104,40BQ021,3,2.7547,0.2453,0
User_Content,40311216,40B0292,3,3.4167,0.4167,0
User_Content,40211107,40BQ141,1,3.3235,2.3235,0
User_Content,40511222,40BA052,4,2.7895,1.2105,0
User_Content,40311133,40BA051,3,2.6875,0.3125,0
User_Content,40211120,40BA051,1,2.3562,1.3562,1
User_Content,40511231,40B0292,1,3.3106,2.3106,1
User_Content,40211214,40BR072,2,3.5362,1.5362,0
User_Content,40211224,40BA122,2,2.5295,0.5295,1
User_Content,40211147,40B0291,1,3.3266,2.3266,1
User_Content,40211234,40BR222,5,4.2381,0.7619,0
User_Content,40411102,40BQ311,3,2.7005,0.2995,1
User_Content,40211141,40BC051,2,2.2206,0.2206,0
User_Content,40205303,40BA152,1,3.3373,2.3373,0
User_Content,40311216,40B8932,3,3.8413,0.8413,0
User_Content,40211148,40UN050,3,4.0,1.0,0
User_Content,40311129,40BA121,2,3.1167,1.1167,0
User_Content,40211266,40BA221,1,1.9007,0.9007,1
User_Content,40211211,40B9561,4,4.0,0.0,0
User_Content,40211142,40BA051,3,2.3562,0.6438,1
User_Content,40211161,40BC051,2,2.7493,0.7493,1
User_Content,40311122,40BQ331,3,3.0,0.0,0
User_Content,40411109,40BR472,3,3.3443,0.3443,1
User_Content,40211238,40BA142,4,4.1064,0.1064,0
User_Content,40511102,40B0291,5,3.3266,1.6734,1
User_Content,40311138,40B0291,4,2.9867,1.0133,0
User_Content,40211263,40BR242,1,3.0345,2.0345,0
User_Content,40211232,40BA092,4,3.4052,0.5948,1
User_Content,40211246,40BR032,4,3.6444,0.3556,0
User_Content,40311123,40BA051,1,2.4571,1.4571,0
User_Content,40211156,40BA011,5,2.4915,2.5085,0
User_Content,40211165,40BQ141,2,3.082,1.082,0
User_Content,40211201,4069432,2,3.7143,1.7143,0
User_Content,40211245,40BR242,2,3.2676,1.2676,0
User_Content,40211208,40BR242,2,2.8954,0.8954,1
User_Content,40211151,40BQ021,5,2.9189,2.0811,0
User_Content,40311236,40BQ512,4,3.2195,0.7805,0
User_Content,40511218,40BA012,3,4.3774,1.3774,0
User_Content,40411261,409A013,4,1.6248,2.3752,1
User_Content,40311226,40BA082,4,3.3247,0.6753,0
User_Content,40311132,40BQ031,3,2.726,0.274,1
User_Content,40411264,40BD012,2,3.2457,1.2457,1
User_Content,40211213,40BR072,4,3.8873,0.1127,0
User_Content,40411152,40BA081,1,2.9398,1.9398,1
User_Content,40211256,40BR372,4,3.6923,0.3077,0
User_Content,40211262,40BR372,4,3.5756,0.4244,1
User_Content,40211162,40BA021,2,3.0,1.0,0
User_Content,40511244,40B0292,4,3.0137,0.9863,0
User_Content,40311253,40B8932,2,4.118,2.118,1
User_Content,40211238,40BA092,2,3.52,1.52,0
User_Content,40311247,40BA082,4,3.7922,0.2078,0
User_Content,40211132,40BA101,1,2.0645,1.0645,0
User_Content,40311208,40BA012,4,3.5769,0.4231,0
User_Content,40211216,40BR042,3,3.3433,0.3433,0
User_Content,40311157,40BA221,4,1.4308,2.5692,0
User_Content,40211223,40BA102,5,3.1552,1.8448,0
User_Content,40311204,40BA122,3,2.5295,0.4705,1
User_Content,40311123,40BA221,1,1.8143,0.8143,0
User_Content,40311227,40B8932,3,4.118,1.118,1
User_Content,40311108,40BC071,3,3.662,0.662,0
User_Content,40211206,40BR342,3,3.7576,0.7576,0
User_Content,40311122,40BC071,3,3.3393,0.3393,0
User_Content,40211111,40BA081,2,2.8824,0.8824,0
User_Content,40511206,40B0292,5,3.4627,1.5373,0
User_Content,40311155,40BA051,3,2.3562,0.6438,1
User_Content,40311131,40BA061,1,3.9836,2.9836,0
User_Content,40411222,40B0292,4,3.3106,0.6894,1
User_Content,40311140,40BC051,4,3.42,0.58,0
User_Content,40311133,40BC051,3,3.1029,0.1029,0
User_Content,40411202,40B0292,4,3.3106,0.6894,1
User_Content,40411207,40BD012,1,3.2457,2.2457,1
User_Content,40211118,40BA101,4,2.2083,1.7917,0
User_Content,40411149,40B0291,5,3.3266,1.6734,1
User_Content,40211111,40BA091,1,1.8025,0.8025,0
User_Content,40211126,40BA081,4,3.7119,0.2881,0
User_Content,40211126,40BQ021,4,2.2963,1.7037,0
User_Content,40411234,40BA022,1,2.4733,1.4733,1
User_Content,40211150,40BA021,3,3.2931,0.2931,0
User_Content,40211137,40BQ051,1,3.2373,2.2373,0
User_Content,40211237,40BA122,1,2.7391,1.7391,0
User_Content,40511156,40B0291,5,3.3266,1.6734,1
User_Content,40211150,40BQ051,4,3.0189,0.9811,0
User_Content,40211225,40BR072,4,3.9091,0.0909,0
User_Content,40311248,40BQ512,4,3.7385,0.2615,0
User_Content,40211117,40BA011,1,2.4361,1.4361,1
User_Content,40311143,40BA081,3,2.9398,0.0602,1
User_Content,40311133,40BA131,2,3.1286,1.1286,0
User_Content,40211108,40BQ141,4,3.2464,0.7536,0
User_Content,40211154,40BC051,2,3.0986,1.0986,0
User_Content,40320326,40BA061,1,3.9649,2.9649,0
User_Content,40311105,40BC051,2,2.4533,0.4533,0
User_Content,40311132,40BQ341,4,4.1758,0.1758,1
User_Content,40211248,40BD052,4,2.6462,1.3538,0
User_Content,40211127,40BQ371,4,4.0566,0.0566,0
User_Content,40411212,40BA052,1,2.5331,1.5331,1
User_Content,40211252,409Z501,5,5.0,0.0,0
User_Content,40211165,40BA011,5,2.4839,2.5161,0
User_Content,40411209,40BA012,1,2.4958,1.4958,1
User_Content,40411209,40BR472,3,3.3443,0.3443,1
User_Content,40311115,40BA011,1,2.4361,1.4361,1
User_Content,40211102,40BA051,3,2.8387,0.1613,0
User_Content,40411220,40BA222,4,2.8924,1.1076,1
User_Content,40211104,40BA061,5,2.9077,2.0923,0
User_Content,40411211,40BA022,3,2.4733,0.5267,1
User_Content,40211248,40BA132,2,2.7353,0.7353,0
User_Content,40311133,40BA081,3,3.3182,0.3182,0
User_Content,40311204,40BD012,5,3.2457,1.7543,1
User_Content,40311122,40BC011,1,2.2903,1.2903,0
User_Content,40211102,409D021,4,2.3636,1.6364,0
User_Content,40211147,40BC071,1,2.3107,1.3107,1
User_Content,40411161,40BA021,3,2.3705,0.6295,1
User_Content,40211214,40B0292,2,3.2603,1.2603,0
User_Content,40211206,40BR372,4,3.8889,0.1111,0
User_Content,40311241,40BD032,1,3.0294,2.0294,1
User_Content,40211131,40BA021,1,2.3705,1.3705,1
User_Content,40211141,40BA061,5,3.0758,1.9242,0
User_Content,40411102,40B0291,5,3.3266,1.6734,1
User_Content,40311258,40BA082,5,3.1818,1.8182,0
User_Content,40411129,40BC071,1,2.3107,1.3107,1
User_Content,40411255,40BA082,4,3.0753,0.9247,1
User_Content,40211230,40BA122,4,2.7241,1.2759,0
User_Content,40211141,40BQ371,5,4.098,0.902,0
User_Content,40411151,40BA051,5,2.3562,2.6438,1
User_Content,40411105,40BA011,1,2.4361,1.4361,1
User_Content,40311204,40BR072,4,3.6622,0.3378,1
User_Content,40211239,40BA092,1,3.4052,2.4052,1
User_Content,40311227,40BA021,2,2.3705,0.3705,1
User_Content,40411127,40BC011,2,1.9213,0.0787,1
User_Content,40311202,40BA062,3,2.56,0.44,0
User_Content,40311218,40BD032,1,2.6667,1.6667,0
User_Content,40211132,40BA021,1,2.6835,1.6835,0
User_Content,40211226,40BA142,4,4.2203,0.2203,0
User_Content,40211238,40BA122,2,2.9615,0.9615,0
User_Content,40311105,40B0291,3,2.9452,0.0548,0
User_Hybrid,40411202,40BR472,3,3.327,0.327,0
User_Hybrid,40311247,40BA052,5,3.8327,1.1673,0
User_Hybrid,40211206,40BR122,5,4.2646,0.7354,0
User_Hybrid,40511218,40B0292,5,3.1571,1.8429,0
User_Hybrid,40211202,40BR342,2,3.4344,1.4344,0
User_Hybrid,40311256,40BA122,3,3.302,0.302,0
User_Hybrid,40211109,40BA091,1,1.5295,0.5295,0
User_Hybrid,40311211,40BA062,1,2.211,1.211,0
User_Hybrid,40311211,40BA012,1,3.2358,2.2358,0
User_Hybrid,40211148,40BQ021,4,2.1576,1.8424,0
User_Hybrid,40211220,40BA082,4,3.2432,0.7568,0
User_Hybrid,40311215,40BR372,4,3.4594,0.5406,0
User_Hybrid,40311207,40BA222,5,4.0144,0.9856,0
User_Hybrid,40211250,40BR222,4,2.7149,1.2851,0
User_Hybrid,40211133,40BA121,3,3.4412,0.4412,0
User_Hybrid,40311259,40BA122,1,2.5543,1.5543,0
User_Hybrid,40211138,40BQ331,3,2.5629,0.4371,0
User_Hybrid,40211121,40BC051,3,3.2698,0.2698,0
User_Hybrid,40311108,40BA061,2,3.1028,1.1028,0
User_Hybrid,40211125,40BC051,4,2.5299,1.4701,0
User_Hybrid,40411111,40BC011,1,1.545,0.545,0
User_Hybrid,40211138,40B0291,2,3.148,1.148,0
User_Hybrid,40311155,40BA011,4,2.2226,1.7774,0
User_Hybrid,40211217,40BA102,5,1.8677,3.1323,0
User_Hybrid,40411202,40BA062,2,2.7947,0.7947,0
User_Hybrid,40211106,40BQ051,4,3.273,0.727,0
User_Hybrid,40511204,40B0292,5,3.0358,1.9642,0
User_Hybrid,40211150,40BC011,3,2.311,0.689,0
User_Hybrid,40311108,40BA141,2,2.2805,0.2805,0
User_Hybrid,40411129,40B0291,2,3.2358,1.2358,0
User_Hybrid,40311109,40BA011,1,1.5935,0.5935,0
User_Hybrid,40411145,40BA051,1,1.3032,0.3032,0
User_Hybrid,40211125,40BA091,1,1.2955,0.2955,0
User_Hybrid,40311226,40BR072,4,3.5704,0.4296,0
User_Hybrid,40211135,40BA011,4,2.8424,1.1576,0
User_Hybrid,40211217,40BA092,5,3.3105,1.6895,0
User_Hybrid,40311134,409A011,2,3.0,1.0,0
User_Hybrid,40211102,40BQ391,4,3.5683,0.4317,0
User_Hybrid,40211117,40BQ051,4,2.3754,1.6246,0
User_Hybrid,40311236,40BA082,4,3.4401,0.5599,0
User_Hybrid,40311244,40BR072,3,3.4332,0.4332,0
User_Hybrid,40411248,40BA012,4,2.2633,1.7367,0
User_Hybrid,40311246,40BA052,3,1.4038,1.5962,0
User_Hybrid,40311140,40BQ341,5,4.5777,0.4223,0
User_Hybrid,40411120,40BC071,4,2.1747,1.8253,0
User_Hybrid,40211232,40BA012,1,1.0,0.0,0
User_Hybrid,40211102,40BA151,4,4.0,0.0,0
User_Hybrid,40411118,40BA081,1,2.3912,1.3912,0
User_Hybrid,40211156,40BQ171,3,3.2626,0.2626,0
User_Hybrid,40211207,40BR082,5,4.0033,0.9967,0
User_Hybrid,40211113,40B9662,4,3.966,0.034,0
User_Hybrid,40311150,40B0291,3,2.4336,0.5664,0
User_Hybrid,40311127,40BA061,1,3.0083,2.0083,0
User_Hybrid,40311247,40BR372,4,4.278,0.278,0
User_Hybrid,40211129,40BA101,4,2.5693,1.4307,0
User_Hybrid,40211127,40B0291,4,2.5976,1.4024,0
User_Hybrid,40211102,40KA393,4,2.9092,1.0908,2
User_Hybrid,40211245,40BR082,3,3.7138,0.7138,0
User_Hybrid,40411163,40BA221,3,1.9952,1.0048,0
User_Hybrid,40311117,40BQ341,4,4.8603,0.8603,0
User_Hybrid,40311111,40BA141,2,2.5587,0.5587,0
User_Hybrid,40211146,40BA021,2,3.6939,1.6939,0
User_Hybrid,40311150,40BA101,1,2.016,1.016,0
User_Hybrid,40311216,40BR022,3,3.2508,0.2508,0
User_Hybrid,40411150,40BA051,1,1.2933,0.2933,0
User_Hybrid,40211126,40KA513,3,3.8009,0.8009,0
User_Hybrid,40211126,40KE011,3,2.9092,0.0908,2
User_Hybrid,40211252,40BA052,3,2.5873,0.4127,0
User_Hybrid,40411242,40BA222,3,2.6934,0.3066,0
User_Hybrid,40211162,40BA091,1,1.1555,0.1555,0
User_Hybrid,40411129,40BQ031,3,3.0657,0.0657,0
User_Hybrid,40411247,40BA052,3,1.8633,1.1367,0
User_Hybrid,40211158,40BC061,3,2.9861,0.0139,0
User_Hybrid,40211214,40BA012,4,2.4743,1.5257,0
User_Hybrid,40211107,40BA141,1,2.7113,1.7113,0
User_Hybrid,40311256,40B8932,5,4.1981,0.8019,0
User_Hybrid,40211252,40BA142,5,4.1622,0.8378,0
User_Hybrid,40311138,40BA081,3,3.1789,0.1789,0
User_Hybrid,40211146,40BQ051,3,4.0986,1.0986,0
User_Hybrid,40311235,40K0051,1,1.0,0.0,0
User_Hybrid,40311150,40BA021,1,1.8979,0.8979,0
User_Hybrid,40411236,40BA082,4,2.6831,1.3169,0
User_Hybrid,40411120,40BC011,3,2.1695,0.8305,0
User_Hybrid,40311254,40BA052,3,1.812,1.188,0
User_Hybrid,40411219,40B0292,5,3.4122,1.5878,0
User_Hybrid,40311223,40B0292,3,2.8409,0.1591,0
User_Hybrid,40211117,40BC021,2,2.8242,0.8242,0
User_Hybrid,40211229,90B2681,4,3.5544,0.4456,0
User_Hybrid,40211220,40BR042,4,2.4592,1.5408,0
User_Hybrid,40211209,40BR222,4,3.5729,0.4271,0
User_Hybrid,40333126,40BA221,1,2.8253,1.8253,0
User_Hybrid,40211105,40BC051,2,2.5985,0.5985,0
User_Hybrid,40211108,40BC061,5,3.7182,1.2818,0
User_Hybrid,40211202,40BA102,3,3.6026,0.6026,0
User_Hybrid,40211261,40BA022,5,3.5523,1.4477,0
User_Hybrid,40311128,40BA221,3,2.1052,0.8948,0
User_Hybrid,40211242,40BA102,4,3.3119,0.6881,0
User_Hybrid,40211250,40BA012,3,2.6171,0.3829,0
User_Hybrid,40211111,40B0291,2,2.4595,0.4595,0
User_Hybrid,40211208,433A011,1,1.593,0.593,0
User_Hybrid,40211156,40BQ381,4,2.9709,1.0291,0
User_Hybrid,40211127,40BQ321,4,3.4226,0.5774,0
User_Hybrid,40211109,40BC021,3,3.4196,0.4196,0
User_Hybrid,40511103,40BA051,1,1.7935,0.7935,0
User_Hybrid,40211146,40BA101,1,3.2985,2.2985,0
User_Hybrid,40211148,40BA121,4,3.4333,0.5667,0
User_Hybrid,40211230,409Z491,5,4.4417,0.5583,0
User_Hybrid,40211144,40BC021,1,2.7205,1.7205,0
User_Hybrid,40411224,40B0292,5,4.1233,0.8767,0
User_Hybrid,40211247,40BR042,1,3.392,2.392,0
User_Hybrid,40211113,40BQ331,1,2.1789,1.1789,0
User_Hybrid,40411215,40BA062,1,2.514,1.514,0
User_Hybrid,40511133,40BA011,5,1.2884,3.7116,0
User_Hybrid,40211109,40BQ391,4,3.2878,0.7122,0
User_Hybrid,40311205,40BA102,4,3.0254,0.9746,0
User_Hybrid,40211206,40BA122,3,2.969,0.031,0
User_Hybrid,40211127,40BA121,4,3.1566,0.8434,0
User_Hybrid,40311206,40BA082,4,3.723,0.277,0
User_Hybrid,40311238,40BA102,3,2.5537,0.4463,0
User_Hybrid,40411252,40BA222,3,2.2526,0.7474,0
User_Hybrid,40311217,40BA102,3,3.316,0.316,0
User_Hybrid,40311232,40BA062,1,1.0,0.0,0
User_Hybrid,40211228,409Z511,4,3.795,0.205,0
User_Hybrid,40411230,40BA062,1,1.6957,0.6957,0
User_Hybrid,40211113,40BA131,3,3.4569,0.4569,0
User_Hybrid,40211259,40BD052,4,2.4129,1.5871,0
User_Hybrid,40211132,40B0291,2,2.4304,0.4304,0
User_Hybrid,40211234,40BD032,4,3.7282,0.2718,0
User_Hybrid,40411133,40BA081,1,2.8664,1.8664,0
User_Hybrid,40311166,40BQ311,3,2.5609,0.4391,0
User_Hybrid,40211228,40BR032,4,4.0052,0.0052,0
User_Hybrid,40211111,40BC011,1,1.6646,0.6646,0
User_Hybrid,40311214,40BA052,3,2.345,0.655,0
User_Hybrid,40211264,40BD012,1,2.0834,1.0834,0
User_Hybrid,40211108,40BC021,4,3.8521,0.1479,0
User_Hybrid,40311137,40BC021,5,3.7444,1.2556,0
User_Hybrid,40311123,40B0291,2,3.1525,1.1525,0
User_Hybrid,40211219,40BA152,4,3.1334,0.8666,0
User_Hybrid,40211104,40BA121,3,2.9904,0.0096,0
User_Hybrid,40411128,40BA061,3,3.8519,0.8519,0
User_Hybrid,40511246,40BA012,4,2.6051,1.3949,0
User_Hybrid,40211141,40BA101,3,3.0055,0.0055,0
User_Hybrid,40311226,40BR022,3,3.1278,0.1278,0
User_Hybrid,40211267,40BA132,3,2.0774,0.9226,0
User_Hybrid,40411217,40BA062,5,1.8528,3.1472,0
User_Hybrid,40211242,40BA022,4,3.3026,0.6974,0
User_Hybrid,40411230,40BA082,2,2.8413,0.8413,0
User_Hybrid,40211142,40BQ021,1,1.5757,0.5757,0
User_Hybrid,40411208,40BR022,3,3.2777,0.2777,0
User_Hybrid,40311206,40BA222,3,2.738,0.262,0
User_Hybrid,40211237,40BA102,3,3.1133,0.1133,0
User_Hybrid,40211205,40B0292,5,3.9883,1.0117,0
User_Hybrid,40311250,40UN160,4,3.0192,0.9808,0
User_Hybrid,40511238,40BA052,4,3.2683,0.7317,0
User_Hybrid,40311121,40BA051,3,2.638,0.362,0
User_Hybrid,40211257,40BA102,1,2.7931,1.7931,0
User_Hybrid,40311122,40BA121,2,2.8364,0.8364,0
User_Hybrid,40411141,40BA101,1,2.22,1.22,0
User_Hybrid,40511209,40B0292,4,1.5156,2.4844,0
User_Hybrid,40311261,40B8932,4,4.2933,0.2933,0
User_Hybrid,40211117,40UN110,4,4.0,0.0,0
User_Hybrid,40311201,40BA122,5,2.8714,2.1286,0
User_Hybrid,40211246,40BA062,5,2.8032,2.1968,0
User_Hybrid,40311114,40BQ341,5,4.6381,0.3619,0
User_Hybrid,40311224,40BA022,1,2.0796,1.0796,0
User_Hybrid,40311229,40BA132,5,3.6861,1.3139,0
User_Hybrid,40311112,40BQ341,5,4.5787,0.4213,0
User_Hybrid,40211105,40BQ171,1,3.0108,2.0108,0
User_Hybrid,40311221,40BA062,1,2.4452,1.4452,0
User_Hybrid,40211248,40BR342,3,3.425,0.425,0
User_Hybrid,40211246,40BA082,3,3.2227,0.2227,0
User_Hybrid,40211105,40BA121,3,2.9548,0.0452,0
User_Hybrid,40411227,40BA052,4,1.8304,2.1696,0
User_Hybrid,40211262,40BD012,4,3.8656,0.1344,0
User_Hybrid,40411115,40BA021,2,1.5641,0.4359,0
User_Hybrid,40311121,40BA021,3,2.3455,0.6545,0
User_Hybrid,40411207,40B0292,4,3.1298,0.8702,0
User_Hybrid,40411140,40BQ311,2,2.1416,0.1416,0
User_Hybrid,40311264,4069582,2,2.0,0.0,0
User_Hybrid,40311119,40BA131,2,3.1542,1.1542,0
User_Hybrid,40411210,40BA062,3,2.6679,0.3321,0
User_Hybrid,40411202,40BA082,3,2.845,0.155,0
User_Hybrid,40411164,40BA101,2,1.7824,0.2176,0
User_Hybrid,40211229,40BR122,5,3.9653,1.0347,0
User_Hybrid,40511217,40B0292,4,4.1633,0.1633,0
User_Hybrid,40211259,40BA122,2,2.9557,0.9557,0
User_Hybrid,40211255,40BD032,3,2.5565,0.4435,0
User_Hybrid,40211142,40BA061,4,3.6322,0.3678,0
User_Hybrid,40211249,40BR042,2,2.0958,0.0958,0
User_Hybrid,40311148,40BC071,3,1.1345,1.8655,0
User_Hybrid,40311232,40BQ512,3,3.4016,0.4016,0
User_Hybrid,40211161,40B9651,3,3.3277,0.3277,0
User_Hybrid,40211209,40BA082,2,3.2133,1.2133,0
User_Hybrid,40311209,40B0292,1,2.1299,1.1299,0
User_Hybrid,40311259,40BA052,5,2.6068,2.3932,0
User_Hybrid,40411237,40BD012,3,3.4075,0.4075,0
User_Hybrid,40411219,40BA052,3,1.9352,1.0648,0
User_Hybrid,40211213,40BA132,1,2.4327,1.4327,0
User_Hybrid,40311250,40BD012,5,3.8673,1.1327,0
User_Hybrid,40311137,40BQ331,3,2.732,0.268,0
User_Hybrid,40511206,40BA052,4,2.995,1.005,0
User_Hybrid,40511229,40B0292,4,3.2897,0.7103,0
User_Hybrid,40311229,40BR072,4,3.9939,0.0061,0
User_Hybrid,40211234,40BA102,4,2.8462,1.1538,0
User_Hybrid,40211238,40BD012,1,2.3696,1.3696,0
User_Hybrid,40311211,40B0292,3,3.5588,0.5588,0
User_Hybrid,40311238,40BQ512,4,3.4106,0.5894,0
User_Hybrid,40411243,40BA012,1,1.8224,0.8224,0
User_Hybrid,40311129,40BQ321,2,3.454,1.454,0
User_Hybrid,40211150,40BA051,3,2.2694,0.7306,0
User_Hybrid,40411236,40BR022,4,2.8647,1.1353,0
User_Hybrid,40211117,40BA091,1,1.7867,0.7867,0
User_Hybrid,40411231,40BA012,1,1.4159,0.4159,0
User_Hybrid,40311205,40BR372,5,3.13,1.87,0
User_Hybrid,40211217,40BA052,4,1.8581,2.1419,0
User_Hybrid,40211146,40BA141,3,2.7167,0.2833,0
User_Hybrid,40411138,40BC011,1,1.6517,0.6517,0
User_Hybrid,40211156,40BR372,3,3.5967,0.5967,0
User_Hybrid,40411208,40BA052,3,1.7167,1.2833,0
User_Hybrid,40205303,40BR072,3,4.2805,1.2805,0
User_Hybrid,40411220,40BA062,2,1.2787,0.7213,0
User_Hybrid,40411213,40BD012,4,4.1494,0.1494,0
User_Hybrid,40211267,40BD052,1,2.2632,1.2632,0
User_Hybrid,40211129,40BA141,4,2.5718,1.4282,0
User_Hybrid,40211126,433N062,5,5.0,0.0,0
User_Hybrid,40211102,409U053,5,3.2367,1.7633,0
User_Hybrid,40211134,40BA061,4,3.9153,0.0847,0
User_Hybrid,40311134,40BQ321,3,3.527,0.527,0
User_Hybrid,40211203,40BA022,3,3.1524,0.1524,0
User_Hybrid,40211147,40BC051,1,2.685,1.685,0
User_Hybrid,40311217,40BD012,4,3.7138,0.2862,0
User_Hybrid,40211233,40BA152,2,3.4584,1.4584,0
User_Hybrid,40211137,40BQ391,2,2.8657,0.8657,0
User_Hybrid,40411106,40BA051,3,2.4615,0.5385,0
User_Hybrid,40311158,40UN130,5,5.0,0.0,0
User_Hybrid,40211116,40BQ021,4,2.8631,1.1369,0
User_Hybrid,40311202,40BA082,4,3.5525,0.4475,0
User_Hybrid,40211154,40BQ391,3,3.7315,0.7315,0
User_Hybrid,40311110,40B0291,3,2.6518,0.3482,0
User_Hybrid,40411150,40BC071,2,1.1379,0.8621,0
User_Hybrid,40211117,40BA131,4,3.5826,0.4174,0
User_Hybrid,40311229,40BD012,4,3.4026,0.5974,0
User_Hybrid,40211102,40BA081,4,3.1262,0.8738,0
User_Hybrid,40211115,40BQ021,2,1.168,0.832,0
User_Hybrid,40211215,40BA052,1,1.8932,0.8932,0
User_Hybrid,40211105,40BA151,3,3.8481,0.8481,0
User_Hybrid,40211166,40BQ371,1,4.02,3.02,0
User_Hybrid,40311237,40BA122,3,2.2762,0.7238,0
User_Hybrid,40311211,40BA132,4,2.8437,1.1563,0
User_Hybrid,40211225,40UN070,5,4.6764,0.3236,0
User_Hybrid,40511109,40B0291,4,3.4008,0.5992,0
User_Hybrid,40211161,40BQ051,1,2.9841,1.9841,0
User_Hybrid,40211118,40BC051,5,3.0184,1.9816,0
User_Hybrid,40411131,40BA021,1,2.2801,1.2801,0
User_Hybrid,40311122,40BA221,3,2.5801,0.4199,0
User_Hybrid,40511104,40B0291,5,1.8758,3.1242,0
User_Hybrid,40211126,40BA051,5,3.2628,1.7372,0
User_Hybrid,40211211,40BR082,3,3.5806,0.5806,0
User_Hybrid,40211262,40BA092,4,3.7022,0.2978,0
User_Hybrid,40211250,40B0292,4,4.1659,0.1659,0
User_Hybrid,40311233,40B8932,3,4.5125,1.5125,0
User_Hybrid,40311146,40BC011,1,1.8734,0.8734,0
User_Hybrid,40211156,40BA151,3,3.5649,0.5649,0
User_Hybrid,40211228,40BA062,3,3.126,0.126,0
User_Hybrid,40311221,40BD012,3,3.1266,0.1266,0
User_Hybrid,40311119,40BA011,5,3.3041,1.6959,0
User_Hybrid,40411126,40BC011,3,1.7312,1.2688,0
User_Hybrid,40311130,409A021,1,1.0,0.0,0
User_Hybrid,40211232,40BA102,1,2.2849,1.2849,0
User_Hybrid,40211117,40BA121,3,3.3035,0.3035,0
User_Hybrid,40411247,40BA102,2,3.5648,1.5648,0
User_Hybrid,40211248,40BA102,4,3.422,0.578,0
User_Hybrid,40411251,40BA022,2,2.5665,0.5665,0
User_Hybrid,40312142,40BA101,4,2.41,1.59,0
User_Hybrid,40211229,40BR082,4,3.567,0.433,0
User_Hybrid,40211214,40BR242,2,3.039,1.039,0
User_Hybrid,40311150,40BC011,1,2.0207,1.0207,0
User_Hybrid,40411102,40BQ031,5,2.9377,2.0623,0
User_Hybrid,40211106,40BA061,5,3.8998,1.1002,0
User_Hybrid,40211230,409Z481,4,4.1233,0.1233,0
User_Hybrid,40211117,40BA151,4,3.1773,0.8227,0
User_Hybrid,40211259,40BA022,4,3.3961,0.6039,0
User_Hybrid,40311259,40BA062,1,1.1374,0.1374,0
User_Hybrid,40411159,40BA101,3,1.524,1.476,0
User_Hybrid,40411115,40BA221,1,1.8305,0.8305,0
User_Hybrid,40211247,409Z481,4,4.0,0.0,0
User_Hybrid,40311260,40BR022,3,2.8559,0.1441,0
User_Hybrid,40411128,40BA011,1,2.3528,1.3528,0
User_Hybrid,40211146,40BA151,4,3.5882,0.4118,0
User_Hybrid,40211101,40B0291,4,2.3105,1.6895,0
User_Hybrid,40211148,40BQ171,4,2.8763,1.1237,0
User_Hybrid,40211244,40BR042,2,2.8489,0.8489,0
User_Hybrid,40511101,40BA011,1,1.279,0.279,0
User_Hybrid,40205303,40BR242,1,2.9225,1.9225,0
User_Hybrid,40211235,40BR042,2,2.8507,0.8507,0
User_Hybrid,40211126,40KA393,3,2.9092,0.0908,2
User_Hybrid,40211139,40BQ421,2,2.7673,0.7673,0
User_Hybrid,40211206,40BD012,3,2.2857,0.7143,0
User_Hybrid,40311204,40BA052,5,3.1367,1.8633,0
User_Hybrid,40211233,40BR242,1,2.9356,1.9356,0
User_Hybrid,40411125,40BA011,1,1.2795,0.2795,0
User_Hybrid,40311218,40BA132,5,2.6947,2.3053,0
User_Hybrid,40211137,40BC011,3,1.4534,1.5466,0
User_Hybrid,40311120,40BA021,1,2.9621,1.9621,0
User_Hybrid,40511107,40BA051,5,1.0,4.0,0
User_Hybrid,40311217,40BD032,2,2.7541,0.7541,0
User_Hybrid,40311215,40B0292,2,2.4185,0.4185,0
User_Hybrid,40311155,40BQ031,1,1.9496,0.9496,0
User_Hybrid,40211201,40BR032,3,3.5728,0.5728,0
User_Hybrid,40211134,40BQ401,4,3.8674,0.1326,0
User_Hybrid,40211208,40BA092,1,2.5574,1.5574,0
User_Hybrid,40211247,40BR032,4,3.7012,0.2988,0
User_Hybrid,40311238,40BA122,3,1.855,1.145,0
User_Hybrid,40211109,40BQ141,2,3.3871,1.3871,0
User_Hybrid,40211130,40BA081,1,2.4969,1.4969,0
User_Hybrid,40311158,40BC071,5,3.0728,1.9272,0
User_Hybrid,40211226,40BD032,4,3.7085,0.2915,0
User_Hybrid,40211266,40BA081,2,2.4601,0.4601,0
User_Hybrid,40311233,40B0292,3,2.3515,0.6485,0
User_Hybrid,40311136,40BA011,1,1.4178,0.4178,0
User_Hybrid,40311132,40BA121,1,2.9875,1.9875,0
User_Hybrid,40211133,40BC011,2,1.8962,0.1038,0
User_Hybrid,40211236,40BD012,1,2.3462,1.3462,0
User_Hybrid,40311210,40BA222,3,2.7143,0.2857,0
User_Hybrid,40211117,40BQ141,2,2.2561,0.2561,0
User_Hybrid,40311261,40BD032,3,3.2752,0.2752,0
User_Hybrid,40211225,40B9561,4,4.0,0.0,0
User_Hybrid,40211228,40BA132,3,2.9979,0.0021,0
User_Hybrid,40211158,40BA011,4,1.9292,2.0708,0
User_Hybrid,40211154,40BA091,1,1.5618,0.5618,0
User_Hybrid,40211137,40BA061,1,3.5345,2.5345,0
User_Hybrid,40211209,40BD032,2,3.5594,1.5594,0
User_Hybrid,40411227,40BA222,3,2.1302,0.8698,0
User_Hybrid,40311235,40BA222,1,2.6682,1.6682,0
User_Hybrid,40211141,40BC061,4,3.8459,0.1541,0
User_Hybrid,40211261,40BR072,5,4.4264,0.5736,0
User_Hybrid,40211114,40BA011,1,2.3796,1.3796,0
User_Hybrid,40411126,40BA081,4,1.5358,2.4642,0
User_Hybrid,40211229,40BA012,2,2.2499,0.2499,0
User_Hybrid,40311122,40BA081,4,3.2527,0.7473,0
User_Hybrid,40311109,40BA021,1,2.1517,1.1517,0
User_Hybrid,40411205,40BD012,4,3.537,0.463,0
User_Hybrid,40327247,40BC071,2,1.5628,0.4372,0
User_Hybrid,40311238,40B0292,2,2.8334,0.8334,0
User_Hybrid,40311238,40B8932,3,3.877,0.877,0
User_Hybrid,40411158,40BA051,2,1.7137,0.2863,0
User_Hybrid,40311243,40BA052,4,4.0659,0.0659,0
User_Hybrid,40411211,40BA222,2,2.2731,0.2731,0
User_Hybrid,40511226,40BA012,4,2.4102,1.5898,0
User_Hybrid,40411255,40BA222,4,2.539,1.461,0
User_Hybrid,40411212,40BD012,3,3.5786,0.5786,0
User_Hybrid,40211202,40B9651,4,3.8926,0.1074,0
User_Hybrid,40311243,40BD012,4,4.0568,0.0568,0
User_Hybrid,40211112,40KT142,5,4.6357,0.3643,0
User_Hybrid,40311204,40BA132,4,3.7629,0.2371,0
User_Hybrid,40211224,40BD012,3,3.4935,0.4935,0
User_Hybrid,40211113,40BA091,1,1.4088,0.4088,0
User_Hybrid,40411156,40BA021,4,1.1353,2.8647,0
User_Hybrid,40311153,40BA021,5,3.8638,1.1362,0
User_Hybrid,40211266,40BR022,2,3.196,1.196,0
User_Hybrid,40411219,40BA082,5,2.8422,2.1578,0
User_Hybrid,40311223,40BA122,3,2.5564,0.4436,0
User_Hybrid,40211116,40BQ051,4,3.2787,0.7213,0
User_Hybrid,40211246,40BR122,5,4.7054,0.2946,0
User_Hybrid,40311158,40BQ341,3,4.2735,1.2735,0
User_Hybrid,40411201,40BA062,3,2.3992,0.6008,0
User_Hybrid,40211126,40IN672,5,5.0,0.0,0
User_Hybrid,40211249,40B0292,4,3.5667,0.4333,0
User_Hybrid,40311108,40BC011,2,1.7185,0.2815,0
User_Hybrid,40411156,40BA011,5,1.4194,3.5806,0
User_Hybrid,40411244,40BR472,1,3.2975,2.2975,0
User_Hybrid,40211103,40UN050,1,3.9993,2.9993,1
User_Hybrid,40411242,40BA102,4,3.2841,0.7159,0
User_Hybrid,40411202,40BA052,4,1.4346,2.5654,0
User_Hybrid,40211261,40BA152,3,2.974,0.026,0
User_Hybrid,40511142,40BA051,3,1.1407,1.8593,0
User_Hybrid,40411246,40BA082,3,2.5843,0.4157,0
User_Hybrid,40211104,40UN110,4,4.0,0.0,0
User_Hybrid,40311236,40BR042,4,3.5779,0.4221,0
User_Hybrid,40211223,40BA132,3,2.284,0.716,0
User_Hybrid,40211115,40BA011,3,2.6642,0.3358,0
User_Hybrid,40211144,40BQ421,1,2.2854,1.2854,0
User_Hybrid,40211203,40BA102,4,3.2698,0.7302,0
User_Hybrid,40211257,409U163,1,1.3681,0.3681,0
User_Hybrid,40311113,40BA051,1,2.2207,1.2207,0
User_Hybrid,40411236,40BA012,3,1.417,1.583,0
User_Hybrid,40411233,40BA102,4,3.1518,0.8482,0
User_Hybrid,40311161,40BA221,1,3.1926,2.1926,0
User_Hybrid,40211153,40BR372,4,4.1561,0.1561,0
User_Hybrid,40411108,40BA011,4,2.7751,1.2249,0
User_Hybrid,40211115,40BC061,1,1.8962,0.8962,0
User_Hybrid,40311130,40BQ031,2,2.2919,0.2919,0
User_Hybrid,40211102,40B0291,2,2.45,0.45,0
User_Hybrid,40211205,40BR032,5,3.8558,1.1442,0
User_Hybrid,40211132,40BA081,2,2.5445,0.5445,0
User_Hybrid,40311257,40BA102,3,3.5736,0.5736,0
User_Hybrid,40211110,40BQ321,2,3.4359,1.4359,0
User_Hybrid,40411255,40BA102,4,3.4328,0.5672,0
User_Hybrid,40411138,40BA051,2,1.0,1.0,0
User_Hybrid,40311105,409A011,2,3.0,1.0,0
User_Hybrid,40311265,4064243,2,1.0,1.0,0
User_Hybrid,40311255,40B0292,2,2.4335,0.4335,0
User_Hybrid,40211104,40BA131,4,3.5451,0.4549,0
User_Hybrid,40211233,40BA092,2,3.557,1.557,0
User_Hybrid,40211133,40BR372,5,4.411,0.589,0
User_Hybrid,40311138,40BA011,1,2.4038,1.4038,0
User_Hybrid,40311124,40BA021,1,2.5556,1.5556,0
User_Hybrid,40211238,433A021,2,1.0,1.0,0
User_Hybrid,40311223,40BA222,1,2.9686,1.9686,0
User_Hybrid,40211161,40BA051,2,2.3129,0.3129,0
User_Hybrid,40211137,40BA091,1,1.2987,0.2987,0
User_Hybrid,40311128,40BA121,4,2.4131,1.5869,0
User_Hybrid,40411238,40BA052,2,1.7,0.3,0
User_Hybrid,40211118,40BC061,5,3.7304,1.2696,0
User_Hybrid,40311218,40BR042,4,2.436,1.564,0
User_Hybrid,40211235,40BA152,4,3.4703,0.5297,0
User_Hybrid,40211138,40BA051,3,3.1435,0.1435,0
User_Hybrid,40311206,40BA062,1,1.0,0.0,0
User_Hybrid,40211230,40B0292,5,3.5588,1.4412,0
User_Hybrid,40411209,40BA222,3,2.312,0.688,0
User_Hybrid,40311118,40BC051,3,2.5787,0.4213,0
User_Hybrid,40211224,40BR072,3,3.3839,0.3839,0
User_Hybrid,40311243,40BA122,4,3.1421,0.8579,0
User_Hybrid,40211113,40B0291,2,2.3744,0.3744,0
User_Hybrid,40211235,40BR072,4,4.5883,0.5883,0
User_Hybrid,40211161,40BQ331,1,2.6138,1.6138,0
User_Hybrid,40311253,40B0292,3,2.0696,0.9304,0
User_Hybrid,40211225,40BR372,4,3.4389,0.5611,0
User_Hybrid,40311227,40BA082,4,3.5605,0.4395,0
User_Hybrid,40211262,40BR082,5,3.5069,1.4931,0
User_Hybrid,40511229,40BA052,2,2.6885,0.6885,0
User_Hybrid,40211122,40BQ421,3,3.1095,0.1095,0
User_Hybrid,40411119,40BA051,1,1.6903,0.6903,0
User_Hybrid,40211202,40BA132,3,2.2567,0.7433,0
User_Hybrid,40211125,40BQ141,4,3.2582,0.7418,0
User_Hybrid,40411205,40BA052,2,1.6841,0.3159,0
User_Hybrid,40311131,40B0291,2,3.4286,1.4286,0
User_Hybrid,40311146,40BA081,2,3.4143,1.4143,0
User_Hybrid,40211245,40BR032,2,4.1223,2.1223,0
User_Hybrid,40411130,40BC071,1,1.2953,0.2953,0
User_Hybrid,40311135,40BA221,1,3.0951,2.0951,0
User_Hybrid,40411143,40BA051,1,2.4045,1.4045,0
User_Hybrid,40411207,40BA062,2,1.315,0.685,0
User_Hybrid,40211220,409Z481,5,4.0,1.0,0
User_Hybrid,40211205,40BA062,5,3.128,1.872,0
User_Hybrid,40211230,40BA062,4,3.1218,0.8782,0
User_Hybrid,40411140,40BA021,1,2.304,1.304,0
User_Hybrid,40511262,40BA052,3,1.9063,1.0937,0
User_Hybrid,40211262,40BA142,5,4.0264,0.9736,0
User_Hybrid,40311132,40BQ321,3,3.8501,0.8501,0
User_Hybrid,40311138,40BC021,4,3.3824,0.6176,0
User_Hybrid,40311151,40BA141,3,2.7242,0.2758,0
User_Hybrid,40411143,40BA221,1,2.4257,1.4257,0
User_Hybrid,40211222,40BD032,4,3.1256,0.8744,0
User_Hybrid,40311231,40BD032,2,2.6627,0.6627,0
User_Hybrid,40311205,40BD032,3,2.5779,0.4221,0
User_Hybrid,40511227,40BA052,2,3.5519,1.5519,0
User_Hybrid,40211152,40B0291,2,2.1714,0.1714,0
User_Hybrid,40211233,40BA142,4,3.8203,0.1797,0
User_Hybrid,40311238,40BA132,3,1.9888,1.0112,0
User_Hybrid,40211125,40BC011,4,1.996,2.004,0
User_Hybrid,40311219,40B0292,1,2.0684,1.0684,0
User_Hybrid,40311105,40BC071,2,3.5822,1.5822,0
User_Hybrid,40311134,40BA121,3,2.6955,0.3045,0
User_Hybrid,40311116,40B0291,2,3.6015,1.6015,0
User_Hybrid,40311157,40BA061,3,2.597,0.403,0
User_Hybrid,40211104,40BC051,2,3.2995,1.2995,0
User_Hybrid,40411149,40BC071,1,2.4518,1.4518,0
User_Hybrid,40411130,40BA102,3,2.69,0.31,0
User_Hybrid,40311214,40BD032,2,2.3711,0.3711,0
User_Hybrid,40411222,40BA062,1,1.2827,0.2827,0
User_Hybrid,40311108,40BA101,3,2.8459,0.1541,0
User_Hybrid,40211134,40BC021,4,3.7336,0.2664,0
User_Hybrid,40320324,40BC011,1,1.8363,0.8363,0
User_Hybrid,40311243,40BA012,3,3.3778,0.3778,0
User_Hybrid,40411130,40BA222,2,2.3555,0.3555,0
User_Hybrid,40411215,40BA052,1,1.9816,0.9816,0
User_Hybrid,40411240,40BR022,2,2.8176,0.8176,0
User_Hybrid,40211127,40BA131,5,3.7513,1.2487,0
User_Hybrid,40211131,40B0291,1,2.3902,1.3902,0
User_Hybrid,40211235,40BA102,4,2.7165,1.2835,0
User_Hybrid,40211101,40BR342,5,3.9128,1.0872,0
User_Hybrid,40211205,40BD012,4,2.8406,1.1594,0
User_Hybrid,40411120,40BA061,4,2.4718,1.5282,0
User_Hybrid,40311125,40B0291,3,1.8758,1.1242,0
User_Hybrid,40211150,40BC021,3,3.0152,0.0152,0
User_Hybrid,40311148,40BA081,3,2.1756,0.8244,0
User_Hybrid,40211219,40BA052,2,2.258,0.258,0
User_Hybrid,40211260,40BR122,5,4.8572,0.1428,0
User_Hybrid,40311146,40BA061,1,3.1472,2.1472,0
User_Hybrid,40511219,40BA052,3,2.5331,0.4669,1
User_Hybrid,40211150,40BC061,4,3.3036,0.6964,0
User_Hybrid,40211110,40BC051,2,3.4197,1.4197,0
User_Hybrid,40311249,40BA022,3,2.8822,0.1178,0
User_Hybrid,40211205,40BR042,3,3.699,0.699,0
User_Hybrid,40411104,40BC071,3,2.7133,0.2867,0
User_Hybrid,40211122,40BA151,4,3.8655,0.1345,0
User_Hybrid,40211106,40BA081,3,2.8843,0.1157,0
User_Hybrid,40311104,40BA141,1,2.04,1.04,0
User_Hybrid,40311229,40BA012,2,4.139,2.139,0
User_Hybrid,40511247,40B0292,4,3.9673,0.0327,0
User_Hybrid,40211208,90B2681,3,3.1992,0.1992,0
User_Hybrid,40211249,40BR122,5,4.7039,0.2961,0
User_Hybrid,40311116,40BA081,3,3.406,0.406,0
User_Hybrid,40311208,40BA022,4,3.1581,0.8419,0
User_Hybrid,40211206,40BA012,5,2.5736,2.4264,0
User_Hybrid,40511201,40BA012,3,1.9946,1.0054,0
User_Hybrid,40211116,40BA131,5,3.1528,1.8472,0
User_Hybrid,40211101,40BA081,4,3.4164,0.5836,0
User_Hybrid,40211112,40BA021,1,2.8066,1.8066,0
User_Hybrid,40211112,40BQ371,3,3.682,0.682,0
User_Hybrid,40211217,40BA022,5,2.8682,2.1318,0
User_Hybrid,40211220,40B0292,5,3.5111,1.4889,0
User_Hybrid,40311130,40BQ321,3,3.7026,0.7026,0
User_Hybrid,40311139,40BQ141,2,2.5785,0.5785,0
User_Hybrid,40311236,40BA102,4,2.8309,1.1691,0
User_Hybrid,40311245,40BA012,4,1.8655,2.1345,0
User_Hybrid,40511123,40BA051,1,1.1374,0.1374,0
User_Hybrid,40311114,40BA051,4,2.4173,1.5827,0
User_Hybrid,40311155,40BC051,3,2.9511,0.0489,0
User_Hybrid,40211239,40BR372,1,3.1322,2.1322,0
User_Hybrid,40211130,40BA021,1,3.1432,2.1432,0
User_Hybrid,40211133,40BA061,5,4.7082,0.2918,0
User_Hybrid,40311236,40B8932,4,4.0862,0.0862,0
User_Hybrid,40211106,40BA011,1,2.5855,1.5855,0
User_Hybrid,40211158,409R181,4,3.307,0.693,0
User_Hybrid,40311211,40BR372,3,2.4554,0.5446,0
User_Hybrid,40511118,40BA051,2,1.7935,0.2065,0
User_Hybrid,40311214,40BD012,1,3.1782,2.1782,0
User_Hybrid,40211110,4069211,3,4.0,1.0,0
User_Hybrid,40411246,40BA052,2,2.2826,0.2826,0
User_Hybrid,40211165,40BA141,2,2.2823,0.2823,0
User_Hybrid,40211241,40BA052,1,1.7196,0.7196,0
User_Hybrid,40211115,40BC021,1,2.5828,1.5828,0
User_Hybrid,40411251,40BA082,4,2.5686,1.4314,0
User_Hybrid,40211150,40UN080,3,3.156,0.156,0
User_Hybrid,40511125,40B0291,3,3.7376,0.7376,0
User_Hybrid,40211205,40BR322,3,3.3119,0.3119,0
User_Hybrid,40211127,40BQ421,5,3.3263,1.6737,0
User_Hybrid,40311241,40BA102,2,3.0357,1.0357,0
User_Hybrid,40211113,40BA101,2,2.1789,0.1789,0
User_Hybrid,40211252,409Z491,5,4.4351,0.5649,0
User_Hybrid,40311128,40BA021,4,2.8313,1.1687,0
User_Hybrid,40311150,40BA221,1,1.5557,0.5557,0
User_Hybrid,40211244,40B9561,4,4.0,0.0,0
User_Hybrid,40311227,40BA062,1,1.0,0.0,0
User_Hybrid,40211102,40BA011,4,1.7129,2.2871,0
User_Hybrid,40211102,40WN081,3,2.462,0.538,0
User_Hybrid,40211208,40BA152,2,3.2142,1.2142,0
User_Hybrid,40211248,40BR122,5,4.8599,0.1401,0
User_Hybrid,40311231,40BQ512,4,3.4399,0.5601,0
User_Hybrid,40411158,40BA081,3,2.8482,0.1518,0
User_Hybrid,40211163,40BA141,4,1.71,2.29,0
User_Hybrid,40311227,40B0292,2,2.5436,0.5436,0
User_Hybrid,40411155,40BQ031,4,2.5587,1.4413,0
User_Hybrid,40511247,40BA052,4,3.6748,0.3252,0
User_Hybrid,40311235,40BA102,1,2.4307,1.4307,0
User_Hybrid,40511233,40BA052,4,2.4663,1.5337,0
User_Hybrid,40311133,40BA101,2,2.986,0.986,0
User_Hybrid,40311245,40BD012,2,2.5799,0.5799,0
User_Hybrid,40211137,40BA051,3,2.3934,0.6066,0
User_Hybrid,40211262,40BA132,4,2.8879,1.1121,0
User_Hybrid,40211207,40BA062,4,3.3087,0.6913,0
User_Hybrid,40211237,40BA022,1,3.0123,2.0123,0
User_Hybrid,40311162,40BA021,1,1.9381,0.9381,0
User_Hybrid,40211234,40BR032,4,3.2654,0.7346,0
User_Hybrid,40411248,40BR472,1,3.2623,2.2623,0
User_Hybrid,40211136,40BC051,5,3.5169,1.4831,0
User_Hybrid,40311139,40BA141,1,2.2971,1.2971,0
User_Hybrid,40411158,40BA011,3,2.1759,0.8241,0
User_Hybrid,40211129,40BQ141,5,3.2065,1.7935,0
User_Hybrid,40211259,40BA152,2,3.4039,1.4039,0
User_Hybrid,40311258,40BD012,3,2.6755,0.3245,0
User_Hybrid,40411140,40BC071,2,2.0003,0.0003,0
User_Hybrid,40211158,40BQ371,2,4.0843,2.0843,0
User_Hybrid,40311142,40BA101,1,1.9795,0.9795,0
User_Hybrid,40211256,40BD012,5,3.5578,1.4422,0
User_Hybrid,40311217,40BA012,3,3.5514,0.5514,0
User_Hybrid,40411143,40BC011,1,2.1828,1.1828,0
User_Hybrid,40211107,40BA081,1,2.2647,1.2647,0
User_Hybrid,40311127,40BA081,2,2.7488,0.7488,0
User_Hybrid,40211148,40BQ321,3,3.5801,0.5801,0
User_Hybrid,40320310,40BC051,1,2.5445,1.5445,0
User_Hybrid,40211220,40BD052,3,2.8623,0.1377,0
User_Hybrid,40311162,40BQ311,1,3.4733,2.4733,0
User_Hybrid,40211261,40BA122,3,2.7216,0.2784,0
User_Hybrid,40311155,40BQ311,3,2.0851,0.9149,0
User_Hybrid,40211252,40BR072,4,4.4557,0.4557,0
User_Hybrid,40311169,40BA221,1,2.205,1.205,0
User_Hybrid,40411215,40BA012,3,1.5601,1.4399,0
User_Hybrid,40311117,40BA141,3,2.7145,0.2855,0
User_Hybrid,40311158,40BA121,1,2.3389,1.3389,0
User_Hybrid,40211209,40BA092,1,3.8204,2.8204,0
User_Hybrid,40311236,40BD032,4,2.5501,1.4499,0
User_Hybrid,40211153,40BQ021,5,3.2999,1.7001,0
User_Hybrid,40211151,40BA081,3,3.5721,0.5721,0
User_Hybrid,40411138,40BA021,1,1.7182,0.7182,0
User_Hybrid,40211118,40BA141,5,3.4501,1.5499,0
User_Hybrid,40411101,40BA011,1,1.536,0.536,0
User_Hybrid,40211217,40BR082,4,3.8595,0.1405,0
User_Hybrid,40311132,40BC051,1,3.5552,2.5552,0
User_Hybrid,40211226,40BD052,5,3.01,1.99,0
User_Hybrid,40211225,40B9572,4,3.8576,0.1424,0
User_Hybrid,40411240,40BR472,5,3.4225,1.5775,0
User_Hybrid,40211109,40B0291,2,2.1494,0.1494,0
User_Hybrid,40411110,40BQ311,2,1.8436,0.1564,0
User_Hybrid,40211241,40BA152,3,3.4563,0.4563,0
User_Hybrid,40311250,40BA062,1,1.5615,0.5615,0
User_Hybrid,40211102,40BQ421,3,3.2264,0.2264,0
User_Hybrid,40211108,40BA051,3,2.865,0.135,0
User_Hybrid,40411252,40BR472,1,3.1254,2.1254,0
User_Hybrid,40511256,40B0292,3,3.4646,0.4646,0
User_Hybrid,40311111,40BA061,4,2.8895,1.1105,0
User_Hybrid,40211114,40UN110,4,4.0,0.0,0
User_Hybrid,40511207,40BA012,2,2.7067,0.7067,0
User_Hybrid,40311218,40BA082,4,3.1524,0.8476,0
User_Hybrid,40311151,40BA021,4,3.8389,0.1611,0
User_Hybrid,40411146,40BA081,2,3.1231,1.1231,0
User_Hybrid,40311215,40BA122,2,2.5868,0.5868,0
User_Hybrid,40511105,40B0291,5,3.7376,1.2624,0
User_Hybrid,40211249,40BA052,3,1.8513,1.1487,0
User_Hybrid,40311157,40BQ321,5,3.2798,1.7202,0
User_Hybrid,40211225,40BD052,3,2.7453,0.2547,0
User_Hybrid,40211151,40BQ371,5,3.8777,1.1223,0
User_Hybrid,40211112,40BQ391,5,2.6144,2.3856,0
User_Hybrid,40311261,40BA012,3,4.2279,1.2279,0
User_Hybrid,40411254,40BA222,3,2.5372,0.4628,0
User_Hybrid,40211239,40BR042,1,2.0429,1.0429,0
User_Hybrid,40111230,40BA152,2,3.4323,1.4323,0
User_Hybrid,40311233,40BA022,2,1.7273,0.2727,0
User_Hybrid,40211266,433A021,3,1.0,2.0,0
User_Hybrid,40211202,40BR242,3,3.1468,0.1468,0
User_Hybrid,40411113,40BQ311,5,2.3206,2.6794,0
User_Hybrid,40211249,40BA022,4,2.0064,1.9936,0
User_Hybrid,40311157,40B0291,5,2.8675,2.1325,0
User_Hybrid,40211139,432N861,1,1.0,0.0,0
User_Hybrid,40311260,40BQ512,5,3.5579,1.4421,0
User_Hybrid,40211230,40BA152,3,3.4149,0.4149,0
User_Hybrid,40311158,40BQ031,2,2.4186,0.4186,0
User_Hybrid,40311231,40BA132,5,3.3377,1.6623,0
User_Hybrid,40211116,40IN101,4,3.6788,0.3212,0
User_Hybrid,40311104,40BA081,4,3.286,0.714,0
User_Hybrid,40411240,40BA052,1,2.3017,1.3017,0
User_Hybrid,40211217,40BR032,5,3.0082,1.9918,0
User_Hybrid,40211248,40BA022,1,3.862,2.862,0
User_Hybrid,40211257,40BR372,1,2.8679,1.8679,0
User_Hybrid,40211266,40BR042,2,2.8338,0.8338,0
User_Hybrid,40311148,40BA011,1,1.279,0.279,0
User_Hybrid,40411159,40BA051,2,1.9729,0.0271,0
User_Hybrid,40205303,40BD012,2,3.1414,1.1414,0
User_Hybrid,40411141,40BC011,1,1.907,0.907,0
User_Hybrid,40211104,40BQ371,4,4.4443,0.4443,0
User_Hybrid,40211145,40BC011,1,2.2895,1.2895,0
User_Hybrid,40411147,40BA061,2,2.4297,0.4297,0
User_Hybrid,40211215,40BD032,3,2.7484,0.2516,0
User_Hybrid,40311121,40BC011,4,1.7231,2.2769,0
User_Hybrid,40411256,40BA102,4,3.5596,0.4404,0
User_Hybrid,40411105,40BQ311,5,2.957,2.043,0
User_Hybrid,40211116,40BA051,2,3.0201,1.0201,0
User_Hybrid,40211111,40BQ381,1,2.9938,1.9938,0
User_Hybrid,40211106,409A012,2,1.8414,0.1586,0
User_Hybrid,40211249,40BR082,4,3.7431,0.2569,0
User_Hybrid,40211222,40BA092,4,4.0208,0.0208,0
User_Hybrid,40211123,40BA021,4,3.5405,0.4595,0
User_Hybrid,40211262,40BR042,4,3.508,0.492,0
User_Hybrid,40411228,40BA062,3,2.5537,0.4463,0
User_Hybrid,40211105,40BA051,3,2.3887,0.6113,0
User_Hybrid,40311158,40BA221,2,2.1627,0.1627,0
User_Hybrid,40211138,40BQ171,4,3.2731,0.7269,0
User_Hybrid,40211129,40BC021,4,3.8281,0.1719,0
User_Hybrid,40411218,40BR022,3,3.438,0.438,0
User_Hybrid,40311129,40BQ331,1,3.005,2.005,0
User_Hybrid,40211234,40BA022,3,3.9926,0.9926,0
User_Hybrid,40211206,40BA062,4,1.8448,2.1552,0
User_Hybrid,40211211,40BR372,3,3.1663,0.1663,0
User_Hybrid,40311248,40BA132,5,4.108,0.892,0
User_Hybrid,40211136,40BQ371,3,4.1487,1.1487,0
User_Hybrid,40211247,409Z501,5,5.0,0.0,0
User_Hybrid,40311250,40BA012,5,3.167,1.833,0
User_Hybrid,40311236,40BA062,4,1.552,2.448,0
User_Hybrid,40311216,40BR042,4,4.2633,0.2633,0
User_Hybrid,40311218,40B8932,4,3.5786,0.4214,0
User_Hybrid,40311146,40BA221,1,2.2939,1.2939,0
User_Hybrid,40211144,40BA021,4,2.8569,1.1431,0
User_Hybrid,40211248,40BD012,3,3.1535,0.1535,0
User_Hybrid,40211162,40BA151,4,3.9971,0.0029,0
User_Hybrid,40211203,40BA012,2,2.4111,0.4111,0
User_Hybrid,40311122,40BA101,4,2.849,1.151,0
User_Hybrid,40311155,40BC011,3,2.0049,0.9951,0
User_Hybrid,40211214,40BD032,3,2.4494,0.5506,0
User_Hybrid,40311159,40BC071,1,1.6969,0.6969,0
User_Hybrid,40211139,40BA081,3,3.1386,0.1386,0
User_Hybrid,40211202,40BR072,3,4.2961,1.2961,0
User_Hybrid,40211261,40BR222,4,2.9514,1.0486,0
User_Hybrid,40411134,40B0291,2,3.0972,1.0972,0
User_Hybrid,40411159,40BQ311,3,1.8578,1.1422,0
User_Hybrid,40411108,40BQ311,4,2.747,1.253,0
User_Hybrid,40211121,40BA121,3,2.7243,0.2757,0
User_Hybrid,40411117,40BA061,2,1.1374,0.8626,0
User_Hybrid,40411216,40BA082,1,2.2395,1.2395,0
User_Hybrid,40511220,40BA052,4,1.8413,2.1587,0
User_Hybrid,40205303,40BR122,2,4.5067,2.5067,0
User_Hybrid,40211165,40BQ421,4,2.9469,1.0531,0
User_Hybrid,40211123,40PQ041,4,4.5248,0.5248,0
User_Hybrid,40211263,433A021,1,1.1063,0.1063,0
User_Hybrid,40211206,40BA092,4,3.2682,0.7318,0
User_Hybrid,40411238,40BA222,2,1.9704,0.0296,0
User_Hybrid,40411254,40BA012,3,1.9785,1.0215,0
User_Hybrid,40211117,409A012,1,1.317,0.317,0
User_Hybrid,40211202,40BD012,2,3.4301,1.4301,0
User_Hybrid,40411145,40BA011,2,1.8253,0.1747,0
User_Hybrid,40311237,40BR042,1,2.9814,1.9814,0
User_Hybrid,40211134,40BC061,4,3.2937,0.7063,0
User_Hybrid,40211114,40BC021,1,2.5879,1.5879,0
User_Hybrid,40411213,40BA222,3,2.8955,0.1045,0
User_Hybrid,40211162,40UN080,4,3.2085,0.7915,0
User_Hybrid,40311264,4064243,2,1.0,1.0,0
User_Hybrid,40211144,40BQ331,2,2.5924,0.5924,0
User_Hybrid,40211207,40BR322,4,4.1288,0.1288,0
User_Hybrid,40211154,40BA022,2,2.4621,0.4621,0
User_Hybrid,40211106,40BQ171,4,2.8141,1.1859,0
User_Hybrid,40311210,40BA122,1,2.6969,1.6969,0
User_Hybrid,40211220,40BR082,4,3.128,0.872,0
User_Hybrid,40411147,40BC011,4,2.1419,1.8581,0
User_Hybrid,40411229,40BR022,1,2.182,1.182,0
User_Hybrid,40211130,40BQ371,3,3.7837,0.7837,0
User_Hybrid,40311227,40BD032,1,2.0705,1.0705,0
User_Hybrid,40411207,40BA012,3,2.4744,0.5256,0
User_Hybrid,40211208,40BR082,2,2.8846,0.8846,0
User_Hybrid,40311237,40BA062,3,1.5546,1.4454,0
User_Hybrid,40211105,409Q082,2,2.0,0.0,0
User_Hybrid,40411126,40BA101,3,1.8318,1.1682,0
User_Hybrid,40311131,40BQ311,3,2.9938,0.0062,0
User_Hybrid,40211211,40BA152,3,3.1054,0.1054,0
User_Hybrid,40211214,40BR372,2,2.8627,0.8627,0
User_Hybrid,40511118,40B0291,4,1.8758,2.1242,0
User_Hybrid,40311223,40BR042,3,2.5837,0.4163,0
User_Hybrid,40411247,40BA062,4,2.8561,1.1439,0
User_Hybrid,40511119,40B0291,5,3.7376,1.2624,0
User_Hybrid,40211222,40BA152,3,3.4164,0.4164,0
User_Hybrid,40411237,40B0292,1,2.9762,1.9762,0
User_Hybrid,40311128,40BQ141,4,3.3198,0.6802,0
User_Hybrid,40511121,40BA051,2,1.1383,0.8617,0
User_Hybrid,40311227,40BA222,2,2.957,0.957,0
User_Hybrid,40311240,40BD012,1,2.3462,1.3462,0
User_Hybrid,40311218,40BA102,4,2.2894,1.7106,0
User_Hybrid,40211244,40BA082,3,2.9931,0.0069,0
User_Hybrid,40211249,40BA152,2,2.9923,0.9923,0
User_Hybrid,40211237,40B0292,1,2.5782,1.5782,0
User_Hybrid,40511103,40B0291,2,1.8758,0.1242,0
User_Hybrid,40311211,40BR042,3,3.2753,0.2753,0
User_Hybrid,40311216,40BD032,2,2.1408,0.1408,0
User_Hybrid,40211214,40BA022,4,2.499,1.501,0
User_Hybrid,40311205,40BQ512,4,3.4075,0.5925,0
User_Hybrid,40211131,40BA081,1,2.3077,1.3077,0
User_Hybrid,40311244,40BR042,4,2.6073,1.3927,0
User_Hybrid,40511135,40B0291,4,3.4008,0.5992,0
User_Hybrid,40211123,40BC011,2,1.7068,0.2932,0
User_Hybrid,40211207,40B0292,5,3.8079,1.1921,0
User_Hybrid,40311227,40BA102,3,2.961,0.039,0
User_Hybrid,40211103,40BA141,1,2.3336,1.3336,0
User_Hybrid,40211111,40BA051,2,2.6446,0.6446,0
User_Hybrid,40211123,40UN080,5,3.2597,1.7403,0
User_Hybrid,40211201,40BA061,1,3.2752,2.2752,0
User_Hybrid,40211101,40BQ051,5,4.1653,0.8347,0
User_Hybrid,40411124,40BA021,1,1.1363,0.1363,0
User_Hybrid,40411122,40BA051,1,1.7026,0.7026,0
User_Hybrid,40211113,40BA151,3,3.6012,0.6012,0
User_Hybrid,40311257,40BR372,4,3.768,0.232,0
User_Hybrid,40211118,40BA121,5,3.4353,1.5647,0
User_Hybrid,40311217,40BA062,1,2.1165,1.1165,0
User_Hybrid,40311110,40BA061,1,1.4121,0.4121,0
User_Hybrid,40311237,40BA022,1,1.9663,0.9663,0
User_Hybrid,40211233,40BR032,2,3.4804,1.4804,0
User_Hybrid,40311145,40BA051,1,1.1407,0.1407,0
User_Hybrid,40211213,40BA082,3,2.8558,0.1442,0
User_Hybrid,40311114,40BC011,3,2.0397,0.9603,0
User_Hybrid,40211252,40BA102,5,4.0116,0.9884,0
User_Hybrid,40211215,40BA152,3,2.8222,0.1778,0
User_Hybrid,40211107,40BQ371,3,3.4473,0.4473,0
User_Hybrid,40411109,40BA222,1,1.8816,0.8816,0
User_Hybrid,40211137,40BA151,3,3.8438,0.8438,0
User_Hybrid,40411101,40BA021,1,1.7145,0.7145,0
User_Hybrid,40211261,409Z511,4,3.7866,0.2134,0
User_Hybrid,40211234,40BR122,5,5.0,0.0,0
User_Hybrid,40211250,40BD032,3,3.4533,0.4533,0
User_Hybrid,40411212,40BA022,1,1.5653,0.5653,0
User_Hybrid,40311161,40BA101,1,2.6697,1.6697,0
User_Hybrid,40211237,40BR032,2,2.8563,0.8563,0
User_Hybrid,40211264,40BR032,2,2.5762,0.5762,0
User_Hybrid,40411120,40BA051,3,2.1641,0.8359,0
User_Hybrid,40311137,40BA221,3,1.444,1.556,0
User_Hybrid,40211132,40BC011,1,1.6095,0.6095,0
User_Hybrid,40411221,40BA052,2,1.5666,0.4334,0
User_Hybrid,40411121,40B0291,1,3.2796,2.2796,0
User_Hybrid,40411147,40B0291,5,3.1881,1.8119,0
User_Hybrid,40211126,40B9662,4,4.1873,0.1873,0
User_Hybrid,40211229,40BR242,2,3.4475,1.4475,0
User_Hybrid,40211145,40BA131,2,3.1141,1.1141,0
User_Hybrid,40411102,40BA221,3,2.0868,0.9132,0
User_Hybrid,40211243,40BA012,1,1.7086,0.7086,0
User_Hybrid,40311235,40B0292,3,1.8253,1.1747,0
User_Hybrid,40311145,40BA011,1,1.0,0.0,0
User_Hybrid,40211164,409U403,4,2.9092,1.0908,2
User_Hybrid,40211264,40BA102,1,2.3854,1.3854,0
User_Hybrid,40311131,40BC011,1,2.4233,1.4233,0
User_Hybrid,40311211,40BA122,4,2.323,1.677,0
User_Hybrid,40311121,40BA131,3,2.7684,0.2316,0
User_Hybrid,40211257,40BD032,2,2.8482,0.8482,0
User_Hybrid,40411168,40BA221,1,1.0,0.0,0
User_Hybrid,40311238,40BD032,3,2.5552,0.4448,0
User_Hybrid,40311250,431A241,5,2.9092,2.0908,2
User_Hybrid,40211220,40BR122,5,4.6881,0.3119,0
User_Hybrid,40211107,40BR242,2,2.7999,0.7999,0
User_Hybrid,40311233,40BA082,4,3.2575,0.7425,0
User_Hybrid,40211158,40UN110,4,4.0,0.0,0
User_Hybrid,40411226,40BA082,1,2.8319,1.8319,0
User_Hybrid,40211264,40BA062,1,1.4508,0.4508,0
User_Hybrid,40211125,40BA011,4,1.5632,2.4368,0
User_Hybrid,40411141,40BA221,1,1.9564,0.9564,0
User_Hybrid,40211165,40BA101,4,1.7207,2.2793,0
User_Hybrid,40411126,40BA051,2,1.4131,0.5869,0
User_Hybrid,40211145,40BA051,2,2.9588,0.9588,0
User_Hybrid,40311135,40BQ321,3,4.0291,1.0291,0
User_Hybrid,40311122,40BQ321,4,3.564,0.436,0
User_Hybrid,40211151,40BC051,4,3.6308,0.3692,0
User_Hybrid,40411140,40BQ031,3,3.2992,0.2992,0
User_Hybrid,40211150,40BA011,3,2.5622,0.4378,0
User_Hybrid,40411131,40BA081,1,2.3912,1.3912,0
User_Hybrid,40211121,40BC021,2,3.2603,1.2603,0
User_Hybrid,40211148,40BA141,4,2.9808,1.0192,0
User_Hybrid,40320310,40BQ321,2,2.8172,0.8172,0
User_Hybrid,40320324,40BA221,1,2.0051,1.0051,0
User_Hybrid,40211263,409U163,1,1.4237,0.4237,0
User_Hybrid,40311155,40BA141,3,2.0037,0.9963,0
User_Hybrid,40211144,40BA221,1,2.0894,1.0894,0
User_Hybrid,40211154,40BR372,2,3.2968,1.2968,0
User_Hybrid,40211102,40BC051,4,2.4197,1.5803,0
User_Hybrid,40311133,40BA221,2,2.212,0.212,0
User_Hybrid,40311244,40BA012,3,2.0364,0.9636,0
User_Hybrid,40211109,40BA051,2,2.4142,0.4142,0
User_Hybrid,40211229,40BA082,2,3.3986,1.3986,0
User_Hybrid,40311106,40B0291,4,3.9067,0.0933,0
User_Hybrid,40211105,40B0291,1,3.0142,2.0142,0
User_Hybrid,40211151,40BA141,4,2.8409,1.1591,0
User_Hybrid,40311214,40BA062,1,1.1307,0.1307,0
User_Hybrid,40211241,40BA102,3,3.7475,0.7475,0
User_Hybrid,40211162,40BA011,2,1.8622,0.1378,0
User_Hybrid,40411257,40BA052,2,2.2015,0.2015,0
User_Hybrid,40211148,40BA091,4,2.4143,1.5857,0
User_Hybrid,40411233,40BR472,5,2.6862,2.3138,0
User_Hybrid,40311248,40B8932,5,4.3417,0.6583,0
User_Hybrid,40411250,40BA052,2,1.5753,0.4247,0
User_Hybrid,40211263,40BA082,2,2.9694,0.9694,0
User_Hybrid,40311261,40BA082,4,4.02,0.02,0
User_Hybrid,40411138,40BA011,1,1.0,0.0,0
User_Hybrid,40411248,40BA222,4,2.4168,1.5832,0
User_Hybrid,40311134,40B0291,2,3.1327,1.1327,0
User_Hybrid,40211111,40BA151,3,3.4138,0.4138,0
User_Hybrid,40211201,40BR082,3,2.9578,0.0422,0
User_Hybrid,40311261,40BA022,5,4.552,0.448,0
User_Hybrid,40411130,40BA021,2,1.553,0.447,0
User_Hybrid,40311218,40BR072,4,3.3075,0.6925,0
User_Hybrid,40211133,40BA021,4,3.2454,0.7546,0
User_Hybrid,40211161,40BA101,4,1.8911,2.1089,0
User_Hybrid,40211259,40BA092,5,4.7141,0.2859,0
User_Hybrid,40411111,40BA081,1,1.8745,0.8745,0
User_Hybrid,40211127,40BQ401,4,4.1887,0.1887,0
User_Hybrid,40211126,433Q051,2,2.0,0.0,0
User_Hybrid,40411240,40B0292,3,2.4126,0.5874,0
User_Hybrid,40211151,40BA051,3,3.0221,0.0221,0
User_Hybrid,40211150,40BQ421,4,2.9965,1.0035,0
User_Hybrid,40311250,40BA122,4,2.5711,1.4289,0
User_Hybrid,40411250,40BR472,5,2.85,2.15,0
User_Hybrid,40311201,40BA102,4,3.5892,0.4108,0
User_Hybrid,40211213,40BR122,4,4.1504,0.1504,0
User_Hybrid,40211164,40BA102,3,2.7216,0.2784,0
User_Hybrid,40411256,40BA022,3,2.0046,0.9954,0
User_Hybrid,40311133,40BC011,3,1.8574,1.1426,0
User_Hybrid,40211258,40BA012,1,1.2633,0.2633,0
User_Hybrid,40211142,409A021,1,1.0,0.0,0
User_Hybrid,40211105,40BC021,3,3.6952,0.6952,0
User_Hybrid,40211121,40BQ171,4,3.6039,0.3961,0
User_Hybrid,40211126,40BA141,3,2.5282,0.4718,0
User_Hybrid,40211201,40BR072,4,4.3171,0.3171,0
User_Hybrid,40311152,40BA061,1,1.0,0.0,0
User_Hybrid,40211136,40BA051,3,3.4064,0.4064,0
User_Hybrid,40311258,40BA022,5,2.1068,2.8932,0
User_Hybrid,40511155,40B0291,5,3.6579,1.3421,0
User_Hybrid,40311261,40BA132,5,3.4334,1.5666,0
User_Hybrid,40311201,40B8932,5,4.5908,0.4092,0
User_Hybrid,40311139,40BQ311,3,2.971,0.029,0
User_Hybrid,40411120,40BA011,1,2.5653,1.5653,0
User_Hybrid,40411222,40BA102,2,2.7087,0.7087,0
User_Hybrid,40211109,40UN110,4,4.0,0.0,0
User_Hybrid,40211207,40BA142,5,4.2717,0.7283,0
User_Hybrid,40311123,40BC011,1,1.7068,0.7068,0
User_Hybrid,40211244,40BR242,4,2.8296,1.1704,0
User_Hybrid,40311261,40B0292,2,2.8314,0.8314,0
User_Hybrid,40311241,40B0292,1,1.8623,0.8623,0
User_Hybrid,40211249,40BA102,3,2.5575,0.4425,0
User_Hybrid,40211228,409Z501,5,5.0,0.0,0
User_Hybrid,40333126,40BA081,3,2.7739,0.2261,0
User_Hybrid,40411253,40BA022,2,2.0074,0.0074,0
User_Hybrid,40411160,40BD012,4,4.1503,0.1503,0
User_Hybrid,40211107,40B0291,2,2.9596,0.9596,0
User_Hybrid,40211259,40BR372,4,3.2542,0.7458,0
User_Hybrid,40311125,40BA051,1,1.7935,0.7935,0
User_Hybrid,40311226,40BA052,4,3.2434,0.7566,0
User_Hybrid,40511203,40B0292,5,3.3161,1.6839,0
User_Hybrid,40311138,40BA101,2,2.8414,0.8414,0
User_Hybrid,40211243,40BA022,1,1.8654,0.8654,0
User_Hybrid,40411138,40BQ031,2,3.027,1.027,0
User_Hybrid,40211244,40BD032,4,3.7141,0.2859,0
User_Hybrid,40211243,40BA062,1,1.0,0.0,0
User_Hybrid,40411146,40BQ031,2,2.4063,0.4063,0
User_Hybrid,40211129,40BA051,3,3.3829,0.3829,0
User_Hybrid,40211256,40BA102,5,3.7263,1.2737,0
User_Hybrid,40211101,40BR372,5,4.3885,0.6115,0
User_Hybrid,40211227,40BR072,4,4.1988,0.1988,0
User_Hybrid,40411258,40BA102,3,3.5838,0.5838,0
User_Hybrid,40311106,40BQ141,3,2.9175,0.0825,0
User_Hybrid,40211220,40BQ421,4,2.8018,1.1982,0
User_Hybrid,40511130,40BA051,2,1.7935,0.2065,0
User_Hybrid,40211104,40BA051,4,2.9606,1.0394,0
User_Hybrid,40311250,40BA052,5,3.6365,1.3635,0
User_Hybrid,40311206,40BA052,5,3.3448,1.6552,0
User_Hybrid,40311118,40BC071,3,3.849,0.849,0
User_Hybrid,40311256,40BR372,4,3.747,0.253,0
User_Hybrid,40211162,40BQ051,4,3.5392,0.4608,0
User_Hybrid,40311223,40BR022,3,3.102,0.102,0
User_Hybrid,40311211,40BA102,4,2.8134,1.1866,0
User_Hybrid,40511250,40BA052,3,2.3385,0.6615,0
User_Hybrid,40511119,40BA011,4,2.2381,1.7619,0
User_Hybrid,40511149,40BA051,2,1.6903,0.3097,0
User_Hybrid,40320326,40BQ341,3,4.4897,1.4897,0
User_Hybrid,40311137,40BQ341,5,4.8506,0.1494,0
User_Hybrid,40311212,40BA122,1,2.6847,1.6847,0
User_Hybrid,40211220,409Z501,5,5.0,0.0,0
User_Hybrid,40320326,40BA021,1,3.4861,2.4861,0
User_Hybrid,40211127,40BA141,3,3.182,0.182,0
User_Hybrid,40411215,40BA022,2,2.3633,0.3633,0
User_Hybrid,40311211,40BA222,3,3.1491,0.1491,0
User_Hybrid,40311123,40BA061,1,3.1315,2.1315,0
User_Hybrid,40211242,40B9572,4,4.0,0.0,0
User_Hybrid,40211110,40BQ021,2,2.2804,0.2804,0
User_Hybrid,40211222,40BR342,3,3.5749,0.5749,0
User_Hybrid,40511224,40B0292,3,3.55,0.55,0
User_Hybrid,40311241,40BA082,2,3.5275,1.5275,0
User_Hybrid,40211268,40BA011,1,2.4361,1.4361,1
User_Hybrid,40311229,40BA052,5,2.9999,2.0001,0
User_Hybrid,40211147,40BA081,3,3.4,0.4,0
User_Hybrid,40211201,40BA022,2,3.1125,1.1125,0
User_Hybrid,40211101,40BC011,5,1.8851,3.1149,0
User_Hybrid,40211224,40BR342,3,3.3697,0.3697,0
User_Hybrid,40311162,40BA011,1,2.8679,1.8679,0
User_Hybrid,40311235,40BA012,1,1.7123,0.7123,0
User_Hybrid,40311201,40BA062,1,2.6009,1.6009,0
User_Hybrid,40211209,40BR122,1,4.6597,3.6597,0
User_Hybrid,40211145,40B0291,3,3.1395,0.1395,0
User_Hybrid,40411133,40BC011,2,2.1822,0.1822,0
User_Hybrid,40211123,40UN070,4,4.1092,0.1092,0
User_Hybrid,40211127,40BC021,5,3.1846,1.8154,0
User_Hybrid,40411110,40BQ031,3,1.9322,1.0678,0
User_Hybrid,40311235,40BR022,3,2.7027,0.2973,0
User_Hybrid,40211246,40BD012,4,2.9421,1.0579,0
User_Hybrid,40411163,40BA101,3,2.1439,0.8561,0
User_Hybrid,40320310,40BA101,1,3.3712,2.3712,0
User_Hybrid,40311106,40BA081,3,3.2786,0.2786,0
User_Hybrid,40211141,40BA091,4,1.5636,2.4364,0
User_Hybrid,40411164,40BQ311,1,2.4758,1.4758,0
User_Hybrid,40211222,40BD052,4,2.7477,1.2523,0
User_Hybrid,40311230,40BR022,3,3.2699,0.2699,0
User_Hybrid,40211133,40BA151,4,3.7343,0.2657,0
User_Hybrid,40211234,40BA052,3,2.4033,0.5967,0
User_Hybrid,40311211,40BD032,3,2.1007,0.8993,0
User_Hybrid,40311211,40BR022,2,3.4081,1.4081,0
User_Hybrid,40211203,40BR042,5,2.8818,2.1182,0
User_Hybrid,40211144,40BC011,1,2.0919,1.0919,0
User_Hybrid,40411237,40BR472,2,3.1529,1.1529,0
User_Hybrid,40211255,40BA152,3,3.047,0.047,0
User_Hybrid,40411146,40B0291,4,3.3965,0.6035,0
User_Hybrid,40311215,40B8932,5,4.551,0.449,0
User_Hybrid,40211101,40BA011,5,2.8823,2.1177,0
User_Hybrid,40211145,409U053,2,2.8418,0.8418,0
User_Hybrid,40411111,40BA011,3,1.1397,1.8603,0
User_Hybrid,40211113,40BQ171,3,2.0142,0.9858,0
User_Hybrid,40411120,40BA101,4,2.4971,1.5029,0
User_Hybrid,40311209,40BA052,2,3.4306,1.4306,0
User_Hybrid,40211239,40BA142,3,4.0157,1.0157,0
User_Hybrid,40211129,40BQ371,3,4.0105,1.0105,0
User_Hybrid,40211109,40BQ381,1,2.4612,1.4612,0
User_Hybrid,40211102,40KE011,4,2.9092,1.0908,2
User_Hybrid,40211122,40BC021,4,3.432,0.568,0
User_Hybrid,40411244,40BR022,4,2.2207,1.7793,0
User_Hybrid,40311155,40BA081,2,2.1192,0.1192,0
User_Hybrid,40211130,40BA131,2,2.7423,0.7423,0
User_Hybrid,40211110,40B9662,5,4.2986,0.7014,0
User_Hybrid,40311129,40BA141,3,2.3224,0.6776,0
User_Hybrid,40411205,40BR472,2,3.7074,1.7074,0
User_Hybrid,40311219,40BA222,3,2.9767,0.0233,0
User_Hybrid,40320324,40BQ311,3,2.5995,0.4005,0
User_Hybrid,40211102,40BA141,4,2.55,1.45,0
User_Hybrid,40211141,40BA141,4,2.4157,1.5843,0
User_Hybrid,40311133,40BQ341,5,4.5457,0.4543,0
User_Hybrid,40411263,40BA102,1,3.1195,2.1195,0
User_Hybrid,40411243,40BA062,4,2.0936,1.9064,0
User_Hybrid,40211161,409A013,1,1.0475,0.0475,0
User_Hybrid,40311249,40BA222,4,3.8803,0.1197,0
User_Hybrid,40311232,40BR042,3,2.8536,0.1464,0
User_Hybrid,40211122,432N442,3,1.7147,1.2853,0
User_Hybrid,40311211,40BD012,3,3.1015,0.1015,0
User_Hybrid,40311109,40B0291,1,1.8691,0.8691,0
User_Hybrid,40111256,40B9651,2,3.5083,1.5083,0
User_Hybrid,40311151,40BC011,3,2.0445,0.9555,0
User_Hybrid,40311116,40BA051,1,2.8113,1.8113,0
User_Hybrid,40211256,40BA022,5,3.9716,1.0284,0
User_Hybrid,40211206,40BA152,3,3.1409,0.1409,0
User_Hybrid,40511143,40BA051,4,1.4199,2.5801,0
User_Hybrid,40211245,40BR072,3,4.2855,1.2855,0
User_Hybrid,40511111,40B0291,3,1.8758,1.1242,0
User_Hybrid,40211227,40BA132,5,2.554,2.446,0
User_Hybrid,40320310,40BA221,1,2.0411,1.0411,0
User_Hybrid,40211228,40BA082,3,3.4379,0.4379,0
User_Hybrid,40211222,40BA052,2,2.5342,0.5342,0
User_Hybrid,40411211,40BA012,2,1.8267,0.1733,0
User_Hybrid,40311258,40BA102,3,2.9922,0.0078,0
User_Hybrid,40211217,40B9561,4,4.0,0.0,0
User_Hybrid,40211242,40BD052,4,3.5913,0.4087,0
User_Hybrid,40211117,40BQ371,4,3.3236,0.6764,0
User_Hybrid,40511211,40B0292,4,3.7063,0.2937,0
User_Hybrid,40311231,40BA052,3,2.4437,0.5563,0
User_Hybrid,40511226,40B0292,4,3.6354,0.3646,0
User_Hybrid,40211247,409Z511,3,3.7742,0.7742,0
User_Hybrid,40211203,40BR222,4,4.1547,0.1547,0
User_Hybrid,40211144,40BA061,4,3.7071,0.2929,0
User_Hybrid,40311236,40BA012,5,3.0134,1.9866,0
User_Hybrid,40411237,40BR022,1,2.8676,1.8676,0
User_Hybrid,40311111,40BA021,2,2.5332,0.5332,0
User_Hybrid,40211105,40BA061,4,4.2741,0.2741,0
User_Hybrid,40411256,40BA012,3,1.8735,1.1265,0
User_Hybrid,40211245,40BA142,3,4.2466,1.2466,0
User_Hybrid,40511211,40BA052,3,2.2741,0.7259,0
User_Hybrid,40211133,40BA141,4,2.6261,1.3739,0
User_Hybrid,40211144,40BA081,2,3.2789,1.2789,0
User_Hybrid,40211114,40BQ321,1,3.0204,2.0204,0
User_Hybrid,40311205,40BD012,5,2.8681,2.1319,0
User_Hybrid,40411212,40BA012,1,1.5697,0.5697,0
User_Hybrid,40211202,40BR322,3,3.1432,0.1432,0
User_Hybrid,40411243,40BR472,1,3.4571,2.4571,0
User_Hybrid,40211105,40BR242,4,3.0186,0.9814,0
User_Hybrid,40511210,40BA012,2,2.4454,0.4454,0
User_Hybrid,40411213,40BA012,4,2.1258,1.8742,0
User_Hybrid,40211237,40BD032,4,2.8693,1.1307,0
User_Hybrid,40311230,40BR042,2,3.8476,1.8476,0
User_Hybrid,40511238,40BA012,5,2.4219,2.5781,0
User_Hybrid,40411246,40BR022,4,2.9996,1.0004,0
User_Hybrid,40411151,40BA021,3,1.5644,1.4356,0
User_Hybrid,40311155,40BC071,3,1.9624,1.0376,0
User_Hybrid,40311244,40BR022,3,2.7281,0.2719,0
User_Hybrid,40311209,40BA222,2,2.79,0.79,0
User_Hybrid,40211242,40UN160,3,3.0306,0.0306,0
User_Hybrid,40411215,40BD012,3,3.9712,0.9712,0
User_Hybrid,40211118,40BA051,4,3.1587,0.8413,0
User_Hybrid,40211129,40KE011,3,2.9092,0.0908,2
User_Hybrid,40211108,409Z481,5,4.1448,0.8552,0
User_Hybrid,40311229,40BA122,3,2.9663,0.0337,0
User_Hybrid,40211216,40BR072,5,4.7351,0.2649,0
User_Hybrid,40211144,40BQ401,1,3.1036,2.1036,0
User_Hybrid,40311202,40BA012,2,2.8394,0.8394,0
User_Hybrid,40211209,40BA122,3,2.5905,0.4095,0
User_Hybrid,40411134,40BA061,1,1.5226,0.5226,0
User_Hybrid,40211238,40BA012,1,3.2256,2.2256,0
User_Hybrid,40211108,409Z501,5,5.0,0.0,0
User_Hybrid,40311110,40BA011,2,1.5347,0.4653,0
User_Hybrid,40411140,40BA011,1,2.1519,1.1519,0
User_Hybrid,40311106,40BA051,3,3.1373,0.1373,0
User_Hybrid,40311141,40BA051,1,1.6903,0.6903,0
User_Hybrid,40511125,40BA011,1,2.2381,1.2381,0
User_Hybrid,40211207,40B9572,4,3.8625,0.1375,0
User_Hybrid,40511130,40B0291,4,1.8758,2.1242,0
User_Hybrid,40311113,40BA081,2,1.9854,0.0146,0
User_Hybrid,40411215,40BA082,2,2.4054,0.4054,0
User_Hybrid,40211126,40BC061,1,3.5606,2.5606,0
User_Hybrid,40311208,40BA062,4,1.7021,2.2979,0
User_Hybrid,40211153,40BC061,4,3.1689,0.8311,0
User_Hybrid,40211132,40BQ371,2,4.0542,2.0542,0
User_Hybrid,40211232,40BA022,1,1.1763,0.1763,0
User_Hybrid,40411104,40BC011,2,2.8647,0.8647,0
User_Hybrid,40211104,40BQ421,2,3.5861,1.5861,0
User_Hybrid,40211211,40BA132,3,2.5207,0.4793,0
User_Hybrid,40311202,40B8932,3,4.1697,1.1697,0
User_Hybrid,40311207,40B8932,4,4.1487,0.1487,0
User_Hybrid,40411240,40BA102,4,2.9685,1.0315,0
User_Hybrid,40211123,40BC051,4,3.4278,0.5722,0
User_Hybrid,40411252,40BA102,2,3.258,1.258,0
User_Hybrid,40311139,40BA011,1,2.9436,1.9436,0
User_Hybrid,40211241,40BA012,4,2.7986,1.2014,0
User_Hybrid,40311105,40BA051,1,2.5599,1.5599,0
User_Hybrid,40211103,40BA131,3,2.8868,0.1132,0
User_Hybrid,40411122,40BA061,1,1.1305,0.1305,0
User_Hybrid,40211226,40BR072,4,3.9934,0.0066,0
User_Hybrid,40211231,40BA052,1,2.5902,1.5902,0
User_Hybrid,40411241,40BD012,4,3.8533,0.1467,0
User_Hybrid,40211223,40BR032,4,3.1654,0.8346,0
User_Hybrid,40311233,40BR372,4,3.452,0.548,0
User_Hybrid,40205303,40BA102,1,2.8344,1.8344,0
User_Hybrid,40211118,40B9662,5,4.4165,0.5835,0
User_Hybrid,40411130,409A013,1,1.3274,0.3274,0
User_Hybrid,40211109,40B9662,4,4.2593,0.2593,0
User_Hybrid,40312142,40BA221,3,2.5696,0.4304,0
User_Hybrid,40411212,40BA102,4,3.2674,0.7326,0
User_Hybrid,40211133,40BQ321,4,3.1595,0.8405,0
User_Hybrid,40411205,409A013,1,2.077,1.077,0
User_Hybrid,40211247,40BA122,3,3.107,0.107,0
User_Hybrid,40511255,40BA052,4,2.1495,1.8505,0
User_Hybrid,40211141,40BQ171,4,4.134,0.134,0
User_Hybrid,40411150,40BA061,1,1.7001,0.7001,0
User_Hybrid,40411207,40BA222,1,3.1802,2.1802,0
User_Hybrid,40311159,40BA011,1,2.3943,1.3943,0
User_Hybrid,40211244,40BA132,2,2.8149,0.8149,0
User_Hybrid,40211223,40BA022,5,3.2629,1.7371,0
User_Hybrid,40311140,40BQ141,5,3.1566,1.8434,0
User_Hybrid,40311212,40BA022,1,2.5379,1.5379,0
User_Hybrid,40211113,40BQ021,1,1.54,0.54,0
User_Hybrid,40311116,40BA011,2,3.6947,1.6947,0
User_Hybrid,40411111,40BC071,1,1.2861,0.2861,0
User_Hybrid,40311140,40BC021,5,4.301,0.699,0
User_Hybrid,40211216,40BR322,5,3.4115,1.5885,0
User_Hybrid,40211228,40BA102,4,4.4096,0.4096,0
User_Hybrid,40311240,40BA052,1,1.4038,0.4038,0
User_Hybrid,40411251,40BA012,1,1.8612,0.8612,0
User_Hybrid,40211206,40BA052,3,2.2605,0.7395,0
User_Hybrid,40311155,40BA221,2,1.5297,0.4703,0
User_Hybrid,40311224,40BR022,1,2.2902,1.2902,0
User_Hybrid,40411213,40B0292,4,3.7278,0.2722,0
User_Hybrid,40211267,40BA152,3,2.905,0.095,0
User_Hybrid,40311213,40BA012,1,1.299,0.299,0
User_Hybrid,40211103,40BA011,1,1.9688,0.9688,0
User_Hybrid,40211121,40BA141,3,2.8701,0.1299,0
User_Hybrid,40411236,40BA222,4,2.5588,1.4412,0
User_Hybrid,40211223,40BR042,4,3.441,0.559,0
User_Hybrid,40411244,40BD012,4,3.5172,0.4828,0
User_Hybrid,40211259,40BA082,1,3.377,2.377,0
User_Hybrid,40311134,40BA061,1,2.6473,1.6473,0
User_Hybrid,40211151,40PQ041,4,4.4648,0.4648,0
User_Hybrid,40511111,40BA051,1,1.7935,0.7935,0
User_Hybrid,40411225,40BA052,2,2.2457,0.2457,0
User_Hybrid,40211224,40BD052,1,2.5811,1.5811,0
User_Hybrid,40211236,40BA052,1,1.4038,0.4038,0
User_Hybrid,40211163,40BC061,1,2.2829,1.2829,0
User_Hybrid,40511202,40B0292,5,4.1965,0.8035,0
User_Hybrid,40411246,40BA102,3,3.6865,0.6865,0
User_Hybrid,40211117,40BQ171,1,3.557,2.557,0
User_Hybrid,40311146,40BQ311,1,2.5689,1.5689,0
User_Hybrid,40411146,40BC011,2,2.0569,0.0569,0
User_Hybrid,40311104,40BA221,1,1.4989,0.4989,0
User_Hybrid,40311202,40BA122,4,2.5532,1.4468,0
User_Hybrid,40211216,409Z501,5,5.0,0.0,0
User_Hybrid,40211103,40BC051,2,2.5155,0.5155,0
User_Hybrid,40411238,40BA102,4,3.172,0.828,0
User_Hybrid,40311131,40BA141,1,3.0002,2.0002,0
User_Hybrid,40211244,40BR372,4,3.0078,0.9922,0
User_Hybrid,40311243,40BR072,4,3.8747,0.1253,0
User_Hybrid,40211220,40BA152,4,3.4764,0.5236,0
User_Hybrid,40311140,40BC011,2,2.294,0.294,0
User_Hybrid,40411209,40BR022,2,3.1684,1.1684,0
User_Hybrid,40311219,40BR022,3,2.555,0.445,0
User_Hybrid,40311139,40BA131,1,2.5726,1.5726,0
User_Hybrid,40211132,40KN633,4,2.0,2.0,0
User_Hybrid,40211147,40BQ321,2,3.8315,1.8315,0
User_Hybrid,40411241,40BA022,1,2.2915,1.2915,0
User_Hybrid,40211223,40BA092,5,3.7326,1.2674,0
User_Hybrid,40411127,40BQ031,5,3.3005,1.6995,0
User_Hybrid,40411159,40BQ031,3,1.8153,1.1847,0
User_Hybrid,40411221,40BR472,5,3.1246,1.8754,0
User_Hybrid,40211242,40BA092,5,4.5712,0.4288,0
User_Hybrid,40411105,40BA051,3,2.6079,0.3921,0
User_Hybrid,40211112,40BA091,1,1.7129,0.7129,0
User_Hybrid,40211165,40BA151,3,3.7038,0.7038,0
User_Hybrid,40311157,40BC021,4,3.9946,0.0054,0
User_Hybrid,40311211,40K0051,2,1.0,1.0,0
User_Hybrid,40411101,40BR472,4,2.1485,1.8515,0
User_Hybrid,40411258,40BA082,3,2.0302,0.9698,0
User_Hybrid,40211115,40BA131,2,2.9316,0.9316,0
User_Hybrid,40411244,40BA102,3,3.2856,0.2856,0
User_Hybrid,40211123,40BA091,2,1.8213,0.1787,0
User_Hybrid,40211219,40BA012,4,3.1172,0.8828,0
User_Hybrid,40311260,40BD012,4,2.8748,1.1252,0
User_Hybrid,40211141,40BQ021,4,2.8876,1.1124,0
User_Hybrid,40211132,40BC051,1,2.2839,1.2839,0
User_Hybrid,40211252,40BA082,3,3.7099,0.7099,0
User_Hybrid,40411115,40BA061,1,1.5485,0.5485,0
User_Hybrid,40211136,40BA021,5,3.5445,1.4555,0
User_Hybrid,40211213,40BR222,4,2.7034,1.2966,0
User_Hybrid,40211208,40BA221,2,1.4548,0.5452,0
User_Hybrid,40211225,40BR122,5,4.4563,0.5437,0
User_Hybrid,40311108,40BA121,1,3.1376,2.1376,0
User_Hybrid,40211252,409D021,3,2.2545,0.7455,0
User_Hybrid,40211248,40BA062,2,3.1476,1.1476,0
User_Hybrid,40311204,40BA082,5,3.8586,1.1414,0
User_Hybrid,40211263,40BA132,2,2.1131,0.1131,0
User_Hybrid,40311212,40BA132,2,2.6153,0.6153,0
User_Hybrid,40211225,40BA142,4,4.0107,0.0107,0
User_Hybrid,40211209,40BA012,1,2.7338,1.7338,0
User_Hybrid,40211207,40BR072,5,4.7267,0.2733,0
User_Hybrid,40211215,40BR032,1,2.7387,1.7387,0
User_Hybrid,40311135,40BA051,3,3.4185,0.4185,0
User_Hybrid,40311212,40BA012,1,2.0092,1.0092,0
User_Hybrid,40411258,40BD012,4,3.8645,0.1355,0
User_Hybrid,40211157,40BA091,1,1.4056,0.4056,0
User_Hybrid,40320326,40BC011,1,2.3814,1.3814,0
User_Hybrid,40211156,40BA101,3,2.7382,0.2618,0
User_Hybrid,40211224,40BA142,3,3.8561,0.8561,0
User_Hybrid,40311113,40B0291,1,3.2188,2.2188,0
User_Hybrid,40311224,40BA062,1,1.7073,0.7073,0
User_Hybrid,40311230,40BR372,3,3.6942,0.6942,0
User_Hybrid,40411257,40B0292,4,3.6965,0.3035,0
User_Hybrid,40411167,40BA221,2,1.3324,0.6676,0
User_Hybrid,40211141,40B9651,4,3.4831,0.5169,0
User_Hybrid,40211229,433A021,1,1.0903,0.0903,0
User_Hybrid,40311208,40BR072,3,3.5664,0.5664,0
User_Hybrid,40211135,40BA081,2,2.6909,0.6909,0
User_Hybrid,40311214,40BA022,1,1.5451,0.5451,0
User_Hybrid,40411164,40BC011,1,1.7162,0.7162,0
User_Hybrid,40211103,40B0291,2,2.1073,0.1073,0
User_Hybrid,40211220,40BA102,5,2.7683,2.2317,0
User_Hybrid,40411217,40BD012,5,3.5729,1.4271,0
User_Hybrid,40311210,409A011,1,2.4754,1.4754,0
User_Hybrid,40211203,40BD012,5,2.7173,2.2827,0
User_Hybrid,40211136,40BA151,4,3.754,0.246,0
User_Hybrid,40211115,40BA081,2,2.3613,0.3613,0
User_Hybrid,40411215,40BA222,3,2.509,0.491,0
User_Hybrid,40211246,40BA092,5,3.7694,1.2306,0
User_Hybrid,40311123,40BQ031,2,1.8331,0.1669,0
User_Hybrid,40411117,40BA101,1,1.2796,0.2796,0
User_Hybrid,40411101,40BA102,3,3.3615,0.3615,0
User_Hybrid,40311206,40BA122,2,2.1345,0.1345,0
User_Hybrid,40411160,40BA021,3,1.8264,1.1736,0
User_Hybrid,40211109,40BQ371,4,3.7285,0.2715,0
User_Hybrid,40211139,40BA091,1,1.3396,0.3396,0
User_Hybrid,40311173,40BQ341,4,4.1006,0.1006,0
User_Hybrid,40411148,40BA061,5,2.0957,2.9043,0
User_Hybrid,40211164,40BA121,3,2.5952,0.4048,0
User_Hybrid,40311232,40BA222,2,3.1329,1.1329,0
User_Hybrid,40311122,40BQ031,2,2.4505,0.4505,0
User_Hybrid,40211146,40B0291,2,3.5707,1.5707,0
User_Hybrid,40511235,40BA012,1,3.0307,2.0307,0
User_Hybrid,40211207,40BA082,3,3.405,0.405,0
User_Hybrid,40320310,40BC021,3,3.1686,0.1686,0
User_Hybrid,40411254,40BA082,3,2.6956,0.3044,0
User_Hybrid,40211230,40BD012,3,3.1212,0.1212,0
User_Hybrid,40511219,40BA012,1,2.4958,1.4958,1
User_Hybrid,40211224,40BR122,2,3.2964,1.2964,0
User_Hybrid,40211249,40BR222,5,3.6283,1.3717,0
User_Hybrid,40311129,40BA051,1,2.5962,1.5962,0
User_Hybrid,40311142,40BA051,1,2.4005,1.4005,0
User_Hybrid,40311237,40BA132,1,3.9649,2.9649,0
User_Hybrid,40211146,40UN080,2,3.2791,1.2791,0
User_Hybrid,40211257,40BA082,3,3.3095,0.3095,0
User_Hybrid,40211136,40BA081,4,3.5515,0.4485,0
User_Hybrid,40211246,40BR372,4,2.458,1.542,0
User_Hybrid,40311233,40BQ512,4,3.1183,0.8817,0
User_Hybrid,40511205,40BA012,5,2.1764,2.8236,0
User_Hybrid,40311207,40BR072,3,3.712,0.712,0
User_Hybrid,40311130,40BA221,1,2.5755,1.5755,0
User_Hybrid,40311105,40BA221,1,1.2947,0.2947,0
User_Hybrid,40211256,40BA082,4,3.859,0.141,0
User_Hybrid,40211141,40BA121,4,2.8646,1.1354,0
User_Hybrid,40211122,40BC061,3,3.7115,0.7115,0
User_Hybrid,40312142,40BA061,1,3.6841,2.6841,0
User_Hybrid,40411117,40BA081,1,1.7197,0.7197,0
User_Hybrid,40511138,40B0291,3,3.2796,0.2796,0
User_Hybrid,40111230,40BA142,1,4.1358,3.1358,0
User_Hybrid,40311259,40BA132,4,3.5823,0.4177,0
User_Hybrid,40211146,40BQ321,3,3.5911,0.5911,0
User_Hybrid,40211102,40BA131,5,3.4367,1.5633,0
User_Hybrid,40311137,40BA051,3,2.4703,0.5297,0
User_Hybrid,40311123,40BQ321,2,2.9934,0.9934,0
User_Hybrid,40311131,40BC051,3,2.8604,0.1396,0
User_Hybrid,40211230,40BA132,3,2.2971,0.7029,0
User_Hybrid,40311255,40BA052,2,2.1485,0.1485,0
User_Hybrid,40411118,40BA021,1,2.2801,1.2801,0
User_Hybrid,40411211,40BR472,1,3.2736,2.2736,0
User_Hybrid,40211134,40IN662,3,4.0,1.0,0
User_Hybrid,40311132,40BQ331,1,2.1165,1.1165,0
User_Hybrid,40211223,40BA052,5,2.6103,2.3897,0
User_Hybrid,40211135,40B0291,3,3.0112,0.0112,0
User_Hybrid,40311111,40BC021,4,3.5708,0.4292,0
User_Hybrid,40511151,40BA011,3,1.4352,1.5648,0
User_Hybrid,40211242,40BA122,5,3.5488,1.4512,0
User_Hybrid,40411213,40BA102,4,3.444,0.556,0
User_Hybrid,40211116,40BQ331,3,3.0125,0.0125,0
User_Hybrid,40311157,40BC071,5,3.3973,1.6027,0
User_Hybrid,40211129,40BA131,5,3.3247,1.6753,0
User_Hybrid,40311134,40BA021,1,2.3888,1.3888,0
User_Hybrid,40211115,40BQ331,1,2.4477,1.4477,0
User_Hybrid,40211208,40BA012,1,1.6165,0.6165,0
User_Hybrid,40311119,40BA061,2,3.1914,1.1914,0
User_Hybrid,40511233,40B0292,4,4.2016,0.2016,0
User_Hybrid,40211217,40BR242,4,2.9921,1.0079,0
User_Hybrid,40211249,40BD052,3,2.843,0.157,0
User_Hybrid,40411256,40BA222,3,2.8452,0.1548,0
User_Hybrid,40211217,40BA082,3,3.1381,0.1381,0
User_Hybrid,40211209,40BR372,4,2.5019,1.4981,0
User_Hybrid,40311237,40BA082,4,3.0482,0.9518,0
User_Hybrid,40311122,40BA021,4,2.5462,1.4538,0
User_Hybrid,40211137,40BA101,2,2.8257,0.8257,0
User_Hybrid,40211141,40BA021,5,2.8759,2.1241,0
User_Hybrid,40311138,40BC011,1,1.5435,0.5435,0
User_Hybrid,40411237,40BA022,1,1.9792,0.9792,0
User_Hybrid,40411127,40BA021,2,2.4498,0.4498,0
User_Hybrid,40211151,40UN070,4,4.1598,0.1598,0
User_Hybrid,40211237,40BA132,1,1.4286,0.4286,0
User_Hybrid,40311118,40BC011,3,1.7198,1.2802,0
User_Hybrid,40211129,40KA393,5,2.9092,2.0908,2
User_Hybrid,40311137,40BC071,4,3.4335,0.5665,0
User_Hybrid,40211126,40BA121,3,3.1389,0.1389,0
User_Hybrid,40511201,40B0292,5,3.1536,1.8464,0
User_Hybrid,40311260,40BA021,2,1.4119,0.5881,0
User_Hybrid,40311266,40BQ512,3,3.5894,0.5894,0
User_Hybrid,40211106,40BQ391,4,3.4846,0.5154,0
User_Hybrid,40211219,40BA022,4,3.0298,0.9702,0
User_Hybrid,40411114,40BA051,3,3.2588,0.2588,0
User_Hybrid,40411225,40B0292,4,3.4046,0.5954,0
User_Hybrid,40211125,40BQ391,4,3.4129,0.5871,0
User_Hybrid,40511225,40BA052,4,2.0893,1.9107,0
User_Hybrid,40211147,40BA121,1,3.2719,2.2719,0
User_Hybrid,40311258,40BR042,5,3.2676,1.7324,0
User_Hybrid,40411210,40B0292,4,3.5536,0.4464,0
User_Hybrid,40211241,40BA092,4,4.5778,0.5778,0
User_Hybrid,40211242,40BA012,4,3.2852,0.7148,0
User_Hybrid,40311254,40BA012,3,2.2665,0.7335,0
User_Hybrid,40411151,40BC071,4,1.1372,2.8628,0
User_Hybrid,40311216,40BA102,3,3.2409,0.2409,0
User_Hybrid,40211134,40BQ021,3,2.3546,0.6454,0
User_Hybrid,40311111,40BA101,2,2.4319,0.4319,0
User_Hybrid,40211165,40BA131,2,3.225,1.225,0
User_Hybrid,40311226,40BD012,4,2.8406,1.1594,0
User_Hybrid,40211138,40BA151,5,3.6907,1.3093,0
User_Hybrid,40411152,40BA021,2,2.5343,0.5343,0
User_Hybrid,40211215,40BR042,1,1.8924,0.8924,0
User_Hybrid,40411258,40BR022,3,1.9328,1.0672,0
User_Hybrid,40511252,40B0292,2,3.288,1.288,0
User_Hybrid,40311216,40BR372,4,3.3991,0.6009,0
User_Hybrid,40211250,40BA082,4,3.4219,0.5781,0
User_Hybrid,40411109,40BD012,5,4.01,0.99,0
User_Hybrid,40211252,40BR042,4,3.1684,0.8316,0
User_Hybrid,40311157,40BQ141,4,3.1813,0.8187,0
User_Hybrid,40411166,40BA221,3,1.0,2.0,0
User_Hybrid,40311114,40BC021,4,2.9899,1.0101,0
User_Hybrid,40211132,40BQ381,1,3.0295,2.0295,0
User_Hybrid,40211250,40BA122,3,2.5799,0.4201,0
User_Hybrid,40411147,40BQ031,4,2.8615,1.1385,0
User_Hybrid,40311114,40BA061,4,2.1951,1.8049,0
User_Hybrid,40211109,40BA081,2,2.1096,0.1096,0
User_Hybrid,40311135,40BA101,5,3.594,1.406,0
User_Hybrid,40211111,40BC021,2,2.5084,0.5084,0
User_Hybrid,40311159,40BA061,1,1.544,0.544,0
User_Hybrid,40411141,40BA021,1,2.1152,1.1152,0
User_Hybrid,40411248,40BA052,4,1.6916,2.3084,0
User_Hybrid,40311157,40BA051,2,2.5438,0.5438,0
User_Hybrid,40411258,40MN111,1,3.0,2.0,0
User_Hybrid,40211233,433A012,1,2.0,1.0,0
User_Hybrid,40411252,40BD012,2,3.119,1.119,0
User_Hybrid,40211130,40BQ401,2,3.8251,1.8251,0
User_Hybrid,40211164,40BA141,5,2.0019,2.9981,0
User_Hybrid,40211207,40BA152,4,3.3198,0.6802,0
User_Hybrid,40211202,40BA122,2,2.7144,0.7144,0
User_Hybrid,40211263,40BA152,1,2.517,1.517,0
User_Hybrid,40311123,40BA101,1,2.7408,1.7408,0
User_Hybrid,40411152,40BA221,2,2.171,0.171,0
User_Hybrid,40311232,40BA082,3,3.4318,0.4318,0
User_Hybrid,40211231,40BA062,1,1.9833,0.9833,0
User_Hybrid,40211127,40B9651,5,3.4935,1.5065,0
User_Hybrid,40311211,40BR072,4,3.3966,0.6034,0
User_Hybrid,40211226,40BA012,5,3.7524,1.2476,0
User_Hybrid,40211216,40BA102,4,3.7179,0.2821,0
User_Hybrid,40211231,40B0292,2,2.6881,0.6881,0
User_Hybrid,40411147,40BA021,4,2.7308,1.2692,0
User_Hybrid,40311206,40BA102,4,3.0284,0.9716,0
User_Hybrid,40211202,40BR222,4,3.2838,0.7162,0
User_Hybrid,40211106,40BQ371,4,3.9896,0.0104,0
User_Hybrid,40311206,40BA012,2,2.6797,0.6797,0
User_Hybrid,40311248,40BR042,5,4.4194,0.5806,0
User_Hybrid,40211123,40BA061,4,4.5795,0.5795,0
User_Hybrid,40211211,40BA142,4,4.0442,0.0442,0
User_Hybrid,40311233,40BA052,5,2.7344,2.2656,0
User_Hybrid,40411228,40BA012,3,1.5638,1.4362,0
User_Hybrid,40311233,40BR022,3,2.9904,0.0096,0
User_Hybrid,40311112,40BQ311,4,3.023,0.977,0
User_Hybrid,40511262,40B0292,2,1.8711,0.1289,0
User_Hybrid,40211103,40BA101,1,1.493,0.493,0
User_Hybrid,40311208,40BR022,3,3.2907,0.2907,0
User_Hybrid,40411244,40BA082,3,2.3242,0.6758,0
User_Hybrid,40411157,40B0291,3,2.2655,0.7345,0
User_Hybrid,40411125,40BA051,1,1.4519,0.4519,0
User_Hybrid,40211116,40BC011,2,2.2872,0.2872,0
User_Hybrid,40311104,40BA011,1,2.7667,1.7667,0
User_Hybrid,40511128,40BA051,1,1.6903,0.6903,0
User_Hybrid,40211235,40BA062,2,2.8854,0.8854,0
User_Hybrid,40511104,40BA051,4,1.7935,2.2065,0
User_Hybrid,40411126,40BA061,1,1.5152,0.5152,0
User_Hybrid,40211106,40BC011,1,1.7055,0.7055,0
User_Hybrid,40211238,40BD032,3,3.5606,0.5606,0
User_Hybrid,40211139,40BA131,4,3.0812,0.9188,0
User_Hybrid,40211161,409A023,1,5.0,4.0,0
User_Hybrid,40411130,40BA061,1,1.5033,0.5033,0
User_Hybrid,40411238,40BD012,4,4.0002,0.0002,0
User_Hybrid,40311255,40BA012,2,1.8203,0.1797,0
User_Hybrid,40411222,40BA012,1,2.2669,1.2669,0
User_Hybrid,40311120,40B0291,3,2.8254,0.1746,0
User_Hybrid,40211244,40B9662,3,4.3503,1.3503,0
User_Hybrid,40311208,40BA122,3,3.2503,0.2503,0
User_Hybrid,40211250,40BA132,2,2.4134,0.4134,0
User_Hybrid,40311117,40BC011,2,1.7079,0.2921,0
User_Hybrid,40211245,40BD032,3,3.5481,0.5481,0
User_Hybrid,40311245,40BR372,2,3.4202,1.4202,0
User_Hybrid,40411104,40BA051,3,2.7873,0.2127,0
User_Hybrid,40211250,40BR032,4,3.556,0.444,0
User_Hybrid,40211102,40BQ021,5,2.4173,2.5827,0
User_Hybrid,40311236,40BA022,4,2.5619,1.4381,0
User_Hybrid,40411101,409A013,1,1.51,0.51,0
User_Hybrid,40511259,40B0292,4,2.9399,1.0601,0
User_Hybrid,40511112,40BA051,1,1.6903,0.6903,0
User_Hybrid,40211222,40BR072,5,4.1393,0.8607,0
User_Hybrid,40311129,40BA021,1,3.153,2.153,0
User_Hybrid,40411220,40BR472,3,3.9342,0.9342,0
User_Hybrid,40211113,40KT142,4,4.6834,0.6834,0
User_Hybrid,40511218,40BA052,4,3.4703,0.5297,0
User_Hybrid,40211113,40BQ371,4,3.7692,0.2308,0
User_Hybrid,40311235,40BD032,2,2.498,0.498,0
User_Hybrid,40511252,40BA052,3,2.141,0.859,0
User_Hybrid,40211108,409Z491,5,4.2604,0.7396,0
User_Hybrid,40411229,40BA052,3,1.4192,1.5808,0
User_Hybrid,40311116,40BQ321,3,4.0118,1.0118,0
User_Hybrid,40411248,40BA062,4,2.821,1.179,0
User_Hybrid,40411148,40BC071,5,1.1303,3.8697,0
User_Hybrid,40211107,40BA151,3,3.73,0.73,0
User_Hybrid,40211246,40B9561,4,4.0,0.0,0
User_Hybrid,40211248,40BR372,3,2.7598,0.2402,0
User_Hybrid,40211228,40RR072,2,4.0,2.0,0
User_Hybrid,40311105,40BQ031,1,1.9888,0.9888,0
User_Hybrid,40211153,40BC011,2,1.887,0.113,0
User_Hybrid,40511122,40B0291,2,3.1432,1.1432,0
User_Hybrid,40211202,40BR032,2,3.8349,1.8349,0
User_Hybrid,40311132,40BA131,2,3.4121,1.4121,0
User_Hybrid,40311120,40BA141,3,2.4376,0.5624,0
User_Hybrid,40311129,40BA061,2,3.2875,1.2875,0
User_Hybrid,40311104,40BQ331,3,2.1708,0.8292,0
User_Hybrid,40311162,40BA061,1,2.5391,1.5391,0
User_Hybrid,40205303,40BR042,1,2.8818,1.8818,0
User_Hybrid,40311104,40BA061,2,3.6423,1.6423,0
User_Hybrid,40211162,40BC011,3,1.8875,1.1125,0
User_Hybrid,40411153,40B0291,4,3.0169,0.9831,0
User_Hybrid,40411159,40BA061,3,1.8096,1.1904,0
User_Hybrid,40311245,40BA052,2,2.8697,0.8697,0
User_Hybrid,40211164,40BQ371,4,3.6224,0.3776,0
User_Hybrid,40311115,40BA051,1,1.1407,0.1407,0
User_Hybrid,40411110,40BA051,2,1.7311,0.2689,0
User_Hybrid,40311202,40BA052,5,2.7349,2.2651,0
User_Hybrid,40411166,40BQ311,2,2.7209,0.7209,0
User_Hybrid,40311161,40BC011,2,2.4708,0.4708,0
User_Hybrid,40311253,40BR372,4,2.9993,1.0007,0
User_Hybrid,40211216,40BD052,5,3.1257,1.8743,0
User_Hybrid,40411219,40BA222,4,2.4083,1.5917,0
User_Hybrid,40411214,40BA082,3,2.5055,0.4945,0
User_Hybrid,40311104,40BQ341,3,4.5305,1.5305,0
User_Hybrid,40211101,40BA141,5,3.0278,1.9722,0
User_Hybrid,40411126,40BA021,2,1.6572,0.3428,0
User_Hybrid,40311257,40B8932,5,4.1452,0.8548,0
User_Hybrid,40311108,40BQ331,3,2.8361,0.1639,0
User_Hybrid,40211103,40BA051,4,2.0785,1.9215,0
User_Hybrid,40211215,40BA012,1,1.5651,0.5651,0
User_Hybrid,40211103,40BA061,4,3.4907,0.5093,0
User_Hybrid,40411127,40BA012,1,1.1419,0.1419,0
User_Hybrid,40411130,40BR472,3,2.4001,0.5999,0
User_Hybrid,40211118,40BA011,3,2.1771,0.8229,0
User_Hybrid,40311207,40BR372,5,4.1493,0.8507,0
User_Hybrid,40211129,40BA021,4,3.5249,0.4751,0
User_Hybrid,40211244,40BA012,3,2.4453,0.5547,0
User_Hybrid,40511226,40BA052,3,2.4965,0.5035,0
User_Hybrid,40311169,40BC011,1,1.8599,0.8599,0
User_Hybrid,40411105,40BC071,4,2.2929,1.7071,0
User_Hybrid,40411113,40BC071,5,2.0479,2.9521,0
User_Hybrid,40411111,40BA051,3,1.2816,1.7184,0
User_Hybrid,40311120,40BQ141,4,3.2851,0.7149,0
User_Hybrid,40511142,40BA011,3,1.0,2.0,0
User_Hybrid,40211101,40BC051,3,3.0535,0.0535,0
User_Hybrid,40411253,40B0292,3,2.7143,0.2857,0
User_Hybrid,40511258,40BA052,2,2.4574,0.4574,0
User_Hybrid,40311245,40BR042,3,2.4247,0.5753,0
User_Hybrid,40311146,40BQ331,1,2.9985,1.9985,0
User_Hybrid,40211257,40BR032,1,3.1012,2.1012,0
User_Hybrid,40411133,40BC071,1,1.5762,0.5762,0
User_Hybrid,40411236,40BD012,4,3.8413,0.1587,0
User_Hybrid,40411233,40BQ311,3,3.0,0.0,0
User_Hybrid,40211209,40BA221,1,1.5099,0.5099,0
User_Hybrid,40211127,40BA021,3,3.3145,0.3145,0
User_Hybrid,40311221,40BQ512,3,3.2551,0.2551,0
User_Hybrid,40211206,409Z501,5,5.0,0.0,0
User_Hybrid,40211109,40BA121,2,3.3,1.3,0
User_Hybrid,40211162,40BC051,3,2.5653,0.4347,0
User_Hybrid,40211204,40BA052,1,1.4038,0.4038,0
User_Hybrid,40411138,40BA081,1,2.2858,1.2858,0
User_Hybrid,40211230,40BA012,4,2.6778,1.3222,0
User_Hybrid,40511219,40B0292,1,3.3106,2.3106,1
User_Hybrid,40320326,40BA131,3,2.8134,0.1866,0
User_Hybrid,40211242,40BR082,5,4.4298,0.5702,0
User_Hybrid,40211136,40BA121,4,3.5907,0.4093,0
User_Hybrid,40211121,40BQ021,2,2.5931,0.5931,0
User_Hybrid,40311210,40BR072,3,3.2618,0.2618,0
User_Hybrid,40311138,40BA221,1,2.1113,1.1113,0
User_Hybrid,40211259,409D021,2,2.1633,0.1633,0
User_Hybrid,40311256,40BA082,4,3.7507,0.2493,0
User_Hybrid,40211122,40BQ171,4,3.4219,0.5781,0
User_Hybrid,40211150,40BA091,1,1.2832,0.2832,0
User_Hybrid,40311155,40BQ321,3,3.7081,0.7081,0
User_Hybrid,40411259,40BA012,1,1.3927,0.3927,0
User_Hybrid,40411110,40BC011,1,1.5629,0.5629,0
User_Hybrid,40211235,40BD032,4,3.4486,0.5514,0
User_Hybrid,40211123,40BA051,3,2.7206,0.2794,0
User_Hybrid,40211256,40BR032,5,3.9783,1.0217,0
User_Hybrid,40211219,40B0292,4,4.0161,0.0161,0
User_Hybrid,40511117,40B0291,4,3.2796,0.7204,0
User_Hybrid,40211117,40BC061,3,2.9496,0.0504,0
User_Hybrid,40211257,40BD012,3,3.0114,0.0114,0
User_Hybrid,40211249,40BA062,3,1.8457,1.1543,0
User_Hybrid,40111256,40BR222,1,3.2691,2.2691,0
User_Hybrid,40211161,40BC021,4,2.4506,1.5494,0
User_Hybrid,40211101,40BA091,4,1.6003,2.3997,0
User_Hybrid,40211255,433A012,1,2.0,1.0,0
User_Hybrid,40311242,40B0292,2,1.9573,0.0427,0
User_Hybrid,40311157,40BA101,5,2.1643,2.8357,0
User_Hybrid,40205303,433A021,1,1.1495,0.1495,0
User_Hybrid,40511224,40BA052,2,2.8457,0.8457,0
User_Hybrid,40211247,40BA142,4,4.4108,0.4108,0
User_Hybrid,40211252,40BA152,3,3.4674,0.4674,0
User_Hybrid,40311153,40BQ311,3,3.1716,0.1716,0
User_Hybrid,40311260,40B8932,5,4.5445,0.4555,0
User_Hybrid,40511105,40BA011,3,2.2381,0.7619,0
User_Hybrid,40211129,40IN041,5,5.0,0.0,0
User_Hybrid,40511141,40B0291,4,3.2796,0.7204,0
User_Hybrid,40211133,40BQ371,4,4.3121,0.3121,0
User_Hybrid,40211215,40BR322,2,3.1381,1.1381,0
User_Hybrid,40211234,40BR322,4,4.0157,0.0157,0
User_Hybrid,40320310,40BA131,2,2.6619,0.6619,0
User_Hybrid,40311130,40BC051,3,2.5664,0.4336,0
User_Hybrid,40211152,40BA011,1,2.0645,1.0645,0
User_Hybrid,40311231,40BR042,4,3.1905,0.8095,0
User_Hybrid,40211243,40B0292,2,2.0663,0.0663,0
User_Hybrid,40411244,40BA222,3,2.428,0.572,0
User_Hybrid,40211110,40UN120,5,2.9092,2.0908,2
User_Hybrid,40411128,40BA051,3,2.3093,0.6907,0
User_Hybrid,40311137,40BA121,4,3.1278,0.8722,0
User_Hybrid,40211257,40BR242,1,3.1397,2.1397,0
User_Hybrid,40411127,40B0291,5,3.2849,1.7151,0
User_Hybrid,40311134,40BC071,2,3.3608,1.3608,0
User_Hybrid,40411141,40BQ031,1,2.5787,1.5787,0
User_Hybrid,40211238,433A012,2,2.0,0.0,0
User_Hybrid,40311152,40BA081,4,2.0083,1.9917,0
User_Hybrid,40211123,40BA081,4,3.4236,0.5764,0
User_Hybrid,40211112,40BA061,4,3.4627,0.5373,0
User_Hybrid,40411251,40BA222,3,2.5112,0.4888,0
User_Hybrid,40211247,40BA132,2,2.6757,0.6757,0
User_Hybrid,40311241,40BA052,1,3.739,2.739,0
User_Hybrid,40311133,40BQ141,5,2.9522,2.0478,0
User_Hybrid,40211232,40B0292,1,2.4951,1.4951,0
User_Hybrid,40211201,40BA012,2,2.2962,0.2962,0
User_Hybrid,40411222,40BR472,3,3.0206,0.0206,0
User_Hybrid,40211110,40B0291,2,2.849,0.849,0
User_Hybrid,40211249,40BA132,3,2.6979,0.3021,0
User_Hybrid,40211147,40BQ031,1,2.8792,1.8792,0
User_Hybrid,40411258,40BR472,3,3.1078,0.1078,0
User_Hybrid,40311119,40BA121,2,2.7561,0.7561,0
User_Hybrid,40211256,40BA092,5,4.7091,0.2909,0
User_Hybrid,40211109,40BC061,4,3.3102,0.6898,0
User_Hybrid,40311253,40BD012,3,2.8628,0.1372,0
User_Hybrid,40311106,40BA141,2,2.4225,0.4225,0
User_Hybrid,40411134,40BA081,2,1.8544,0.1456,0
User_Hybrid,40211209,40BD012,3,2.9527,0.0473,0
User_Hybrid,40311130,40BA081,2,3.8682,1.8682,0
User_Hybrid,40311221,40BR372,2,3.7122,1.7122,0
User_Hybrid,40311140,40BA081,4,3.7318,0.2682,0
User_Hybrid,40211246,40BR222,5,3.6607,1.3393,0
User_Hybrid,40211139,40BQ371,4,3.7392,0.2608,0
User_Hybrid,40211113,40BC011,2,1.7084,0.2916,0
User_Hybrid,40311153,40BA081,4,3.4501,0.5499,0
User_Hybrid,40211105,40BA021,2,2.8539,0.8539,0
User_Hybrid,40211153,40BA121,3,3.4352,0.4352,0
User_Hybrid,40311230,40BA222,2,2.9627,0.9627,0
User_Hybrid,40311229,40BA022,3,4.1185,1.1185,0
User_Hybrid,40211239,40BA132,1,2.121,1.121,0
User_Hybrid,40411219,40BR472,4,3.9197,0.0803,0
User_Hybrid,40211137,40BA131,3,3.1037,0.1037,0
User_Hybrid,40211108,40BA091,2,2.8443,0.8443,0
User_Hybrid,40211263,40BD052,1,1.9548,0.9548,0
User_Hybrid,40327247,40BA021,1,1.6733,0.6733,0
User_Hybrid,40320326,40BC021,5,4.4296,0.5704,0
User_Hybrid,40211118,40BA151,5,3.5816,1.4184,0
User_Hybrid,40211128,40B0291,2,3.4008,1.4008,0
User_Hybrid,40211217,40BR322,4,3.8919,0.1081,0
User_Hybrid,40211133,40BA051,3,2.9952,0.0048,0
User_Hybrid,40311253,40BA102,3,3.0298,0.0298,0
User_Hybrid,40411160,40BC071,1,1.0,0.0,0
User_Hybrid,40211115,40BQ371,1,3.3242,2.3242,0
User_Hybrid,40211229,40BR342,4,3.4402,0.5598,0
User_Hybrid,40311245,40B8932,3,4.5467,1.5467,0
User_Hybrid,40333126,40BQ311,1,2.484,1.484,0
User_Hybrid,40211241,40BR072,5,4.8784,0.1216,0
User_Hybrid,40211229,40BA122,1,2.2608,1.2608,0
User_Hybrid,40411124,40BA101,1,2.6794,1.6794,0
User_Hybrid,40311113,40BA061,1,2.2291,1.2291,0
User_Hybrid,40211205,40BD052,3,2.8501,0.1499,0
User_Hybrid,40211146,40BQ381,3,3.3887,0.3887,0
User_Hybrid,40211201,40BR372,2,2.6064,0.6064,0
User_Hybrid,40411230,40BD012,4,3.8387,0.1613,0
User_Hybrid,40211216,40BA082,4,3.2815,0.7185,0
User_Hybrid,40511217,40BA052,2,3.7156,1.7156,0
User_Hybrid,40311107,40BA121,4,3.0063,0.9937,0
User_Hybrid,40311135,40BQ311,3,2.7277,0.2723,0
User_Hybrid,40211121,40BQ371,3,3.8858,0.8858,0
User_Hybrid,40411215,40BA102,4,3.3859,0.6141,0
User_Hybrid,40511210,40B0292,4,2.9821,1.0179,0
User_Hybrid,40211158,40BA022,2,3.2376,1.2376,0
User_Hybrid,40311104,40BC071,4,3.1401,0.8599,0
User_Hybrid,40311215,40BR072,4,3.427,0.573,0
User_Hybrid,40411101,40BQ031,5,2.4592,2.5408,0
User_Hybrid,40411240,40BA222,1,2.5752,1.5752,0
User_Hybrid,40311143,40BA011,1,1.291,0.291,0
User_Hybrid,40211255,433A021,2,1.0,1.0,0
User_Hybrid,40211225,40BR222,3,3.5812,0.5812,0
User_Hybrid,40211226,40B9572,4,3.8149,0.1851,0
User_Hybrid,40311249,40BR372,4,3.4441,0.5559,0
User_Hybrid,40311204,40BA222,4,3.0347,0.9653,0
User_Hybrid,40211115,40BQ321,1,2.8551,1.8551,0
User_Hybrid,40211201,409Q072,4,4.0,0.0,0
User_Hybrid,40211201,430R063,4,5.0,1.0,0
User_Hybrid,40211126,40BA021,2,2.7563,0.7563,0
User_Hybrid,40211113,40BA021,2,2.4584,0.4584,0
User_Hybrid,40211213,40BR322,3,3.1388,0.1388,0
User_Hybrid,40411242,40BD012,3,3.991,0.991,0
User_Hybrid,40311216,40BR072,3,3.2757,0.2757,0
User_Hybrid,40211102,40BA121,3,3.1325,0.1325,0
User_Hybrid,40311160,40BA021,1,1.8345,0.8345,0
User_Hybrid,40411128,40BQ311,2,3.2681,1.2681,0
User_Hybrid,40311121,40BQ031,1,1.9955,0.9955,0
User_Hybrid,40311202,40BA132,4,3.1111,0.8889,0
User_Hybrid,40311229,40BR372,4,4.1419,0.1419,0
User_Hybrid,40211230,40BD052,4,2.1662,1.8338,0
User_Hybrid,40411149,40BA011,5,2.1202,2.8798,0
User_Hybrid,40211237,40BD052,2,3.0438,1.0438,0
User_Hybrid,40211226,40BA052,4,1.9754,2.0246,0
User_Hybrid,40311113,40BC071,1,1.4978,0.4978,0
User_Hybrid,40211109,40BQ331,1,2.182,1.182,0
User_Hybrid,40211245,40B0292,2,3.7315,1.7315,0
User_Hybrid,40211222,40BA142,4,4.1297,0.1297,0
User_Hybrid,40411220,40BD012,2,3.1577,1.1577,0
User_Hybrid,40311173,40BA141,1,2.6974,1.6974,0
User_Hybrid,40311243,40BA132,5,4.3019,0.6981,0
User_Hybrid,40211209,40BA022,1,3.062,2.062,0
User_Hybrid,40211208,40BR042,1,2.1743,1.1743,0
User_Hybrid,40211208,40BR322,1,3.2098,2.2098,0
User_Hybrid,40311224,40BA052,1,1.6911,0.6911,0
User_Hybrid,40211117,409Z491,4,4.2595,0.2595,0
User_Hybrid,40211234,433A011,2,1.6984,0.3016,0
User_Hybrid,40211267,433A021,2,1.0,1.0,0
User_Hybrid,40411148,40BA051,5,2.3148,2.6852,0
User_Hybrid,40511205,40B0292,5,3.5636,1.4364,0
User_Hybrid,40211209,433A021,1,1.1278,0.1278,0
User_Hybrid,40211213,40BD032,4,3.1307,0.8693,0
User_Hybrid,40211166,40BC051,1,3.438,2.438,0
User_Hybrid,40411202,40BA012,1,1.7232,0.7232,0
User_Hybrid,40211230,40BR372,4,2.5685,1.4315,0
User_Hybrid,40211119,40BQ141,3,2.1921,0.8079,0
User_Hybrid,40311202,40BR372,5,3.262,1.738,0
User_Hybrid,40311128,40BC051,4,2.3973,1.6027,0
User_Hybrid,40511139,40BA051,1,1.1383,0.1383,0
User_Hybrid,40411114,40B0291,2,2.8556,0.8556,0
User_Hybrid,40211104,40BQ021,3,3.6411,0.6411,0
User_Hybrid,40311216,40B0292,3,2.7117,0.2883,0
User_Hybrid,40211107,40BQ141,1,2.4453,1.4453,0
User_Hybrid,40511222,40BA052,4,2.0798,1.9202,0
User_Hybrid,40311133,40BA051,3,3.4463,0.4463,0
User_Hybrid,40211120,40BA051,1,1.7014,0.7014,0
User_Hybrid,40511231,40B0292,1,2.6615,1.6615,0
User_Hybrid,40211214,40BR072,2,3.7976,1.7976,0
User_Hybrid,40211224,40BA122,2,1.6441,0.3559,0
User_Hybrid,40211147,40B0291,1,3.2611,2.2611,0
User_Hybrid,40211234,40BR222,5,4.6079,0.3921,0
User_Hybrid,40411102,40BQ311,3,2.7926,0.2074,0
User_Hybrid,40211141,40BC051,2,2.8412,0.8412,0
User_Hybrid,40205303,40BA152,1,3.2783,2.2783,0
User_Hybrid,40311216,40B8932,3,3.7078,0.7078,0
User_Hybrid,40211148,40UN050,3,4.0,1.0,0
User_Hybrid,40311129,40BA121,2,3.0138,1.0138,0
User_Hybrid,40211266,40BA221,1,1.2148,0.2148,0
User_Hybrid,40211211,40B9561,4,4.0,0.0,0
User_Hybrid,40211142,40BA051,3,3.0101,0.0101,0
User_Hybrid,40211161,40BC051,2,2.1491,0.1491,0
User_Hybrid,40311122,40BQ331,3,2.9719,0.0281,0
User_Hybrid,40411109,40BR472,3,2.5219,0.4781,0
User_Hybrid,40211238,40BA142,4,4.1171,0.1171,0
User_Hybrid,40511102,40B0291,5,3.6668,1.3332,0
User_Hybrid,40311138,40B0291,4,3.5742,0.4258,0
User_Hybrid,40211263,40BR242,1,3.0253,2.0253,0
User_Hybrid,40211232,40BA092,4,2.8445,1.1555,0
User_Hybrid,40211246,40BR032,4,3.2389,0.7611,0
User_Hybrid,40311123,40BA051,1,2.4141,1.4141,0
User_Hybrid,40211156,40BA011,5,2.8174,2.1826,0
User_Hybrid,40211165,40BQ141,2,2.7175,0.7175,0
User_Hybrid,40211201,4069432,2,3.5229,1.5229,0
User_Hybrid,40211245,40BR242,2,3.3066,1.3066,0
User_Hybrid,40211208,40BR242,2,2.1595,0.1595,0
User_Hybrid,40211151,40BQ021,5,3.8446,1.1554,0
User_Hybrid,40311236,40BQ512,4,3.2712,0.7288,0
User_Hybrid,40511218,40BA012,3,3.5642,0.5642,0
User_Hybrid,40411261,409A013,4,1.9443,2.0557,0
User_Hybrid,40311226,40BA082,4,3.5674,0.4326,0
User_Hybrid,40311132,40BQ031,3,2.4602,0.5398,0
User_Hybrid,40411264,40BD012,2,3.2758,1.2758,0
User_Hybrid,40211213,40BR072,4,4.1154,0.1154,0
User_Hybrid,40411152,40BA081,1,2.307,1.307,0
User_Hybrid,40211256,40BR372,4,3.5691,0.4309,0
User_Hybrid,40211262,40BR372,4,3.5391,0.4609,0
User_Hybrid,40211162,40BA021,2,2.8437,0.8437,0
User_Hybrid,40511244,40B0292,4,3.8036,0.1964,0
User_Hybrid,40311253,40B8932,2,4.5781,2.5781,0
User_Hybrid,40211238,40BA092,2,3.684,1.684,0
User_Hybrid,40311247,40BA082,4,4.0464,0.0464,0
User_Hybrid,40211132,40BA101,1,1.9751,0.9751,0
User_Hybrid,40311208,40BA012,4,4.0094,0.0094,0
User_Hybrid,40211216,40BR042,3,2.6546,0.3454,0
User_Hybrid,40311157,40BA221,4,1.8538,2.1462,0
User_Hybrid,40211223,40BA102,5,3.041,1.959,0
User_Hybrid,40311204,40BA122,3,2.536,0.464,0
User_Hybrid,40311123,40BA221,1,1.9825,0.9825,0
User_Hybrid,40311227,40B8932,3,4.5418,1.5418,0
User_Hybrid,40311108,40BC071,3,3.5779,0.5779,0
User_Hybrid,40211206,40BR342,3,3.5419,0.5419,0
User_Hybrid,40311122,40BC071,3,3.5834,0.5834,0
User_Hybrid,40211111,40BA081,2,2.5893,0.5893,0
User_Hybrid,40511206,40B0292,5,3.7311,1.2689,0
User_Hybrid,40311155,40BA051,3,2.2659,0.7341,0
User_Hybrid,40311131,40BA061,1,3.8222,2.8222,0
User_Hybrid,40411222,40B0292,4,3.7079,0.2921,0
User_Hybrid,40311140,40BC051,4,3.6102,0.3898,0
User_Hybrid,40311133,40BC051,3,2.7394,0.2606,0
User_Hybrid,40411202,40B0292,4,3.4163,0.5837,0
User_Hybrid,40411207,40BD012,1,3.5805,2.5805,0
User_Hybrid,40211118,40BA101,4,2.7033,1.2967,0
User_Hybrid,40411149,40B0291,5,3.6855,1.3145,0
User_Hybrid,40211111,40BA091,1,1.7134,0.7134,0
User_Hybrid,40211126,40BA081,4,3.6666,0.3334,0
User_Hybrid,40211126,40BQ021,4,2.0706,1.9294,0
User_Hybrid,40411234,40BA022,1,1.5664,0.5664,0
User_Hybrid,40211150,40BA021,3,3.2646,0.2646,0
User_Hybrid,40211137,40BQ051,1,3.107,2.107,0
User_Hybrid,40211237,40BA122,1,2.3328,1.3328,0
User_Hybrid,40511156,40B0291,5,3.2813,1.7187,0
User_Hybrid,40211150,40BQ051,4,3.1488,0.8512,0
User_Hybrid,40211225,40BR072,4,4.302,0.302,0
User_Hybrid,40311248,40BQ512,4,3.7027,0.2973,0
User_Hybrid,40211117,40BA011,1,2.7346,1.7346,0
User_Hybrid,40311143,40BA081,3,2.4447,0.5553,0
User_Hybrid,40311133,40BA131,2,2.8349,0.8349,0
User_Hybrid,40211108,40BQ141,4,3.1624,0.8376,0
User_Hybrid,40211154,40BC051,2,2.9776,0.9776,0
User_Hybrid,40320326,40BA061,1,3.6294,2.6294,0
User_Hybrid,40311105,40BC051,2,2.5686,0.5686,0
User_Hybrid,40311132,40BQ341,4,4.3128,0.3128,0
User_Hybrid,40211248,40BD052,4,3.2739,0.7261,0
User_Hybrid,40211127,40BQ371,4,4.2244,0.2244,0
User_Hybrid,40411212,40BA052,1,1.5552,0.5552,0
User_Hybrid,40211252,409Z501,5,5.0,0.0,0
User_Hybrid,40211165,40BA011,5,2.4243,2.5757,0
User_Hybrid,40411209,40BA012,1,1.8143,0.8143,0
User_Hybrid,40411209,40BR472,3,2.687,0.313,0
User_Hybrid,40311115,40BA011,1,1.0,0.0,0
User_Hybrid,40211102,40BA051,3,2.8286,0.1714,0
User_Hybrid,40411220,40BA222,4,2.7131,1.2869,0
User_Hybrid,40211104,40BA061,5,3.8174,1.1826,0
User_Hybrid,40411211,40BA022,3,2.4095,0.5905,0
User_Hybrid,40211248,40BA132,2,3.2882,1.2882,0
User_Hybrid,40311133,40BA081,3,3.1701,0.1701,0
User_Hybrid,40311204,40BD012,5,3.2531,1.7469,0
User_Hybrid,40311122,40BC011,1,1.846,0.846,0
User_Hybrid,40211102,409D021,4,2.4107,1.5893,0
User_Hybrid,40211147,40BC071,1,2.8782,1.8782,0
User_Hybrid,40411161,40BA021,3,2.0304,0.9696,0
User_Hybrid,40211214,40B0292,2,3.876,1.876,0
User_Hybrid,40211206,40BR372,4,3.1307,0.8693,0
User_Hybrid,40311241,40BD032,1,2.0419,1.0419,0
User_Hybrid,40211131,40BA021,1,2.3494,1.3494,0
User_Hybrid,40211141,40BA061,5,4.0082,0.9918,0
User_Hybrid,40411102,40B0291,5,2.9861,2.0139,0
User_Hybrid,40311258,40BA082,5,3.2645,1.7355,0
User_Hybrid,40411129,40BC071,1,2.1771,1.1771,0
User_Hybrid,40411255,40BA082,4,2.4557,1.5443,0
User_Hybrid,40211230,40BA122,4,2.2842,1.7158,0
User_Hybrid,40211141,40BQ371,5,4.12,0.88,0
User_Hybrid,40411151,40BA051,5,2.4071,2.5929,0
User_Hybrid,40411105,40BA011,1,2.6205,1.6205,0
User_Hybrid,40311204,40BR072,4,2.9531,1.0469,0
User_Hybrid,40211239,40BA092,1,2.4333,1.4333,0
User_Hybrid,40311227,40BA021,2,1.2417,0.7583,0
User_Hybrid,40411127,40BC011,2,2.312,0.312,0
User_Hybrid,40311202,40BA062,3,2.4027,0.5973,0
User_Hybrid,40311218,40BD032,1,2.4428,1.4428,0
User_Hybrid,40211132,40BA021,1,2.994,1.994,0
User_Hybrid,40211226,40BA142,4,4.0173,0.0173,0
User_Hybrid,40211238,40BA122,2,2.6694,0.6694,0
User_Hybrid,40311105,40B0291,3,3.4439,0.4439,0
User_Rating,40411202,40BR472,3,3.281,0.281,0
User_Rating,40311247,40BA052,5,3.4903,1.5097,0
User_Rating,40211206,40BR122,5,4.2773,0.7227,0
User_Rating,40511218,40B0292,5,3.3106,1.6894,1
User_Rating,40211202,40BR342,2,3.6688,1.6688,0
User_Rating,40311256,40BA122,3,2.8839,0.1161,0
User_Rating,40211109,40BA091,1,1.7313,0.7313,0
User_Rating,40311211,40BA062,1,1.3054,0.3054,0
User_Rating,40311211,40BA012,1,1.5388,0.5388,0
User_Rating,40211148,40BQ021,4,2.3041,1.6959,0
User_Rating,40211220,40BA082,4,3.4319,0.5681,0
User_Rating,40311215,40BR372,4,3.9068,0.0932,0
User_Rating,40311207,40BA222,5,3.8974,1.1026,0
User_Rating,40211250,40BR222,4,3.3476,0.6524,0
User_Rating,40211133,40BA121,3,3.5265,0.5265,0
User_Rating,40311259,40BA122,1,2.4382,1.4382,0
User_Rating,40211138,40BQ331,3,2.8888,0.1112,0
User_Rating,40211121,40BC051,3,3.3256,0.3256,0
User_Rating,40311108,40BA061,2,3.561,1.561,0
User_Rating,40211125,40BC051,4,2.3492,1.6508,0
User_Rating,40411111,40BC011,1,1.9271,0.9271,0
User_Rating,40211138,40B0291,2,2.4298,0.4298,0
User_Rating,40311155,40BA011,4,2.9119,1.0881,0
User_Rating,40211217,40BA102,5,2.5025,2.4975,0
User_Rating,40411202,40BA062,2,2.7376,0.7376,0
User_Rating,40211106,40BQ051,4,3.0085,0.9915,0
User_Rating,40511204,40B0292,5,3.8462,1.1538,0
User_Rating,40211150,40BC011,3,2.0817,0.9183,0
User_Rating,40311108,40BA141,2,2.0199,0.0199,0
User_Rating,40411129,40B0291,2,3.3883,1.3883,0
User_Rating,40311109,40BA011,1,1.4771,0.4771,0
User_Rating,40411145,40BA051,1,1.451,0.451,0
User_Rating,40211125,40BA091,1,1.3416,0.3416,0
User_Rating,40311226,40BR072,4,3.5694,0.4306,0
User_Rating,40211135,40BA011,4,2.4666,1.5334,0
User_Rating,40211217,40BA092,5,3.1918,1.8082,0
User_Rating,40311134,409A011,2,3.0,1.0,0
User_Rating,40211102,40BQ391,4,4.357,0.357,0
User_Rating,40211117,40BQ051,4,3.2093,0.7907,0
User_Rating,40311236,40BA082,4,3.8957,0.1043,0
User_Rating,40311244,40BR072,3,3.6653,0.6653,0
User_Rating,40411248,40BA012,4,2.4108,1.5892,0
User_Rating,40311246,40BA052,3,2.4123,0.5877,0
User_Rating,40311140,40BQ341,5,4.4635,0.5365,0
User_Rating,40411120,40BC071,4,1.9263,2.0737,0
User_Rating,40211232,40BA012,1,1.6315,0.6315,0
User_Rating,40211102,40BA151,4,3.8985,0.1015,0
User_Rating,40411118,40BA081,1,2.5146,1.5146,0
User_Rating,40211156,40BQ171,3,2.6168,0.3832,0
User_Rating,40211207,40BR082,5,3.6866,1.3134,0
User_Rating,40211113,40B9662,4,4.0864,0.0864,0
User_Rating,40311150,40B0291,3,2.5416,0.4584,0
User_Rating,40311127,40BA061,1,2.5876,1.5876,0
User_Rating,40311247,40BR372,4,4.3177,0.3177,0
User_Rating,40211129,40BA101,4,2.4773,1.5227,0
User_Rating,40211127,40B0291,4,2.6583,1.3417,0
User_Rating,40211102,40KA393,4,2.9092,1.0908,2
User_Rating,40211245,40BR082,3,3.8875,0.8875,0
User_Rating,40411163,40BA221,3,1.8277,1.1723,0
User_Rating,40311117,40BQ341,4,4.2727,0.2727,0
User_Rating,40311111,40BA141,2,2.3297,0.3297,0
User_Rating,40211146,40BA021,2,2.9432,0.9432,0
User_Rating,40311150,40BA101,1,2.3054,1.3054,0
User_Rating,40311216,40BR022,3,3.6439,0.6439,0
User_Rating,40411150,40BA051,1,1.2292,0.2292,0
User_Rating,40211126,40KA513,3,3.9456,0.9456,0
User_Rating,40211126,40KE011,3,2.9092,0.0908,2
User_Rating,40211252,40BA052,3,2.3062,0.6938,0
User_Rating,40411242,40BA222,3,2.558,0.442,0
User_Rating,40211162,40BA091,1,1.6532,0.6532,0
User_Rating,40411129,40BQ031,3,3.0532,0.0532,0
User_Rating,40411247,40BA052,3,1.9961,1.0039,0
User_Rating,40211158,40BC061,3,2.8897,0.1103,0
User_Rating,40211214,40BA012,4,1.8152,2.1848,0
User_Rating,40211107,40BA141,1,1.9888,0.9888,0
User_Rating,40311256,40B8932,5,4.0425,0.9575,0
User_Rating,40211252,40BA142,5,4.045,0.955,0
User_Rating,40311138,40BA081,3,3.7811,0.7811,0
User_Rating,40211146,40BQ051,3,2.856,0.144,0
User_Rating,40311235,40K0051,1,1.0,0.0,0
User_Rating,40311150,40BA021,1,2.017,1.017,0
User_Rating,40411236,40BA082,4,2.747,1.253,0
User_Rating,40411120,40BC011,3,2.3428,0.6572,0
User_Rating,40311254,40BA052,3,1.8461,1.1539,0
User_Rating,40411219,40B0292,5,3.2308,1.7692,0
User_Rating,40311223,40B0292,3,2.4634,0.5366,0
User_Rating,40211117,40BC021,2,3.2097,1.2097,0
User_Rating,40211229,90B2681,4,3.3257,0.6743,0
User_Rating,40211220,40BR042,4,2.6046,1.3954,0
User_Rating,40211209,40BR222,4,3.3847,0.6153,0
User_Rating,40333126,40BA221,1,2.8569,1.8569,0
User_Rating,40211105,40BC051,2,2.8335,0.8335,0
User_Rating,40211108,40BC061,5,3.0156,1.9844,0
User_Rating,40211202,40BA102,3,3.448,0.448,0
User_Rating,40211261,40BA022,5,3.4269,1.5731,0
User_Rating,40311128,40BA221,3,2.7642,0.2358,0
User_Rating,40211242,40BA102,4,2.6702,1.3298,0
User_Rating,40211250,40BA012,3,2.7626,0.2374,0
User_Rating,40211111,40B0291,2,1.8954,0.1046,0
User_Rating,40211208,433A011,1,1.6251,0.6251,0
User_Rating,40211156,40BQ381,4,2.5172,1.4828,0
User_Rating,40211127,40BQ321,4,3.3243,0.6757,0
User_Rating,40211109,40BC021,3,2.6711,0.3289,0
User_Rating,40511103,40BA051,1,1.6469,0.6469,0
User_Rating,40211146,40BA101,1,2.2263,1.2263,0
User_Rating,40211148,40BA121,4,3.2407,0.7593,0
User_Rating,40211230,409Z491,5,4.3237,0.6763,0
User_Rating,40211144,40BC021,1,2.7801,1.7801,0
User_Rating,40411224,40B0292,5,3.8876,1.1124,0
User_Rating,40211247,40BR042,1,2.2136,1.2136,0
User_Rating,40211113,40BQ331,1,2.296,1.296,0
User_Rating,40411215,40BA062,1,2.3148,1.3148,0
User_Rating,40511133,40BA011,5,1.3347,3.6653,0
User_Rating,40211109,40BQ391,4,3.7389,0.2611,0
User_Rating,40311205,40BA102,4,3.0775,0.9225,0
User_Rating,40211206,40BA122,3,3.0927,0.0927,0
User_Rating,40211127,40BA121,4,3.5603,0.4397,0
User_Rating,40311206,40BA082,4,3.7656,0.2344,0
User_Rating,40311238,40BA102,3,2.8001,0.1999,0
User_Rating,40411252,40BA222,3,2.6083,0.3917,0
User_Rating,40311217,40BA102,3,3.1202,0.1202,0
User_Rating,40311232,40BA062,1,2.206,1.206,0
User_Rating,40211228,409Z511,4,3.806,0.194,0
User_Rating,40411230,40BA062,1,1.7543,0.7543,0
User_Rating,40211113,40BA131,3,3.3425,0.3425,0
User_Rating,40211259,40BD052,4,2.7714,1.2286,0
User_Rating,40211132,40B0291,2,2.0679,0.0679,0
User_Rating,40211234,40BD032,4,3.661,0.339,0
User_Rating,40411133,40BA081,1,2.8919,1.8919,0
User_Rating,40311166,40BQ311,3,2.5416,0.4584,0
User_Rating,40211228,40BR032,4,3.6722,0.3278,0
User_Rating,40211111,40BC011,1,1.7112,0.7112,0
User_Rating,40311214,40BA052,3,2.7811,0.2189,0
User_Rating,40211264,40BD012,1,2.2501,1.2501,0
User_Rating,40211108,40BC021,4,3.0768,0.9232,0
User_Rating,40311137,40BC021,5,4.2206,0.7794,0
User_Rating,40311123,40B0291,2,3.3458,1.3458,0
User_Rating,40211219,40BA152,4,3.4413,0.5587,0
User_Rating,40211104,40BA121,3,3.5564,0.5564,0
User_Rating,40411128,40BA061,3,3.2625,0.2625,0
User_Rating,40511246,40BA012,4,1.9512,2.0488,0
User_Rating,40211141,40BA101,3,2.7479,0.2521,0
User_Rating,40311226,40BR022,3,3.683,0.683,0
User_Rating,40211267,40BA132,3,1.8798,1.1202,0
User_Rating,40411217,40BA062,5,1.9948,3.0052,0
User_Rating,40211242,40BA022,4,3.0707,0.9293,0
User_Rating,40411230,40BA082,2,2.7698,0.7698,0
User_Rating,40211142,40BQ021,1,1.8611,0.8611,0
User_Rating,40411208,40BR022,3,3.1233,0.1233,0
User_Rating,40311206,40BA222,3,3.7943,0.7943,0
User_Rating,40211237,40BA102,3,2.9728,0.0272,0
User_Rating,40211205,40B0292,5,4.353,0.647,0
User_Rating,40311250,40UN160,4,3.1984,0.8016,0
User_Rating,40511238,40BA052,4,2.0877,1.9123,0
User_Rating,40311121,40BA051,3,3.3351,0.3351,0
User_Rating,40211257,40BA102,1,2.7637,1.7637,0
User_Rating,40311122,40BA121,2,2.865,0.865,0
User_Rating,40411141,40BA101,1,2.3749,1.3749,0
User_Rating,40511209,40B0292,4,3.866,0.134,0
User_Rating,40311261,40B8932,4,4.3249,0.3249,0
User_Rating,40211117,40UN110,4,4.0,0.0,0
User_Rating,40311201,40BA122,5,2.7927,2.2073,0
User_Rating,40211246,40BA062,5,2.7507,2.2493,0
User_Rating,40311114,40BQ341,5,4.2831,0.7169,0
User_Rating,40311224,40BA022,1,1.8564,0.8564,0
User_Rating,40311229,40BA132,5,4.0406,0.9594,0
User_Rating,40311112,40BQ341,5,4.4432,0.5568,0
User_Rating,40211105,40BQ171,1,2.4727,1.4727,0
User_Rating,40311221,40BA062,1,2.0753,1.0753,0
User_Rating,40211248,40BR342,3,3.3314,0.3314,0
User_Rating,40211246,40BA082,3,3.3322,0.3322,0
User_Rating,40211105,40BA121,3,3.2007,0.2007,0
User_Rating,40411227,40BA052,4,1.9725,2.0275,0
User_Rating,40211262,40BD012,4,3.2522,0.7478,0
User_Rating,40411115,40BA021,2,1.7628,0.2372,0
User_Rating,40311121,40BA021,3,3.3512,0.3512,0
User_Rating,40411207,40B0292,4,3.3056,0.6944,0
User_Rating,40411140,40BQ311,2,1.991,0.009,0
User_Rating,40311264,4069582,2,2.0,0.0,0
User_Rating,40311119,40BA131,2,3.1988,1.1988,0
User_Rating,40411210,40BA062,3,2.7259,0.2741,0
User_Rating,40411202,40BA082,3,2.9819,0.0181,0
User_Rating,40411164,40BA101,2,2.1626,0.1626,0
User_Rating,40211229,40BR122,5,4.0372,0.9628,0
User_Rating,40511217,40B0292,4,2.6855,1.3145,0
User_Rating,40211259,40BA122,2,2.4589,0.4589,0
User_Rating,40211255,40BD032,3,3.1741,0.1741,0
User_Rating,40211142,40BA061,4,3.1607,0.8393,0
User_Rating,40211249,40BR042,2,2.2214,0.2214,0
User_Rating,40311148,40BC071,3,1.1069,1.8931,0
User_Rating,40311232,40BQ512,3,3.5503,0.5503,0
User_Rating,40211161,40B9651,3,3.3437,0.3437,0
User_Rating,40211209,40BA082,2,2.9301,0.9301,0
User_Rating,40311209,40B0292,1,2.2155,1.2155,0
User_Rating,40311259,40BA052,5,3.6798,1.3202,0
User_Rating,40411237,40BD012,3,3.2459,0.2459,0
User_Rating,40411219,40BA052,3,2.3499,0.6501,0
User_Rating,40211213,40BA132,1,2.4841,1.4841,0
User_Rating,40311250,40BD012,5,3.7913,1.2087,0
User_Rating,40311137,40BQ331,3,2.6624,0.3376,0
User_Rating,40511206,40BA052,4,2.4943,1.5057,0
User_Rating,40511229,40B0292,4,2.6855,1.3145,0
User_Rating,40311229,40BR072,4,3.6942,0.3058,0
User_Rating,40211234,40BA102,4,3.0644,0.9356,0
User_Rating,40211238,40BD012,1,3.0332,2.0332,0
User_Rating,40311211,40B0292,3,1.8567,1.1433,0
User_Rating,40311238,40BQ512,4,3.4492,0.5508,0
User_Rating,40411243,40BA012,1,1.9584,0.9584,0
User_Rating,40311129,40BQ321,2,3.4744,1.4744,0
User_Rating,40211150,40BA051,3,2.8994,0.1006,0
User_Rating,40411236,40BR022,4,2.8926,1.1074,0
User_Rating,40211117,40BA091,1,1.8886,0.8886,0
User_Rating,40411231,40BA012,1,1.5379,0.5379,0
User_Rating,40311205,40BR372,5,3.4336,1.5664,0
User_Rating,40211217,40BA052,4,1.8939,2.1061,0
User_Rating,40211146,40BA141,3,2.742,0.258,0
User_Rating,40411138,40BC011,1,1.7223,0.7223,0
User_Rating,40211156,40BR372,3,3.7678,0.7678,0
User_Rating,40411208,40BA052,3,1.7746,1.2254,0
User_Rating,40205303,40BR072,3,4.0299,1.0299,0
User_Rating,40411220,40BA062,2,1.8507,0.1493,0
User_Rating,40411213,40BD012,4,4.1184,0.1184,0
User_Rating,40211267,40BD052,1,2.449,1.449,0
User_Rating,40211129,40BA141,4,2.6003,1.3997,0
User_Rating,40211126,433N062,5,5.0,0.0,0
User_Rating,40211102,409U053,5,3.1576,1.8424,0
User_Rating,40211134,40BA061,4,4.1414,0.1414,0
User_Rating,40311134,40BQ321,3,3.1967,0.1967,0
User_Rating,40211203,40BA022,3,2.881,0.119,0
User_Rating,40211147,40BC051,1,2.9332,1.9332,0
User_Rating,40311217,40BD012,4,3.6892,0.3108,0
User_Rating,40211233,40BA152,2,2.6245,0.6245,0
User_Rating,40211137,40BQ391,2,2.7874,0.7874,0
User_Rating,40411106,40BA051,3,2.4677,0.5323,0
User_Rating,40311158,40UN130,5,4.9995,0.0005,1
User_Rating,40211116,40BQ021,4,2.9701,1.0299,0
User_Rating,40311202,40BA082,4,3.7954,0.2046,0
User_Rating,40211154,40BQ391,3,2.5233,0.4767,0
User_Rating,40311110,40B0291,3,3.0966,0.0966,0
User_Rating,40411150,40BC071,2,1.1092,0.8908,0
User_Rating,40211117,40BA131,4,3.5522,0.4478,0
User_Rating,40311229,40BD012,4,3.6921,0.3079,0
User_Rating,40211102,40BA081,4,3.0371,0.9629,0
User_Rating,40211115,40BQ021,2,1.7491,0.2509,0
User_Rating,40211215,40BA052,1,1.5185,0.5185,0
User_Rating,40211105,40BA151,3,3.4793,0.4793,0
User_Rating,40211166,40BQ371,1,3.8904,2.8904,0
User_Rating,40311237,40BA122,3,2.8055,0.1945,0
User_Rating,40311211,40BA132,4,3.2339,0.7661,0
User_Rating,40211225,40UN070,5,4.8989,0.1011,0
User_Rating,40511109,40B0291,4,3.5293,0.4707,0
User_Rating,40211161,40BQ051,1,3.1205,2.1205,0
User_Rating,40211118,40BC051,5,3.4483,1.5517,0
User_Rating,40411131,40BA021,1,2.2227,1.2227,0
User_Rating,40311122,40BA221,3,2.4203,0.5797,0
User_Rating,40511104,40B0291,5,2.5192,2.4808,0
User_Rating,40211126,40BA051,5,3.0125,1.9875,0
User_Rating,40211211,40BR082,3,3.8692,0.8692,0
User_Rating,40211262,40BA092,4,4.3359,0.3359,0
User_Rating,40211250,40B0292,4,4.2048,0.2048,0
User_Rating,40311233,40B8932,3,4.015,1.015,0
User_Rating,40311146,40BC011,1,2.0026,1.0026,0
User_Rating,40211156,40BA151,3,3.4201,0.4201,0
User_Rating,40211228,40BA062,3,2.4214,0.5786,0
User_Rating,40311221,40BD012,3,3.664,0.664,0
User_Rating,40311119,40BA011,5,3.5402,1.4598,0
User_Rating,40411126,40BC011,3,1.6863,1.3137,0
User_Rating,40311130,409A021,1,1.0,0.0,0
User_Rating,40211232,40BA102,1,2.5639,1.5639,0
User_Rating,40211117,40BA121,3,3.6527,0.6527,0
User_Rating,40411247,40BA102,2,3.4464,1.4464,0
User_Rating,40211248,40BA102,4,2.8643,1.1357,0
User_Rating,40411251,40BA022,2,2.3571,0.3571,0
User_Rating,40312142,40BA101,4,3.2822,0.7178,0
User_Rating,40211229,40BR082,4,3.8574,0.1426,0
User_Rating,40211214,40BR242,2,2.6064,0.6064,0
User_Rating,40311150,40BC011,1,1.9232,0.9232,0
User_Rating,40411102,40BQ031,5,2.6625,2.3375,0
User_Rating,40211106,40BA061,5,4.5362,0.4638,0
User_Rating,40211230,409Z481,4,4.1818,0.1818,0
User_Rating,40211117,40BA151,4,3.3337,0.6663,0
User_Rating,40211259,40BA022,4,3.2906,0.7094,0
User_Rating,40311259,40BA062,1,2.0722,1.0722,0
User_Rating,40411159,40BA101,3,1.5198,1.4802,0
User_Rating,40411115,40BA221,1,2.0773,1.0773,0
User_Rating,40211247,409Z481,4,4.0958,0.0958,0
User_Rating,40311260,40BR022,3,3.1911,0.1911,0
User_Rating,40411128,40BA011,1,2.0789,1.0789,0
User_Rating,40211146,40BA151,4,3.4397,0.5603,0
User_Rating,40211101,40B0291,4,2.3338,1.6662,0
User_Rating,40211148,40BQ171,4,3.5276,0.4724,0
User_Rating,40211244,40BR042,2,1.553,0.447,0
User_Rating,40511101,40BA011,1,1.2195,0.2195,0
User_Rating,40205303,40BR242,1,2.9815,1.9815,0
User_Rating,40211235,40BR042,2,2.3339,0.3339,0
User_Rating,40211126,40KA393,3,2.9092,0.0908,2
User_Rating,40211139,40BQ421,2,2.7809,0.7809,0
User_Rating,40211206,40BD012,3,2.9521,0.0479,0
User_Rating,40311204,40BA052,5,3.2369,1.7631,0
User_Rating,40211233,40BR242,1,2.7315,1.7315,0
User_Rating,40411125,40BA011,1,1.5234,0.5234,0
User_Rating,40311218,40BA132,5,3.4456,1.5544,0
User_Rating,40211137,40BC011,3,1.5711,1.4289,0
User_Rating,40311120,40BA021,1,3.2318,2.2318,0
User_Rating,40511107,40BA051,5,1.1085,3.8915,0
User_Rating,40311217,40BD032,2,3.1234,1.1234,0
User_Rating,40311215,40B0292,2,2.4633,0.4633,0
User_Rating,40311155,40BQ031,1,2.4676,1.4676,0
User_Rating,40211201,40BR032,3,3.3078,0.3078,0
User_Rating,40211134,40BQ401,4,3.5862,0.4138,0
User_Rating,40211208,40BA092,1,2.6967,1.6967,0
User_Rating,40211247,40BR032,4,3.8782,0.1218,0
User_Rating,40311238,40BA122,3,2.9161,0.0839,0
User_Rating,40211109,40BQ141,2,3.056,1.056,0
User_Rating,40211130,40BA081,1,2.5071,1.5071,0
User_Rating,40311158,40BC071,5,2.9017,2.0983,0
User_Rating,40211226,40BD032,4,3.7678,0.2322,0
User_Rating,40211266,40BA081,2,2.6503,0.6503,0
User_Rating,40311233,40B0292,3,2.3213,0.6787,0
User_Rating,40311136,40BA011,1,1.3277,0.3277,0
User_Rating,40311132,40BA121,1,2.8905,1.8905,0
User_Rating,40211133,40BC011,2,2.0557,0.0557,0
User_Rating,40211236,40BD012,1,2.4652,1.4652,0
User_Rating,40311210,40BA222,3,3.6598,0.6598,0
User_Rating,40211117,40BQ141,2,2.757,0.757,0
User_Rating,40311261,40BD032,3,3.0523,0.0523,0
User_Rating,40211225,40B9561,4,4.0,0.0,0
User_Rating,40211228,40BA132,3,2.6956,0.3044,0
User_Rating,40211158,40BA011,4,2.1129,1.8871,0
User_Rating,40211154,40BA091,1,1.2381,0.2381,0
User_Rating,40211137,40BA061,1,2.8688,1.8688,0
User_Rating,40211209,40BD032,2,3.3781,1.3781,0
User_Rating,40411227,40BA222,3,2.6259,0.3741,0
User_Rating,40311235,40BA222,1,3.1895,2.1895,0
User_Rating,40211141,40BC061,4,3.3442,0.6558,0
User_Rating,40211261,40BR072,5,4.3365,0.6635,0
User_Rating,40211114,40BA011,1,2.1012,1.1012,0
User_Rating,40411126,40BA081,4,2.1274,1.8726,0
User_Rating,40211229,40BA012,2,2.9033,0.9033,0
User_Rating,40311122,40BA081,4,3.6765,0.3235,0
User_Rating,40311109,40BA021,1,2.2213,1.2213,0
User_Rating,40411205,40BD012,4,3.6345,0.3655,0
User_Rating,40327247,40BC071,2,1.745,0.255,0
User_Rating,40311238,40B0292,2,2.6042,0.6042,0
User_Rating,40311238,40B8932,3,4.5273,1.5273,0
User_Rating,40411158,40BA051,2,2.2792,0.2792,0
User_Rating,40311243,40BA052,4,3.3336,0.6664,0
User_Rating,40411211,40BA222,2,2.3039,0.3039,0
User_Rating,40511226,40BA012,4,2.4958,1.5042,1
User_Rating,40411255,40BA222,4,2.5308,1.4692,0
User_Rating,40411212,40BD012,3,3.6669,0.6669,0
User_Rating,40211202,40B9651,4,3.8478,0.1522,0
User_Rating,40311243,40BD012,4,3.4772,0.5228,0
User_Rating,40211112,40KT142,5,4.679,0.321,0
User_Rating,40311204,40BA132,4,4.0385,0.0385,0
User_Rating,40211224,40BD012,3,2.9292,0.0708,0
User_Rating,40211113,40BA091,1,1.2171,0.2171,0
User_Rating,40411156,40BA021,4,1.5184,2.4816,0
User_Rating,40311153,40BA021,5,3.5796,1.4204,0
User_Rating,40211266,40BR022,2,3.2628,1.2628,0
User_Rating,40411219,40BA082,5,3.0585,1.9415,0
User_Rating,40311223,40BA122,3,2.8701,0.1299,0
User_Rating,40211116,40BQ051,4,3.6588,0.3412,0
User_Rating,40211246,40BR122,5,4.6587,0.3413,0
User_Rating,40311158,40BQ341,3,4.4225,1.4225,0
User_Rating,40411201,40BA062,3,2.4219,0.5781,0
User_Rating,40211126,40IN672,5,5.0,0.0,0
User_Rating,40211249,40B0292,4,3.7158,0.2842,0
User_Rating,40311108,40BC011,2,1.6517,0.3483,0
User_Rating,40411156,40BA011,5,1.9499,3.0501,0
User_Rating,40411244,40BR472,1,3.1341,2.1341,0
User_Rating,40211103,40UN050,1,3.9993,2.9993,1
User_Rating,40411242,40BA102,4,3.4284,0.5716,0
User_Rating,40411202,40BA052,4,1.5511,2.4489,0
User_Rating,40211261,40BA152,3,2.6455,0.3545,0
User_Rating,40511142,40BA051,3,1.2156,1.7844,0
User_Rating,40411246,40BA082,3,2.8739,0.1261,0
User_Rating,40211104,40UN110,4,4.0,0.0,0
User_Rating,40311236,40BR042,4,3.4621,0.5379,0
User_Rating,40211223,40BA132,3,2.0098,0.9902,0
User_Rating,40211115,40BA011,3,2.6295,0.3705,0
User_Rating,40211144,40BQ421,1,2.4471,1.4471,0
User_Rating,40211203,40BA102,4,2.5423,1.4577,0
User_Rating,40211257,409U163,1,1.4618,0.4618,0
User_Rating,40311113,40BA051,1,2.3729,1.3729,0
User_Rating,40411236,40BA012,3,1.5351,1.4649,0
User_Rating,40411233,40BA102,4,3.1196,0.8804,0
User_Rating,40311161,40BA221,1,3.0486,2.0486,0
User_Rating,40211153,40BR372,4,4.2571,0.2571,0
User_Rating,40411108,40BA011,4,2.613,1.387,0
User_Rating,40211115,40BC061,1,2.4014,1.4014,0
User_Rating,40311130,40BQ031,2,2.7104,0.7104,0
User_Rating,40211102,40B0291,2,3.1673,1.1673,0
User_Rating,40211205,40BR032,5,3.6841,1.3159,0
User_Rating,40211132,40BA081,2,2.8959,0.8959,0
User_Rating,40311257,40BA102,3,3.1272,0.1272,0
User_Rating,40211110,40BQ321,2,3.2088,1.2088,0
User_Rating,40411255,40BA102,4,3.3446,0.6554,0
User_Rating,40411138,40BA051,2,1.109,0.891,0
User_Rating,40311105,409A011,2,3.0,1.0,0
User_Rating,40311265,4064243,2,1.0,1.0,0
User_Rating,40311255,40B0292,2,2.5507,0.5507,0
User_Rating,40211104,40BA131,4,3.8718,0.1282,0
User_Rating,40211233,40BA092,2,2.5737,0.5737,0
User_Rating,40211133,40BR372,5,4.28,0.72,0
User_Rating,40311138,40BA011,1,2.8577,1.8577,0
User_Rating,40311124,40BA021,1,2.6445,1.6445,0
User_Rating,40211238,433A021,2,1.0,1.0,0
User_Rating,40311223,40BA222,1,3.2402,2.2402,0
User_Rating,40211161,40BA051,2,2.422,0.422,0
User_Rating,40211137,40BA091,1,1.4202,0.4202,0
User_Rating,40311128,40BA121,4,2.9114,1.0886,0
User_Rating,40411238,40BA052,2,1.6578,0.3422,0
User_Rating,40211118,40BC061,5,3.4611,1.5389,0
User_Rating,40311218,40BR042,4,3.4374,0.5626,0
User_Rating,40211235,40BA152,4,3.1162,0.8838,0
User_Rating,40211138,40BA051,3,2.7783,0.2217,0
User_Rating,40311206,40BA062,1,1.3477,0.3477,0
User_Rating,40211230,40B0292,5,4.5496,0.4504,0
User_Rating,40411209,40BA222,3,2.1104,0.8896,0
User_Rating,40311118,40BC051,3,2.7948,0.2052,0
User_Rating,40211224,40BR072,3,4.3614,1.3614,0
User_Rating,40311243,40BA122,4,2.4236,1.5764,0
User_Rating,40211113,40B0291,2,1.9695,0.0305,0
User_Rating,40211235,40BR072,4,4.1083,0.1083,0
User_Rating,40211161,40BQ331,1,2.6399,1.6399,0
User_Rating,40311253,40B0292,3,2.4645,0.5355,0
User_Rating,40211225,40BR372,4,3.2386,0.7614,0
User_Rating,40311227,40BA082,4,3.8985,0.1015,0
User_Rating,40211262,40BR082,5,4.1477,0.8523,0
User_Rating,40511229,40BA052,2,2.4943,0.4943,0
User_Rating,40211122,40BQ421,3,3.1128,0.1128,0
User_Rating,40411119,40BA051,1,1.5452,0.5452,0
User_Rating,40211202,40BA132,3,2.9683,0.0317,0
User_Rating,40211125,40BQ141,4,2.5173,1.4827,0
User_Rating,40411205,40BA052,2,1.8497,0.1503,0
User_Rating,40311131,40B0291,2,3.2645,1.2645,0
User_Rating,40311146,40BA081,2,3.6825,1.6825,0
User_Rating,40211245,40BR032,2,3.8579,1.8579,0
User_Rating,40411130,40BC071,1,1.5325,0.5325,0
User_Rating,40311135,40BA221,1,2.5471,1.5471,0
User_Rating,40411143,40BA051,1,2.1063,1.1063,0
User_Rating,40411207,40BA062,2,1.353,0.647,0
User_Rating,40211220,409Z481,5,4.0998,0.9002,0
User_Rating,40211205,40BA062,5,2.3416,2.6584,0
User_Rating,40211230,40BA062,4,2.6421,1.3579,0
User_Rating,40411140,40BA021,1,2.238,1.238,0
User_Rating,40511262,40BA052,3,2.4943,0.5057,0
User_Rating,40211262,40BA142,5,4.4309,0.5691,0
User_Rating,40311132,40BQ321,3,3.4598,0.4598,0
User_Rating,40311138,40BC021,4,4.2064,0.2064,0
User_Rating,40311151,40BA141,3,2.5834,0.4166,0
User_Rating,40411143,40BA221,1,2.1369,1.1369,0
User_Rating,40211222,40BD032,4,3.5564,0.4436,0
User_Rating,40311231,40BD032,2,3.128,1.128,0
User_Rating,40311205,40BD032,3,2.9303,0.0697,0
User_Rating,40511227,40BA052,2,2.7216,0.7216,0
User_Rating,40211152,40B0291,2,2.4426,0.4426,0
User_Rating,40211233,40BA142,4,3.7492,0.2508,0
User_Rating,40311238,40BA132,3,4.2306,1.2306,0
User_Rating,40211125,40BC011,4,1.7956,2.2044,0
User_Rating,40311219,40B0292,1,2.1692,1.1692,0
User_Rating,40311105,40BC071,2,3.2123,1.2123,0
User_Rating,40311134,40BA121,3,2.6389,0.3611,0
User_Rating,40311116,40B0291,2,4.0814,2.0814,0
User_Rating,40311157,40BA061,3,3.1812,0.1812,0
User_Rating,40211104,40BC051,2,3.6383,1.6383,0
User_Rating,40411149,40BC071,1,2.1607,1.1607,0
User_Rating,40411130,40BA102,3,2.8395,0.1605,0
User_Rating,40311214,40BD032,2,2.301,0.301,0
User_Rating,40411222,40BA062,1,1.6456,0.6456,0
User_Rating,40311108,40BA101,3,2.9939,0.0061,0
User_Rating,40211134,40BC021,4,2.89,1.11,0
User_Rating,40320324,40BC011,1,1.9085,0.9085,0
User_Rating,40311243,40BA012,3,3.2063,0.2063,0
User_Rating,40411130,40BA222,2,2.3806,0.3806,0
User_Rating,40411215,40BA052,1,1.9853,0.9853,0
User_Rating,40411240,40BR022,2,3.0651,1.0651,0
User_Rating,40211127,40BA131,5,3.9951,1.0049,0
User_Rating,40211131,40B0291,1,2.127,1.127,0
User_Rating,40211235,40BA102,4,2.6479,1.3521,0
User_Rating,40211101,40BR342,5,3.9827,1.0173,0
User_Rating,40211205,40BD012,4,3.3208,0.6792,0
User_Rating,40411120,40BA061,4,2.1611,1.8389,0
User_Rating,40311125,40B0291,3,2.5192,0.4808,0
User_Rating,40211150,40BC021,3,3.2007,0.2007,0
User_Rating,40311148,40BA081,3,2.2413,0.7587,0
User_Rating,40211219,40BA052,2,1.9989,0.0011,0
User_Rating,40211260,40BR122,5,4.5655,0.4345,0
User_Rating,40311146,40BA061,1,3.6829,2.6829,0
User_Rating,40511219,40BA052,3,2.5331,0.4669,1
User_Rating,40211150,40BC061,4,2.7562,1.2438,0
User_Rating,40211110,40BC051,2,2.7261,0.7261,0
User_Rating,40311249,40BA022,3,2.7773,0.2227,0
User_Rating,40211205,40BR042,3,2.5394,0.4606,0
User_Rating,40411104,40BC071,3,2.4634,0.5366,0
User_Rating,40211122,40BA151,4,3.2373,0.7627,0
User_Rating,40211106,40BA081,3,3.2157,0.2157,0
User_Rating,40311104,40BA141,1,2.1382,1.1382,0
User_Rating,40311229,40BA012,2,2.6743,0.6743,0
User_Rating,40511247,40B0292,4,2.6855,1.3145,0
User_Rating,40211208,90B2681,3,3.3238,0.3238,0
User_Rating,40211249,40BR122,5,3.8125,1.1875,0
User_Rating,40311116,40BA081,3,3.2324,0.2324,0
User_Rating,40311208,40BA022,4,3.3228,0.6772,0
User_Rating,40211206,40BA012,5,2.7951,2.2049,0
User_Rating,40511201,40BA012,3,2.2443,0.7557,0
User_Rating,40211116,40BA131,5,3.7704,1.2296,0
User_Rating,40211101,40BA081,4,3.4485,0.5515,0
User_Rating,40211112,40BA021,1,1.9477,0.9477,0
User_Rating,40211112,40BQ371,3,3.2301,0.2301,0
User_Rating,40211217,40BA022,5,2.0161,2.9839,0
User_Rating,40211220,40B0292,5,3.8767,1.1233,0
User_Rating,40311130,40BQ321,3,3.4393,0.4393,0
User_Rating,40311139,40BQ141,2,2.9788,0.9788,0
User_Rating,40311236,40BA102,4,2.7848,1.2152,0
User_Rating,40311245,40BA012,4,2.64,1.36,0
User_Rating,40511123,40BA051,1,1.1082,0.1082,0
User_Rating,40311114,40BA051,4,3.4782,0.5218,0
User_Rating,40311155,40BC051,3,2.533,0.467,0
User_Rating,40211239,40BR372,1,2.9522,1.9522,0
User_Rating,40211130,40BA021,1,2.2249,1.2249,0
User_Rating,40211133,40BA061,5,4.6588,0.3412,0
User_Rating,40311236,40B8932,4,4.1762,0.1762,0
User_Rating,40211106,40BA011,1,2.6469,1.6469,0
User_Rating,40211158,409R181,4,3.5112,0.4888,0
User_Rating,40311211,40BR372,3,3.1661,0.1661,0
User_Rating,40511118,40BA051,2,1.6469,0.3531,0
User_Rating,40311214,40BD012,1,2.7281,1.7281,0
User_Rating,40211110,4069211,3,4.0,1.0,0
User_Rating,40411246,40BA052,2,2.6482,0.6482,0
User_Rating,40211165,40BA141,2,2.6963,0.6963,0
User_Rating,40211241,40BA052,1,1.8882,0.8882,0
User_Rating,40211115,40BC021,1,2.6305,1.6305,0
User_Rating,40411251,40BA082,4,2.6555,1.3445,0
User_Rating,40211150,40UN080,3,3.1709,0.1709,0
User_Rating,40511125,40B0291,3,3.7916,0.7916,0
User_Rating,40211205,40BR322,3,3.4481,0.4481,0
User_Rating,40211127,40BQ421,5,3.2779,1.7221,0
User_Rating,40311241,40BA102,2,2.6351,0.6351,0
User_Rating,40211113,40BA101,2,2.2131,0.2131,0
User_Rating,40211252,409Z491,5,4.3871,0.6129,0
User_Rating,40311128,40BA021,4,3.47,0.53,0
User_Rating,40311150,40BA221,1,1.8404,0.8404,0
User_Rating,40211244,40B9561,4,4.0,0.0,0
User_Rating,40311227,40BA062,1,2.0111,1.0111,0
User_Rating,40211102,40BA011,4,2.4022,1.5978,0
User_Rating,40211102,40WN081,3,2.5419,0.4581,0
User_Rating,40211208,40BA152,2,2.7157,0.7157,0
User_Rating,40211248,40BR122,5,4.4242,0.5758,0
User_Rating,40311231,40BQ512,4,3.5606,0.4394,0
User_Rating,40411158,40BA081,3,3.0842,0.0842,0
User_Rating,40211163,40BA141,4,1.7331,2.2669,0
User_Rating,40311227,40B0292,2,2.4619,0.4619,0
User_Rating,40411155,40BQ031,4,2.6525,1.3475,0
User_Rating,40511247,40BA052,4,2.4943,1.5057,0
User_Rating,40311235,40BA102,1,2.8345,1.8345,0
User_Rating,40511233,40BA052,4,2.4943,1.5057,0
User_Rating,40311133,40BA101,2,2.5289,0.5289,0
User_Rating,40311245,40BD012,2,3.4048,1.4048,0
User_Rating,40211137,40BA051,3,1.9902,1.0098,0
User_Rating,40211262,40BA132,4,3.1482,0.8518,0
User_Rating,40211207,40BA062,4,3.0388,0.9612,0
User_Rating,40211237,40BA022,1,3.6903,2.6903,0
User_Rating,40311162,40BA021,1,2.0525,1.0525,0
User_Rating,40211234,40BR032,4,3.2096,0.7904,0
User_Rating,40411248,40BR472,1,3.4172,2.4172,0
User_Rating,40211136,40BC051,5,3.3963,1.6037,0
User_Rating,40311139,40BA141,1,2.0001,1.0001,0
User_Rating,40411158,40BA011,3,1.9374,1.0626,0
User_Rating,40211129,40BQ141,5,3.1561,1.8439,0
User_Rating,40211259,40BA152,2,3.2548,1.2548,0
User_Rating,40311258,40BD012,3,3.5264,0.5264,0
User_Rating,40411140,40BC071,2,1.8962,0.1038,0
User_Rating,40211158,40BQ371,2,3.4906,1.4906,0
User_Rating,40311142,40BA101,1,1.9824,0.9824,0
User_Rating,40211256,40BD012,5,3.822,1.178,0
User_Rating,40311217,40BA012,3,3.006,0.006,0
User_Rating,40411143,40BC011,1,2.0396,1.0396,0
User_Rating,40211107,40BA081,1,3.0889,2.0889,0
User_Rating,40311127,40BA081,2,2.7038,0.7038,0
User_Rating,40211148,40BQ321,3,3.4324,0.4324,0
User_Rating,40320310,40BC051,1,2.6289,1.6289,0
User_Rating,40211220,40BD052,3,2.4127,0.5873,0
User_Rating,40311162,40BQ311,1,3.4818,2.4818,0
User_Rating,40211261,40BA122,3,2.5456,0.4544,0
User_Rating,40311155,40BQ311,3,2.7788,0.2212,0
User_Rating,40211252,40BR072,4,4.5749,0.5749,0
User_Rating,40311169,40BA221,1,1.9701,0.9701,0
User_Rating,40411215,40BA012,3,1.7494,1.2506,0
User_Rating,40311117,40BA141,3,2.5336,0.4664,0
User_Rating,40311158,40BA121,1,2.5659,1.5659,0
User_Rating,40211209,40BA092,1,3.0794,2.0794,0
User_Rating,40311236,40BD032,4,2.8723,1.1277,0
User_Rating,40211153,40BQ021,5,3.3281,1.6719,0
User_Rating,40211151,40BA081,3,3.4525,0.4525,0
User_Rating,40411138,40BA021,1,2.0661,1.0661,0
User_Rating,40211118,40BA141,5,3.2231,1.7769,0
User_Rating,40411101,40BA011,1,1.6242,0.6242,0
User_Rating,40211217,40BR082,4,3.573,0.427,0
User_Rating,40311132,40BC051,1,2.9074,1.9074,0
User_Rating,40211226,40BD052,5,3.553,1.447,0
User_Rating,40211225,40B9572,4,3.897,0.103,0
User_Rating,40411240,40BR472,5,3.139,1.861,0
User_Rating,40211109,40B0291,2,2.2123,0.2123,0
User_Rating,40411110,40BQ311,2,1.8753,0.1247,0
User_Rating,40211241,40BA152,3,3.2331,0.2331,0
User_Rating,40311250,40BA062,1,1.1096,0.1096,0
User_Rating,40211102,40BQ421,3,3.2456,0.2456,0
User_Rating,40211108,40BA051,3,2.7664,0.2336,0
User_Rating,40411252,40BR472,1,3.2083,2.2083,0
User_Rating,40511256,40B0292,3,3.5322,0.5322,0
User_Rating,40311111,40BA061,4,3.3203,0.6797,0
User_Rating,40211114,40UN110,4,4.0,0.0,0
User_Rating,40511207,40BA012,2,1.9512,0.0488,0
User_Rating,40311218,40BA082,4,4.0242,0.0242,0
User_Rating,40311151,40BA021,4,3.4884,0.5116,0
User_Rating,40411146,40BA081,2,2.794,0.794,0
User_Rating,40311215,40BA122,2,3.105,1.105,0
User_Rating,40511105,40B0291,5,3.7916,1.2084,0
User_Rating,40211249,40BA052,3,2.348,0.652,0
User_Rating,40311157,40BQ321,5,3.4431,1.5569,0
User_Rating,40211225,40BD052,3,2.9468,0.0532,0
User_Rating,40211151,40BQ371,5,4.1286,0.8714,0
User_Rating,40211112,40BQ391,5,2.3032,2.6968,0
User_Rating,40311261,40BA012,3,3.0847,0.0847,0
User_Rating,40411254,40BA222,3,2.6309,0.3691,0
User_Rating,40211239,40BR042,1,1.5268,0.5268,0
User_Rating,40111230,40BA152,2,3.3108,1.3108,0
User_Rating,40311233,40BA022,2,3.523,1.523,0
User_Rating,40211266,433A021,3,1.0,2.0,0
User_Rating,40211202,40BR242,3,2.992,0.008,0
User_Rating,40411113,40BQ311,5,2.6604,2.3396,0
User_Rating,40211249,40BA022,4,2.457,1.543,0
User_Rating,40311157,40B0291,5,3.1093,1.8907,0
User_Rating,40211139,432N861,1,1.0,0.0,0
User_Rating,40311260,40BQ512,5,3.4385,1.5615,0
User_Rating,40211230,40BA152,3,2.8708,0.1292,0
User_Rating,40311158,40BQ031,2,2.7836,0.7836,0
User_Rating,40311231,40BA132,5,3.9818,1.0182,0
User_Rating,40211116,40IN101,4,3.6557,0.3443,0
User_Rating,40311104,40BA081,4,3.2633,0.7367,0
User_Rating,40411240,40BA052,1,2.4393,1.4393,0
User_Rating,40211217,40BR032,5,3.3748,1.6252,0
User_Rating,40211248,40BA022,1,2.3091,1.3091,0
User_Rating,40211257,40BR372,1,3.5087,2.5087,0
User_Rating,40211266,40BR042,2,2.5187,0.5187,0
User_Rating,40311148,40BA011,1,1.2195,0.2195,0
User_Rating,40411159,40BA051,2,1.7751,0.2249,0
User_Rating,40205303,40BD012,2,2.9045,0.9045,0
User_Rating,40411141,40BC011,1,2.0295,1.0295,0
User_Rating,40211104,40BQ371,4,4.1165,0.1165,0
User_Rating,40211145,40BC011,1,2.0088,1.0088,0
User_Rating,40411147,40BA061,2,2.129,0.129,0
User_Rating,40211215,40BD032,3,2.8519,0.1481,0
User_Rating,40311121,40BC011,4,1.9101,2.0899,0
User_Rating,40411256,40BA102,4,3.4429,0.5571,0
User_Rating,40411105,40BQ311,5,2.66,2.34,0
User_Rating,40211116,40BA051,2,2.7874,0.7874,0
User_Rating,40211111,40BQ381,1,2.9275,1.9275,0
User_Rating,40211106,409A012,2,1.8046,0.1954,0
User_Rating,40211249,40BR082,4,3.4444,0.5556,0
User_Rating,40211222,40BA092,4,3.9826,0.0174,0
User_Rating,40211123,40BA021,4,3.3072,0.6928,0
User_Rating,40211262,40BR042,4,3.4514,0.5486,0
User_Rating,40411228,40BA062,3,2.4354,0.5646,0
User_Rating,40211105,40BA051,3,2.7887,0.2113,0
User_Rating,40311158,40BA221,2,2.1028,0.1028,0
User_Rating,40211138,40BQ171,4,3.5368,0.4632,0
User_Rating,40211129,40BC021,4,3.6847,0.3153,0
User_Rating,40411218,40BR022,3,3.4513,0.4513,0
User_Rating,40311129,40BQ331,1,2.3685,1.3685,0
User_Rating,40211234,40BA022,3,3.3052,0.3052,0
User_Rating,40211206,40BA062,4,2.2051,1.7949,0
User_Rating,40211211,40BR372,3,3.3214,0.3214,0
User_Rating,40311248,40BA132,5,4.1325,0.8675,0
User_Rating,40211136,40BQ371,3,4.1208,1.1208,0
User_Rating,40211247,409Z501,5,5.0,0.0,0
User_Rating,40311250,40BA012,5,3.1154,1.8846,0
User_Rating,40311236,40BA062,4,1.746,2.254,0
User_Rating,40311216,40BR042,4,3.3563,0.6437,0
User_Rating,40311218,40B8932,4,4.2127,0.2127,0
User_Rating,40311146,40BA221,1,2.7948,1.7948,0
User_Rating,40211144,40BA021,4,2.98,1.02,0
User_Rating,40211248,40BD012,3,2.7679,0.2321,0
User_Rating,40211162,40BA151,4,3.7512,0.2488,0
User_Rating,40211203,40BA012,2,2.1029,0.1029,0
User_Rating,40311122,40BA101,4,2.9345,1.0655,0
User_Rating,40311155,40BC011,3,1.7657,1.2343,0
User_Rating,40211214,40BD032,3,2.9306,0.0694,0
User_Rating,40311159,40BC071,1,2.0555,1.0555,0
User_Rating,40211139,40BA081,3,3.5561,0.5561,0
User_Rating,40211202,40BR072,3,4.447,1.447,0
User_Rating,40211261,40BR222,4,3.3035,0.6965,0
User_Rating,40411134,40B0291,2,3.3778,1.3778,0
User_Rating,40411159,40BQ311,3,2.0906,0.9094,0
User_Rating,40411108,40BQ311,4,2.4862,1.5138,0
User_Rating,40211121,40BA121,3,3.2286,0.2286,0
User_Rating,40411117,40BA061,2,1.1079,0.8921,0
User_Rating,40411216,40BA082,1,2.3919,1.3919,0
User_Rating,40511220,40BA052,4,2.4123,1.5877,0
User_Rating,40205303,40BR122,2,3.6523,1.6523,0
User_Rating,40211165,40BQ421,4,2.7848,1.2152,0
User_Rating,40211123,40PQ041,4,4.495,0.495,0
User_Rating,40211263,433A021,1,1.0,0.0,0
User_Rating,40211206,40BA092,4,3.5821,0.4179,0
User_Rating,40411238,40BA222,2,2.0782,0.0782,0
User_Rating,40411254,40BA012,3,2.0843,0.9157,0
User_Rating,40211117,409A012,1,1.4367,0.4367,0
User_Rating,40211202,40BD012,2,3.6934,1.6934,0
User_Rating,40411145,40BA011,2,1.6511,0.3489,0
User_Rating,40311237,40BR042,1,3.6789,2.6789,0
User_Rating,40211134,40BC061,4,2.5946,1.4054,0
User_Rating,40211114,40BC021,1,2.927,1.927,0
User_Rating,40411213,40BA222,3,2.8141,0.1859,0
User_Rating,40211162,40UN080,4,3.1691,0.8309,0
User_Rating,40311264,4064243,2,1.0,1.0,0
User_Rating,40211144,40BQ331,2,2.6619,0.6619,0
User_Rating,40211207,40BR322,4,3.0411,0.9589,0
User_Rating,40211154,40BA022,2,4.4261,2.4261,0
User_Rating,40211106,40BQ171,4,3.1757,0.8243,0
User_Rating,40311210,40BA122,1,2.668,1.668,0
User_Rating,40211220,40BR082,4,3.6813,0.3187,0
User_Rating,40411147,40BC011,4,2.0095,1.9905,0
User_Rating,40411229,40BR022,1,2.2399,1.2399,0
User_Rating,40211130,40BQ371,3,3.6647,0.6647,0
User_Rating,40311227,40BD032,1,2.5936,1.5936,0
User_Rating,40411207,40BA012,3,2.3787,0.6213,0
User_Rating,40211208,40BR082,2,3.0632,1.0632,0
User_Rating,40311237,40BA062,3,2.0761,0.9239,0
User_Rating,40211105,409Q082,2,2.0,0.0,0
User_Rating,40411126,40BA101,3,1.7619,1.2381,0
User_Rating,40311131,40BQ311,3,3.2261,0.2261,0
User_Rating,40211211,40BA152,3,3.2367,0.2367,0
User_Rating,40211214,40BR372,2,2.9691,0.9691,0
User_Rating,40511118,40B0291,4,2.5192,1.4808,0
User_Rating,40311223,40BR042,3,3.5222,0.5222,0
User_Rating,40411247,40BA062,4,2.5772,1.4228,0
User_Rating,40511119,40B0291,5,3.7916,1.2084,0
User_Rating,40211222,40BA152,3,3.233,0.233,0
User_Rating,40411237,40B0292,1,2.8457,1.8457,0
User_Rating,40311128,40BQ141,4,3.104,0.896,0
User_Rating,40511121,40BA051,2,1.1085,0.8915,0
User_Rating,40311227,40BA222,2,3.8883,1.8883,0
User_Rating,40311240,40BD012,1,2.4652,1.4652,0
User_Rating,40311218,40BA102,4,2.996,1.004,0
User_Rating,40211244,40BA082,3,3.0949,0.0949,0
User_Rating,40211249,40BA152,2,2.6778,0.6778,0
User_Rating,40211237,40B0292,1,3.9262,2.9262,0
User_Rating,40511103,40B0291,2,2.5192,0.5192,0
User_Rating,40311211,40BR042,3,2.7112,0.2888,0
User_Rating,40311216,40BD032,2,2.9177,0.9177,0
User_Rating,40211214,40BA022,4,1.7417,2.2583,0
User_Rating,40311205,40BQ512,4,3.656,0.344,0
User_Rating,40211131,40BA081,1,2.3367,1.3367,0
User_Rating,40311244,40BR042,4,3.8694,0.1306,0
User_Rating,40511135,40B0291,4,3.5293,0.4707,0
User_Rating,40211123,40BC011,2,2.1346,0.1346,0
User_Rating,40211207,40B0292,5,3.755,1.245,0
User_Rating,40311227,40BA102,3,2.8174,0.1826,0
User_Rating,40211103,40BA141,1,2.5569,1.5569,0
User_Rating,40211111,40BA051,2,2.6457,0.6457,0
User_Rating,40211123,40UN080,5,3.235,1.765,0
User_Rating,40211201,40BA061,1,1.3049,0.3049,0
User_Rating,40211101,40BQ051,5,4.1426,0.8574,0
User_Rating,40411124,40BA021,1,1.1083,0.1083,0
User_Rating,40411122,40BA051,1,1.5555,0.5555,0
User_Rating,40211113,40BA151,3,3.2346,0.2346,0
User_Rating,40311257,40BR372,4,3.4725,0.5275,0
User_Rating,40211118,40BA121,5,3.6546,1.3454,0
User_Rating,40311217,40BA062,1,1.4392,0.4392,0
User_Rating,40311110,40BA061,1,1.8259,0.8259,0
User_Rating,40311237,40BA022,1,2.4615,1.4615,0
User_Rating,40211233,40BR032,2,2.8473,0.8473,0
User_Rating,40311145,40BA051,1,1.2156,0.2156,0
User_Rating,40211213,40BA082,3,3.0994,0.0994,0
User_Rating,40311114,40BC011,3,1.9049,1.0951,0
User_Rating,40211252,40BA102,5,3.4447,1.5553,0
User_Rating,40211215,40BA152,3,2.0718,0.9282,0
User_Rating,40211107,40BQ371,3,3.6596,0.6596,0
User_Rating,40411109,40BA222,1,1.8934,0.8934,0
User_Rating,40211137,40BA151,3,3.2163,0.2163,0
User_Rating,40411101,40BA021,1,1.5697,0.5697,0
User_Rating,40211261,409Z511,4,3.7626,0.2374,0
User_Rating,40211234,40BR122,5,4.901,0.099,0
User_Rating,40211250,40BD032,3,3.5406,0.5406,0
User_Rating,40411212,40BA022,1,1.5521,0.5521,0
User_Rating,40311161,40BA101,1,2.7356,1.7356,0
User_Rating,40211237,40BR032,2,3.2064,1.2064,0
User_Rating,40211264,40BR032,2,3.1291,1.1291,0
User_Rating,40411120,40BA051,3,2.4492,0.5508,0
User_Rating,40311137,40BA221,3,2.8868,0.1132,0
User_Rating,40211132,40BC011,1,1.7179,0.7179,0
User_Rating,40411221,40BA052,2,1.7615,0.2385,0
User_Rating,40411121,40B0291,1,3.5195,2.5195,0
User_Rating,40411147,40B0291,5,2.9395,2.0605,0
User_Rating,40211126,40B9662,4,4.2094,0.2094,0
User_Rating,40211229,40BR242,2,2.7637,0.7637,0
User_Rating,40211145,40BA131,2,3.1064,1.1064,0
User_Rating,40411102,40BA221,3,1.8658,1.1342,0
User_Rating,40211243,40BA012,1,2.114,1.114,0
User_Rating,40311235,40B0292,3,2.3112,0.6888,0
User_Rating,40311145,40BA011,1,1.2161,0.2161,0
User_Rating,40211164,409U403,4,2.9092,1.0908,2
User_Rating,40211264,40BA102,1,2.5049,1.5049,0
User_Rating,40311131,40BC011,1,1.6636,0.6636,0
User_Rating,40311211,40BA122,4,2.5501,1.4499,0
User_Rating,40311121,40BA131,3,3.2456,0.2456,0
User_Rating,40211257,40BD032,2,3.7624,1.7624,0
User_Rating,40411168,40BA221,1,1.1364,0.1364,0
User_Rating,40311238,40BD032,3,2.8426,0.1574,0
User_Rating,40311250,431A241,5,2.9092,2.0908,2
User_Rating,40211220,40BR122,5,3.9763,1.0237,0
User_Rating,40211107,40BR242,2,2.2994,0.2994,0
User_Rating,40311233,40BA082,4,3.9029,0.0971,0
User_Rating,40211158,40UN110,4,4.0,0.0,0
User_Rating,40411226,40BA082,1,2.6597,1.6597,0
User_Rating,40211264,40BA062,1,1.5634,0.5634,0
User_Rating,40211125,40BA011,4,2.7416,1.2584,0
User_Rating,40411141,40BA221,1,1.8649,0.8649,0
User_Rating,40211165,40BA101,4,2.2253,1.7747,0
User_Rating,40411126,40BA051,2,1.3273,0.6727,0
User_Rating,40211145,40BA051,2,3.2041,1.2041,0
User_Rating,40311135,40BQ321,3,3.4721,0.4721,0
User_Rating,40311122,40BQ321,4,3.5338,0.4662,0
User_Rating,40211151,40BC051,4,2.9454,1.0546,0
User_Rating,40411140,40BQ031,3,2.9273,0.0727,0
User_Rating,40211150,40BA011,3,2.1337,0.8663,0
User_Rating,40411131,40BA081,1,2.5146,1.5146,0
User_Rating,40211121,40BC021,2,3.1115,1.1115,0
User_Rating,40211148,40BA141,4,2.8892,1.1108,0
User_Rating,40320310,40BQ321,2,2.7247,0.7247,0
User_Rating,40320324,40BA221,1,2.5681,1.5681,0
User_Rating,40211263,409U163,1,1.5387,0.5387,0
User_Rating,40311155,40BA141,3,1.9968,1.0032,0
User_Rating,40211144,40BA221,1,3.6561,2.6561,0
User_Rating,40211154,40BR372,2,4.0924,2.0924,0
User_Rating,40211102,40BC051,4,3.0478,0.9522,0
User_Rating,40311133,40BA221,2,2.2232,0.2232,0
User_Rating,40311244,40BA012,3,3.324,0.324,0
User_Rating,40211109,40BA051,2,2.7698,0.7698,0
User_Rating,40211229,40BA082,2,3.5456,1.5456,0
User_Rating,40311106,40B0291,4,3.9856,0.0144,0
User_Rating,40211105,40B0291,1,2.6419,1.6419,0
User_Rating,40211151,40BA141,4,2.8228,1.1772,0
User_Rating,40311214,40BA062,1,1.2122,0.2122,0
User_Rating,40211241,40BA102,3,3.416,0.416,0
User_Rating,40211162,40BA011,2,2.1091,0.1091,0
User_Rating,40411257,40BA052,2,2.549,0.549,0
User_Rating,40211148,40BA091,4,1.5762,2.4238,0
User_Rating,40411233,40BR472,5,2.8569,2.1431,0
User_Rating,40311248,40B8932,5,4.1204,0.8796,0
User_Rating,40411250,40BA052,2,2.014,0.014,0
User_Rating,40211263,40BA082,2,2.8899,0.8899,0
User_Rating,40311261,40BA082,4,4.0065,0.0065,0
User_Rating,40411138,40BA011,1,1.0,0.0,0
User_Rating,40411248,40BA222,4,2.4338,1.5662,0
User_Rating,40311134,40B0291,2,3.032,1.032,0
User_Rating,40211111,40BA151,3,3.414,0.414,0
User_Rating,40211201,40BR082,3,3.8548,0.8548,0
User_Rating,40311261,40BA022,5,2.301,2.699,0
User_Rating,40411130,40BA021,2,1.739,0.261,0
User_Rating,40311218,40BR072,4,3.3298,0.6702,0
User_Rating,40211133,40BA021,4,3.496,0.504,0
User_Rating,40211161,40BA101,4,2.1262,1.8738,0
User_Rating,40211259,40BA092,5,4.0502,0.9498,0
User_Rating,40411111,40BA081,1,1.8961,0.8961,0
User_Rating,40211127,40BQ401,4,4.1413,0.1413,0
User_Rating,40211126,433Q051,2,2.0,0.0,0
User_Rating,40411240,40B0292,3,2.4311,0.5689,0
User_Rating,40211151,40BA051,3,2.7649,0.2351,0
User_Rating,40211150,40BQ421,4,3.1537,0.8463,0
User_Rating,40311250,40BA122,4,2.5387,1.4613,0
User_Rating,40411250,40BR472,5,3.0938,1.9062,0
User_Rating,40311201,40BA102,4,3.0142,0.9858,0
User_Rating,40211213,40BR122,4,4.5676,0.5676,0
User_Rating,40211164,40BA102,3,2.1413,0.8587,0
User_Rating,40411256,40BA022,3,2.1102,0.8898,0
User_Rating,40311133,40BC011,3,1.776,1.224,0
User_Rating,40211258,40BA012,1,1.97,0.97,0
User_Rating,40211142,409A021,1,1.0,0.0,0
User_Rating,40211105,40BC021,3,3.0261,0.0261,0
User_Rating,40211121,40BQ171,4,3.1656,0.8344,0
User_Rating,40211126,40BA141,3,2.7855,0.2145,0
User_Rating,40211201,40BR072,4,4.32,0.32,0
User_Rating,40311152,40BA061,1,1.3146,0.3146,0
User_Rating,40211136,40BA051,3,2.9674,0.0326,0
User_Rating,40311258,40BA022,5,3.4232,1.5768,0
User_Rating,40511155,40B0291,5,3.5267,1.4733,0
User_Rating,40311261,40BA132,5,3.9985,1.0015,0
User_Rating,40311201,40B8932,5,4.3221,0.6779,0
User_Rating,40311139,40BQ311,3,2.8946,0.1054,0
User_Rating,40411120,40BA011,1,2.4504,1.4504,0
User_Rating,40411222,40BA102,2,2.874,0.874,0
User_Rating,40211109,40UN110,4,4.0,0.0,0
User_Rating,40211207,40BA142,5,3.8729,1.1271,0
User_Rating,40311123,40BC011,1,1.8938,0.8938,0
User_Rating,40211244,40BR242,4,2.562,1.438,0
User_Rating,40311261,40B0292,2,2.3294,0.3294,0
User_Rating,40311241,40B0292,1,2.449,1.449,0
User_Rating,40211249,40BA102,3,2.5628,0.4372,0
User_Rating,40211228,409Z501,5,5.0,0.0,0
User_Rating,40333126,40BA081,3,3.2195,0.2195,0
User_Rating,40411253,40BA022,2,2.2019,0.2019,0
User_Rating,40411160,40BD012,4,4.1214,0.1214,0
User_Rating,40211107,40B0291,2,1.9926,0.0074,0
User_Rating,40211259,40BR372,4,3.4126,0.5874,0
User_Rating,40311125,40BA051,1,1.6469,0.6469,0
User_Rating,40311226,40BA052,4,2.7576,1.2424,0
User_Rating,40511203,40B0292,5,3.7289,1.2711,0
User_Rating,40311138,40BA101,2,2.9057,0.9057,0
User_Rating,40211243,40BA022,1,2.3526,1.3526,0
User_Rating,40411138,40BQ031,2,2.9191,0.9191,0
User_Rating,40211244,40BD032,4,3.4377,0.5623,0
User_Rating,40211243,40BA062,1,1.3184,0.3184,0
User_Rating,40411146,40BQ031,2,2.3271,0.3271,0
User_Rating,40211129,40BA051,3,2.8557,0.1443,0
User_Rating,40211256,40BA102,5,3.0804,1.9196,0
User_Rating,40211101,40BR372,5,4.3039,0.6961,0
User_Rating,40211227,40BR072,4,3.7832,0.2168,0
User_Rating,40411258,40BA102,3,3.4648,0.4648,0
User_Rating,40311106,40BQ141,3,2.6947,0.3053,0
User_Rating,40211220,40BQ421,4,3.317,0.683,0
User_Rating,40511130,40BA051,2,1.6469,0.3531,0
User_Rating,40211104,40BA051,4,3.005,0.995,0
User_Rating,40311250,40BA052,5,2.8865,2.1135,0
User_Rating,40311206,40BA052,5,3.1422,1.8578,0
User_Rating,40311118,40BC071,3,3.2393,0.2393,0
User_Rating,40311256,40BR372,4,3.5865,0.4135,0
User_Rating,40211162,40BQ051,4,3.1368,0.8632,0
User_Rating,40311223,40BR022,3,3.438,0.438,0
User_Rating,40311211,40BA102,4,2.439,1.561,0
User_Rating,40511250,40BA052,3,2.414,0.586,0
User_Rating,40511119,40BA011,4,2.2938,1.7062,0
User_Rating,40511149,40BA051,2,1.5452,0.4548,0
User_Rating,40320326,40BQ341,3,4.5638,1.5638,0
User_Rating,40311137,40BQ341,5,4.467,0.533,0
User_Rating,40311212,40BA122,1,2.8069,1.8069,0
User_Rating,40211220,409Z501,5,5.0,0.0,0
User_Rating,40320326,40BA021,1,2.9603,1.9603,0
User_Rating,40211127,40BA141,3,3.1202,0.1202,0
User_Rating,40411215,40BA022,2,2.29,0.29,0
User_Rating,40311211,40BA222,3,2.4567,0.5433,0
User_Rating,40311123,40BA061,1,3.4968,2.4968,0
User_Rating,40211242,40B9572,4,3.8792,0.1208,0
User_Rating,40211110,40BQ021,2,2.0153,0.0153,0
User_Rating,40211222,40BR342,3,3.6634,0.6634,0
User_Rating,40511224,40B0292,3,2.6855,0.3145,0
User_Rating,40311241,40BA082,2,3.3424,1.3424,0
User_Rating,40211268,40BA011,1,2.4361,1.4361,1
User_Rating,40311229,40BA052,5,3.3418,1.6582,0
User_Rating,40211147,40BA081,3,3.5898,0.5898,0
User_Rating,40211201,40BA022,2,3.8748,1.8748,0
User_Rating,40211101,40BC011,5,1.9883,3.0117,0
User_Rating,40211224,40BR342,3,3.5489,0.5489,0
User_Rating,40311162,40BA011,1,2.3538,1.3538,0
User_Rating,40311235,40BA012,1,2.185,1.185,0
User_Rating,40311201,40BA062,1,2.2518,1.2518,0
User_Rating,40211209,40BR122,1,3.8114,2.8114,0
User_Rating,40211145,40B0291,3,3.4654,0.4654,0
User_Rating,40411133,40BC011,2,2.1422,0.1422,0
User_Rating,40211123,40UN070,4,3.932,0.068,0
User_Rating,40211127,40BC021,5,3.4248,1.5752,0
User_Rating,40411110,40BQ031,3,2.3542,0.6458,0
User_Rating,40311235,40BR022,3,2.8524,0.1476,0
User_Rating,40211246,40BD012,4,3.2365,0.7635,0
User_Rating,40411163,40BA101,3,2.1172,0.8828,0
User_Rating,40320310,40BA101,1,2.4037,1.4037,0
User_Rating,40311106,40BA081,3,3.3349,0.3349,0
User_Rating,40211141,40BA091,4,2.0961,1.9039,0
User_Rating,40411164,40BQ311,1,2.6569,1.6569,0
User_Rating,40211222,40BD052,4,3.1072,0.8928,0
User_Rating,40311230,40BR022,3,2.8847,0.1153,0
User_Rating,40211133,40BA151,4,3.7733,0.2267,0
User_Rating,40211234,40BA052,3,2.4536,0.5464,0
User_Rating,40311211,40BD032,3,2.4681,0.5319,0
User_Rating,40311211,40BR022,2,2.8114,0.8114,0
User_Rating,40211203,40BR042,5,2.7843,2.2157,0
User_Rating,40211144,40BC011,1,1.57,0.57,0
User_Rating,40411237,40BR472,2,3.2258,1.2258,0
User_Rating,40211255,40BA152,3,2.5745,0.4255,0
User_Rating,40411146,40B0291,4,2.8866,1.1134,0
User_Rating,40311215,40B8932,5,4.5513,0.4487,0
User_Rating,40211101,40BA011,5,2.8665,2.1335,0
User_Rating,40211145,409U053,2,2.9904,0.9904,0
User_Rating,40411111,40BA011,3,1.2184,1.7816,0
User_Rating,40211113,40BQ171,3,2.3361,0.6639,0
User_Rating,40411120,40BA101,4,2.6045,1.3955,0
User_Rating,40311209,40BA052,2,3.2856,1.2856,0
User_Rating,40211239,40BA142,3,3.9565,0.9565,0
User_Rating,40211129,40BQ371,3,3.9624,0.9624,0
User_Rating,40211109,40BQ381,1,2.9068,1.9068,0
User_Rating,40211102,40KE011,4,2.9092,1.0908,2
User_Rating,40211122,40BC021,4,3.0482,0.9518,0
User_Rating,40411244,40BR022,4,2.3659,1.6341,0
User_Rating,40311155,40BA081,2,3.3495,1.3495,0
User_Rating,40211130,40BA131,2,3.1635,1.1635,0
User_Rating,40211110,40B9662,5,4.2676,0.7324,0
User_Rating,40311129,40BA141,3,2.3171,0.6829,0
User_Rating,40411205,40BR472,2,3.5586,1.5586,0
User_Rating,40311219,40BA222,3,2.8896,0.1104,0
User_Rating,40320324,40BQ311,3,3.3201,0.3201,0
User_Rating,40211102,40BA141,4,2.5891,1.4109,0
User_Rating,40211141,40BA141,4,2.8009,1.1991,0
User_Rating,40311133,40BQ341,5,4.4819,0.5181,0
User_Rating,40411263,40BA102,1,2.993,1.993,0
User_Rating,40411243,40BA062,4,2.2829,1.7171,0
User_Rating,40211161,409A013,1,1.0567,0.0567,0
User_Rating,40311249,40BA222,4,4.0024,0.0024,0
User_Rating,40311232,40BR042,3,3.9077,0.9077,0
User_Rating,40211122,432N442,3,1.6383,1.3617,0
User_Rating,40311211,40BD012,3,2.6302,0.3698,0
User_Rating,40311109,40B0291,1,2.2764,1.2764,0
User_Rating,40111256,40B9651,2,3.6281,1.6281,0
User_Rating,40311151,40BC011,3,1.8014,1.1986,0
User_Rating,40311116,40BA051,1,3.3576,2.3576,0
User_Rating,40211256,40BA022,5,3.2219,1.7781,0
User_Rating,40211206,40BA152,3,2.7821,0.2179,0
User_Rating,40511143,40BA051,4,1.3307,2.6693,0
User_Rating,40211245,40BR072,3,4.5634,1.5634,0
User_Rating,40511111,40B0291,3,2.5192,0.4808,0
User_Rating,40211227,40BA132,5,2.6536,2.3464,0
User_Rating,40320310,40BA221,1,1.308,0.308,0
User_Rating,40211228,40BA082,3,3.3389,0.3389,0
User_Rating,40211222,40BA052,2,2.4897,0.4897,0
User_Rating,40411211,40BA012,2,1.8627,0.1373,0
User_Rating,40311258,40BA102,3,3.223,0.223,0
User_Rating,40211217,40B9561,4,4.0,0.0,0
User_Rating,40211242,40BD052,4,3.3618,0.6382,0
User_Rating,40211117,40BQ371,4,3.5537,0.4463,0
User_Rating,40511211,40B0292,4,2.6855,1.3145,0
User_Rating,40311231,40BA052,3,2.8449,0.1551,0
User_Rating,40511226,40B0292,4,3.3106,0.6894,1
User_Rating,40211247,409Z511,3,3.7693,0.7693,0
User_Rating,40211203,40BR222,4,4.1151,0.1151,0
User_Rating,40211144,40BA061,4,4.1184,0.1184,0
User_Rating,40311236,40BA012,5,3.2497,1.7503,0
User_Rating,40411237,40BR022,1,2.8985,1.8985,0
User_Rating,40311111,40BA021,2,2.9074,0.9074,0
User_Rating,40211105,40BA061,4,4.413,0.413,0
User_Rating,40411256,40BA012,3,1.8988,1.1012,0
User_Rating,40211245,40BA142,3,4.0915,1.0915,0
User_Rating,40511211,40BA052,3,2.4943,0.5057,0
User_Rating,40211133,40BA141,4,3.0662,0.9338,0
User_Rating,40211144,40BA081,2,2.8363,0.8363,0
User_Rating,40211114,40BQ321,1,3.3209,2.3209,0
User_Rating,40311205,40BD012,5,3.4241,1.5759,0
User_Rating,40411212,40BA012,1,1.4558,0.4558,0
User_Rating,40211202,40BR322,3,3.8116,0.8116,0
User_Rating,40411243,40BR472,1,3.5635,2.5635,0
User_Rating,40211105,40BR242,4,2.2751,1.7249,0
User_Rating,40511210,40BA012,2,2.2443,0.2443,0
User_Rating,40411213,40BA012,4,2.3078,1.6922,0
User_Rating,40211237,40BD032,4,3.7882,0.2118,0
User_Rating,40311230,40BR042,2,3.2352,1.2352,0
User_Rating,40511238,40BA012,5,1.5512,3.4488,0
User_Rating,40411246,40BR022,4,3.2085,0.7915,0
User_Rating,40411151,40BA021,3,1.4446,1.5554,0
User_Rating,40311155,40BC071,3,2.5321,0.4679,0
User_Rating,40311244,40BR022,3,3.7713,0.7713,0
User_Rating,40311209,40BA222,2,3.0017,1.0017,0
User_Rating,40211242,40UN160,3,3.1731,0.1731,0
User_Rating,40411215,40BD012,3,3.9769,0.9769,0
User_Rating,40211118,40BA051,4,3.0021,0.9979,0
User_Rating,40211129,40KE011,3,2.9092,0.0908,2
User_Rating,40211108,409Z481,5,4.8964,0.1036,0
User_Rating,40311229,40BA122,3,2.3481,0.6519,0
User_Rating,40211216,40BR072,5,4.3621,0.6379,0
User_Rating,40211144,40BQ401,1,3.3982,2.3982,0
User_Rating,40311202,40BA012,2,3.6879,1.6879,0
User_Rating,40211209,40BA122,3,2.6934,0.3066,0
User_Rating,40411134,40BA061,1,1.7133,0.7133,0
User_Rating,40211238,40BA012,1,1.9453,0.9453,0
User_Rating,40211108,409Z501,5,5.0,0.0,0
User_Rating,40311110,40BA011,2,1.7164,0.2836,0
User_Rating,40411140,40BA011,1,2.0217,1.0217,0
User_Rating,40311106,40BA051,3,3.1058,0.1058,0
User_Rating,40311141,40BA051,1,1.5452,0.5452,0
User_Rating,40511125,40BA011,1,2.2938,1.2938,0
User_Rating,40211207,40B9572,4,3.8812,0.1188,0
User_Rating,40511130,40B0291,4,2.5192,1.4808,0
User_Rating,40311113,40BA081,2,2.5782,0.5782,0
User_Rating,40411215,40BA082,2,2.7176,0.7176,0
User_Rating,40211126,40BC061,1,3.2617,2.2617,0
User_Rating,40311208,40BA062,4,1.2185,2.7815,0
User_Rating,40211153,40BC061,4,3.4363,0.5637,0
User_Rating,40211132,40BQ371,2,3.6675,1.6675,0
User_Rating,40211232,40BA022,1,1.6088,0.6088,0
User_Rating,40411104,40BC011,2,2.4966,0.4966,0
User_Rating,40211104,40BQ421,2,3.3579,1.3579,0
User_Rating,40211211,40BA132,3,2.922,0.078,0
User_Rating,40311202,40B8932,3,4.4545,1.4545,0
User_Rating,40311207,40B8932,4,4.2143,0.2143,0
User_Rating,40411240,40BA102,4,3.1815,0.8185,0
User_Rating,40211123,40BC051,4,3.4306,0.5694,0
User_Rating,40411252,40BA102,2,3.3075,1.3075,0
User_Rating,40311139,40BA011,1,2.4343,1.4343,0
User_Rating,40211241,40BA012,4,2.9145,1.0855,0
User_Rating,40311105,40BA051,1,2.1553,1.1553,0
User_Rating,40211103,40BA131,3,3.3184,0.3184,0
User_Rating,40411122,40BA061,1,1.1039,0.1039,0
User_Rating,40211226,40BR072,4,4.1246,0.1246,0
User_Rating,40211231,40BA052,1,3.0926,2.0926,0
User_Rating,40411241,40BD012,4,3.8838,0.1162,0
User_Rating,40211223,40BR032,4,3.1382,0.8618,0
User_Rating,40311233,40BR372,4,4.1203,0.1203,0
User_Rating,40205303,40BA102,1,2.3599,1.3599,0
User_Rating,40211118,40B9662,5,4.3963,0.6037,0
User_Rating,40411130,409A013,1,1.2994,0.2994,0
User_Rating,40211109,40B9662,4,4.2001,0.2001,0
User_Rating,40312142,40BA221,3,2.9359,0.0641,0
User_Rating,40411212,40BA102,4,3.2131,0.7869,0
User_Rating,40211133,40BQ321,4,3.1422,0.8578,0
User_Rating,40411205,409A013,1,2.077,1.077,0
User_Rating,40211247,40BA122,3,2.7791,0.2209,0
User_Rating,40511255,40BA052,4,2.0866,1.9134,0
User_Rating,40211141,40BQ171,4,4.067,0.067,0
User_Rating,40411150,40BA061,1,1.5544,0.5544,0
User_Rating,40411207,40BA222,1,3.1436,2.1436,0
User_Rating,40311159,40BA011,1,2.1186,1.1186,0
User_Rating,40211244,40BA132,2,1.8789,0.1211,0
User_Rating,40211223,40BA022,5,2.0147,2.9853,0
User_Rating,40311140,40BQ141,5,2.8228,2.1772,0
User_Rating,40311212,40BA022,1,2.1662,1.1662,0
User_Rating,40211113,40BQ021,1,1.5543,0.5543,0
User_Rating,40311116,40BA011,2,3.6948,1.6948,0
User_Rating,40411111,40BC071,1,1.3281,0.3281,0
User_Rating,40311140,40BC021,5,4.1513,0.8487,0
User_Rating,40211216,40BR322,5,2.9937,2.0063,0
User_Rating,40211228,40BA102,4,3.6434,0.3566,0
User_Rating,40311240,40BA052,1,2.4123,1.4123,0
User_Rating,40411251,40BA012,1,1.7891,0.7891,0
User_Rating,40211206,40BA052,3,2.2095,0.7905,0
User_Rating,40311155,40BA221,2,2.7352,0.7352,0
User_Rating,40311224,40BR022,1,2.6488,1.6488,0
User_Rating,40411213,40B0292,4,3.4801,0.5199,0
User_Rating,40211267,40BA152,3,2.5796,0.4204,0
User_Rating,40311213,40BA012,1,1.9384,0.9384,0
User_Rating,40211103,40BA011,1,1.6579,0.6579,0
User_Rating,40211121,40BA141,3,3.1033,0.1033,0
User_Rating,40411236,40BA222,4,2.7401,1.2599,0
User_Rating,40211223,40BR042,4,2.2797,1.7203,0
User_Rating,40411244,40BD012,4,3.6161,0.3839,0
User_Rating,40211259,40BA082,1,3.4222,2.4222,0
User_Rating,40311134,40BA061,1,2.3553,1.3553,0
User_Rating,40211151,40PQ041,4,4.4765,0.4765,0
User_Rating,40511111,40BA051,1,1.6469,0.6469,0
User_Rating,40411225,40BA052,2,2.9599,0.9599,0
User_Rating,40211224,40BD052,1,2.3216,1.3216,0
User_Rating,40211236,40BA052,1,2.4123,1.4123,0
User_Rating,40211163,40BC061,1,2.3923,1.3923,0
User_Rating,40511202,40B0292,5,3.8549,1.1451,0
User_Rating,40411246,40BA102,3,3.547,0.547,0
User_Rating,40211117,40BQ171,1,3.8591,2.8591,0
User_Rating,40311146,40BQ311,1,2.8833,1.8833,0
User_Rating,40411146,40BC011,2,1.8598,0.1402,0
User_Rating,40311104,40BA221,1,2.2805,1.2805,0
User_Rating,40311202,40BA122,4,2.6475,1.3525,0
User_Rating,40211216,409Z501,5,5.0,0.0,0
User_Rating,40211103,40BC051,2,2.7785,0.7785,0
User_Rating,40411238,40BA102,4,3.3415,0.6585,0
User_Rating,40311131,40BA141,1,2.4429,1.4429,0
User_Rating,40211244,40BR372,4,3.2211,0.7789,0
User_Rating,40311243,40BR072,4,3.7878,0.2122,0
User_Rating,40211220,40BA152,4,2.9859,1.0141,0
User_Rating,40311140,40BC011,2,2.2134,0.2134,0
User_Rating,40411209,40BR022,2,3.2383,1.2383,0
User_Rating,40311219,40BR022,3,2.989,0.011,0
User_Rating,40311139,40BA131,1,2.8848,1.8848,0
User_Rating,40211132,40KN633,4,2.0,2.0,0
User_Rating,40211147,40BQ321,2,3.4823,1.4823,0
User_Rating,40411241,40BA022,1,2.4431,1.4431,0
User_Rating,40211223,40BA092,5,3.159,1.841,0
User_Rating,40411127,40BQ031,5,2.937,2.063,0
User_Rating,40411159,40BQ031,3,2.1621,0.8379,0
User_Rating,40411221,40BR472,5,3.5203,1.4797,0
User_Rating,40211242,40BA092,5,3.986,1.014,0
User_Rating,40411105,40BA051,3,2.2964,0.7036,0
User_Rating,40211112,40BA091,1,1.0,0.0,0
User_Rating,40211165,40BA151,3,3.876,0.876,0
User_Rating,40311157,40BC021,4,3.4663,0.5337,0
User_Rating,40311211,40K0051,2,1.0,1.0,0
User_Rating,40411101,40BR472,4,2.2912,1.7088,0
User_Rating,40411258,40BA082,3,2.4481,0.5519,0
User_Rating,40211115,40BA131,2,3.3185,1.3185,0
User_Rating,40411244,40BA102,3,3.3317,0.3317,0
User_Rating,40211123,40BA091,2,1.8648,0.1352,0
User_Rating,40211219,40BA012,4,1.856,2.144,0
User_Rating,40311260,40BD012,4,3.5699,0.4301,0
User_Rating,40211141,40BQ021,4,2.4821,1.5179,0
User_Rating,40211132,40BC051,1,1.9767,0.9767,0
User_Rating,40211252,40BA082,3,3.5536,0.5536,0
User_Rating,40411115,40BA061,1,1.7495,0.7495,0
User_Rating,40211136,40BA021,5,3.2318,1.7682,0
User_Rating,40211213,40BR222,4,3.4474,0.5526,0
User_Rating,40211208,40BA221,2,1.3272,0.6728,0
User_Rating,40211225,40BR122,5,4.1648,0.8352,0
User_Rating,40311108,40BA121,1,2.7905,1.7905,0
User_Rating,40211252,409D021,3,2.0,1.0,0
User_Rating,40211248,40BA062,2,1.6667,0.3333,0
User_Rating,40311204,40BA082,5,3.8882,1.1118,0
User_Rating,40211263,40BA132,2,1.8689,0.1311,0
User_Rating,40311212,40BA132,2,3.6638,1.6638,0
User_Rating,40211225,40BA142,4,4.1212,0.1212,0
User_Rating,40211209,40BA012,1,2.2394,1.2394,0
User_Rating,40211207,40BR072,5,4.0208,0.9792,0
User_Rating,40211215,40BR032,1,2.9817,1.9817,0
User_Rating,40311135,40BA051,3,3.0011,0.0011,0
User_Rating,40311212,40BA012,1,1.6324,0.6324,0
User_Rating,40411258,40BD012,4,3.557,0.443,0
User_Rating,40211157,40BA091,1,1.8956,0.8956,0
User_Rating,40320326,40BC011,1,1.4521,0.4521,0
User_Rating,40211156,40BA101,3,2.3119,0.6881,0
User_Rating,40211224,40BA142,3,4.083,1.083,0
User_Rating,40311113,40B0291,1,3.5926,2.5926,0
User_Rating,40311224,40BA062,1,2.0786,1.0786,0
User_Rating,40311230,40BR372,3,3.3258,0.3258,0
User_Rating,40411257,40B0292,4,3.5477,0.4523,0
User_Rating,40411167,40BA221,2,1.4971,0.5029,0
User_Rating,40211141,40B9651,4,3.5734,0.4266,0
User_Rating,40211229,433A021,1,1.0,0.0,0
User_Rating,40311208,40BR072,3,3.7758,0.7758,0
User_Rating,40211135,40BA081,2,2.465,0.465,0
User_Rating,40311214,40BA022,1,1.4331,0.4331,0
User_Rating,40411164,40BC011,1,1.6784,0.6784,0
User_Rating,40211103,40B0291,2,2.2955,0.2955,0
User_Rating,40211220,40BA102,5,2.8693,2.1307,0
User_Rating,40411217,40BD012,5,3.6626,1.3374,0
User_Rating,40311210,409A011,1,1.0,0.0,0
User_Rating,40211203,40BD012,5,3.2117,1.7883,0
User_Rating,40211136,40BA151,4,3.7276,0.2724,0
User_Rating,40211115,40BA081,2,3.2112,1.2112,0
User_Rating,40411215,40BA222,3,2.4148,0.5852,0
User_Rating,40211246,40BA092,5,3.5317,1.4683,0
User_Rating,40311123,40BQ031,2,2.3466,0.3466,0
User_Rating,40411117,40BA101,1,1.325,0.325,0
User_Rating,40411101,40BA102,3,3.3804,0.3804,0
User_Rating,40311206,40BA122,2,2.4474,0.4474,0
User_Rating,40411160,40BA021,3,1.9574,1.0426,0
User_Rating,40211109,40BQ371,4,3.8798,0.1202,0
User_Rating,40211139,40BA091,1,1.4634,0.4634,0
User_Rating,40311173,40BQ341,4,4.4398,0.4398,0
User_Rating,40411148,40BA061,5,1.8646,3.1354,0
User_Rating,40211164,40BA121,3,3.415,0.415,0
User_Rating,40311232,40BA222,2,3.6972,1.6972,0
User_Rating,40311122,40BQ031,2,2.4367,0.4367,0
User_Rating,40211146,40B0291,2,2.965,0.965,0
User_Rating,40511235,40BA012,1,1.959,0.959,0
User_Rating,40211207,40BA082,3,3.4497,0.4497,0
User_Rating,40320310,40BC021,3,3.056,0.056,0
User_Rating,40411254,40BA082,3,2.7577,0.2423,0
User_Rating,40211230,40BD012,3,3.6631,0.6631,0
User_Rating,40511219,40BA012,1,2.4958,1.4958,1
User_Rating,40211224,40BR122,2,4.1052,2.1052,0
User_Rating,40211249,40BR222,5,3.7071,1.2929,0
User_Rating,40311129,40BA051,1,2.7017,1.7017,0
User_Rating,40311142,40BA051,1,2.2234,1.2234,0
User_Rating,40311237,40BA132,1,3.9924,2.9924,0
User_Rating,40211146,40UN080,2,3.1925,1.1925,0
User_Rating,40211257,40BA082,3,3.0688,0.0688,0
User_Rating,40211136,40BA081,4,3.8164,0.1836,0
User_Rating,40211246,40BR372,4,3.1357,0.8643,0
User_Rating,40311233,40BQ512,4,3.8828,0.1172,0
User_Rating,40511205,40BA012,5,2.2443,2.7557,0
User_Rating,40311207,40BR072,3,3.3321,0.3321,0
User_Rating,40311130,40BA221,1,2.3487,1.3487,0
User_Rating,40311105,40BA221,1,2.3582,1.3582,0
User_Rating,40211256,40BA082,4,3.725,0.275,0
User_Rating,40211141,40BA121,4,3.4382,0.5618,0
User_Rating,40211122,40BC061,3,2.8853,0.1147,0
User_Rating,40312142,40BA061,1,3.5333,2.5333,0
User_Rating,40411117,40BA081,1,1.7826,0.7826,0
User_Rating,40511138,40B0291,3,3.5195,0.5195,0
User_Rating,40111230,40BA142,1,4.082,3.082,0
User_Rating,40311259,40BA132,4,3.5925,0.4075,0
User_Rating,40211146,40BQ321,3,3.2266,0.2266,0
User_Rating,40211102,40BA131,5,3.7314,1.2686,0
User_Rating,40311137,40BA051,3,3.6489,0.6489,0
User_Rating,40311123,40BQ321,2,3.5323,1.5323,0
User_Rating,40311131,40BC051,3,2.9222,0.0778,0
User_Rating,40211230,40BA132,3,2.4151,0.5849,0
User_Rating,40311255,40BA052,2,2.4177,0.4177,0
User_Rating,40411118,40BA021,1,2.2227,1.2227,0
User_Rating,40411211,40BR472,1,3.6176,2.6176,0
User_Rating,40211134,40IN662,3,4.0,1.0,0
User_Rating,40311132,40BQ331,1,2.3542,1.3542,0
User_Rating,40211223,40BA052,5,2.0574,2.9426,0
User_Rating,40211135,40B0291,3,3.0101,0.0101,0
User_Rating,40311111,40BC021,4,4.0007,0.0007,0
User_Rating,40511151,40BA011,3,1.3405,1.6595,0
User_Rating,40211242,40BA122,5,3.0057,1.9943,0
User_Rating,40411213,40BA102,4,3.4553,0.5447,0
User_Rating,40211116,40BQ331,3,2.8895,0.1105,0
User_Rating,40311157,40BC071,5,2.9863,2.0137,0
User_Rating,40211129,40BA131,5,3.7042,1.2958,0
User_Rating,40311134,40BA021,1,2.3564,1.3564,0
User_Rating,40211115,40BQ331,1,2.2149,1.2149,0
User_Rating,40211208,40BA012,1,2.6543,1.6543,0
User_Rating,40311119,40BA061,2,3.5596,1.5596,0
User_Rating,40511233,40B0292,4,2.6855,1.3145,0
User_Rating,40211217,40BR242,4,2.7591,1.2409,0
User_Rating,40211249,40BD052,3,2.8237,0.1763,0
User_Rating,40411256,40BA222,3,2.7729,0.2271,0
User_Rating,40211217,40BA082,3,3.41,0.41,0
User_Rating,40211209,40BR372,4,3.0855,0.9145,0
User_Rating,40311237,40BA082,4,3.9058,0.0942,0
User_Rating,40311122,40BA021,4,2.9616,1.0384,0
User_Rating,40211137,40BA101,2,2.114,0.114,0
User_Rating,40211141,40BA021,5,2.6954,2.3046,0
User_Rating,40311138,40BC011,1,1.9079,0.9079,0
User_Rating,40411237,40BA022,1,2.1978,1.1978,0
User_Rating,40411127,40BA021,2,2.5646,0.5646,0
User_Rating,40211151,40UN070,4,3.9809,0.0191,0
User_Rating,40211237,40BA132,1,2.636,1.636,0
User_Rating,40311118,40BC011,3,1.8641,1.1359,0
User_Rating,40211129,40KA393,5,2.9092,2.0908,2
User_Rating,40311137,40BC071,4,3.5542,0.4458,0
User_Rating,40211126,40BA121,3,3.3326,0.3326,0
User_Rating,40511201,40B0292,5,3.0848,1.9152,0
User_Rating,40311260,40BA021,2,1.6094,0.3906,0
User_Rating,40311266,40BQ512,3,3.5894,0.5894,0
User_Rating,40211106,40BQ391,4,3.4332,0.5668,0
User_Rating,40211219,40BA022,4,2.6687,1.3313,0
User_Rating,40411114,40BA051,3,3.2033,0.2033,0
User_Rating,40411225,40B0292,4,3.3179,0.6821,0
User_Rating,40211125,40BQ391,4,3.5825,0.4175,0
User_Rating,40511225,40BA052,4,2.6203,1.3797,0
User_Rating,40211147,40BA121,1,2.7173,1.7173,0
User_Rating,40311258,40BR042,5,3.8797,1.1203,0
User_Rating,40411210,40B0292,4,3.6456,0.3544,0
User_Rating,40211241,40BA092,4,4.1743,0.1743,0
User_Rating,40211242,40BA012,4,2.7904,1.2096,0
User_Rating,40311254,40BA012,3,2.0047,0.9953,0
User_Rating,40411151,40BC071,4,1.1086,2.8914,0
User_Rating,40311216,40BA102,3,2.5892,0.4108,0
User_Rating,40211134,40BQ021,3,2.2261,0.7739,0
User_Rating,40311111,40BA101,2,2.4638,0.4638,0
User_Rating,40211165,40BA131,2,3.4133,1.4133,0
User_Rating,40311226,40BD012,4,3.5653,0.4347,0
User_Rating,40211138,40BA151,5,3.6813,1.3187,0
User_Rating,40411152,40BA021,2,2.4246,0.4246,0
User_Rating,40211215,40BR042,1,1.5005,0.5005,0
User_Rating,40411258,40BR022,3,2.3524,0.6476,0
User_Rating,40511252,40B0292,2,2.6855,0.6855,0
User_Rating,40311216,40BR372,4,3.5509,0.4491,0
User_Rating,40211250,40BA082,4,3.3291,0.6709,0
User_Rating,40411109,40BD012,5,3.7646,1.2354,0
User_Rating,40211252,40BR042,4,3.103,0.897,0
User_Rating,40311157,40BQ141,4,2.7424,1.2576,0
User_Rating,40411166,40BA221,3,1.1364,1.8636,0
User_Rating,40311114,40BC021,4,4.2199,0.2199,0
User_Rating,40211132,40BQ381,1,2.3117,1.3117,0
User_Rating,40211250,40BA122,3,3.0015,0.0015,0
User_Rating,40411147,40BQ031,4,2.5799,1.4201,0
User_Rating,40311114,40BA061,4,3.3315,0.6685,0
User_Rating,40211109,40BA081,2,3.3191,1.3191,0
User_Rating,40311135,40BA101,5,2.8504,2.1496,0
User_Rating,40211111,40BC021,2,2.7786,0.7786,0
User_Rating,40311159,40BA061,1,1.4339,0.4339,0
User_Rating,40411141,40BA021,1,2.3116,1.3116,0
User_Rating,40411248,40BA052,4,1.7563,2.2437,0
User_Rating,40311157,40BA051,2,3.3249,1.3249,0
User_Rating,40411258,40MN111,1,3.0,2.0,0
User_Rating,40211233,433A012,1,2.0,1.0,0
User_Rating,40411252,40BD012,2,3.3072,1.3072,0
User_Rating,40211130,40BQ401,2,3.5007,1.5007,0
User_Rating,40211164,40BA141,5,2.936,2.064,0
User_Rating,40211207,40BA152,4,2.9261,1.0739,0
User_Rating,40211202,40BA122,2,3.44,1.44,0
User_Rating,40211263,40BA152,1,2.4246,1.4246,0
User_Rating,40311123,40BA101,1,2.7264,1.7264,0
User_Rating,40411152,40BA221,2,2.2408,0.2408,0
User_Rating,40311232,40BA082,3,3.8996,0.8996,0
User_Rating,40211231,40BA062,1,1.7902,0.7902,0
User_Rating,40211127,40B9651,5,3.5152,1.4848,0
User_Rating,40311211,40BR072,4,2.5771,1.4229,0
User_Rating,40211226,40BA012,5,2.791,2.209,0
User_Rating,40211216,40BA102,4,3.3113,0.6887,0
User_Rating,40211231,40B0292,2,2.7509,0.7509,0
User_Rating,40411147,40BA021,4,2.7987,1.2013,0
User_Rating,40311206,40BA102,4,3.4463,0.5537,0
User_Rating,40211202,40BR222,4,3.7343,0.2657,0
User_Rating,40211106,40BQ371,4,3.8294,0.1706,0
User_Rating,40311206,40BA012,2,3.0224,1.0224,0
User_Rating,40311248,40BR042,5,3.9175,1.0825,0
User_Rating,40211123,40BA061,4,4.5498,0.5498,0
User_Rating,40211211,40BA142,4,4.105,0.105,0
User_Rating,40311233,40BA052,5,3.7425,1.2575,0
User_Rating,40411228,40BA012,3,1.7567,1.2433,0
User_Rating,40311233,40BR022,3,3.5521,0.5521,0
User_Rating,40311112,40BQ311,4,3.4551,0.5449,0
User_Rating,40511262,40B0292,2,2.6855,0.6855,0
User_Rating,40211103,40BA101,1,1.9096,0.9096,0
User_Rating,40311208,40BR022,3,3.5407,0.5407,0
User_Rating,40411244,40BA082,3,2.4534,0.5466,0
User_Rating,40411157,40B0291,3,2.5206,0.4794,0
User_Rating,40411125,40BA051,1,1.3651,0.3651,0
User_Rating,40211116,40BC011,2,2.5492,0.5492,0
User_Rating,40311104,40BA011,1,3.2726,2.2726,0
User_Rating,40511128,40BA051,1,1.5452,0.5452,0
User_Rating,40211235,40BA062,2,2.958,0.958,0
User_Rating,40511104,40BA051,4,1.6469,2.3531,0
User_Rating,40411126,40BA061,1,1.4103,0.4103,0
User_Rating,40211106,40BC011,1,2.0312,1.0312,0
User_Rating,40211238,40BD032,3,3.3463,0.3463,0
User_Rating,40211139,40BA131,4,3.7718,0.2282,0
User_Rating,40211161,409A023,1,5.0,4.0,0
User_Rating,40411130,40BA061,1,1.9809,0.9809,0
User_Rating,40411238,40BD012,4,3.8982,0.1018,0
User_Rating,40311255,40BA012,2,1.6598,0.3402,0
User_Rating,40411222,40BA012,1,2.419,1.419,0
User_Rating,40311120,40B0291,3,3.8659,0.8659,0
User_Rating,40211244,40B9662,3,4.532,1.532,0
User_Rating,40311208,40BA122,3,2.8634,0.1366,0
User_Rating,40211250,40BA132,2,2.7636,0.7636,0
User_Rating,40311117,40BC011,2,1.5381,0.4619,0
User_Rating,40211245,40BD032,3,3.5511,0.5511,0
User_Rating,40311245,40BR372,2,3.7611,1.7611,0
User_Rating,40411104,40BA051,3,2.7312,0.2688,0
User_Rating,40211250,40BR032,4,3.0112,0.9888,0
User_Rating,40211102,40BQ021,5,2.4589,2.5411,0
User_Rating,40311236,40BA022,4,2.4431,1.5569,0
User_Rating,40411101,409A013,1,1.4512,0.4512,0
User_Rating,40511259,40B0292,4,3.866,0.134,0
User_Rating,40511112,40BA051,1,1.5452,0.5452,0
User_Rating,40211222,40BR072,5,3.9032,1.0968,0
User_Rating,40311129,40BA021,1,2.4713,1.4713,0
User_Rating,40411220,40BR472,3,3.6381,0.6381,0
User_Rating,40211113,40KT142,4,4.6483,0.6483,0
User_Rating,40511218,40BA052,4,2.5331,1.4669,1
User_Rating,40211113,40BQ371,4,3.132,0.868,0
User_Rating,40311235,40BD032,2,2.3799,0.3799,0
User_Rating,40511252,40BA052,3,2.4943,0.5057,0
User_Rating,40211108,409Z491,5,4.3183,0.6817,0
User_Rating,40411229,40BA052,3,1.6528,1.3472,0
User_Rating,40311116,40BQ321,3,3.6789,0.6789,0
User_Rating,40411248,40BA062,4,2.7535,1.2465,0
User_Rating,40411148,40BC071,5,1.2057,3.7943,0
User_Rating,40211107,40BA151,3,3.3112,0.3112,0
User_Rating,40211246,40B9561,4,4.0,0.0,0
User_Rating,40211248,40BR372,3,3.5594,0.5594,0
User_Rating,40211228,40RR072,2,4.0,2.0,0
User_Rating,40311105,40BQ031,1,1.9056,0.9056,0
User_Rating,40211153,40BC011,2,1.6783,0.3217,0
User_Rating,40511122,40B0291,2,2.9058,0.9058,0
User_Rating,40211202,40BR032,2,3.4383,1.4383,0
User_Rating,40311132,40BA131,2,2.9093,0.9093,0
User_Rating,40311120,40BA141,3,2.461,0.539,0
User_Rating,40311129,40BA061,2,2.8001,0.8001,0
User_Rating,40311104,40BQ331,3,2.3487,0.6513,0
User_Rating,40311162,40BA061,1,2.8402,1.8402,0
User_Rating,40205303,40BR042,1,2.2301,1.2301,0
User_Rating,40311104,40BA061,2,3.8024,1.8024,0
User_Rating,40211162,40BC011,3,2.2113,0.7887,0
User_Rating,40411153,40B0291,4,2.5841,1.4159,0
User_Rating,40411159,40BA061,3,1.9493,1.0507,0
User_Rating,40311245,40BA052,2,3.1796,1.1796,0
User_Rating,40211164,40BQ371,4,4.0114,0.0114,0
User_Rating,40311115,40BA051,1,1.2156,0.2156,0
User_Rating,40411110,40BA051,2,1.6817,0.3183,0
User_Rating,40311202,40BA052,5,3.9905,1.0095,0
User_Rating,40411166,40BQ311,2,2.7445,0.7445,0
User_Rating,40311161,40BC011,2,2.1929,0.1929,0
User_Rating,40311253,40BR372,4,3.4659,0.5341,0
User_Rating,40211216,40BD052,5,3.1057,1.8943,0
User_Rating,40411219,40BA222,4,2.8288,1.1712,0
User_Rating,40411214,40BA082,3,2.4075,0.5925,0
User_Rating,40311104,40BQ341,3,4.3601,1.3601,0
User_Rating,40211101,40BA141,5,2.6354,2.3646,0
User_Rating,40411126,40BA021,2,1.728,0.272,0
User_Rating,40311257,40B8932,5,4.1256,0.8744,0
User_Rating,40311108,40BQ331,3,2.6816,0.3184,0
User_Rating,40211103,40BA051,4,2.2477,1.7523,0
User_Rating,40211215,40BA012,1,2.3194,1.3194,0
User_Rating,40211103,40BA061,4,4.4293,0.4293,0
User_Rating,40411127,40BA012,1,1.22,0.22,0
User_Rating,40411130,40BR472,3,2.5107,0.4893,0
User_Rating,40211118,40BA011,3,2.431,0.569,0
User_Rating,40311207,40BR372,5,3.3295,1.6705,0
User_Rating,40211129,40BA021,4,2.8974,1.1026,0
User_Rating,40211244,40BA012,3,2.3526,0.6474,0
User_Rating,40511226,40BA052,3,2.5331,0.4669,1
User_Rating,40311169,40BC011,1,1.7904,0.7904,0
User_Rating,40411105,40BC071,4,2.4366,1.5634,0
User_Rating,40411113,40BC071,5,2.1417,2.8583,0
User_Rating,40411111,40BA051,3,1.2209,1.7791,0
User_Rating,40311120,40BQ141,4,3.6354,0.3646,0
User_Rating,40511142,40BA011,3,1.2161,1.7839,0
User_Rating,40211101,40BC051,3,3.0009,0.0009,0
User_Rating,40411253,40B0292,3,2.6699,0.3301,0
User_Rating,40511258,40BA052,2,1.7685,0.2315,0
User_Rating,40311245,40BR042,3,3.3178,0.3178,0
User_Rating,40311146,40BQ331,1,2.5433,1.5433,0
User_Rating,40211257,40BR032,1,2.9114,1.9114,0
User_Rating,40411133,40BC071,1,1.5596,0.5596,0
User_Rating,40411236,40BD012,4,3.9758,0.0242,0
User_Rating,40411233,40BQ311,3,3.0,0.0,0
User_Rating,40211209,40BA221,1,1.3458,0.3458,0
User_Rating,40211127,40BA021,3,3.2147,0.2147,0
User_Rating,40311221,40BQ512,3,3.6517,0.6517,0
User_Rating,40211206,409Z501,5,5.0,0.0,0
User_Rating,40211109,40BA121,2,3.4487,1.4487,0
User_Rating,40211162,40BC051,3,3.3254,0.3254,0
User_Rating,40211204,40BA052,1,2.4123,1.4123,0
User_Rating,40411138,40BA081,1,2.4347,1.4347,0
User_Rating,40211230,40BA012,4,2.5817,1.4183,0
User_Rating,40511219,40B0292,1,3.3106,2.3106,1
User_Rating,40320326,40BA131,3,2.9948,0.0052,0
User_Rating,40211242,40BR082,5,4.0298,0.9702,0
User_Rating,40211136,40BA121,4,3.4742,0.5258,0
User_Rating,40211121,40BQ021,2,2.1984,0.1984,0
User_Rating,40311210,40BR072,3,3.2261,0.2261,0
User_Rating,40311138,40BA221,1,2.4643,1.4643,0
User_Rating,40211259,409D021,2,2.0,0.0,0
User_Rating,40311256,40BA082,4,4.0092,0.0092,0
User_Rating,40211122,40BQ171,4,3.22,0.78,0
User_Rating,40211150,40BA091,1,1.6442,0.6442,0
User_Rating,40311155,40BQ321,3,3.3318,0.3318,0
User_Rating,40411259,40BA012,1,1.959,0.959,0
User_Rating,40411110,40BC011,1,1.7592,0.7592,0
User_Rating,40211235,40BD032,4,3.3501,0.6499,0
User_Rating,40211123,40BA051,3,2.7703,0.2297,0
User_Rating,40211256,40BR032,5,3.37,1.63,0
User_Rating,40211219,40B0292,4,4.0878,0.0878,0
User_Rating,40511117,40B0291,4,3.5195,0.4805,0
User_Rating,40211117,40BC061,3,3.2927,0.2927,0
User_Rating,40211257,40BD012,3,3.5462,0.5462,0
User_Rating,40211249,40BA062,3,2.5714,0.4286,0
User_Rating,40111256,40BR222,1,4.3194,3.3194,0
User_Rating,40211161,40BC021,4,2.5252,1.4748,0
User_Rating,40211101,40BA091,4,1.7902,2.2098,0
User_Rating,40211255,433A012,1,2.0,1.0,0
User_Rating,40311242,40B0292,2,3.4202,1.4202,0
User_Rating,40311157,40BA101,5,2.239,2.761,0
User_Rating,40205303,433A021,1,1.0611,0.0611,0
User_Rating,40511224,40BA052,2,2.4943,0.4943,0
User_Rating,40211247,40BA142,4,4.0117,0.0117,0
User_Rating,40211252,40BA152,3,3.4041,0.4041,0
User_Rating,40311153,40BQ311,3,3.1597,0.1597,0
User_Rating,40311260,40B8932,5,3.8921,1.1079,0
User_Rating,40511105,40BA011,3,2.2938,0.7062,0
User_Rating,40211129,40IN041,5,5.0,0.0,0
User_Rating,40511141,40B0291,4,3.5195,0.4805,0
User_Rating,40211133,40BQ371,4,4.2362,0.2362,0
User_Rating,40211215,40BR322,2,2.1321,0.1321,0
User_Rating,40211234,40BR322,4,3.4797,0.5203,0
User_Rating,40320310,40BA131,2,2.3995,0.3995,0
User_Rating,40311130,40BC051,3,2.206,0.794,0
User_Rating,40211152,40BA011,1,1.8676,0.8676,0
User_Rating,40311231,40BR042,4,3.6567,0.3433,0
User_Rating,40211243,40B0292,2,1.8769,0.1231,0
User_Rating,40411244,40BA222,3,2.2351,0.7649,0
User_Rating,40211110,40UN120,5,2.9092,2.0908,2
User_Rating,40411128,40BA051,3,2.234,0.766,0
User_Rating,40311137,40BA121,4,3.3142,0.6858,0
User_Rating,40211257,40BR242,1,2.7656,1.7656,0
User_Rating,40411127,40B0291,5,3.431,1.569,0
User_Rating,40311134,40BC071,2,3.0057,1.0057,0
User_Rating,40411141,40BQ031,1,2.5667,1.5667,0
User_Rating,40211238,433A012,2,2.0,0.0,0
User_Rating,40311152,40BA081,4,1.9002,2.0998,0
User_Rating,40211123,40BA081,4,3.4598,0.5402,0
User_Rating,40211112,40BA061,4,3.1552,0.8448,0
User_Rating,40411251,40BA222,3,2.5122,0.4878,0
User_Rating,40211247,40BA132,2,2.7657,0.7657,0
User_Rating,40311241,40BA052,1,3.2239,2.2239,0
User_Rating,40311133,40BQ141,5,2.4974,2.5026,0
User_Rating,40211232,40B0292,1,2.0839,1.0839,0
User_Rating,40211201,40BA012,2,3.011,1.011,0
User_Rating,40411222,40BR472,3,3.0164,0.0164,0
User_Rating,40211110,40B0291,2,2.5427,0.5427,0
User_Rating,40211249,40BA132,3,2.8155,0.1845,0
User_Rating,40211147,40BQ031,1,2.7235,1.7235,0
User_Rating,40411258,40BR472,3,2.9845,0.0155,0
User_Rating,40311119,40BA121,2,2.8632,0.8632,0
User_Rating,40211256,40BA092,5,3.6756,1.3244,0
User_Rating,40211109,40BC061,4,2.6549,1.3451,0
User_Rating,40311253,40BD012,3,3.5585,0.5585,0
User_Rating,40311106,40BA141,2,2.5405,0.5405,0
User_Rating,40411134,40BA081,2,2.0684,0.0684,0
User_Rating,40211209,40BD012,3,3.0094,0.0094,0
User_Rating,40311130,40BA081,2,3.8955,1.8955,0
User_Rating,40311221,40BR372,2,3.6997,1.6997,0
User_Rating,40311140,40BA081,4,3.5669,0.4331,0
User_Rating,40211246,40BR222,5,3.4298,1.5702,0
User_Rating,40211139,40BQ371,4,3.7973,0.2027,0
User_Rating,40211113,40BC011,2,1.452,0.548,0
User_Rating,40311153,40BA081,4,3.7779,0.2221,0
User_Rating,40211105,40BA021,2,2.2391,0.2391,0
User_Rating,40211153,40BA121,3,3.5653,0.5653,0
User_Rating,40311230,40BA222,2,2.5393,0.5393,0
User_Rating,40311229,40BA022,3,2.8454,0.1546,0
User_Rating,40211239,40BA132,1,1.919,0.919,0
User_Rating,40411219,40BR472,4,4.1348,0.1348,0
User_Rating,40211137,40BA131,3,2.8844,0.1156,0
User_Rating,40211108,40BA091,2,1.7694,0.2306,0
User_Rating,40211263,40BD052,1,1.8939,0.8939,0
User_Rating,40327247,40BA021,1,1.6368,0.6368,0
User_Rating,40320326,40BC021,5,4.2296,0.7704,0
User_Rating,40211118,40BA151,5,3.7749,1.2251,0
User_Rating,40211128,40B0291,2,3.5293,1.5293,0
User_Rating,40211217,40BR322,4,3.0056,0.9944,0
User_Rating,40211133,40BA051,3,2.8802,0.1198,0
User_Rating,40311253,40BA102,3,3.0044,0.0044,0
User_Rating,40411160,40BC071,1,1.0,0.0,0
User_Rating,40211115,40BQ371,1,3.4482,2.4482,0
User_Rating,40211229,40BR342,4,3.2055,0.7945,0
User_Rating,40311245,40B8932,3,4.0755,1.0755,0
User_Rating,40333126,40BQ311,1,2.4895,1.4895,0
User_Rating,40211241,40BR072,5,4.5668,0.4332,0
User_Rating,40211229,40BA122,1,2.291,1.291,0
User_Rating,40411124,40BA101,1,2.4362,1.4362,0
User_Rating,40311113,40BA061,1,2.3804,1.3804,0
User_Rating,40211205,40BD052,3,3.0049,0.0049,0
User_Rating,40211146,40BQ381,3,2.6151,0.3849,0
User_Rating,40211201,40BR372,2,3.4252,1.4252,0
User_Rating,40411230,40BD012,4,3.6715,0.3285,0
User_Rating,40211216,40BA082,4,3.3353,0.6647,0
User_Rating,40511217,40BA052,2,2.4943,0.4943,0
User_Rating,40311107,40BA121,4,3.1139,0.8861,0
User_Rating,40311135,40BQ311,3,3.4438,0.4438,0
User_Rating,40211121,40BQ371,3,3.35,0.35,0
User_Rating,40411215,40BA102,4,3.5117,0.4883,0
User_Rating,40511210,40B0292,4,3.0848,0.9152,0
User_Rating,40211158,40BA022,2,3.9023,1.9023,0
User_Rating,40311104,40BC071,4,3.0338,0.9662,0
User_Rating,40311215,40BR072,4,3.4276,0.5724,0
User_Rating,40411101,40BQ031,5,2.2755,2.7245,0
User_Rating,40411240,40BA222,1,2.8645,1.8645,0
User_Rating,40311143,40BA011,1,1.337,0.337,0
User_Rating,40211255,433A021,2,1.0,1.0,0
User_Rating,40211225,40BR222,3,3.4624,0.4624,0
User_Rating,40211226,40B9572,4,3.8593,0.1407,0
User_Rating,40311249,40BR372,4,3.5412,0.4588,0
User_Rating,40311204,40BA222,4,3.8921,0.1079,0
User_Rating,40211115,40BQ321,1,2.8617,1.8617,0
User_Rating,40211201,409Q072,4,4.0,0.0,0
User_Rating,40211201,430R063,4,5.0,1.0,0
User_Rating,40211126,40BA021,2,3.2046,1.2046,0
User_Rating,40211113,40BA021,2,2.2869,0.2869,0
User_Rating,40211213,40BR322,3,3.5881,0.5881,0
User_Rating,40411242,40BD012,3,3.8919,0.8919,0
User_Rating,40311216,40BR072,3,3.2144,0.2144,0
User_Rating,40211102,40BA121,3,2.952,0.048,0
User_Rating,40311160,40BA021,1,1.9537,0.9537,0
User_Rating,40411128,40BQ311,2,3.1174,1.1174,0
User_Rating,40311121,40BQ031,1,2.7168,1.7168,0
User_Rating,40311202,40BA132,4,4.1184,0.1184,0
User_Rating,40311229,40BR372,4,4.2683,0.2683,0
User_Rating,40211230,40BD052,4,3.1151,0.8849,0
User_Rating,40411149,40BA011,5,2.374,2.626,0
User_Rating,40211237,40BD052,2,3.5554,1.5554,0
User_Rating,40211226,40BA052,4,2.1,1.9,0
User_Rating,40311113,40BC071,1,1.5047,0.5047,0
User_Rating,40211109,40BQ331,1,2.6769,1.6769,0
User_Rating,40211245,40B0292,2,4.2401,2.2401,0
User_Rating,40211222,40BA142,4,4.1057,0.1057,0
User_Rating,40411220,40BD012,2,3.4542,1.4542,0
User_Rating,40311173,40BA141,1,2.9439,1.9439,0
User_Rating,40311243,40BA132,5,4.1547,0.8453,0
User_Rating,40211209,40BA022,1,2.2235,1.2235,0
User_Rating,40211208,40BR042,1,1.9245,0.9245,0
User_Rating,40211208,40BR322,1,2.3819,1.3819,0
User_Rating,40311224,40BA052,1,2.1756,1.1756,0
User_Rating,40211117,409Z491,4,4.2447,0.2447,0
User_Rating,40211234,433A011,2,1.6807,0.3193,0
User_Rating,40211267,433A021,2,1.0,1.0,0
User_Rating,40411148,40BA051,5,2.253,2.747,0
User_Rating,40511205,40B0292,5,3.0848,1.9152,0
User_Rating,40211209,433A021,1,1.0,0.0,0
User_Rating,40211213,40BD032,4,3.5717,0.4283,0
User_Rating,40211166,40BC051,1,2.7076,1.7076,0
User_Rating,40411202,40BA012,1,2.1968,1.1968,0
User_Rating,40211230,40BR372,4,3.3264,0.6736,0
User_Rating,40211119,40BQ141,3,3.6386,0.6386,0
User_Rating,40311202,40BR372,5,4.4429,0.5571,0
User_Rating,40311128,40BC051,4,2.6587,1.3413,0
User_Rating,40511139,40BA051,1,1.1085,0.1085,0
User_Rating,40411114,40B0291,2,2.6834,0.6834,0
User_Rating,40211104,40BQ021,3,3.116,0.116,0
User_Rating,40311216,40B0292,3,2.4579,0.5421,0
User_Rating,40211107,40BQ141,1,2.2929,1.2929,0
User_Rating,40511222,40BA052,4,1.9721,2.0279,0
User_Rating,40311133,40BA051,3,2.9053,0.0947,0
User_Rating,40211120,40BA051,1,1.8642,0.8642,0
User_Rating,40511231,40B0292,1,3.8988,2.8988,0
User_Rating,40211214,40BR072,2,3.4198,1.4198,0
User_Rating,40211224,40BA122,2,2.9039,0.9039,0
User_Rating,40211147,40B0291,1,3.6968,2.6968,0
User_Rating,40211234,40BR222,5,4.0246,0.9754,0
User_Rating,40411102,40BQ311,3,2.7442,0.2558,0
User_Rating,40211141,40BC051,2,3.3573,1.3573,0
User_Rating,40205303,40BA152,1,2.9709,1.9709,0
User_Rating,40311216,40B8932,3,3.9207,0.9207,0
User_Rating,40211148,40UN050,3,3.9993,0.9993,1
User_Rating,40311129,40BA121,2,3.0239,1.0239,0
User_Rating,40211266,40BA221,1,1.1449,0.1449,0
User_Rating,40211211,40B9561,4,4.0,0.0,0
User_Rating,40211142,40BA051,3,2.5258,0.4742,0
User_Rating,40211161,40BC051,2,1.9691,0.0309,0
User_Rating,40311122,40BQ331,3,2.5577,0.4423,0
User_Rating,40411109,40BR472,3,2.4487,0.5513,0
User_Rating,40211238,40BA142,4,3.8889,0.1111,0
User_Rating,40511102,40B0291,5,3.5307,1.4693,0
User_Rating,40311138,40B0291,4,3.7732,0.2268,0
User_Rating,40211263,40BR242,1,2.8324,1.8324,0
User_Rating,40211232,40BA092,4,2.8964,1.1036,0
User_Rating,40211246,40BR032,4,3.216,0.784,0
User_Rating,40311123,40BA051,1,2.9585,1.9585,0
User_Rating,40211156,40BA011,5,1.9549,3.0451,0
User_Rating,40211165,40BQ141,2,3.3208,1.3208,0
User_Rating,40211201,4069432,2,3.4762,1.4762,0
User_Rating,40211245,40BR242,2,3.1294,1.1294,0
User_Rating,40211208,40BR242,2,2.4786,0.4786,0
User_Rating,40211151,40BQ021,5,3.4266,1.5734,0
User_Rating,40311236,40BQ512,4,3.3082,0.6918,0
User_Rating,40511218,40BA012,3,2.4958,0.5042,1
User_Rating,40411261,409A013,4,1.9299,2.0701,0
User_Rating,40311226,40BA082,4,3.7681,0.2319,0
User_Rating,40311132,40BQ031,3,2.4616,0.5384,0
User_Rating,40411264,40BD012,2,3.4183,1.4183,0
User_Rating,40211213,40BR072,4,4.2227,0.2227,0
User_Rating,40411152,40BA081,1,2.4488,1.4488,0
User_Rating,40211256,40BR372,4,3.4738,0.5262,0
User_Rating,40211262,40BR372,4,3.5681,0.4319,0
User_Rating,40211162,40BA021,2,2.3941,0.3941,0
User_Rating,40511244,40B0292,4,3.866,0.134,0
User_Rating,40311253,40B8932,2,4.1339,2.1339,0
User_Rating,40211238,40BA092,2,3.3069,1.3069,0
User_Rating,40311247,40BA082,4,3.7913,0.2087,0
User_Rating,40211132,40BA101,1,2.0815,1.0815,0
User_Rating,40311208,40BA012,4,2.9169,1.0831,0
User_Rating,40211216,40BR042,3,2.5418,0.4582,0
User_Rating,40311157,40BA221,4,2.1409,1.8591,0
User_Rating,40211223,40BA102,5,2.4032,2.5968,0
User_Rating,40311204,40BA122,3,2.5625,0.4375,0
User_Rating,40311123,40BA221,1,2.388,1.388,0
User_Rating,40311227,40B8932,3,4.0367,1.0367,0
User_Rating,40311108,40BC071,3,3.0313,0.0313,0
User_Rating,40211206,40BR342,3,3.3438,0.3438,0
User_Rating,40311122,40BC071,3,3.021,0.021,0
User_Rating,40211111,40BA081,2,2.3355,0.3355,0
User_Rating,40511206,40B0292,5,2.6855,2.3145,0
User_Rating,40311155,40BA051,3,2.998,0.002,0
User_Rating,40311131,40BA061,1,3.226,2.226,0
User_Rating,40411222,40B0292,4,3.3505,0.6495,0
User_Rating,40311140,40BC051,4,3.2713,0.7287,0
User_Rating,40311133,40BC051,3,2.8925,0.1075,0
User_Rating,40411202,40B0292,4,3.2226,0.7774,0
User_Rating,40411207,40BD012,1,3.667,2.667,0
User_Rating,40211118,40BA101,4,2.7795,1.2205,0
User_Rating,40411149,40B0291,5,3.5543,1.4457,0
User_Rating,40211111,40BA091,1,1.4414,0.4414,0
User_Rating,40211126,40BA081,4,3.2366,0.7634,0
User_Rating,40211126,40BQ021,4,1.7748,2.2252,0
User_Rating,40411234,40BA022,1,1.5521,0.5521,0
User_Rating,40211150,40BA021,3,2.7765,0.2235,0
User_Rating,40211137,40BQ051,1,2.8943,1.8943,0
User_Rating,40211237,40BA122,1,2.9994,1.9994,0
User_Rating,40511156,40B0291,5,3.5167,1.4833,0
User_Rating,40211150,40BQ051,4,2.9852,1.0148,0
User_Rating,40211225,40BR072,4,4.6902,0.6902,0
User_Rating,40311248,40BQ512,4,3.5686,0.4314,0
User_Rating,40211117,40BA011,1,2.5748,1.5748,0
User_Rating,40311143,40BA081,3,2.4559,0.5441,0
User_Rating,40311133,40BA131,2,2.9863,0.9863,0
User_Rating,40211108,40BQ141,4,2.8911,1.1089,0
User_Rating,40211154,40BC051,2,1.9132,0.0868,0
User_Rating,40320326,40BA061,1,2.9979,1.9979,0
User_Rating,40311105,40BC051,2,2.7479,0.7479,0
User_Rating,40311132,40BQ341,4,4.2402,0.2402,0
User_Rating,40211248,40BD052,4,2.8696,1.1304,0
User_Rating,40211127,40BQ371,4,3.9149,0.0851,0
User_Rating,40411212,40BA052,1,1.5429,0.5429,0
User_Rating,40211252,409Z501,5,5.0,0.0,0
User_Rating,40211165,40BA011,5,1.5488,3.4512,0
User_Rating,40411209,40BA012,1,2.0571,1.0571,0
User_Rating,40411209,40BR472,3,3.1639,0.1639,0
User_Rating,40311115,40BA011,1,1.2161,0.2161,0
User_Rating,40211102,40BA051,3,2.8513,0.1487,0
User_Rating,40411220,40BA222,4,2.9938,1.0062,0
User_Rating,40211104,40BA061,5,4.5484,0.4516,0
User_Rating,40411211,40BA022,3,2.2245,0.7755,0
User_Rating,40211248,40BA132,2,2.9872,0.9872,0
User_Rating,40311133,40BA081,3,2.6683,0.3317,0
User_Rating,40311204,40BD012,5,3.8915,1.1085,0
User_Rating,40311122,40BC011,1,2.0357,1.0357,0
User_Rating,40211102,409D021,4,2.4581,1.5419,0
User_Rating,40211147,40BC071,1,3.2834,2.2834,0
User_Rating,40411161,40BA021,3,1.8173,1.1827,0
User_Rating,40211214,40B0292,2,3.1389,1.1389,0
User_Rating,40211206,40BR372,4,3.2178,0.7822,0
User_Rating,40311241,40BD032,1,1.77,0.77,0
User_Rating,40211131,40BA021,1,2.5574,1.5574,0
User_Rating,40211141,40BA061,5,4.287,0.713,0
User_Rating,40411102,40B0291,5,2.986,2.014,0
User_Rating,40311258,40BA082,5,3.8763,1.1237,0
User_Rating,40411129,40BC071,1,2.4438,1.4438,0
User_Rating,40411255,40BA082,4,2.5697,1.4303,0
User_Rating,40211230,40BA122,4,2.8777,1.1223,0
User_Rating,40211141,40BQ371,5,3.6583,1.3417,0
User_Rating,40411151,40BA051,5,2.1165,2.8835,0
User_Rating,40411105,40BA011,1,2.7967,1.7967,0
User_Rating,40311204,40BR072,4,3.6794,0.3206,0
User_Rating,40211239,40BA092,1,2.4146,1.4146,0
User_Rating,40311227,40BA021,2,1.3427,0.6573,0
User_Rating,40411127,40BC011,2,2.3474,0.3474,0
User_Rating,40311202,40BA062,3,2.3708,0.6292,0
User_Rating,40311218,40BD032,1,2.9685,1.9685,0
User_Rating,40211132,40BA021,1,3.0836,2.0836,0
User_Rating,40211226,40BA142,4,4.2352,0.2352,0
User_Rating,40211238,40BA122,2,2.2821,0.2821,0
User_Rating,40311105,40B0291,3,3.274,0.274,0
