"40211101","40B0291","93","504","1"
"40211101","40BA011","94","505","1"
"40211101","40BA051","95","503","1"
"40211102","40BA051","95","503","1"
"40211102","40B0291","93","502","1"
"40211102","40BA011","94","504","1"
"40211103","40BA051","95","504","1"
"40211103","40BA011","94","501","1"
"40211103","40B0291","93","502","1"
"40211104","40BA051","95","504","1"
"40211104","40BA011","94","502","1"
"40211104","40B0291","93","502","1"
"40211105","40B0291","93","501","1"
"40211105","40BA051","95","503","1"
"40211105","40BA011","94","501","1"
"40211106","40BA051","95","501","1"
"40211106","40BA011","94","501","1"
"40211106","40B0291","93","502","1"
"40211107","40BA011","94","501","1"
"40211107","40B0291","93","502","1"
"40211107","40BA051","95","503","1"
"40211108","40BA051","95","503","1"
"40211108","40BA011","94","503","1"
"40211108","40B0291","93","502","1"
"40211109","40BA051","95","502","1"
"40211109","40BA011","94","501","1"
"40211109","40B0291","93","502","1"
"40211110","40B0291","93","502","1"
"40211110","40BA011","94","503","1"
"40211110","40BA051","95","503","1"
"40211111","40BA051","95","502","1"
"40211111","40BA011","94","502","1"
"40211111","40B0291","93","502","1"
"40211112","40B0291","93","502","1"
"40211112","40BA011","94","501","1"
"40211112","40BA051","95","502","1"
"40211113","40BA051","95","503","1"
"40211113","40BA011","94","502","1"
"40211113","40B0291","93","502","1"
"40211114","40B0291","93","501","1"
"40211114","40BA011","94","501","1"
"40211114","40BA051","95","503","1"
"40211115","40BA051","95","503","1"
"40211115","40BA011","94","503","1"
"40211115","40B0291","93","502","1"
"40211116","40B0291","93","503","1"
"40211116","40BA051","95","502","1"
"40211116","40BA011","94","503","1"
"40211117","40BA051","95","503","1"
"40211117","40BA011","94","501","1"
"40211117","40B0291","93","503","1"
"40211118","40BA051","95","504","1"
"40211118","40B0291","93","504","1"
"40211118","40BA011","94","503","1"
"40211119","40BA011","94","501","1"
"40211119","40B0291","93","503","1"
"40211119","40BA051","95","503","1"
"40211120","40BA051","95","501","1"
"40211120","40B0291","93","503","1"
"40211120","40BA011","94","504","1"
"40211121","40BA011","94","503","1"
"40211121","40BA051","95","502","1"
"40211121","40B0291","93","502","1"
"40211122","40BA011","94","505","1"
"40211122","40B0291","93","503","1"
"40211122","40BA051","95","502","1"
"40211123","40BA011","94","503","1"
"40211123","40B0291","93","504","1"
"40211123","40BA051","95","503","1"
"40211125","40B0291","93","502","1"
"40211125","40BA011","94","504","1"
"40211125","40BA051","95","502","1"
"40211126","40B0291","93","503","1"
"40211126","40BA011","94","501","1"
"40211126","40BA051","95","505","1"
"40211127","40BA051","95","504","1"
"40211127","40BA011","94","502","1"
"40211127","40B0291","93","504","1"
"40211128","40B0291","93","502","1"
"40211128","40BA051","95","501","1"
"40211128","40BA011","94","502","1"
"40211129","40B0291","93","503","1"
"40211129","40BA011","94","504","1"
"40211129","40BA051","95","503","1"
"40211130","40BA011","94","501","1"
"40211130","40B0291","93","501","1"
"40211130","40BA051","95","503","1"
"40211131","40B0291","93","501","1"
"40211131","40BA051","95","501","1"
"40211131","40BA011","94","501","1"
"40211132","40BA051","95","503","1"
"40211132","40BA011","94","502","1"
"40211132","40B0291","93","502","1"
"40211133","40BA051","95","503","1"
"40211133","40BA011","94","505","1"
"40211133","40B0291","93","503","1"
"40211134","40B0291","93","504","1"
"40211134","40BA011","94","502","1"
"40211134","40BA051","95","503","1"
"40211135","40BA051","95","503","1"
"40211135","40BA011","94","504","1"
"40211135","40B0291","93","503","1"
"40211136","40BA051","95","503","1"
"40211136","40BA011","94","504","1"
"40211136","40B0291","93","503","1"
"40211137","40B0291","93","502","1"
"40211137","40BA011","94","502","1"
"40211137","40BA051","95","503","1"
"40211138","40B0291","93","502","1"
"40211138","40BA011","94","501","1"
"40211138","40BA051","95","503","1"
"40211139","40BA051","95","503","1"
"40211139","40BA011","94","504","1"
"40211139","40B0291","93","503","1"
"40211141","40BA051","95","503","1"
"40211141","40BA011","94","505","1"
"40211141","40B0291","93","503","1"
"40211142","40BA051","95","503","1"
"40211142","40BA011","94","501","1"
"40211142","40B0291","93","501","1"
"40211144","40BA051","95","502","1"
"40211144","40B0291","93","502","1"
"40211144","40BA011","94","504","1"
"40211145","40B0291","93","503","1"
"40211145","40BA011","94","503","1"
"40211145","40BA051","95","502","1"
"40211146","40B0291","93","502","1"
"40211146","40BA011","94","501","1"
"40211146","40BA051","95","503","1"
"40211147","40BA051","95","503","1"
"40211147","40BA011","94","501","1"
"40211147","40B0291","93","501","1"
"40211148","40BA051","95","503","1"
"40211148","40BA011","94","502","1"
"40211148","40B0291","93","503","1"
"40211150","40B0291","93","502","1"
"40211150","40BA011","94","503","1"
"40211150","40BA051","95","503","1"
"40211151","40BA051","95","503","1"
"40211151","40BA011","94","503","1"
"40211151","40B0291","93","502","1"
"40211152","40BA051","95","503","1"
"40211152","40BA011","94","501","1"
"40211152","40B0291","93","502","1"
"40211153","40B0291","93","502","1"
"40211153","40BA011","94","501","1"
"40211153","40BA051","95","503","1"
"40211201","40B0292","93","502","1"
"40211201","40BA012","94","502","1"
"40211201","40BA052","95","501","1"
"40211202","40BA052","95","502","1"
"40211202","40BA012","94","503","1"
"40211202","40B0292","93","503","1"
"40211203","40BA052","95","503","1"
"40211203","40BA012","94","502","1"
"40211203","40B0292","93","504","1"
"40211204","40B0292","93","501","1"
"40211204","40BA052","95","501","1"
"40211204","40BA012","94","501","1"
"40211205","40BA012","94","502","1"
"40211205","40BA052","95","505","1"
"40211205","40B0292","93","505","1"
"40211206","40B0292","93","505","1"
"40211206","40BA012","94","505","1"
"40211206","40BA052","95","503","1"
"40211207","40BA012","94","502","1"
"40211207","40B0292","93","505","1"
"40211207","40BA052","95","503","1"
"40211208","40B0292","93","503","1"
"40211208","40BA052","95","501","1"
"40211208","40BA012","94","501","1"
"40211209","40BA012","94","501","1"
"40211209","40BA052","95","501","1"
"40211209","40B0292","93","502","1"
"40211211","40BA052","95","501","1"
"40211211","40BA012","94","504","1"
"40211211","40B0292","93","505","1"
"40211213","40B0292","93","502","1"
"40211213","40BA012","94","501","1"
"40211213","40BA052","95","501","1"
"40211214","40B0292","93","502","1"
"40211214","40BA012","94","504","1"
"40211214","40BA052","95","501","1"
"40211215","40BA052","95","501","1"
"40211215","40BA012","94","501","1"
"40211215","40B0292","93","501","1"
"40211216","40B0292","93","503","1"
"40211216","40BA012","94","503","1"
"40211216","40BA052","95","502","1"
"40211217","40B0292","93","505","1"
"40211217","40BA052","95","504","1"
"40211217","40BA012","94","505","1"
"40211218","40BA052","95","503","1"
"40211218","40B0292","93","505","1"
"40211218","40BA012","94","501","1"
"40211219","40BA012","94","504","1"
"40211219","40B0292","93","504","1"
"40211219","40BA052","95","502","1"
"40211220","40B0292","93","505","1"
"40211220","40BA012","94","505","1"
"40211220","40BA052","95","504","1"
"40211222","40BA052","95","502","1"
"40211222","40B0292","93","505","1"
"40211222","40BA012","94","505","1"
"40211223","40BA012","94","504","1"
"40211223","40BA052","95","505","1"
"40211223","40B0292","93","504","1"
"40211224","40BA052","95","501","1"
"40211224","40BA012","94","502","1"
"40211224","40B0292","93","502","1"
"40211225","40B0292","93","503","1"
"40211225","40BA012","94","503","1"
"40211225","40BA052","95","501","1"
"40211226","40B0292","93","505","1"
"40211226","40BA012","94","505","1"
"40211226","40BA052","95","504","1"
"40211227","40B0292","93","503","1"
"40211227","40BA012","94","501","1"
"40211227","40BA052","95","501","1"
"40211228","40BA052","95","503","1"
"40211228","40BA012","94","504","1"
"40211228","40B0292","93","505","1"
"40211229","40BA052","95","501","1"
"40211229","40BA012","94","502","1"
"40211229","40B0292","93","504","1"
"40211230","40B0292","93","505","1"
"40211230","40BA052","95","502","1"
"40211230","40BA012","94","504","1"
"40211231","40BA052","95","501","1"
"40211231","40B0292","93","502","1"
"40211231","40BA012","94","501","1"
"40211232","40B0292","93","501","1"
"40211232","40BA012","94","501","1"
"40211232","40BA052","95","503","1"
"40211233","40BA052","95","501","1"
"40211233","40BA012","94","501","1"
"40211233","40B0292","93","501","1"
"40211234","40B0292","93","504","1"
"40211234","40BA012","94","501","1"
"40211234","40BA052","95","503","1"
"40211235","40BA052","95","501","1"
"40211235","40BA012","94","501","1"
"40211235","40B0292","93","503","1"
"40211236","40B0292","93","501","1"
"40211236","40BA012","94","501","1"
"40211236","40BA052","95","501","1"
"40211237","40BA012","94","502","1"
"40211237","40BA052","95","502","1"
"40211237","40B0292","93","501","1"
"40211238","40BA052","95","501","1"
"40211238","40BA012","94","501","1"
"40211238","40B0292","93","501","1"
"40211239","40BA012","94","501","1"
"40211239","40BA052","95","501","1"
"40211239","40B0292","93","501","1"
"40211241","40BA012","94","504","1"
"40211241","40BA052","95","501","1"
"40211241","40B0292","93","504","1"
"40211242","40B0292","93","505","1"
"40211242","40BA012","94","504","1"
"40211242","40BA052","95","504","1"
"40211243","40BA012","94","501","1"
"40211243","40BA052","95","501","1"
"40211243","40B0292","93","502","1"
"40211244","40B0292","93","504","1"
"40211244","40BA052","95","504","1"
"40211244","40BA012","94","503","1"
"40211245","40BA052","95","501","1"
"40211245","40BA012","94","502","1"
"40211245","40B0292","93","502","1"
"40211246","40B0292","93","505","1"
"40211246","40BA012","94","504","1"
"40211246","40BA052","95","504","1"
"40211247","40BA052","95","502","1"
"40211247","40BA012","94","503","1"
"40211247","40B0292","93","505","1"
"40211248","40B0292","93","505","1"
"40211248","40BA012","94","502","1"
"40211248","40BA052","95","501","1"
"40211249","40BA012","94","504","1"
"40211249","40BA052","95","503","1"
"40211249","40B0292","93","504","1"
"40211250","40BA012","94","503","1"
"40211250","40BA052","95","502","1"
"40211250","40B0292","93","504","1"
"40211252","40B0292","93","505","1"
"40211252","40BA012","94","504","1"
"40211252","40BA052","95","503","1"
"40211253","40BA052","95","501","1"
"40211253","40BA012","94","503","1"
"40211253","40B0292","93","502","1"
"40211254","40B0292","93","503","1"
"40211254","40BA012","94","501","1"
"40211254","40BA052","95","501","1"
"40211255","40B0292","93","501","1"
"40211255","40BA012","94","501","1"
"40211255","40BA052","95","501","1"
"40211256","40BA012","94","503","1"
"40211256","40B0292","93","505","1"
"40211256","40BA052","95","501","1"
"40211257","40B0292","93","503","1"
"40211257","40BA012","94","502","1"
"40211257","40BA052","95","501","1"
"40211258","40B0292","93","501","1"
"40211258","40BA012","94","501","1"
"40211258","40BA052","95","501","1"
"40211101","40BA061","96","505","2"
"40211101","40BA021","97","505","2"
"40211101","40BQ021","98","505","2"
"40211101","40BA081","99","504","2"
"40211102","40BQ021","98","505","2"
"40211102","40BA081","99","504","2"
"40211102","40BA061","96","505","2"
"40211102","40BA021","97","504","2"
"40211103","40BQ021","98","502","2"
"40211103","40BA081","99","503","2"
"40211103","40BA061","96","504","2"
"40211103","40BA021","97","501","2"
"40211104","40BQ021","98","503","2"
"40211104","40BA081","99","504","2"
"40211104","40BA061","96","505","2"
"40211104","40BA021","97","502","2"
"40211105","40BA021","97","502","2"
"40211105","40BA061","96","504","2"
"40211105","40BA081","99","502","2"
"40211105","40BQ021","98","502","2"
"40211106","40BQ021","98","503","2"
"40211106","40BA081","99","503","2"
"40211106","40BA061","96","505","2"
"40211106","40BA021","97","501","2"
"40211107","40BQ021","98","501","2"
"40211107","40BA081","99","501","2"
"40211107","40BA061","96","503","2"
"40211107","40BA021","97","501","2"
"40211108","40BA081","99","504","2"
"40211108","40BQ021","98","503","2"
"40211108","40BA021","97","504","2"
"40211108","40BA061","96","505","2"
"40211109","40BA081","99","502","2"
"40211109","40BQ021","98","501","2"
"40211109","40BA061","96","505","2"
"40211109","40BA021","97","502","2"
"40211110","40BA021","97","503","2"
"40211110","40BA061","96","505","2"
"40211110","40BQ021","98","502","2"
"40211110","40BA081","99","503","2"
"40211111","40BQ021","98","501","2"
"40211111","40BA081","99","502","2"
"40211111","40BA021","97","501","2"
"40211111","40BA061","96","504","2"
"40211112","40BA061","96","504","2"
"40211112","40BA021","97","501","2"
"40211112","40BQ021","98","501","2"
"40211112","40BA081","99","501","2"
"40211113","40BQ021","98","501","2"
"40211113","40BA061","96","504","2"
"40211113","40BA081","99","501","2"
"40211113","40BA021","97","502","2"
"40211114","40BA061","96","503","2"
"40211114","40BA021","97","501","2"
"40211114","40BA081","99","503","2"
"40211114","40BQ021","98","501","2"
"40211115","40BA081","99","502","2"
"40211115","40BQ021","98","502","2"
"40211115","40BA021","97","502","2"
"40211115","40BA061","96","504","2"
"40211116","40BA081","99","504","2"
"40211116","40BQ021","98","504","2"
"40211116","40BA061","96","505","2"
"40211116","40BA021","97","504","2"
"40211117","40BQ021","98","501","2"
"40211117","40BA081","99","501","2"
"40211117","40BA061","96","505","2"
"40211117","40BA021","97","501","2"
"40211118","40BA021","97","503","2"
"40211118","40BA061","96","505","2"
"40211118","40BA081","99","505","2"
"40211118","40BQ021","98","504","2"
"40211119","40BA061","96","505","2"
"40211119","40BA021","97","503","2"
"40211119","40BA081","99","503","2"
"40211121","40BA021","97","503","2"
"40211121","40BA061","96","504","2"
"40211121","40BA081","99","503","2"
"40211121","40BQ021","98","502","2"
"40211122","40BA081","99","503","2"
"40211122","40BQ021","98","502","2"
"40211122","40BA061","96","504","2"
"40211122","40BA021","97","503","2"
"40211123","40BA021","97","504","2"
"40211123","40BA081","99","504","2"
"40211123","40BQ021","98","503","2"
"40211123","40BA061","96","504","2"
"40211125","40BQ021","98","502","2"
"40211125","40BA021","97","505","2"
"40211125","40BA061","96","504","2"
"40211125","40BA081","99","503","2"
"40211126","40BA081","99","504","2"
"40211126","40BQ021","98","504","2"
"40211126","40BA061","96","505","2"
"40211126","40BA021","97","502","2"
"40211127","40BQ021","98","503","2"
"40211127","40BA081","99","505","2"
"40211127","40BA021","97","503","2"
"40211127","40BA061","96","505","2"
"40211129","40BA061","96","505","2"
"40211129","40BA021","97","504","2"
"40211129","40BA081","99","503","2"
"40211130","40BQ021","98","501","2"
"40211130","40BA081","99","501","2"
"40211130","40BA021","97","501","2"
"40211130","40BA061","96","503","2"
"40211131","40BA061","96","501","2"
"40211131","40BA081","99","501","2"
"40211131","40BA021","97","501","2"
"40211132","40BA081","99","502","2"
"40211132","40BQ021","98","501","2"
"40211132","40BA061","96","504","2"
"40211132","40BA021","97","501","2"
"40211133","40BA081","99","503","2"
"40211133","40BQ021","98","505","2"
"40211133","40BA021","97","504","2"
"40211133","40BA061","96","505","2"
"40211134","40BA081","99","503","2"
"40211134","40BA021","97","502","2"
"40211134","40BA061","96","504","2"
"40211134","40BQ021","98","503","2"
"40211135","40BQ021","98","501","2"
"40211135","40BA081","99","502","2"
"40211135","40BA061","96","504","2"
"40211135","40BA021","97","504","2"
"40211136","40BQ021","98","505","2"
"40211136","40BA081","99","504","2"
"40211136","40BA061","96","505","2"
"40211136","40BA021","97","505","2"
"40211137","40BA021","97","501","2"
"40211137","40BA081","99","501","2"
"40211137","40BA061","96","501","2"
"40211137","40BQ021","98","501","2"
"40211138","40BA021","97","504","2"
"40211138","40BA061","96","505","2"
"40211138","40BA081","99","503","2"
"40211138","40BQ021","98","504","2"
"40211139","40BQ021","98","501","2"
"40211139","40BA081","99","503","2"
"40211139","40BA021","97","503","2"
"40211139","40BA061","96","504","2"
"40211141","40BQ021","98","504","2"
"40211141","40BA081","99","504","2"
"40211141","40BA061","96","505","2"
"40211141","40BA021","97","505","2"
"40211142","40BQ021","98","501","2"
"40211142","40BA081","99","501","2"
"40211142","40BA061","96","504","2"
"40211142","40BA021","97","501","2"
"40211144","40BQ021","98","502","2"
"40211144","40BA081","99","502","2"
"40211144","40BA061","96","504","2"
"40211144","40BA021","97","504","2"
"40211145","40BA021","97","503","2"
"40211145","40BQ021","98","501","2"
"40211145","40BA061","96","504","2"
"40211145","40BA081","99","502","2"
"40211146","40BA021","97","502","2"
"40211146","40BA061","96","505","2"
"40211146","40BA081","99","503","2"
"40211146","40BQ021","98","501","2"
"40211147","40BQ021","98","501","2"
"40211147","40BA081","99","501","2"
"40211147","40BA061","96","504","2"
"40211147","40BA021","97","501","2"
"40211148","40BA021","97","503","2"
"40211148","40BQ021","98","504","2"
"40211148","40BA081","99","504","2"
"40211148","40BA061","96","505","2"
"40211150","40BA061","96","505","2"
"40211150","40BA081","99","503","2"
"40211150","40BQ021","98","503","2"
"40211150","40BA021","97","503","2"
"40211151","40BQ021","98","505","2"
"40211151","40BA081","99","503","2"
"40211151","40BA061","96","504","2"
"40211151","40BA021","97","502","2"
"40211152","40BA081","99","502","2"
"40211152","40BA061","96","503","2"
"40211152","40BA021","97","501","2"
"40211153","40BA061","96","504","2"
"40211153","40BA021","97","503","2"
"40211153","40BQ021","98","505","2"
"40211153","40BA081","99","504","2"
"40211201","40BR032","100","503","2"
"40211201","40BA022","97","502","2"
"40211201","40BA062","96","501","2"
"40211201","40BD012","98","502","2"
"40211201","40BA082","99","503","2"
"40211202","40BA082","99","503","2"
"40211202","40BD012","98","502","2"
"40211202","40BR032","100","502","2"
"40211202","40BA022","97","504","2"
"40211202","40BA062","96","504","2"
"40211203","40BR032","100","504","2"
"40211203","40BD012","98","505","2"
"40211203","40BA082","99","504","2"
"40211203","40BA062","96","504","2"
"40211203","40BA022","97","503","2"
"40211205","40BA022","97","503","2"
"40211205","40BA062","96","505","2"
"40211205","40BR032","100","505","2"
"40211205","40BA082","99","503","2"
"40211205","40BD012","98","504","2"
"40211206","40BA062","96","504","2"
"40211206","40BA022","97","505","2"
"40211206","40BR032","100","504","2"
"40211206","40BA082","99","503","2"
"40211206","40BD012","98","503","2"
"40211207","40BA022","97","503","2"
"40211207","40BA062","96","504","2"
"40211207","40BA082","99","503","2"
"40211207","40BR032","100","504","2"
"40211207","40BD012","98","501","2"
"40211208","40BA082","99","503","2"
"40211208","40BD012","98","501","2"
"40211208","40BA062","96","501","2"
"40211208","40BA022","97","501","2"
"40211208","40BR032","100","502","2"
"40211209","40BR032","100","501","2"
"40211209","40BD012","98","501","2"
"40211209","40BA022","97","501","2"
"40211209","40BA062","96","501","2"
"40211209","40BA082","99","502","2"
"40211211","40BA062","96","504","2"
"40211211","40BA082","99","503","2"
"40211211","40BD012","98","504","2"
"40211211","40BR032","100","503","2"
"40211211","40BA022","97","504","2"
"40211213","40BA062","96","501","2"
"40211213","40BA022","97","501","2"
"40211213","40BD012","98","501","2"
"40211213","40BA082","99","503","2"
"40211213","40BR032","100","504","2"
"40211214","40BA082","99","502","2"
"40211214","40BA062","96","502","2"
"40211214","40BR032","100","504","2"
"40211214","40BA022","97","504","2"
"40211214","40BD012","98","501","2"
"40211215","40BD012","98","501","2"
"40211215","40BR032","100","501","2"
"40211215","40BA022","97","501","2"
"40211215","40BA082","99","502","2"
"40211215","40BA062","96","501","2"
"40211216","40BR032","100","504","2"
"40211216","40BA022","97","504","2"
"40211216","40BA062","96","502","2"
"40211216","40BA082","99","504","2"
"40211216","40BD012","98","504","2"
"40211217","40BD012","98","505","2"
"40211217","40BA082","99","503","2"
"40211217","40BA022","97","505","2"
"40211217","40BR032","100","505","2"
"40211217","40BA062","96","503","2"
"40211219","40BR032","100","503","2"
"40211219","40BD012","98","503","2"
"40211219","40BA082","99","504","2"
"40211219","40BA062","96","502","2"
"40211219","40BA022","97","504","2"
"40211220","40BA022","97","505","2"
"40211220","40BD012","98","503","2"
"40211220","40BA082","99","504","2"
"40211220","40BR032","100","505","2"
"40211220","40BA062","96","504","2"
"40211222","40BD012","98","504","2"
"40211222","40BR032","100","505","2"
"40211222","40BA082","99","503","2"
"40211222","40BA022","97","505","2"
"40211222","40BA062","96","504","2"
"40211223","40BA062","96","504","2"
"40211223","40BA022","97","505","2"
"40211223","40BA082","99","503","2"
"40211223","40BD012","98","504","2"
"40211223","40BR032","100","504","2"
"40211224","40BR032","100","502","2"
"40211224","40BA082","99","501","2"
"40211224","40BD012","98","501","2"
"40211224","40BA062","96","501","2"
"40211224","40BA022","97","501","2"
"40211225","40BD012","98","501","2"
"40211225","40BR032","100","504","2"
"40211225","40BA022","97","501","2"
"40211225","40BA062","96","502","2"
"40211225","40BA082","99","503","2"
"40211226","40BA082","99","504","2"
"40211226","40BD012","98","504","2"
"40211226","40BR032","100","503","2"
"40211226","40BA022","97","505","2"
"40211226","40BA062","96","505","2"
"40211227","40BR032","100","503","2"
"40211227","40BA022","97","503","2"
"40211227","40BA062","96","505","2"
"40211227","40BA082","99","503","2"
"40211227","40BD012","98","503","2"
"40211228","40BA082","99","503","2"
"40211228","40BD012","98","504","2"
"40211228","40BR032","100","504","2"
"40211228","40BA062","96","503","2"
"40211228","40BA022","97","504","2"
"40211229","40BA062","96","501","2"
"40211229","40BA022","97","501","2"
"40211229","40BR032","100","502","2"
"40211229","40BA082","99","502","2"
"40211229","40BD012","98","501","2"
"40211230","40BA022","97","503","2"
"40211230","40BR032","100","505","2"
"40211230","40BD012","98","503","2"
"40211230","40BA082","99","504","2"
"40211230","40BA062","96","504","2"
"40211231","40BA082","99","501","2"
"40211231","40BD012","98","501","2"
"40211231","40BA062","96","501","2"
"40211231","40BA022","97","501","2"
"40211232","40BA082","99","503","2"
"40211232","40BD012","98","504","2"
"40211232","40BR032","100","502","2"
"40211232","40BA022","97","501","2"
"40211232","40BA062","96","501","2"
"40211233","40BA022","97","501","2"
"40211233","40BR032","100","502","2"
"40211233","40BA062","96","502","2"
"40211233","40BD012","98","501","2"
"40211233","40BA082","99","502","2"
"40211234","40BA082","99","503","2"
"40211234","40BD012","98","505","2"
"40211234","40BA062","96","504","2"
"40211234","40BR032","100","504","2"
"40211234","40BA022","97","503","2"
"40211235","40BA022","97","502","2"
"40211235","40BR032","100","504","2"
"40211235","40BA062","96","501","2"
"40211235","40BD012","98","503","2"
"40211235","40BA082","99","504","2"
"40211237","40BA062","96","503","2"
"40211237","40BA022","97","501","2"
"40211237","40BA082","99","504","2"
"40211237","40BD012","98","503","2"
"40211237","40BR032","100","502","2"
"40211238","40BA022","97","501","2"
"40211238","40BA082","99","503","2"
"40211238","40BA062","96","501","2"
"40211238","40BR032","100","503","2"
"40211238","40BD012","98","501","2"
"40211239","40BR032","100","502","2"
"40211239","40BA022","97","501","2"
"40211239","40BA062","96","501","2"
"40211239","40BA082","99","502","2"
"40211239","40BD012","98","501","2"
"40211241","40BR032","100","504","2"
"40211241","40BA022","97","503","2"
"40211241","40BA062","96","502","2"
"40211241","40BA082","99","503","2"
"40211241","40BD012","98","501","2"
"40211242","40BA022","97","504","2"
"40211242","40BA062","96","504","2"
"40211242","40BA082","99","505","2"
"40211242","40BD012","98","505","2"
"40211242","40BR032","100","505","2"
"40211243","40BA022","97","501","2"
"40211243","40BA062","96","501","2"
"40211243","40BD012","98","501","2"
"40211243","40BA082","99","501","2"
"40211244","40BD012","98","503","2"
"40211244","40BA082","99","503","2"
"40211244","40BR032","100","504","2"
"40211244","40BA062","96","503","2"
"40211244","40BA022","97","502","2"
"40211245","40BD012","98","501","2"
"40211245","40BR032","100","502","2"
"40211245","40BA082","99","503","2"
"40211245","40BA062","96","501","2"
"40211245","40BA022","97","501","2"
"40211246","40BD012","98","504","2"
"40211246","40BR032","100","504","2"
"40211246","40BA022","97","505","2"
"40211246","40BA062","96","505","2"
"40211246","40BA082","99","503","2"
"40211247","40BR032","100","504","2"
"40211247","40BA082","99","504","2"
"40211247","40BD012","98","502","2"
"40211247","40BA062","96","501","2"
"40211247","40BA022","97","503","2"
"40211248","40BR032","100","504","2"
"40211248","40BA022","97","501","2"
"40211248","40BA062","96","502","2"
"40211248","40BA082","99","504","2"
"40211248","40BD012","98","503","2"
"40211249","40BA022","97","504","2"
"40211249","40BD012","98","502","2"
"40211249","40BA082","99","503","2"
"40211249","40BR032","100","503","2"
"40211249","40BA062","96","503","2"
"40211250","40BA062","96","504","2"
"40211250","40BA082","99","504","2"
"40211250","40BD012","98","504","2"
"40211250","40BR032","100","504","2"
"40211250","40BA022","97","504","2"
"40211252","40BR032","100","505","2"
"40211252","40BA022","97","504","2"
"40211252","40BA062","96","503","2"
"40211252","40BA082","99","503","2"
"40211252","40BD012","98","505","2"
"40211255","40BR032","100","503","2"
"40211255","40BD012","98","501","2"
"40211255","40BA062","96","501","2"
"40211255","40BA082","99","503","2"
"40211255","40BA022","97","501","2"
"40211256","40BA082","99","504","2"
"40211256","40BD012","98","505","2"
"40211256","40BA022","97","505","2"
"40211256","40BA062","96","503","2"
"40211256","40BR032","100","505","2"
"40211257","40BR032","100","501","2"
"40211257","40BA022","97","501","2"
"40211257","40BA062","96","501","2"
"40211257","40BA082","99","503","2"
"40211257","40BD012","98","501","2"
"40211259","40BR032","100","502","2"
"40211259","40BA082","99","501","2"
"40211259","40BD012","98","504","2"
"40211259","40BA062","96","502","2"
"40211259","40BA022","97","504","2"
"40211260","40BR032","100","502","2"
"40211260","40BA062","96","504","2"
"40211260","40BD012","98","504","2"
"40211260","40BA082","99","503","2"
"40211260","40BA022","97","505","2"
"40211261","40BA062","96","504","2"
"40211261","40BR032","100","504","2"
"40211261","40BA082","99","503","2"
"40211261","40BD012","98","504","2"
"40211261","40BA022","97","505","2"
"40211262","40BA022","97","503","2"
"40211262","40BA082","99","504","2"
"40211262","40BD012","98","504","2"
"40211262","40BR032","100","503","2"
"40211262","40BA062","96","504","2"
"40211263","40BR032","100","503","2"
"40211263","40BD012","98","501","2"
"40211263","40BA082","99","502","2"
"40211263","40BA062","96","501","2"
"40211263","40BA022","97","501","2"
"40211264","40BA022","97","501","2"
"40211264","40BA062","96","501","2"
"40211264","40BA082","99","503","2"
"40211264","40BD012","98","501","2"
"40211264","40BR032","100","502","2"
"40211101","40BA091","101","504","3"
"40211101","40BC011","102","505","3"
"40211101","40BQ051","103","505","3"
"40211101","40BA101","104","503","3"
"40211102","433N062","105","505","3"
"40211102","40KE011","106","504","3"
"40211102","40BC011","102","503","3"
"40211102","40BA101","104","503","3"
"40211102","40BA091","101","503","3"
"40211103","40BQ051","103","503","3"
"40211103","40BC011","102","501","3"
"40211103","40BA101","104","501","3"
"40211103","40BA091","101","501","3"
"40211103","409A012","94","502","3"
"40211104","40BQ051","103","505","3"
"40211104","40BA101","104","502","3"
"40211104","40BC011","102","501","3"
"40211104","40BA091","101","501","3"
"40211105","409A012","94","503","3"
"40211105","40BQ051","103","502","3"
"40211105","40BA091","101","501","3"
"40211105","40BA101","104","502","3"
"40211105","40BC011","102","501","3"
"40211106","40BQ051","103","504","3"
"40211106","40BC011","102","501","3"
"40211106","40BA101","104","502","3"
"40211106","40BA091","101","501","3"
"40211106","409A012","94","502","3"
"40211107","40BC011","102","501","3"
"40211107","40BQ051","103","502","3"
"40211107","40BA101","104","502","3"
"40211107","40BA091","101","501","3"
"40211108","40BA091","101","502","3"
"40211108","40BA101","104","502","3"
"40211108","40BC011","102","503","3"
"40211108","40BQ051","103","504","3"
"40211109","40BC011","102","501","3"
"40211109","40BQ051","103","503","3"
"40211109","40BA091","101","501","3"
"40211109","40BA101","104","501","3"
"40211110","40BA101","104","502","3"
"40211110","40BA091","101","501","3"
"40211110","40BQ051","103","503","3"
"40211110","40BC011","102","501","3"
"40211111","40BC011","102","501","3"
"40211111","40BQ051","103","503","3"
"40211111","40BA091","101","501","3"
"40211111","40BA101","104","503","3"
"40211112","409A012","94","502","3"
"40211112","40BA101","104","502","3"
"40211112","40BA091","101","501","3"
"40211112","40BQ051","103","503","3"
"40211112","40BC011","102","501","3"
"40211113","40BC011","102","502","3"
"40211113","40BA091","101","501","3"
"40211113","40BA101","104","501","3"
"40211114","40BA091","101","501","3"
"40211114","40BA101","104","501","3"
"40211114","40BC011","102","501","3"
"40211114","40BQ051","103","502","3"
"40211115","40BC011","102","501","3"
"40211115","40BQ051","103","503","3"
"40211115","40BA091","101","501","3"
"40211115","40BA101","104","502","3"
"40211116","40BQ051","103","504","3"
"40211116","40BA101","104","502","3"
"40211116","40BC011","102","502","3"
"40211116","40BA091","101","502","3"
"40211117","409A012","94","501","3"
"40211117","40BC011","102","503","3"
"40211117","40BQ051","103","504","3"
"40211117","40BA101","104","501","3"
"40211117","40BA091","101","501","3"
"40211118","40BA091","101","505","3"
"40211118","40BA101","104","504","3"
"40211118","40BC011","102","504","3"
"40211118","40BQ051","103","505","3"
"40211119","40BQ051","103","502","3"
"40211119","40BC011","102","504","3"
"40211119","40BA101","104","502","3"
"40211119","40BA091","101","503","3"
"40211121","40BA091","101","501","3"
"40211121","40BA101","104","502","3"
"40211121","40BC011","102","501","3"
"40211121","40BQ051","103","503","3"
"40211122","40BQ051","103","503","3"
"40211122","40BA091","101","501","3"
"40211122","40BA101","104","502","3"
"40211122","40BC011","102","503","3"
"40211123","40BA101","104","503","3"
"40211123","40BC011","102","502","3"
"40211123","40BQ051","103","504","3"
"40211123","40BA091","101","502","3"
"40211125","40BA091","101","501","3"
"40211125","40BA101","104","503","3"
"40211125","40BC011","102","504","3"
"40211125","40BQ051","103","504","3"
"40211126","40BA101","104","504","3"
"40211126","40BC011","102","502","3"
"40211126","40BA091","101","501","3"
"40211126","40KE011","106","503","3"
"40211126","433N062","105","505","3"
"40211127","40BA091","101","504","3"
"40211127","40BQ051","103","505","3"
"40211127","40BC011","102","505","3"
"40211127","40BA101","104","504","3"
"40211129","40BC011","102","503","3"
"40211129","40KE011","106","503","3"
"40211129","433N062","105","505","3"
"40211129","40BA101","104","504","3"
"40211129","40BA091","101","502","3"
"40211130","40BC011","102","501","3"
"40211130","40BQ051","103","502","3"
"40211130","40BA101","104","501","3"
"40211130","40BA091","101","501","3"
"40211132","40BQ051","103","501","3"
"40211132","40BC011","102","501","3"
"40211132","40BA091","101","501","3"
"40211132","40BA101","104","501","3"
"40211133","40BQ051","103","505","3"
"40211133","40BA091","101","503","3"
"40211133","40BA101","104","504","3"
"40211133","40BC011","102","502","3"
"40211134","40BQ051","103","504","3"
"40211134","40BC011","102","501","3"
"40211134","40BA101","104","504","3"
"40211134","40BA091","101","501","3"
"40211136","40BQ051","103","505","3"
"40211136","40BA101","104","503","3"
"40211136","40BC011","102","501","3"
"40211136","40BA091","101","503","3"
"40211137","40BC011","102","503","3"
"40211137","40BA101","104","502","3"
"40211137","40BQ051","103","501","3"
"40211137","40BA091","101","501","3"
"40211138","40BA091","101","502","3"
"40211138","40BC011","102","503","3"
"40211138","40BA101","104","503","3"
"40211139","40BQ051","103","503","3"
"40211139","40BA091","101","501","3"
"40211139","40BA101","104","503","3"
"40211139","40BC011","102","503","3"
"40211141","40BQ051","103","504","3"
"40211141","40BC011","102","505","3"
"40211141","40BA101","104","503","3"
"40211141","40BA091","101","504","3"
"40211142","40BC011","102","502","3"
"40211142","40BA101","104","501","3"
"40211142","40BA091","101","501","3"
"40211142","409A012","94","501","3"
"40211144","40BC011","102","501","3"
"40211144","40BA101","104","502","3"
"40211144","40BA091","101","501","3"
"40211144","40BQ051","103","503","3"
"40211145","40BA091","101","501","3"
"40211145","40BC011","102","501","3"
"40211145","40BA101","104","501","3"
"40211145","40BQ051","103","501","3"
"40211146","40BA091","101","502","3"
"40211146","40BA101","104","501","3"
"40211146","40BC011","102","501","3"
"40211146","40BQ051","103","503","3"
"40211147","40BQ051","103","501","3"
"40211147","40BC011","102","503","3"
"40211147","40BA101","104","501","3"
"40211147","40BA091","101","501","3"
"40211147","409A012","94","501","3"
"40211148","40BC011","102","503","3"
"40211148","40BQ051","103","503","3"
"40211148","40BA091","101","504","3"
"40211148","40BA101","104","504","3"
"40211150","40BA091","101","501","3"
"40211150","40BC011","102","503","3"
"40211150","40BA101","104","502","3"
"40211150","40BQ051","103","504","3"
"40211151","40BQ051","103","505","3"
"40211151","40BC011","102","501","3"
"40211151","40BA101","104","502","3"
"40211151","40BA091","101","501","3"
"40211153","40BA091","101","502","3"
"40211153","40BA101","104","503","3"
"40211153","40BC011","102","501","3"
"40211153","40BQ051","103","505","3"
"40211154","40BQ051","103","503","3"
"40211154","40BA091","101","501","3"
"40211154","40BA101","104","502","3"
"40211154","40BC011","102","501","3"
"40211156","404D561","107","504","3"
"40211156","40BA091","101","503","3"
"40211156","40BA101","104","503","3"
"40211156","40BC011","102","502","3"
"40211157","40BA091","101","501","3"
"40211157","40BA101","104","502","3"
"40211157","40BC011","102","501","3"
"40211157","40BQ051","103","502","3"
"40211158","404D561","107","502","3"
"40211158","40BA101","104","502","3"
"40211158","40BC011","102","501","3"
"40211158","40BA091","101","501","3"
"40211161","40BQ051","103","501","3"
"40211161","40BA091","101","501","3"
"40211161","40BA101","104","501","3"
"40211161","40BC011","102","502","3"
"40211162","40BA091","101","501","3"
"40211162","40BA101","104","502","3"
"40211162","40BC011","102","501","3"
"40211162","40BQ051","103","504","3"
"40205303","40BA092","101","502","3"
"40205303","40BA102","104","501","3"
"40205303","40BR042","108","501","3"
"40211201","40BR042","108","502","3"
"40211201","40BA102","104","502","3"
"40211201","40BA092","101","503","3"
"40211202","40BR042","108","503","3"
"40211202","40BA102","104","503","3"
"40211202","40BA092","101","503","3"
"40211203","40BA102","104","504","3"
"40211203","40BA092","101","505","3"
"40211203","40BR042","108","505","3"
"40211205","40BR042","108","503","3"
"40211205","40BA092","101","505","3"
"40211205","40BA102","104","504","3"
"40211206","40BR042","108","502","3"
"40211206","40BA102","104","504","3"
"40211206","40BA092","101","504","3"
"40211207","40BA092","101","505","3"
"40211207","40BR042","108","504","3"
"40211207","40BA102","104","504","3"
"40211208","40BA092","101","501","3"
"40211208","40BA102","104","502","3"
"40211208","40BR042","108","501","3"
"40211209","40BR042","108","501","3"
"40211209","40BA102","104","503","3"
"40211209","40BA092","101","501","3"
"40211211","40BA102","104","503","3"
"40211211","40BA092","101","505","3"
"40211211","40BR042","108","503","3"
"40211213","40BR042","108","502","3"
"40211213","40BA092","101","502","3"
"40211213","40BA102","104","501","3"
"40211214","40BA102","104","502","3"
"40211214","40BR042","108","502","3"
"40211214","40BA092","101","502","3"
"40211215","433A012","94","502","3"
"40211215","40BA092","101","502","3"
"40211215","40BA102","104","501","3"
"40211215","40BR042","108","501","3"
"40211216","40BA092","101","505","3"
"40211216","40BA102","104","504","3"
"40211216","40BR042","108","503","3"
"40211217","40BA102","104","505","3"
"40211217","40BA092","101","505","3"
"40211217","40BR042","108","503","3"
"40211219","40BR042","108","503","3"
"40211219","40BA102","104","502","3"
"40211219","40BA092","101","504","3"
"40211220","40BA092","101","505","3"
"40211220","40BR042","108","504","3"
"40211220","40BA102","104","505","3"
"40211222","40BA102","104","504","3"
"40211222","40BR042","108","505","3"
"40211222","40BA092","101","504","3"
"40211223","40BR042","108","504","3"
"40211223","40BA092","101","505","3"
"40211223","40BA102","104","505","3"
"40211224","40BA092","101","501","3"
"40211224","40BR042","108","501","3"
"40211224","40BA102","104","502","3"
"40211225","40BA092","101","502","3"
"40211225","40BA102","104","501","3"
"40211225","40BR042","108","502","3"
"40211226","40BA092","101","505","3"
"40211226","40BA102","104","503","3"
"40211226","40BR042","108","503","3"
"40211227","40BA092","101","505","3"
"40211227","40BA102","104","502","3"
"40211227","40BR042","108","503","3"
"40211228","40BR042","108","503","3"
"40211228","40BA102","104","504","3"
"40211228","40BA092","101","504","3"
"40211229","40BR042","108","501","3"
"40211229","40BA092","101","502","3"
"40211229","40BA102","104","502","3"
"40211230","40BA102","104","504","3"
"40211230","40BA092","101","505","3"
"40211230","40BR042","108","503","3"
"40211232","40BR042","108","502","3"
"40211232","40BA102","104","501","3"
"40211232","40BA092","101","504","3"
"40211233","40BA092","101","502","3"
"40211233","40BA102","104","502","3"
"40211233","40BR042","108","501","3"
"40211233","433A012","94","501","3"
"40211234","40BR042","108","504","3"
"40211234","40BA102","104","504","3"
"40211234","40BA092","101","505","3"
"40211235","40BA092","101","504","3"
"40211235","40BA102","104","504","3"
"40211235","40BR042","108","502","3"
"40211237","40BA102","104","503","3"
"40211237","40BR042","108","502","3"
"40211237","40BA092","101","503","3"
"40211238","433A012","94","502","3"
"40211238","40BA102","104","502","3"
"40211238","40BA092","101","502","3"
"40211238","40BR042","108","501","3"
"40211239","40BR042","108","501","3"
"40211239","40BA102","104","502","3"
"40211239","40BA092","101","501","3"
"40211241","40BA092","101","504","3"
"40211241","40BA102","104","503","3"
"40211241","40BR042","108","501","3"
"40211242","40BA092","101","505","3"
"40211242","40BA102","104","504","3"
"40211242","40BR042","108","505","3"
"40211243","40BA092","101","501","3"
"40211243","40BA102","104","501","3"
"40211244","40BR042","108","502","3"
"40211244","40BA092","101","503","3"
"40211244","40BA102","104","505","3"
"40211245","40BR042","108","501","3"
"40211245","40BA102","104","503","3"
"40211245","40BA092","101","503","3"
"40211246","40BA092","101","505","3"
"40211246","40BA102","104","502","3"
"40211246","40BR042","108","505","3"
"40211247","40BA102","104","504","3"
"40211247","40BR042","108","501","3"
"40211247","40BA092","101","504","3"
"40211248","40BA092","101","504","3"
"40211248","40BA102","104","504","3"
"40211248","40BR042","108","502","3"
"40211249","40BR042","108","502","3"
"40211249","40BA092","101","504","3"
"40211249","40BA102","104","503","3"
"40211250","40BA092","101","504","3"
"40211250","40BA102","104","504","3"
"40211250","40BR042","108","503","3"
"40211252","40BA092","101","505","3"
"40211252","40BA102","104","505","3"
"40211252","40BR042","108","504","3"
"40211255","40BA092","101","502","3"
"40211255","40BA102","104","502","3"
"40211255","433A012","94","501","3"
"40211255","40BR042","108","501","3"
"40211256","40BR042","108","505","3"
"40211256","40BA102","104","505","3"
"40211256","40BA092","101","505","3"
"40211257","40BA092","101","501","3"
"40211257","40BA102","104","501","3"
"40211257","40BR042","108","501","3"
"40211259","40BR042","108","503","3"
"40211259","40BA102","104","503","3"
"40211259","40BA092","101","505","3"
"40211260","40BA092","101","504","3"
"40211260","40BA102","104","505","3"
"40211260","40BR042","108","504","3"
"40211261","40BR042","108","504","3"
"40211261","40BA102","104","505","3"
"40211261","40BA092","101","505","3"
"40211262","40BA102","104","504","3"
"40211262","40BA092","101","504","3"
"40211262","40BR042","108","504","3"
"40211263","40BA092","101","501","3"
"40211263","40BA102","104","502","3"
"40211263","40BR042","108","501","3"
"40211264","40BA102","104","501","3"
"40211266","40B0291","93","503","3"
"40211266","40BA092","101","501","3"
"40211266","40BA102","104","501","3"
"40211266","40BR042","108","502","3"
"40211101","40BA131","109","505","4"
"40211101","40BA121","110","504","4"
"40211101","40BQ331","111","503","4"
"40211101","40BC021","112","502","4"
"40211101","40BQ321","113","504","4"
"40211102","40BQ321","113","504","4"
"40211102","40BA131","109","505","4"
"40211102","40BC021","112","504","4"
"40211102","40BA121","110","503","4"
"40211102","409U053","114","505","4"
"40211103","40BA121","110","502","4"
"40211103","409U053","114","502","4"
"40211103","40BC021","112","502","4"
"40211103","40BA131","109","503","4"
"40211104","40BC021","112","503","4"
"40211104","40BQ321","113","502","4"
"40211104","40BQ331","111","502","4"
"40211104","40BA131","109","504","4"
"40211104","40BA121","110","503","4"
"40211105","40BA131","109","503","4"
"40211105","40BC021","112","503","4"
"40211105","40BQ321","113","501","4"
"40211105","40BA121","110","503","4"
"40211106","40BQ331","111","502","4"
"40211106","40BQ321","113","503","4"
"40211106","40BC021","112","503","4"
"40211106","40BA131","109","504","4"
"40211106","40BA121","110","503","4"
"40211107","40BQ331","111","501","4"
"40211107","40BC021","112","504","4"
"40211107","40BA131","109","503","4"
"40211107","40BA121","110","503","4"
"40211108","40BC021","112","504","4"
"40211108","40BQ321","113","503","4"
"40211108","40BQ331","111","503","4"
"40211108","40BA121","110","504","4"
"40211108","40BA131","109","504","4"
"40211109","40BA131","109","504","4"
"40211109","40BC021","112","503","4"
"40211109","40BQ331","111","501","4"
"40211109","40BA121","110","502","4"
"40211110","40BA131","109","504","4"
"40211110","40BQ321","113","502","4"
"40211110","40BA121","110","503","4"
"40211110","40BC021","112","502","4"
"40211110","40UN120","115","505","4"
"40211111","40BC021","112","502","4"
"40211111","40BQ321","113","503","4"
"40211111","40BA131","109","504","4"
"40211111","40BA121","110","503","4"
"40211111","409A021","97","501","4"
"40211112","409A021","97","501","4"
"40211112","40BA131","109","503","4"
"40211112","40BA121","110","503","4"
"40211112","40BC021","112","503","4"
"40211113","40BQ331","111","501","4"
"40211113","40BC021","112","503","4"
"40211113","40BA131","109","503","4"
"40211113","40BA121","110","503","4"
"40211114","40BA121","110","504","4"
"40211114","40BC021","112","501","4"
"40211114","40BQ321","113","501","4"
"40211114","40BA131","109","504","4"
"40211115","40BA131","109","502","4"
"40211115","40BQ321","113","501","4"
"40211115","40BQ331","111","501","4"
"40211115","40BA121","110","503","4"
"40211115","40BC021","112","501","4"
"40211116","40BQ331","111","503","4"
"40211116","40BA131","109","505","4"
"40211116","40BC021","112","503","4"
"40211116","40BQ321","113","503","4"
"40211116","40BA121","110","503","4"
"40211117","40BC021","112","502","4"
"40211117","40BQ331","111","501","4"
"40211117","40BA131","109","504","4"
"40211117","40BA121","110","503","4"
"40211118","40BA121","110","505","4"
"40211118","40BA131","109","505","4"
"40211118","40BQ331","111","503","4"
"40211118","40BC021","112","505","4"
"40211118","40BQ321","113","504","4"
"40211119","40BC021","112","504","4"
"40211119","40BA131","109","504","4"
"40211119","40BA121","110","504","4"
"40211121","40BA121","110","503","4"
"40211121","40BA131","109","503","4"
"40211121","40BC021","112","502","4"
"40211121","40BQ321","113","503","4"
"40211121","40BQ331","111","502","4"
"40211122","40IN132","116","505","4"
"40211122","40IN672","117","505","4"
"40211122","40BC021","112","504","4"
"40211122","40BA121","110","503","4"
"40211122","40BA131","109","504","4"
"40211123","40BC021","112","505","4"
"40211123","40BQ321","113","504","4"
"40211123","40BQ331","111","503","4"
"40211123","40BA121","110","504","4"
"40211123","40BA131","109","504","4"
"40211125","40BA121","110","504","4"
"40211125","40BQ321","113","503","4"
"40211125","40BQ331","111","503","4"
"40211125","40BA131","109","504","4"
"40211125","40BC021","112","504","4"
"40211126","409U053","114","503","4"
"40211126","40BA121","110","503","4"
"40211126","40BC021","112","505","4"
"40211126","40BA131","109","504","4"
"40211126","40IN041","118","505","4"
"40211126","40IN132","116","504","4"
"40211126","40IN672","117","505","4"
"40211127","40BQ321","113","504","4"
"40211127","40BQ331","111","504","4"
"40211127","40BA131","109","505","4"
"40211127","40BC021","112","505","4"
"40211127","40BA121","110","504","4"
"40211129","409U053","114","504","4"
"40211129","40BA121","110","503","4"
"40211129","40BA131","109","505","4"
"40211129","40BC021","112","504","4"
"40211129","40IN041","118","505","4"
"40211129","40IN132","116","504","4"
"40211129","40IN672","117","505","4"
"40211130","40BQ331","111","501","4"
"40211130","40BA131","109","502","4"
"40211130","40BC021","112","502","4"
"40211130","40BA121","110","503","4"
"40211132","40BA131","109","502","4"
"40211132","40BQ321","113","502","4"
"40211132","40BA121","110","503","4"
"40211132","40BC021","112","501","4"
"40211133","40BA131","109","504","4"
"40211133","40BC021","112","504","4"
"40211133","40BQ321","113","504","4"
"40211133","40BA121","110","503","4"
"40211134","40BQ321","113","505","4"
"40211134","40BC021","112","504","4"
"40211134","40BA131","109","503","4"
"40211134","40BA121","110","504","4"
"40211134","40BQ331","111","504","4"
"40211136","40BQ331","111","503","4"
"40211136","40BA131","109","504","4"
"40211136","40BC021","112","504","4"
"40211136","40BQ321","113","504","4"
"40211136","40BA121","110","504","4"
"40211137","40BQ321","113","501","4"
"40211137","409A021","97","501","4"
"40211137","40BA131","109","503","4"
"40211137","40BA121","110","503","4"
"40211137","40BC021","112","502","4"
"40211138","40BA121","110","504","4"
"40211138","40BA131","109","504","4"
"40211138","40BC021","112","503","4"
"40211138","40BQ321","113","503","4"
"40211138","40BQ331","111","503","4"
"40211139","40BQ331","111","503","4"
"40211139","40BC021","112","502","4"
"40211139","40BQ321","113","503","4"
"40211139","40BA121","110","503","4"
"40211139","40BA131","109","504","4"
"40211141","40BQ331","111","505","4"
"40211141","40BQ321","113","504","4"
"40211141","40BC021","112","503","4"
"40211141","40BA131","109","504","4"
"40211141","40BA121","110","504","4"
"40211142","40BC021","112","501","4"
"40211142","40BA131","109","501","4"
"40211142","40BA121","110","503","4"
"40211142","409A021","97","501","4"
"40211144","40BQ321","113","501","4"
"40211144","40BC021","112","501","4"
"40211144","40BA131","109","503","4"
"40211144","40BA121","110","502","4"
"40211144","40BQ331","111","502","4"
"40211145","409U053","114","502","4"
"40211145","40BA131","109","502","4"
"40211145","40BC021","112","502","4"
"40211145","40BA121","110","502","4"
"40211146","40BA121","110","503","4"
"40211146","40BA131","109","503","4"
"40211146","40BC021","112","501","4"
"40211146","40BQ321","113","503","4"
"40211146","40BQ331","111","503","4"
"40211148","40BQ321","113","503","4"
"40211148","40BQ331","111","503","4"
"40211148","40BA131","109","505","4"
"40211148","40BC021","112","504","4"
"40211148","40BA121","110","504","4"
"40211150","40BA121","110","504","4"
"40211150","40BC021","112","503","4"
"40211150","40BA131","109","504","4"
"40211150","40BQ321","113","503","4"
"40211151","40BC021","112","502","4"
"40211151","40BQ321","113","503","4"
"40211151","40BA131","109","504","4"
"40211151","40BA121","110","503","4"
"40211153","40BA121","110","503","4"
"40211153","40BA131","109","503","4"
"40211153","40BC021","112","502","4"
"40211153","40BQ321","113","504","4"
"40211153","40BQ331","111","502","4"
"40211154","40BA131","109","502","4"
"40211154","40BC021","112","502","4"
"40211154","40BQ331","111","502","4"
"40211154","40BA022","97","502","4"
"40211154","40BA121","110","503","4"
"40211156","40BC021","112","503","4"
"40211156","40BA022","97","505","4"
"40211156","40BQ331","111","504","4"
"40211156","40BA121","110","504","4"
"40211156","40BA131","109","505","4"
"40211158","40BC021","112","502","4"
"40211158","40BQ331","111","503","4"
"40211158","40BA121","110","503","4"
"40211158","40BA131","109","503","4"
"40211158","40BA022","97","502","4"
"40211161","40BC021","112","501","4"
"40211161","40BQ031","100","502","4"
"40211161","40BA121","110","502","4"
"40211161","40BQ331","111","501","4"
"40211161","40BA131","109","501","4"
"40211162","40BA121","110","503","4"
"40211162","40BA131","109","503","4"
"40211162","40BC021","112","502","4"
"40211162","40BQ321","113","504","4"
"40211163","40BA121","110","503","4"
"40211163","40BA131","109","502","4"
"40211163","40BC021","112","501","4"
"40211163","433A021","97","502","4"
"40205303","40BA122","110","501","4"
"40205303","40BR072","119","503","4"
"40205303","40BA132","109","501","4"
"40205303","433A021","97","501","4"
"40205303","40BR082","120","502","4"
"40211201","40BR082","120","503","4"
"40211201","40BR072","119","504","4"
"40211201","40BA132","109","501","4"
"40211201","40BA122","110","502","4"
"40211201","409Q072","105","504","4"
"40211202","40BR072","119","503","4"
"40211202","40BR082","120","503","4"
"40211202","40BA132","109","503","4"
"40211202","40BA122","110","502","4"
"40211203","40BR072","119","505","4"
"40211203","40BR082","120","503","4"
"40211203","40BA132","109","505","4"
"40211203","40BA122","110","504","4"
"40211205","40BA122","110","503","4"
"40211205","40BR072","119","505","4"
"40211205","40BR082","120","504","4"
"40211205","40BA132","109","503","4"
"40211206","40BA122","110","503","4"
"40211206","40BA132","109","503","4"
"40211206","40BR072","119","505","4"
"40211206","40BR082","120","505","4"
"40211207","40BA132","109","503","4"
"40211207","40BR072","119","505","4"
"40211207","40BR082","120","505","4"
"40211207","40BA122","110","504","4"
"40211208","40BA122","110","501","4"
"40211208","40BA132","109","501","4"
"40211208","40BR072","119","502","4"
"40211208","433A021","97","501","4"
"40211208","40BR082","120","502","4"
"40211209","40BR082","120","502","4"
"40211209","40BR072","119","504","4"
"40211209","433A021","97","501","4"
"40211209","40BA132","109","502","4"
"40211209","40BA122","110","503","4"
"40211211","40BA122","110","502","4"
"40211211","409Q072","105","504","4"
"40211211","40BR082","120","503","4"
"40211211","40BA132","109","503","4"
"40211211","40BR072","119","505","4"
"40211213","409A021","97","501","4"
"40211213","40BR082","120","503","4"
"40211213","40BA122","110","501","4"
"40211213","40BR072","119","504","4"
"40211213","40BA132","109","501","4"
"40211214","40BA122","110","501","4"
"40211214","40BA132","109","501","4"
"40211214","40BR072","119","502","4"
"40211214","40BR082","120","503","4"
"40211215","433A021","97","501","4"
"40211215","40BR082","120","502","4"
"40211215","40BR072","119","503","4"
"40211215","40BA132","109","502","4"
"40211215","40BA122","110","501","4"
"40211216","40BA122","110","504","4"
"40211216","40BA132","109","503","4"
"40211216","40BR072","119","505","4"
"40211216","40BR082","120","505","4"
"40211217","40BR082","120","504","4"
"40211217","40BA122","110","503","4"
"40211217","40BR072","119","505","4"
"40211217","40BA132","109","503","4"
"40211219","40BR082","120","504","4"
"40211219","40BR072","119","504","4"
"40211219","40BA132","109","502","4"
"40211219","40BA122","110","503","4"
"40211220","40BA132","109","504","4"
"40211220","40BR082","120","504","4"
"40211220","40BA122","110","503","4"
"40211220","40BR072","119","505","4"
"40211222","40BA132","109","505","4"
"40211222","40BA122","110","505","4"
"40211222","40BR082","120","505","4"
"40211222","40BR072","119","505","4"
"40211223","40BR082","120","504","4"
"40211223","40BA132","109","503","4"
"40211223","40BA122","110","504","4"
"40211223","40BR072","119","505","4"
"40211224","40BR082","120","502","4"
"40211224","433A021","97","501","4"
"40211224","40BA122","110","502","4"
"40211224","40BA132","109","501","4"
"40211224","40BR072","119","503","4"
"40211225","40BA122","110","503","4"
"40211225","40BA132","109","504","4"
"40211225","40BR072","119","504","4"
"40211225","40BR082","120","503","4"
"40211226","40BR072","119","504","4"
"40211226","40BA122","110","504","4"
"40211226","40BR082","120","505","4"
"40211226","40BA132","109","504","4"
"40211227","40BA122","110","503","4"
"40211227","40BA132","109","505","4"
"40211227","40BR072","119","504","4"
"40211227","40BR082","120","504","4"
"40211228","40BA132","109","503","4"
"40211228","40BR082","120","504","4"
"40211228","40BR072","119","505","4"
"40211228","40BA122","110","503","4"
"40211229","40BR072","119","503","4"
"40211229","40BR082","120","504","4"
"40211229","40BA132","109","502","4"
"40211229","433A021","97","501","4"
"40211229","40BA122","110","501","4"
"40211230","40BR072","119","505","4"
"40211230","40BR082","120","504","4"
"40211230","40BA122","110","504","4"
"40211230","40BA132","109","503","4"
"40211233","40BA122","110","501","4"
"40211233","40BA132","109","501","4"
"40211233","433A021","97","501","4"
"40211233","40BR072","119","504","4"
"40211233","40BR082","120","502","4"
"40211234","40BR082","120","504","4"
"40211234","40BA132","109","501","4"
"40211234","40BR072","119","504","4"
"40211234","40BA122","110","503","4"
"40211235","40BA122","110","503","4"
"40211235","40BR072","119","504","4"
"40211235","40BA132","109","503","4"
"40211235","40BR082","120","503","4"
"40211237","40BR072","119","503","4"
"40211237","40BR082","120","503","4"
"40211237","40BA132","109","501","4"
"40211237","40BA122","110","501","4"
"40211238","40BR072","119","505","4"
"40211238","433A021","97","502","4"
"40211238","40BR082","120","504","4"
"40211238","40BA132","109","501","4"
"40211238","40BA122","110","502","4"
"40211239","40BR072","119","503","4"
"40211239","40BA132","109","501","4"
"40211239","40BA122","110","501","4"
"40211239","433A021","97","501","4"
"40211239","40BR082","120","502","4"
"40211241","40BA122","110","502","4"
"40211241","40BA132","109","503","4"
"40211241","40BR072","119","505","4"
"40211241","40BR082","120","504","4"
"40211242","40BA122","110","505","4"
"40211242","40BA132","109","505","4"
"40211242","40BR072","119","505","4"
"40211242","40BR082","120","505","4"
"40211243","40BA122","110","501","4"
"40211243","40BA132","109","501","4"
"40211243","40BA022","97","501","4"
"40211244","40BA132","109","502","4"
"40211244","40BR072","119","504","4"
"40211244","40BR082","120","504","4"
"40211244","40BA122","110","503","4"
"40211245","40BR072","119","503","4"
"40211245","40BR082","120","503","4"
"40211245","40BA132","109","502","4"
"40211245","40BA122","110","501","4"
"40211246","40BA122","110","505","4"
"40211246","40BA132","109","504","4"
"40211246","40BR072","119","505","4"
"40211246","40BR082","120","504","4"
"40211247","40BR072","119","505","4"
"40211247","40BR082","120","503","4"
"40211247","40BA122","110","503","4"
"40211247","40BA132","109","502","4"
"40211248","40BA122","110","503","4"
"40211248","40BA132","109","502","4"
"40211248","40BR072","119","505","4"
"40211248","40BR082","120","504","4"
"40211249","40BA122","110","502","4"
"40211249","40BR082","120","504","4"
"40211249","40BA132","109","503","4"
"40211249","40BR072","119","505","4"
"40211250","40BA122","110","503","4"
"40211250","40BA132","109","502","4"
"40211250","40BR072","119","503","4"
"40211250","40BR082","120","504","4"
"40211252","40BA122","110","504","4"
"40211252","40BA132","109","504","4"
"40211252","40BR072","119","504","4"
"40211252","40BR082","120","504","4"
"40211255","40BA122","110","501","4"
"40211255","40BA132","109","502","4"
"40211255","433A021","97","502","4"
"40211255","40BR072","119","504","4"
"40211255","40BR082","120","503","4"
"40211256","40BR082","120","505","4"
"40211256","40BR072","119","505","4"
"40211256","40BA132","109","504","4"
"40211256","40BA122","110","503","4"
"40211257","40BA122","110","501","4"
"40211257","40BA132","109","501","4"
"40211257","40BR072","119","504","4"
"40211257","40BR082","120","502","4"
"40211259","40BR072","119","504","4"
"40211259","40BR082","120","503","4"
"40211259","40BA132","109","501","4"
"40211259","40BA122","110","502","4"
"40211260","40BR082","120","504","4"
"40211260","40BA122","110","503","4"
"40211260","40BA132","109","501","4"
"40211260","40BR072","119","504","4"
"40211261","40BR072","119","505","4"
"40211261","40BR082","120","504","4"
"40211261","40BA132","109","502","4"
"40211261","40BA122","110","503","4"
"40211262","40BA122","110","503","4"
"40211262","40BR082","120","505","4"
"40211262","40BR072","119","504","4"
"40211262","40BA132","109","504","4"
"40211263","40BR072","119","503","4"
"40211263","40BR082","120","503","4"
"40211263","433A021","97","501","4"
"40211263","40BA122","110","501","4"
"40211263","40BA132","109","502","4"
"40211266","40BA081","99","502","4"
"40211266","40BA122","110","501","4"
"40211266","40BA132","109","502","4"
"40211266","40BR082","120","503","4"
"40211267","40BA122","110","502","4"
"40211267","40BA132","109","503","4"
"40211267","40BR072","119","504","4"
"40211267","40BR082","120","503","4"
"40211267","433A021","97","502","4"
"40211101","40BQ371","121","505","5"
"40211101","40BC051","122","503","5"
"40211101","40BA141","123","505","5"
"40211101","40UN110","124","504","5"
"40211101","40BR372","125","505","5"
"40211102","40BQ371","121","505","5"
"40211102","40BQ141","126","502","5"
"40211102","40BA141","123","504","5"
"40211102","40BC051","122","504","5"
"40211103","40UN050","127","501","5"
"40211103","40BR372","125","504","5"
"40211103","40BQ371","121","503","5"
"40211103","40BC051","122","502","5"
"40211103","40BA141","123","501","5"
"40211104","40UN110","124","504","5"
"40211104","40BQ371","121","504","5"
"40211104","40BA141","123","503","5"
"40211104","40BC051","122","502","5"
"40211105","40BQ371","121","504","5"
"40211105","40BA141","123","501","5"
"40211105","40BC011","102","501","5"
"40211105","40BC051","122","502","5"
"40211105","40BQ141","126","503","5"
"40211106","40BQ371","121","504","5"
"40211106","40BQ141","126","504","5"
"40211106","40BC051","122","503","5"
"40211106","40BA141","123","503","5"
"40211107","40UN110","124","504","5"
"40211107","40BQ371","121","503","5"
"40211107","40BQ141","126","501","5"
"40211107","40BC051","122","501","5"
"40211107","40BA141","123","501","5"
"40211107","40BA012","94","501","5"
"40211108","40BQ141","126","504","5"
"40211108","40BQ371","121","505","5"
"40211108","40UN110","124","504","5"
"40211108","409Z481","128","505","5"
"40211108","40BA141","123","504","5"
"40211108","40BC051","122","503","5"
"40211109","40UN110","124","504","5"
"40211109","40BQ141","126","502","5"
"40211109","40BQ371","121","504","5"
"40211109","40BA141","123","503","5"
"40211109","40BC051","122","502","5"
"40211110","40BC051","122","502","5"
"40211110","40BA141","123","503","5"
"40211110","40UN080","129","503","5"
"40211110","40BQ371","121","503","5"
"40211110","40BQ141","126","505","5"
"40211111","40BQ371","121","503","5"
"40211111","40BC051","122","502","5"
"40211111","40BQ141","126","503","5"
"40211111","40BA141","123","503","5"
"40211111","40UN110","124","504","5"
"40211112","40BC051","122","502","5"
"40211112","40BA141","123","503","5"
"40211112","40BC011","102","502","5"
"40211112","40BQ371","121","503","5"
"40211112","40BQ141","126","503","5"
"40211112","40UN110","124","504","5"
"40211113","40UN110","124","504","5"
"40211113","40BQ141","126","503","5"
"40211113","40BQ371","121","504","5"
"40211113","40BC051","122","502","5"
"40211113","40BA141","123","502","5"
"40211114","40BC051","122","501","5"
"40211114","40BA141","123","501","5"
"40211114","40BQ141","126","501","5"
"40211114","40BQ371","121","502","5"
"40211114","40UN110","124","504","5"
"40211115","40BQ141","126","501","5"
"40211115","40BQ371","121","501","5"
"40211115","40UN110","124","504","5"
"40211115","40BA141","123","501","5"
"40211115","40BC051","122","501","5"
"40211116","40BA141","123","504","5"
"40211116","40BC051","122","503","5"
"40211116","40BQ371","121","505","5"
"40211117","409Z481","128","505","5"
"40211117","40UN110","124","504","5"
"40211117","40BQ371","121","504","5"
"40211117","40BQ141","126","502","5"
"40211117","40BC051","122","502","5"
"40211117","40BA141","123","503","5"
"40211118","40BA141","123","505","5"
"40211118","40BC051","122","505","5"
"40211118","40BQ371","121","505","5"
"40211118","40IN662","130","504","5"
"40211119","40UN080","129","503","5"
"40211119","40BQ371","121","503","5"
"40211119","40BQ141","126","503","5"
"40211119","40BC051","122","504","5"
"40211119","40BA141","123","503","5"
"40211121","40BA141","123","503","5"
"40211121","40BC051","122","503","5"
"40211121","40BQ141","126","504","5"
"40211121","40BQ371","121","503","5"
"40211121","40UN080","129","503","5"
"40211122","40BC051","122","504","5"
"40211122","40BQ371","121","503","5"
"40211122","40BA141","123","503","5"
"40211123","40UN080","129","505","5"
"40211123","40BQ371","121","504","5"
"40211123","40BR372","125","504","5"
"40211123","40BA141","123","503","5"
"40211123","40BC051","122","504","5"
"40211125","40BQ141","126","504","5"
"40211125","40UN110","124","504","5"
"40211125","40BA141","123","503","5"
"40211125","40BC051","122","504","5"
"40211125","40BQ371","121","504","5"
"40211126","40BA141","123","503","5"
"40211126","40BC051","122","504","5"
"40211126","40BQ371","121","505","5"
"40211126","40BQ141","126","504","5"
"40211126","409A013","94","501","5"
"40211127","40BC051","122","505","5"
"40211127","40BA141","123","503","5"
"40211127","40BQ371","121","504","5"
"40211129","40BQ141","126","505","5"
"40211129","40BQ371","121","503","5"
"40211129","40BA141","123","504","5"
"40211129","40BC051","122","505","5"
"40211130","40UN110","124","504","5"
"40211130","40BQ141","126","504","5"
"40211130","40BQ371","121","503","5"
"40211130","40BA141","123","501","5"
"40211130","40BC051","122","502","5"
"40211130","40BA012","94","501","5"
"40211132","40BQ371","121","502","5"
"40211132","40BC051","122","501","5"
"40211132","40BA141","123","501","5"
"40211132","40UN110","124","504","5"
"40211133","40BQ371","121","504","5"
"40211133","40BR372","125","505","5"
"40211133","40UN110","124","504","5"
"40211133","40BA141","123","504","5"
"40211133","40BC051","122","505","5"
"40211134","40IN662","130","503","5"
"40211134","40BQ371","121","503","5"
"40211134","40BQ141","126","504","5"
"40211134","40BC051","122","504","5"
"40211134","40BA141","123","504","5"
"40211136","40UN110","124","504","5"
"40211136","40BR372","125","505","5"
"40211136","40BQ371","121","503","5"
"40211136","40BA141","123","503","5"
"40211136","40BC051","122","505","5"
"40211137","40BC051","122","502","5"
"40211137","40UN110","124","504","5"
"40211137","40BA141","123","502","5"
"40211137","40BQ141","126","502","5"
"40211138","40BA141","123","504","5"
"40211138","40BC051","122","504","5"
"40211138","40UN110","124","504","5"
"40211138","40BQ371","121","503","5"
"40211138","40BR372","125","505","5"
"40211139","40BQ371","121","504","5"
"40211139","40BA141","123","503","5"
"40211139","40BA221","131","503","5"
"40211139","40BC051","122","503","5"
"40211141","40UN080","129","504","5"
"40211141","40BQ371","121","505","5"
"40211141","40BQ141","126","504","5"
"40211141","40BC051","122","502","5"
"40211141","40BA141","123","504","5"
"40211144","40BC051","122","502","5"
"40211144","40BA141","123","501","5"
"40211144","40UN110","124","504","5"
"40211144","40BQ371","121","504","5"
"40211144","40BQ141","126","501","5"
"40211146","40BA141","123","503","5"
"40211146","40BC051","122","502","5"
"40211146","40BQ141","126","504","5"
"40211146","40BQ371","121","504","5"
"40211146","40UN080","129","502","5"
"40211148","40UN050","127","503","5"
"40211148","40BQ371","121","504","5"
"40211148","40BQ141","126","503","5"
"40211148","40BA141","123","504","5"
"40211148","40BC051","122","503","5"
"40211150","40BA141","123","504","5"
"40211150","40BC051","122","504","5"
"40211150","40BQ371","121","505","5"
"40211150","40UN080","129","503","5"
"40211150","40BQ141","126","505","5"
"40211151","40BA141","123","504","5"
"40211151","40BC051","122","504","5"
"40211151","40BR372","125","505","5"
"40211151","40UN110","124","504","5"
"40211151","40BQ371","121","505","5"
"40211153","40BA141","123","503","5"
"40211153","40BC011","102","502","5"
"40211153","40BC051","122","503","5"
"40211153","40BQ371","121","504","5"
"40211153","40BR372","125","504","5"
"40211153","40UN110","124","504","5"
"40211154","40UN110","124","504","5"
"40211154","40BC051","122","502","5"
"40211154","40BQ141","126","502","5"
"40211154","40BQ371","121","503","5"
"40211154","40BA051","95","503","5"
"40211154","40BA141","123","502","5"
"40211156","40BA051","95","505","5"
"40211156","40BA141","123","503","5"
"40211156","40BA011","94","505","5"
"40211156","40BC051","122","504","5"
"40211156","40BQ141","126","504","5"
"40211156","40BQ371","121","505","5"
"40211158","40UN110","124","504","5"
"40211158","40BC051","122","503","5"
"40211158","40BQ141","126","504","5"
"40211158","40BQ371","121","502","5"
"40211158","40BA011","94","504","5"
"40211158","40BA051","95","505","5"
"40211158","40BA141","123","503","5"
"40211161","40BQ371","121","502","5"
"40211161","40BA012","94","501","5"
"40211161","40BA141","123","502","5"
"40211161","40UN110","124","504","5"
"40211161","435R021","105","501","5"
"40211161","40BC051","122","502","5"
"40211161","40BQ141","126","501","5"
"40211162","40BA011","94","502","5"
"40211162","40BA141","123","503","5"
"40211162","40BC051","122","503","5"
"40211162","40BQ141","126","503","5"
"40211162","40BQ371","121","503","5"
"40211162","40UN080","129","504","5"
"40211163","40BA141","123","504","5"
"40211163","40UN110","124","504","5"
"40211163","433A011","94","502","5"
"40211164","40BA141","123","505","5"
"40211164","40BQ371","121","504","5"
"40211164","40BA102","104","503","5"
"40211165","40BQ371","121","502","5"
"40211165","40BA141","123","502","5"
"40211165","40BQ141","126","502","5"
"40211166","40BC051","122","501","5"
"40211166","40BQ141","126","501","5"
"40211166","40BQ371","121","501","5"
"40111230","40BD032","126","501","5"
"40205303","40BR372","125","501","5"
"40205303","40BR122","132","502","5"
"40205303","40BD032","126","502","5"
"40211201","40BD032","126","504","5"
"40211201","40BR122","132","505","5"
"40211201","40BR372","125","502","5"
"40211201","430R063","133","504","5"
"40211201","4069432","134","502","5"
"40211202","40BR372","125","503","5"
"40211202","40BR122","132","505","5"
"40211202","40BD032","126","503","5"
"40211203","40BR372","125","504","5"
"40211203","40BR122","132","505","5"
"40211203","40BD032","126","504","5"
"40211205","40BR122","132","504","5"
"40211205","40BD032","126","504","5"
"40211206","40BD032","126","504","5"
"40211206","40BR372","125","504","5"
"40211206","40BR122","132","505","5"
"40211206","409Z481","128","504","5"
"40211207","40BR372","125","504","5"
"40211207","40BD032","126","504","5"
"40211207","40BR122","132","505","5"
"40211208","433A011","94","501","5"
"40211208","40BR372","125","502","5"
"40211208","40BR122","132","502","5"
"40211208","40BD032","126","502","5"
"40211209","40BD032","126","502","5"
"40211209","40BR122","132","501","5"
"40211209","40BR372","125","504","5"
"40211211","4069432","134","503","5"
"40211211","40BR122","132","505","5"
"40211211","40BR372","125","503","5"
"40211211","430R063","133","505","5"
"40211211","40BD032","126","504","5"
"40211213","40BD032","126","504","5"
"40211213","40BR122","132","504","5"
"40211214","40BR372","125","502","5"
"40211214","40BD032","126","503","5"
"40211214","40BR122","132","503","5"
"40211215","40BR122","132","501","5"
"40211215","40BD032","126","503","5"
"40211215","40BR372","125","504","5"
"40211216","409Z481","128","504","5"
"40211216","40BD032","126","504","5"
"40211216","40BR122","132","505","5"
"40211216","40BR372","125","504","5"
"40211217","40BR372","125","504","5"
"40211217","40BD032","126","504","5"
"40211217","40BR122","132","505","5"
"40211217","409A032","135","505","5"
"40211219","40BR122","132","505","5"
"40211219","40BR372","125","504","5"
"40211219","40BD032","126","504","5"
"40211220","409Z481","128","505","5"
"40211220","40BR122","132","505","5"
"40211220","40BD032","126","504","5"
"40211220","40BR372","125","503","5"
"40211222","40BD032","126","504","5"
"40211222","40BR122","132","505","5"
"40211222","40BR372","125","504","5"
"40211223","40BD032","126","504","5"
"40211223","40BR122","132","505","5"
"40211223","40BR372","125","503","5"
"40211224","40BR372","125","501","5"
"40211224","40BR122","132","502","5"
"40211224","40BD032","126","502","5"
"40211225","40BD032","126","504","5"
"40211225","40BR122","132","505","5"
"40211225","40BR372","125","504","5"
"40211226","40BR122","132","505","5"
"40211226","40BD032","126","504","5"
"40211226","40BR372","125","503","5"
"40211227","40BD032","126","504","5"
"40211227","40BR122","132","505","5"
"40211227","40BR372","125","503","5"
"40211227","433A011","94","502","5"
"40211228","40BR122","132","505","5"
"40211228","40BR372","125","503","5"
"40211228","40BD032","126","504","5"
"40211228","409Z481","128","504","5"
"40211229","40BD032","126","503","5"
"40211229","40BR122","132","505","5"
"40211229","40BR372","125","503","5"
"40211230","40BR372","125","504","5"
"40211230","40BD032","126","504","5"
"40211230","40BR122","132","505","5"
"40211230","409Z481","128","504","5"
"40211233","40B0292","93","503","5"
"40211233","40BR122","132","503","5"
"40211233","40BR372","125","502","5"
"40211233","40BD032","126","503","5"
"40211234","40BD032","126","504","5"
"40211234","40BR372","125","504","5"
"40211234","40BR122","132","505","5"
"40211234","433A011","94","502","5"
"40211235","40BR122","132","505","5"
"40211235","40BR372","125","503","5"
"40211235","40BD032","126","504","5"
"40211235","40BA011","94","501","5"
"40211237","40BR122","132","504","5"
"40211237","40BD032","126","504","5"
"40211237","40BR372","125","503","5"
"40211238","40BR372","125","504","5"
"40211238","40BD032","126","503","5"
"40211238","40BR122","132","504","5"
"40211238","40B0292","93","504","5"
"40211239","40BR122","132","501","5"
"40211239","40BD032","126","502","5"
"40211239","40BR372","125","501","5"
"40211239","433A011","94","501","5"
"40211241","409Z481","128","504","5"
"40211241","40BD032","126","503","5"
"40211241","40BR122","132","505","5"
"40211241","40BR372","125","503","5"
"40211242","4069432","134","504","5"
"40211242","40BD032","126","504","5"
"40211242","40BR122","132","505","5"
"40211242","40BR372","125","504","5"
"40211244","40BD032","126","504","5"
"40211244","40BR122","132","505","5"
"40211244","40BR372","125","504","5"
"40211245","409A032","135","504","5"
"40211245","409Z481","128","504","5"
"40211245","40BR122","132","504","5"
"40211245","40BR372","125","504","5"
"40211245","40BD032","126","503","5"
"40211246","40BD032","126","504","5"
"40211246","40BR122","132","505","5"
"40211246","40BR372","125","504","5"
"40211247","409A032","135","504","5"
"40211247","409Z481","128","504","5"
"40211247","40BR122","132","505","5"
"40211247","40BR372","125","503","5"
"40211247","40BD032","126","504","5"
"40211248","40BD032","126","503","5"
"40211248","40BR122","132","505","5"
"40211248","40BR372","125","503","5"
"40211249","40BD032","126","502","5"
"40211249","40BR122","132","505","5"
"40211249","409A032","135","502","5"
"40211249","40BR372","125","504","5"
"40211250","40BD032","126","503","5"
"40211250","40BR122","132","505","5"
"40211250","40BR372","125","504","5"
"40211252","409Z481","128","504","5"
"40211252","40BD032","126","504","5"
"40211252","40BR122","132","505","5"
"40211252","40BR372","125","504","5"
"40211255","40B0292","93","504","5"
"40211255","40BR122","132","503","5"
"40211255","40BD032","126","503","5"
"40211255","40BR372","125","504","5"
"40211256","40BR122","132","505","5"
"40211256","40BR372","125","504","5"
"40211256","40BD032","126","505","5"
"40211256","4069432","134","504","5"
"40211257","40BD032","126","502","5"
"40211257","40BR122","132","503","5"
"40211257","40BR372","125","501","5"
"40211259","409Z481","128","505","5"
"40211259","40BR122","132","505","5"
"40211259","40BR372","125","504","5"
"40211259","40BD032","126","503","5"
"40211260","40BD032","126","503","5"
"40211260","40BR122","132","505","5"
"40211260","40BR372","125","503","5"
"40211261","409Z481","128","504","5"
"40211261","40BR122","132","505","5"
"40211261","40BD032","126","503","5"
"40211262","40BR372","125","504","5"
"40211262","40BD032","126","504","5"
"40211262","40BR122","132","505","5"
"40211262","4069432","134","503","5"
"40211263","40BR372","125","502","5"
"40211263","40BR122","132","502","5"
"40211263","40BD032","126","502","5"
"40211266","409A012","94","501","5"
"40211266","40BA221","131","501","5"
"40211266","40BD032","126","501","5"
"40211267","40BD032","126","504","5"
"40211267","40BR122","132","504","5"
"40211267","40BR372","125","504","5"
"40211267","433A011","94","502","5"
"40211267","40B0292","93","504","5"
"40211268","40BD032","126","501","5"
"40211268","40BA011","94","501","5"
"40211101","40BQ391","136","505","6"
"40211101","40BC061","137","504","6"
"40211101","40BA151","138","505","6"
"40211101","40UN070","139","504","6"
"40211101","40BQ171","140","505","6"
"40211101","40BQ381","141","504","6"
"40211102","409D021","142","504","6"
"40211102","40WN081","143","503","6"
"40211102","433Q051","144","502","6"
"40211102","40KA513","145","505","6"
"40211102","40BQ391","136","504","6"
"40211102","40BC061","137","503","6"
"40211102","40KA393","120","504","6"
"40211102","40BA151","138","504","6"
"40211104","40BQ171","140","504","6"
"40211104","40BQ381","141","504","6"
"40211104","40BQ391","136","505","6"
"40211104","40BC061","137","502","6"
"40211104","40BA151","138","503","6"
"40211105","409Q082","144","502","6"
"40211105","40BR242","146","504","6"
"40211105","40KN152","147","502","6"
"40211105","40UN020","148","504","6"
"40211105","40BA151","138","503","6"
"40211105","40BC061","137","501","6"
"40211105","40BQ171","140","501","6"
"40211106","432N442","149","502","6"
"40211106","40BQ391","136","504","6"
"40211106","40BQ171","140","504","6"
"40211106","40BC061","137","504","6"
"40211106","40BA151","138","504","6"
"40211107","40KN633","150","502","6"
"40211107","40BQ391","136","502","6"
"40211107","40BR242","146","502","6"
"40211107","40BQ171","140","501","6"
"40211107","40BQ381","141","503","6"
"40211107","40BC061","137","501","6"
"40211107","40BA151","138","503","6"
"40211107","409Q522","151","504","6"
"40211108","40BQ171","140","504","6"
"40211108","40BQ381","141","504","6"
"40211108","40BQ391","136","503","6"
"40211108","409Z491","152","505","6"
"40211108","409Z501","153","505","6"
"40211108","40BA151","138","504","6"
"40211108","40BC061","137","505","6"
"40211109","40BQ391","136","504","6"
"40211109","40KT142","154","505","6"
"40211109","40BC061","137","504","6"
"40211109","40BQ171","140","501","6"
"40211109","40BQ381","141","501","6"
"40211109","40BA151","138","504","6"
"40211110","40BC061","137","503","6"
"40211110","40BA151","138","504","6"
"40211110","40BQ391","136","504","6"
"40211110","40KN152","147","503","6"
"40211110","40UN020","148","504","6"
"40211110","40BQ171","140","503","6"
"40211111","40BA151","138","503","6"
"40211111","40BQ391","136","502","6"
"40211111","40BQ171","140","501","6"
"40211111","40BQ381","141","501","6"
"40211111","40BC061","137","503","6"
"40211112","40BC061","137","504","6"
"40211112","40BA151","138","504","6"
"40211112","40BQ391","136","505","6"
"40211112","40WN191","155","502","6"
"40211112","40KT142","154","505","6"
"40211112","40BQ381","141","502","6"
"40211113","40BQ381","141","502","6"
"40211113","40KT142","154","504","6"
"40211113","40BQ391","136","503","6"
"40211113","40BQ171","140","503","6"
"40211113","40BA151","138","503","6"
"40211113","40BC061","137","504","6"
"40211114","40BA151","138","502","6"
"40211114","40BC061","137","501","6"
"40211114","40BQ171","140","501","6"
"40211114","40BQ381","141","501","6"
"40211114","40BQ391","136","501","6"
"40211115","40BC061","137","501","6"
"40211115","40BQ391","136","501","6"
"40211115","40BA151","138","502","6"
"40211116","40BA151","138","503","6"
"40211116","40BC061","137","504","6"
"40211116","40BQ381","141","505","6"
"40211116","40BQ391","136","505","6"
"40211116","40IN532","156","503","6"
"40211116","40BQ171","140","505","6"
"40211117","40BQ381","141","502","6"
"40211117","40BQ391","136","502","6"
"40211117","40BQ171","140","501","6"
"40211117","40BC061","137","503","6"
"40211117","40BA151","138","504","6"
"40211117","409Z491","152","504","6"
"40211117","409Z501","153","505","6"
"40211118","40BA151","138","505","6"
"40211118","40BC061","137","505","6"
"40211118","40BQ171","140","505","6"
"40211118","40BQ391","136","505","6"
"40211118","40IN051","101","505","6"
"40211118","40IN532","156","503","6"
"40211119","40BQ391","136","504","6"
"40211119","40BQ171","140","503","6"
"40211119","40BC061","137","503","6"
"40211119","40BA151","138","504","6"
"40211121","432N442","149","502","6"
"40211121","40BA151","138","504","6"
"40211121","40BC061","137","504","6"
"40211121","40BQ171","140","504","6"
"40211121","40BQ391","136","501","6"
"40211122","40BQ391","136","505","6"
"40211122","40BC061","137","503","6"
"40211122","40BQ171","140","504","6"
"40211122","40BA151","138","504","6"
"40211122","432N442","149","503","6"
"40211123","40BA151","138","504","6"
"40211123","40UN070","139","504","6"
"40211123","40BQ381","141","503","6"
"40211123","40BQ391","136","505","6"
"40211123","40BC061","137","503","6"
"40211123","40BQ171","140","505","6"
"40211125","40BQ391","136","504","6"
"40211125","40BA151","138","504","6"
"40211125","40BC061","137","504","6"
"40211125","40BQ171","140","504","6"
"40211125","40BQ381","141","504","6"
"40211126","40BA151","138","504","6"
"40211126","40KA393","120","503","6"
"40211126","40BC061","137","501","6"
"40211126","40WN081","143","503","6"
"40211126","409D021","142","502","6"
"40211126","433Q051","144","502","6"
"40211126","40KA513","145","503","6"
"40211127","40IN051","101","504","6"
"40211127","40IN532","156","503","6"
"40211127","40BA151","138","504","6"
"40211127","40BQ171","140","505","6"
"40211127","40BC061","137","505","6"
"40211127","40BQ381","141","505","6"
"40211127","40BQ391","136","505","6"
"40211129","409D021","142","503","6"
"40211129","40BC061","137","504","6"
"40211129","40BA151","138","504","6"
"40211129","40WN081","143","502","6"
"40211129","433Q051","144","502","6"
"40211129","40KA393","120","505","6"
"40211129","40KA513","145","503","6"
"40211130","4030261","93","501","6"
"40211130","40KT142","154","505","6"
"40211130","40BQ171","140","502","6"
"40211130","40BQ381","141","502","6"
"40211130","40BQ391","136","502","6"
"40211130","40BC061","137","502","6"
"40211130","40BA151","138","503","6"
"40211132","40BA021","97","501","6"
"40211132","40BQ171","140","502","6"
"40211132","40KN633","150","504","6"
"40211132","40BQ381","141","501","6"
"40211132","40KT142","154","504","6"
"40211132","40BA151","138","503","6"
"40211132","40BC061","137","501","6"
"40211133","40BQ381","141","505","6"
"40211133","40BQ391","136","505","6"
"40211133","40UN070","139","504","6"
"40211133","40BA151","138","504","6"
"40211133","40BC061","137","504","6"
"40211133","40BQ171","140","505","6"
"40211134","40IN532","156","502","6"
"40211134","40BQ381","141","504","6"
"40211134","40BQ391","136","504","6"
"40211134","40BQ171","140","504","6"
"40211134","40BC061","137","504","6"
"40211134","40BA151","138","503","6"
"40211136","40BQ381","141","503","6"
"40211136","40BQ391","136","505","6"
"40211136","40BQ171","140","505","6"
"40211136","40BC061","137","504","6"
"40211136","40BA151","138","504","6"
"40211137","40BC061","137","501","6"
"40211137","40BQ171","140","502","6"
"40211137","40BQ391","136","502","6"
"40211137","40BA151","138","503","6"
"40211137","40BQ381","141","501","6"
"40211138","40BA151","138","505","6"
"40211138","40BQ171","140","504","6"
"40211138","40BC061","137","503","6"
"40211138","40BQ391","136","505","6"
"40211139","40BA151","138","503","6"
"40211139","432N442","149","501","6"
"40211139","40BQ381","141","501","6"
"40211139","40BC061","137","502","6"
"40211139","40BQ171","140","504","6"
"40211141","40BQ391","136","504","6"
"40211141","40BQ171","140","504","6"
"40211141","40BC061","137","504","6"
"40211141","40BA151","138","504","6"
"40211144","40BA151","138","502","6"
"40211144","40BC061","137","501","6"
"40211144","40BQ171","140","501","6"
"40211144","40BQ381","141","501","6"
"40211144","40BQ391","136","501","6"
"40211146","409Q082","144","502","6"
"40211146","40BA151","138","504","6"
"40211146","40BC021","112","504","6"
"40211146","40BC061","137","503","6"
"40211146","40BQ171","140","503","6"
"40211146","40BQ381","141","503","6"
"40211146","40BR242","146","502","6"
"40211148","40BQ171","140","504","6"
"40211148","40BC061","137","504","6"
"40211148","40BA151","138","504","6"
"40211148","409R481","157","505","6"
"40211148","40BQ391","136","505","6"
"40211150","40BQ391","136","504","6"
"40211150","40KN152","147","504","6"
"40211150","40UN020","148","504","6"
"40211150","40BA151","138","504","6"
"40211150","40BC061","137","504","6"
"40211150","40BQ171","140","503","6"
"40211151","40UN070","139","504","6"
"40211151","40BQ391","136","504","6"
"40211151","40BQ171","140","505","6"
"40211151","40BQ381","141","505","6"
"40211151","40BC061","137","505","6"
"40211151","40BA151","138","504","6"
"40211153","40BA151","138","504","6"
"40211153","40BC061","137","504","6"
"40211153","40BQ171","140","504","6"
"40211153","40BQ381","141","505","6"
"40211153","40BQ391","136","505","6"
"40211153","40UN070","139","504","6"
"40211154","40BQ381","141","501","6"
"40211154","40BQ391","136","503","6"
"40211154","40BA151","138","503","6"
"40211154","40BC061","137","504","6"
"40211154","40BQ171","140","501","6"
"40211156","40BA151","138","503","6"
"40211156","40BC061","137","503","6"
"40211156","40BQ171","140","503","6"
"40211156","433N262","143","504","6"
"40211156","40BQ381","141","504","6"
"40211156","40BQ391","136","504","6"
"40211158","433N262","143","504","6"
"40211158","40BQ171","140","503","6"
"40211158","40BQ381","141","503","6"
"40211158","40BQ391","136","502","6"
"40211158","40BA151","138","503","6"
"40211158","40BC061","137","503","6"
"40211161","409A023","97","501","6"
"40211161","40BA061","96","501","6"
"40211161","40UN070","139","503","6"
"40211161","40BA151","138","503","6"
"40211161","40BC021","112","504","6"
"40211161","40BC061","137","501","6"
"40211162","40BA021","97","502","6"
"40211162","40BA151","138","504","6"
"40211162","40BC061","137","503","6"
"40211162","40BQ171","140","501","6"
"40211162","40BQ391","136","502","6"
"40211163","40BA151","138","504","6"
"40211163","40BC061","137","501","6"
"40211164","409A023","97","505","6"
"40211164","40BQ381","141","504","6"
"40211164","40BA151","138","504","6"
"40211164","40BQ391","136","504","6"
"40211164","40BA121","110","503","6"
"40211164","40BC061","137","505","6"
"40211165","40BA151","138","503","6"
"40211165","40BC021","112","505","6"
"40211165","40BC061","137","505","6"
"40211165","40BQ391","136","503","6"
"40211165","40BA121","110","503","6"
"40211165","40BA131","109","502","6"
"40111230","40BD052","158","501","6"
"40111230","40BR322","159","503","6"
"40111230","40BA142","123","501","6"
"40111230","40BA152","138","502","6"
"40205303","40BR322","159","502","6"
"40205303","40BR242","146","501","6"
"40205303","40BD052","158","501","6"
"40205303","40BA152","138","501","6"
"40205303","40BA142","123","503","6"
"40211201","40B9561","160","504","6"
"40211201","40BA061","96","501","6"
"40211201","40BA142","123","504","6"
"40211201","40BA152","138","504","6"
"40211201","40BD052","158","504","6"
"40211201","40UN010","161","503","6"
"40211201","409U313","162","503","6"
"40211202","40BR242","146","503","6"
"40211202","40BR322","159","503","6"
"40211202","40BA152","138","504","6"
"40211202","40BD052","158","503","6"
"40211202","40BA142","123","504","6"
"40211203","40UN070","139","505","6"
"40211203","40BA142","123","504","6"
"40211203","40BA152","138","503","6"
"40211203","40BD052","158","504","6"
"40211203","40BR242","146","503","6"
"40211203","40BR322","159","504","6"
"40211203","40B9561","160","504","6"
"40211205","40BA142","123","504","6"
"40211205","40BA152","138","502","6"
"40211205","40BR242","146","503","6"
"40211205","40BR322","159","503","6"
"40211205","40BD052","158","503","6"
"40211206","40BA142","123","505","6"
"40211206","40BD052","158","503","6"
"40211206","40BA152","138","503","6"
"40211206","409Z501","153","505","6"
"40211206","40BR242","146","504","6"
"40211206","40BR322","159","503","6"
"40211206","409Z491","152","504","6"
"40211207","40BA142","123","505","6"
"40211207","40B9561","160","504","6"
"40211207","40BR322","159","504","6"
"40211207","40BD052","158","503","6"
"40211207","40BA152","138","504","6"
"40211208","40BR322","159","501","6"
"40211208","40BR242","146","502","6"
"40211208","40BD052","158","501","6"
"40211208","40BA152","138","502","6"
"40211208","40BA142","123","503","6"
"40211209","40BA142","123","503","6"
"40211209","40BA152","138","503","6"
"40211209","40BD052","158","501","6"
"40211209","40BR242","146","502","6"
"40211209","40BR322","159","502","6"
"40211211","409U313","162","503","6"
"40211211","40UN010","161","504","6"
"40211211","40BA152","138","503","6"
"40211211","40BD052","158","504","6"
"40211211","40B9561","160","504","6"
"40211211","40BA142","123","504","6"
"40211213","40BA142","123","505","6"
"40211213","40BA152","138","504","6"
"40211213","40BD052","158","503","6"
"40211213","40BR322","159","503","6"
"40211214","40BA152","138","501","6"
"40211214","40BD052","158","501","6"
"40211214","40BR242","146","502","6"
"40211214","40BR322","159","502","6"
"40211214","40BA142","123","504","6"
"40211215","40BR322","159","502","6"
"40211215","40BR242","146","502","6"
"40211215","40BD052","158","501","6"
"40211215","40BA152","138","503","6"
"40211215","40BA142","123","504","6"
"40211216","409Z491","152","505","6"
"40211216","409Z501","153","505","6"
"40211216","40BA142","123","505","6"
"40211216","40BA152","138","504","6"
"40211216","40BD052","158","505","6"
"40211216","40BR322","159","505","6"
"40211217","40BR322","159","504","6"
"40211217","40BD052","158","504","6"
"40211217","40BA142","123","505","6"
"40211217","40BR242","146","504","6"
"40211217","40BA152","138","503","6"
"40211217","40B9561","160","504","6"
"40211219","40UN020","148","504","6"
"40211219","40BR322","159","504","6"
"40211219","40BD052","158","504","6"
"40211219","40BA152","138","504","6"
"40211219","40BA142","123","503","6"
"40211219","40B9561","160","504","6"
"40211220","409Z491","152","505","6"
"40211220","409Z501","153","505","6"
"40211220","40BA142","123","504","6"
"40211220","40BD052","158","503","6"
"40211220","40BA152","138","504","6"
"40211222","40BA142","123","504","6"
"40211222","40BD052","158","504","6"
"40211222","40BA152","138","503","6"
"40211222","40BR322","159","504","6"
"40211222","40BR242","146","504","6"
"40211223","40UN070","139","505","6"
"40211223","40BR322","159","504","6"
"40211223","40BD052","158","505","6"
"40211223","40BA142","123","505","6"
"40211223","40BA152","138","504","6"
"40211224","433A022","97","501","6"
"40211224","40BR322","159","503","6"
"40211224","40BR242","146","503","6"
"40211224","40BD052","158","501","6"
"40211224","40BA152","138","503","6"
"40211224","40BA132","109","501","6"
"40211224","40BA142","123","503","6"
"40211225","40BR242","146","503","6"
"40211225","40BR322","159","505","6"
"40211225","40UN070","139","505","6"
"40211225","40B9561","160","504","6"
"40211225","40BA142","123","504","6"
"40211225","40BA152","138","503","6"
"40211225","40BD052","158","503","6"
"40211226","40BD052","158","505","6"
"40211226","40BA152","138","504","6"
"40211226","40BA142","123","504","6"
"40211226","40B9561","160","504","6"
"40211227","40B9561","160","504","6"
"40211227","40BA142","123","504","6"
"40211227","40BA152","138","504","6"
"40211227","40BD052","158","504","6"
"40211227","40BR322","159","504","6"
"40211228","409Z491","152","504","6"
"40211228","409Z501","153","505","6"
"40211228","40BA152","138","504","6"
"40211228","40BA142","123","504","6"
"40211228","40BD052","158","503","6"
"40211229","40BD052","158","501","6"
"40211229","40BA152","138","502","6"
"40211229","40BA142","123","504","6"
"40211229","40BR242","146","502","6"
"40211229","40BR322","159","501","6"
"40211230","409Z501","153","505","6"
"40211230","40BA142","123","504","6"
"40211230","40BA152","138","503","6"
"40211230","40BD052","158","504","6"
"40211230","409D021","142","502","6"
"40211230","409Q502","114","504","6"
"40211230","409Z491","152","505","6"
"40211233","40BR322","159","503","6"
"40211233","40BR242","146","501","6"
"40211233","40BD052","158","501","6"
"40211233","40BA152","138","502","6"
"40211233","40BA142","123","504","6"
"40211233","40BA132","109","501","6"
"40211234","40UN070","139","505","6"
"40211234","40BA152","138","504","6"
"40211234","40B9561","160","504","6"
"40211234","40BA142","123","504","6"
"40211234","40BD052","158","503","6"
"40211234","40BR322","159","504","6"
"40211235","40BR322","159","503","6"
"40211235","40BD052","158","504","6"
"40211235","40BA142","123","504","6"
"40211235","40BA062","96","502","6"
"40211235","40BA152","138","504","6"
"40211235","40BR242","146","502","6"
"40211237","40BR322","159","503","6"
"40211237","40BD052","158","502","6"
"40211237","40BA142","123","503","6"
"40211237","40B9561","160","504","6"
"40211237","40BA152","138","503","6"
"40211238","40BA152","138","503","6"
"40211238","40BR322","159","504","6"
"40211238","40BR242","146","504","6"
"40211238","40BD052","158","503","6"
"40211238","40BA142","123","504","6"
"40211239","40BA142","123","503","6"
"40211239","40BA132","109","501","6"
"40211239","40BA152","138","501","6"
"40211239","40BD052","158","501","6"
"40211239","40BR242","146","501","6"
"40211239","40BR322","159","501","6"
"40211241","40BR242","146","503","6"
"40211241","40BR322","159","503","6"
"40211241","409Z491","152","505","6"
"40211241","409Z501","153","505","6"
"40211241","40BA142","123","504","6"
"40211241","40BA152","138","503","6"
"40211241","40BD052","158","502","6"
"40211242","409Q502","114","504","6"
"40211242","40B9561","160","504","6"
"40211242","40BA142","123","505","6"
"40211242","40BA152","138","504","6"
"40211242","40BD052","158","504","6"
"40211242","40UN020","148","504","6"
"40211244","40B9561","160","504","6"
"40211244","40BA142","123","505","6"
"40211244","40BA152","138","504","6"
"40211244","40BD052","158","503","6"
"40211244","40BR242","146","504","6"
"40211244","40BR322","159","504","6"
"40211245","409Z491","152","504","6"
"40211245","409Z501","153","505","6"
"40211245","40BR242","146","502","6"
"40211245","40BA152","138","502","6"
"40211245","40BD052","158","502","6"
"40211245","40BA122","110","501","6"
"40211245","40BA142","123","503","6"
"40211246","40B9561","160","504","6"
"40211246","40BA142","123","505","6"
"40211246","40BA152","138","504","6"
"40211246","40BD052","158","505","6"
"40211246","40BR322","159","505","6"
"40211247","409Z491","152","504","6"
"40211247","409Z501","153","505","6"
"40211247","40BR242","146","503","6"
"40211247","40BR322","159","505","6"
"40211247","40BA152","138","502","6"
"40211247","40BD052","158","503","6"
"40211247","40BA061","96","501","6"
"40211247","40BA142","123","504","6"
"40211248","40BA142","123","504","6"
"40211248","40BA152","138","503","6"
"40211248","40BD052","158","504","6"
"40211248","40BR242","146","503","6"
"40211248","40BR322","159","503","6"
"40211249","40B9561","160","504","6"
"40211249","40BA152","138","502","6"
"40211249","40BA142","123","505","6"
"40211249","40BD052","158","503","6"
"40211249","40BR242","146","504","6"
"40211249","40BR322","159","503","6"
"40211250","40BA142","123","504","6"
"40211250","40BA152","138","504","6"
"40211250","40BD052","158","502","6"
"40211250","40BR322","159","504","6"
"40211250","432N351","163","503","6"
"40211252","409D021","142","503","6"
"40211252","409Q502","114","503","6"
"40211252","409Z491","152","505","6"
"40211252","409Z501","153","505","6"
"40211252","40BA142","123","505","6"
"40211252","40BA152","138","503","6"
"40211252","40BD052","158","504","6"
"40211255","40BD052","158","502","6"
"40211255","40BR242","146","502","6"
"40211255","40BR322","159","503","6"
"40211255","40BA152","138","503","6"
"40211255","40BA142","123","504","6"
"40211256","40BA142","123","505","6"
"40211256","409Q502","114","504","6"
"40211256","40UN020","148","504","6"
"40211256","40BA152","138","504","6"
"40211256","40BD052","158","505","6"
"40211256","40B9561","160","504","6"
"40211257","40BA142","123","503","6"
"40211257","40BA152","138","502","6"
"40211257","40BD052","158","501","6"
"40211257","40BR242","146","501","6"
"40211257","40BR322","159","502","6"
"40211259","40BD052","158","504","6"
"40211259","40BA152","138","502","6"
"40211259","40BA131","109","501","6"
"40211259","40BA142","123","504","6"
"40211259","409D021","142","502","6"
"40211259","409Q502","114","502","6"
"40211259","409Z491","152","504","6"
"40211259","409Z501","153","505","6"
"40211260","40BA152","138","502","6"
"40211260","40BD052","158","503","6"
"40211260","40BA142","123","505","6"
"40211260","40B9561","160","504","6"
"40211261","409Z491","152","504","6"
"40211261","40BR242","146","504","6"
"40211261","40BR322","159","503","6"
"40211261","40BD052","158","503","6"
"40211261","40BA152","138","503","6"
"40211261","40BA142","123","503","6"
"40211261","409Z501","153","505","6"
"40211262","40BD052","158","505","6"
"40211262","40UN020","148","504","6"
"40211262","40B9561","160","504","6"
"40211262","40BA152","138","504","6"
"40211262","40BA142","123","505","6"
"40211262","409Q502","114","503","6"
"40211263","40BR322","159","501","6"
"40211263","40BR242","146","501","6"
"40211263","40BA152","138","501","6"
"40211263","40BD052","158","501","6"
"40211263","40BA142","123","503","6"
"40211266","40A8161","164","504","6"
"40211266","40BA061","96","501","6"
"40211266","40BA142","123","504","6"
"40211266","40BA152","138","504","6"
"40211266","40BD052","158","503","6"
"40211266","40BR022","165","502","6"
"40211266","40BR072","119","501","6"
"40211266","40BR322","159","504","6"
"40211266","433A021","97","503","6"
"40211267","40BR242","146","503","6"
"40211267","40BR322","159","504","6"
"40211267","40BA142","123","504","6"
"40211267","40BA152","138","503","6"
"40211267","40BD052","158","501","6"
"40211101","40PQ041","166","505","7"
"40211101","4069203","126","505","7"
"40211101","40BR342","167","505","7"
"40211102","40B9651","168","504","7"
"40211102","40B9431","169","504","7"
"40211102","40BQ421","170","503","7"
"40211102","40UN160","171","504","7"
"40211102","40B9662","172","505","7"
"40211104","40BQ401","167","504","7"
"40211104","40BQ421","170","502","7"
"40211105","40BC011","102","501","7"
"40211105","40BQ401","167","501","7"
"40211105","40BQ421","170","503","7"
"40211105","40BR222","173","501","7"
"40211106","432N861","174","501","7"
"40211106","40BQ421","170","503","7"
"40211106","40BQ401","167","504","7"
"40211107","409R181","175","502","7"
"40211107","40BA141","123","501","7"
"40211107","40BC051","122","501","7"
"40211107","40BQ421","170","503","7"
"40211107","40KN021","176","501","7"
"40211108","40BR342","167","504","7"
"40211108","40PQ041","166","505","7"
"40211109","40B9431","169","504","7"
"40211109","40B9651","168","504","7"
"40211109","40B9662","172","504","7"
"40211110","40B9431","169","504","7"
"40211110","40B9651","168","503","7"
"40211110","40B9662","172","505","7"
"40211110","40BQ401","167","504","7"
"40211110","40BQ421","170","504","7"
"40211110","4069211","120","503","7"
"40211110","433N171","177","503","7"
"40211111","40B9572","178","503","7"
"40211112","40B9662","172","503","7"
"40211112","40B9651","168","503","7"
"40211112","40B9431","169","504","7"
"40211113","40BA101","104","502","7"
"40211113","40B9651","168","503","7"
"40211113","40B9431","169","504","7"
"40211113","40B9662","172","504","7"
"40211116","40IN101","179","504","7"
"40211116","432N861","174","501","7"
"40211116","40BQ401","167","505","7"
"40211116","40BQ421","170","503","7"
"40211118","40BQ421","170","505","7"
"40211118","40B9651","168","505","7"
"40211118","40B9662","172","505","7"
"40211118","40B9431","169","505","7"
"40211118","40BQ401","167","505","7"
"40211119","432N861","174","501","7"
"40211119","433N171","177","503","7"
"40211119","40BQ421","170","503","7"
"40211119","40BQ401","167","504","7"
"40211121","40BC011","102","502","7"
"40211121","40BQ401","167","504","7"
"40211121","40BQ421","170","502","7"
"40211121","432N861","174","501","7"
"40211122","432N861","174","501","7"
"40211122","40BQ401","167","503","7"
"40211122","40BQ421","170","503","7"
"40211123","4069203","126","503","7"
"40211123","40PQ041","166","504","7"
"40211123","40BQ401","167","503","7"
"40211125","40B9662","172","504","7"
"40211125","40B9431","169","504","7"
"40211125","40B9651","168","503","7"
"40211126","40B9662","172","504","7"
"40211126","40B9431","169","504","7"
"40211126","40UN160","171","501","7"
"40211126","40BQ401","167","501","7"
"40211126","40B9651","168","503","7"
"40211127","40BQ401","167","504","7"
"40211127","40B9651","168","505","7"
"40211127","40B9431","169","504","7"
"40211127","40B9662","172","505","7"
"40211127","40BQ421","170","505","7"
"40211129","40BQ401","167","503","7"
"40211130","40BA101","104","501","7"
"40211130","40BC011","102","501","7"
"40211130","40BQ401","167","502","7"
"40211130","40BQ421","170","501","7"
"40211130","40BA141","123","501","7"
"40211132","40BQ401","167","503","7"
"40211132","40BC011","102","501","7"
"40211132","40BC051","122","501","7"
"40211133","40BR342","167","504","7"
"40211133","40PQ041","166","504","7"
"40211133","4069203","126","504","7"
"40211134","40IN101","179","504","7"
"40211134","40BQ401","167","504","7"
"40211134","40BQ421","170","504","7"
"40211134","432N861","174","501","7"
"40211136","40PQ041","166","504","7"
"40211136","40BR342","167","504","7"
"40211136","4069203","126","505","7"
"40211139","432N861","174","501","7"
"40211139","40BQ401","167","503","7"
"40211139","40BQ421","170","502","7"
"40211141","433N171","177","504","7"
"40211141","40BQ401","167","504","7"
"40211141","40BQ421","170","504","7"
"40211141","40B9431","169","505","7"
"40211141","40B9651","168","504","7"
"40211141","40B9662","172","505","7"
"40211144","40BA141","123","501","7"
"40211144","40BA221","131","501","7"
"40211144","40BQ401","167","501","7"
"40211144","40BQ421","170","501","7"
"40211146","40BC011","102","502","7"
"40211146","40BQ401","167","504","7"
"40211148","40BQ401","167","505","7"
"40211148","40BQ421","170","503","7"
"40211150","40BQ401","167","503","7"
"40211150","40BQ421","170","504","7"
"40211150","4069211","120","504","7"
"40211150","433N171","177","501","7"
"40211151","4069203","126","504","7"
"40211151","40PQ041","166","504","7"
"40211151","40BR342","167","504","7"
"40211154","409R181","175","504","7"
"40211154","40BQ421","170","501","7"
"40211154","40BR372","125","502","7"
"40211154","40BQ401","167","503","7"
"40211156","40BR372","125","503","7"
"40211156","409R181","175","504","7"
"40211156","40BQ401","167","505","7"
"40211156","40BQ421","170","504","7"
"40211158","40BR372","125","502","7"
"40211158","40BC011","102","501","7"
"40211158","40BQ401","167","503","7"
"40211158","40BQ421","170","502","7"
"40211158","409R181","175","504","7"
"40211161","40B9431","169","504","7"
"40211161","40B9651","168","503","7"
"40211161","40B9662","172","503","7"
"40211161","40BA051","95","502","7"
"40211161","40BA101","104","504","7"
"40211161","40B0291","93","503","7"
"40211161","409A013","94","501","7"
"40211162","40BC011","102","503","7"
"40211162","40BQ421","170","503","7"
"40211162","432N861","174","501","7"
"40211163","40BQ401","167","501","7"
"40211163","40BQ421","170","501","7"
"40211163","40BQ141","126","501","7"
"40211164","40BQ311","180","504","7"
"40211164","40BR222","173","505","7"
"40211164","409U403","181","504","7"
"40211164","40BR342","167","504","7"
"40211164","40KN151","147","503","7"
"40211165","40BA011","94","505","7"
"40211165","40BA101","104","504","7"
"40211165","40BC011","102","504","7"
"40211165","40BQ421","170","504","7"
"40111256","40BR222","173","501","7"
"40111256","40B9662","172","504","7"
"40111256","40B9651","168","502","7"
"40111256","40B9431","169","504","7"
"40205303","40BA052","95","502","7"
"40205303","40BR342","167","504","7"
"40205303","40BR222","173","502","7"
"40205303","40BD012","98","502","7"
"40211201","432N082","182","504","7"
"40211201","40B9572","178","504","7"
"40211202","40BR342","167","502","7"
"40211202","40BR222","173","504","7"
"40211202","40B9431","169","504","7"
"40211202","40B9651","168","504","7"
"40211202","40B9662","172","504","7"
"40211203","40BR342","167","504","7"
"40211203","40BR222","173","504","7"
"40211203","40B9572","178","504","7"
"40211205","40BR222","173","503","7"
"40211205","40BR342","167","502","7"
"40211206","40BR342","167","503","7"
"40211207","40BR222","173","505","7"
"40211207","40B9572","178","504","7"
"40211207","40BR342","167","504","7"
"40211207","432N082","182","504","7"
"40211208","40BA012","94","501","7"
"40211208","90B2681","95","503","7"
"40211208","40BR222","173","503","7"
"40211208","40BR342","167","503","7"
"40211208","40BD012","98","504","7"
"40211208","40BA221","131","502","7"
"40211209","40BA221","131","501","7"
"40211209","40BD012","98","503","7"
"40211209","40BQ341","183","502","7"
"40211209","40BR222","173","504","7"
"40211209","40BR342","167","503","7"
"40211209","409U163","184","501","7"
"40211211","40B9572","178","504","7"
"40211211","40RQ151","185","502","7"
"40211211","40UN130","186","505","7"
"40211211","432N082","182","504","7"
"40211213","40BR222","173","504","7"
"40211213","40K0052","94","504","7"
"40211213","40BR342","167","505","7"
"40211213","40BQ421","170","503","7"
"40211213","40B9572","178","504","7"
"40211213","40BA101","104","502","7"
"40211214","40BD012","98","503","7"
"40211214","40BR222","173","503","7"
"40211214","40BR342","167","504","7"
"40211214","90B2681","95","504","7"
"40211215","409Q702","187","502","7"
"40211215","40B0292","93","501","7"
"40211215","90B2681","95","503","7"
"40211215","40BR342","167","503","7"
"40211215","40BD012","98","502","7"
"40211215","40BR222","173","502","7"
"40211215","40BA101","104","501","7"
"40211216","409Z511","188","504","7"
"40211217","40BR342","167","504","7"
"40211217","40BR222","173","505","7"
"40211217","40B9572","178","504","7"
"40211219","40BR222","173","504","7"
"40211220","40BQ421","170","504","7"
"40211220","40BR342","167","503","7"
"40211220","40BR222","173","505","7"
"40211222","40BR342","167","503","7"
"40211223","40B9662","172","505","7"
"40211223","40BR342","167","504","7"
"40211223","40BQ421","170","504","7"
"40211223","40BR222","173","505","7"
"40211223","40B9431","169","504","7"
"40211223","40B9651","168","505","7"
"40211224","40BR342","167","503","7"
"40211224","40BR222","173","503","7"
"40211224","40BQ341","183","504","7"
"40211224","40BD012","98","503","7"
"40211224","40BA221","131","501","7"
"40211225","40BR342","167","504","7"
"40211225","40B9572","178","504","7"
"40211225","40BA101","104","502","7"
"40211225","40BR222","173","503","7"
"40211226","40B9572","178","504","7"
"40211227","40B9572","178","504","7"
"40211227","40BA051","95","504","7"
"40211227","40BR222","173","505","7"
"40211227","432N082","182","503","7"
"40211228","40RR072","189","502","7"
"40211228","409Z511","188","504","7"
"40211229","40BR342","167","504","7"
"40211229","90B2681","95","504","7"
"40211229","40BD012","98","503","7"
"40211229","40BR222","173","503","7"
"40211230","40RR072","189","504","7"
"40211230","409Z511","188","504","7"
"40211233","409U163","184","501","7"
"40211233","409Q702","187","502","7"
"40211233","40BR222","173","503","7"
"40211233","40BR342","167","503","7"
"40211233","40BD012","98","503","7"
"40211234","40B9431","169","504","7"
"40211234","40B9662","172","505","7"
"40211234","40BR342","167","503","7"
"40211234","40BR222","173","505","7"
"40211234","40B9651","168","503","7"
"40211235","40BR222","173","503","7"
"40211235","40UN160","171","503","7"
"40211237","40B9572","178","504","7"
"40211237","40RQ151","185","502","7"
"40211237","432N082","182","504","7"
"40211237","40BR222","173","502","7"
"40211238","40BA052","95","503","7"
"40211238","40BR222","173","505","7"
"40211238","40BR342","167","504","7"
"40211238","409U163","184","502","7"
"40211239","90B2681","95","503","7"
"40211239","40BD012","98","504","7"
"40211239","40BA221","131","502","7"
"40211239","40BR222","173","502","7"
"40211239","40BR342","167","503","7"
"40211239","40B0292","93","503","7"
"40211239","40BA012","94","501","7"
"40211241","409Z511","188","503","7"
"40211242","40B9572","178","504","7"
"40211242","40UN160","171","503","7"
"40211244","40BR342","167","504","7"
"40211244","40B9431","169","504","7"
"40211244","40B9651","168","504","7"
"40211244","40B9662","172","503","7"
"40211244","40BQ421","170","503","7"
"40211244","40BR222","173","503","7"
"40211245","40BR342","167","503","7"
"40211245","40BR222","173","501","7"
"40211246","40B9572","178","504","7"
"40211246","40BR222","173","505","7"
"40211246","40BR342","167","505","7"
"40211247","409Z511","188","503","7"
"40211248","40BR222","173","504","7"
"40211248","40BR342","167","503","7"
"40211249","40BR342","167","504","7"
"40211249","40BR222","173","505","7"
"40211250","40B9572","178","504","7"
"40211250","40BR222","173","504","7"
"40211250","40BR342","167","504","7"
"40211252","409Z511","188","504","7"
"40211252","40RR072","189","504","7"
"40211255","409U163","184","502","7"
"40211255","40BD012","98","504","7"
"40211255","40BR342","167","503","7"
"40211255","40BR222","173","505","7"
"40211255","40BA052","95","502","7"
"40211256","40BR222","173","505","7"
"40211256","40UN160","171","504","7"
"40211257","40BA221","131","501","7"
"40211257","40BD012","98","503","7"
"40211257","40BR222","173","501","7"
"40211257","40BR342","167","503","7"
"40211257","409Q702","187","502","7"
"40211257","409U163","184","501","7"
"40211259","409Z511","188","504","7"
"40211260","40B9572","178","503","7"
"40211261","409Z511","188","504","7"
"40211261","40BR222","173","504","7"
"40211261","40BQ401","167","503","7"
"40211262","40UN160","171","503","7"
"40211262","40BR222","173","505","7"
"40211263","409U163","184","501","7"
"40211263","40BR342","167","502","7"
"40211263","40BA221","131","501","7"
"40211263","40BR222","173","503","7"
"40211263","40BD012","98","503","7"
"40211266","40BA052","95","503","7"
"40211266","40BA101","104","502","7"
"40211266","40BD012","98","504","7"
"40211266","40BR222","173","505","7"
"40211266","40UN160","171","502","7"
"40211267","40BR222","173","504","7"
"40211267","40BR342","167","503","7"
"40211131","40B0291","93","501","1"
"40211131","40BA051","95","501","1"
"40211131","40BA011","94","501","1"
"40311101","40B0291","93","504","1"
"40311101","40BA011","94","501","1"
"40311101","40BA051","95","501","1"
"40311104","40BA051","95","501","1"
"40311104","40BA011","94","501","1"
"40311104","40B0291","93","502","1"
"40311105","40B0291","93","503","1"
"40311105","40BA011","94","501","1"
"40311105","40BA051","95","501","1"
"40311106","40BA051","95","503","1"
"40311106","40BA011","94","505","1"
"40311106","40B0291","93","504","1"
"40311107","40BA011","94","503","1"
"40311107","40B0291","93","505","1"
"40311107","40BA051","95","504","1"
"40311108","40BA011","94","503","1"
"40311108","40BA051","95","503","1"
"40311108","40B0291","93","503","1"
"40311109","40BA011","94","501","1"
"40311109","40BA051","95","501","1"
"40311109","40B0291","93","501","1"
"40311110","40BA051","95","501","1"
"40311110","40BA011","94","502","1"
"40311110","40B0291","93","503","1"
"40311111","40B0291","93","503","1"
"40311111","40BA051","95","501","1"
"40311111","40BA011","94","501","1"
"40311112","40B0291","93","504","1"
"40311112","40BA011","94","503","1"
"40311112","40BA051","95","502","1"
"40311113","40BA051","95","501","1"
"40311113","40BA011","94","501","1"
"40311113","40B0291","93","501","1"
"40311114","40BA051","95","504","1"
"40311114","40BA011","94","505","1"
"40311114","40B0291","93","505","1"
"40311115","40B0291","93","504","1"
"40311115","40BA051","95","501","1"
"40311115","40BA011","94","501","1"
"40311116","40BA011","94","502","1"
"40311116","40BA051","95","501","1"
"40311116","40B0291","93","502","1"
"40311117","40B0291","93","504","1"
"40311117","40BA051","95","504","1"
"40311117","40BA011","94","503","1"
"40311118","40BA051","95","504","1"
"40311118","40BA011","94","505","1"
"40311118","40B0291","93","504","1"
"40311119","40B0291","93","504","1"
"40311119","40BA011","94","505","1"
"40311119","40BA051","95","503","1"
"40311120","40B0291","93","503","1"
"40311120","40BA011","94","502","1"
"40311120","40BA051","95","501","1"
"40311121","40BA051","95","503","1"
"40311121","40BA011","94","504","1"
"40311121","40B0291","93","503","1"
"40311122","40B0291","93","503","1"
"40311122","40BA011","94","503","1"
"40311122","40BA051","95","503","1"
"40311123","40BA051","95","501","1"
"40311123","40BA011","94","502","1"
"40311123","40B0291","93","502","1"
"40311124","40B0291","93","503","1"
"40311124","40BA011","94","501","1"
"40311124","40BA051","95","501","1"
"40311125","40B0291","93","503","1"
"40311125","40BA011","94","502","1"
"40311125","40BA051","95","501","1"
"40311126","40BA011","94","502","1"
"40311126","40B0291","93","503","1"
"40311126","40BA051","95","501","1"
"40311127","40BA051","95","501","1"
"40311127","40B0291","93","501","1"
"40311127","40BA011","94","501","1"
"40311128","40BA051","95","503","1"
"40311128","40B0291","93","504","1"
"40311128","40BA011","94","505","1"
"40311129","40B0291","93","501","1"
"40311129","40BA011","94","503","1"
"40311129","40BA051","95","501","1"
"40311130","40BA051","95","501","1"
"40311130","40BA011","94","501","1"
"40311130","40B0291","93","502","1"
"40311131","40B0291","93","502","1"
"40311131","40BA011","94","501","1"
"40311131","40BA051","95","501","1"
"40311132","40BA051","95","503","1"
"40311132","40BA011","94","503","1"
"40311132","40B0291","93","503","1"
"40311133","40BA051","95","503","1"
"40311133","40BA011","94","505","1"
"40311133","40B0291","93","505","1"
"40311134","40B0291","93","502","1"
"40311134","40BA011","94","501","1"
"40311134","40BA051","95","501","1"
"40311135","40BA051","95","503","1"
"40311135","40BA011","94","504","1"
"40311135","40B0291","93","504","1"
"40311136","40BA051","95","502","1"
"40311136","40BA011","94","501","1"
"40311136","40B0291","93","505","1"
"40311137","40B0291","93","504","1"
"40311137","40BA011","94","504","1"
"40311137","40BA051","95","503","1"
"40311138","40B0291","93","504","1"
"40311138","40BA051","95","503","1"
"40311138","40BA011","94","501","1"
"40311139","40BA011","94","501","1"
"40311139","40B0291","93","501","1"
"40311139","40BA051","95","501","1"
"40311140","40BA011","94","504","1"
"40311140","40BA051","95","504","1"
"40311140","40B0291","93","505","1"
"40311141","40BA051","95","501","1"
"40311141","40BA011","94","501","1"
"40311141","40B0291","93","501","1"
"40311142","40BA051","95","501","1"
"40311142","40BA011","94","501","1"
"40311142","40B0291","93","501","1"
"40311143","40BA051","95","502","1"
"40311143","40BA011","94","501","1"
"40311143","40B0291","93","503","1"
"40311145","40B0291","93","502","1"
"40311145","40BA051","95","501","1"
"40311145","40BA011","94","501","1"
"40311146","40B0291","93","503","1"
"40311146","40BA011","94","502","1"
"40311146","40BA051","95","503","1"
"40311148","40BA051","95","501","1"
"40311148","40BA011","94","501","1"
"40311148","40B0291","93","503","1"
"40311150","40BA051","95","503","1"
"40311150","40B0291","93","503","1"
"40311150","40BA011","94","501","1"
"40311151","40BA051","95","504","1"
"40311151","40BA011","94","504","1"
"40311151","40B0291","93","504","1"
"40311152","40B0291","93","503","1"
"40311152","40BA051","95","502","1"
"40311152","40BA011","94","501","1"
"40311153","40B0291","93","505","1"
"40311153","40BA011","94","503","1"
"40311153","40BA051","95","504","1"
"40311154","40BA051","95","505","1"
"40311154","40BA011","94","504","1"
"40311154","40B0291","93","503","1"
"40311155","40B0291","93","505","1"
"40311155","40BA011","94","504","1"
"40311155","40BA051","95","503","1"
"40311157","40BA051","95","502","1"
"40311157","40BA011","94","503","1"
"40311157","40B0291","93","505","1"
"40311158","40BA011","94","505","1"
"40311159","40B0291","93","501","1"
"40311159","40BA011","94","501","1"
"40311159","40BA051","95","501","1"
"40311201","40B0292","93","504","1"
"40311201","40BA052","95","505","1"
"40311201","40BA012","94","505","1"
"40311202","40B0292","93","502","1"
"40311202","40BA012","94","502","1"
"40311202","40BA052","95","505","1"
"40311204","40BA052","95","505","1"
"40311204","40BA012","94","502","1"
"40311204","40B0292","93","502","1"
"40311205","40B0292","93","501","1"
"40311205","40BA012","94","501","1"
"40311205","40BA052","95","505","1"
"40311206","40B0292","93","502","1"
"40311206","40BA052","95","505","1"
"40311206","40BA012","94","502","1"
"40311207","40BA052","95","505","1"
"40311207","40BA012","94","503","1"
"40311207","40B0292","93","502","1"
"40311208","40B0292","93","502","1"
"40311208","40BA012","94","504","1"
"40311208","40BA052","95","503","1"
"40311209","40BA052","95","502","1"
"40311209","40BA012","94","501","1"
"40311209","40B0292","93","501","1"
"40311210","40BA012","94","501","1"
"40311210","40BA052","95","503","1"
"40311210","40B0292","93","501","1"
"40311211","40BA012","94","501","1"
"40311211","40BA052","95","504","1"
"40311211","40B0292","93","503","1"
"40311212","40BA012","94","501","1"
"40311212","40B0292","93","502","1"
"40311212","40BA052","95","504","1"
"40311213","40BA052","95","504","1"
"40311213","40BA012","94","501","1"
"40311213","40B0292","93","501","1"
"40311214","40B0292","93","502","1"
"40311214","40BA012","94","502","1"
"40311214","40BA052","95","503","1"
"40311215","40BA052","95","503","1"
"40311215","40BA012","94","503","1"
"40311215","40B0292","93","502","1"
"40311216","40B0292","93","503","1"
"40311216","40BA012","94","502","1"
"40311216","40BA052","95","505","1"
"40311217","40BA052","95","502","1"
"40311217","40BA012","94","503","1"
"40311217","40B0292","93","503","1"
"40311218","40BA052","95","503","1"
"40311218","40B0292","93","502","1"
"40311218","40BA012","94","501","1"
"40311219","40BA052","95","505","1"
"40311219","40BA012","94","501","1"
"40311219","40B0292","93","501","1"
"40311221","40B0292","93","502","1"
"40311221","40BA012","94","501","1"
"40311221","40BA052","95","503","1"
"40311223","40BA012","94","503","1"
"40311223","40B0292","93","503","1"
"40311223","40BA052","95","502","1"
"40311224","40BA012","94","501","1"
"40311224","40B0292","93","501","1"
"40311224","40BA052","95","501","1"
"40311226","40BA052","95","504","1"
"40311226","40BA012","94","504","1"
"40311226","40B0292","93","503","1"
"40311227","40BA052","95","505","1"
"40311227","40B0292","93","502","1"
"40311227","40BA012","94","504","1"
"40311229","40B0292","93","502","1"
"40311229","40BA052","95","505","1"
"40311229","40BA012","94","502","1"
"40311230","40B0292","93","503","1"
"40311230","40BA012","94","502","1"
"40311230","40BA052","95","501","1"
"40311231","40BA012","94","504","1"
"40311231","40B0292","93","503","1"
"40311231","40BA052","95","503","1"
"40311232","40B0292","93","503","1"
"40311232","40BA012","94","504","1"
"40311232","40BA052","95","502","1"
"40311233","40B0292","93","503","1"
"40311233","40BA012","94","503","1"
"40311233","40BA052","95","505","1"
"40311235","40B0292","93","503","1"
"40311235","40BA012","94","501","1"
"40311235","40BA052","95","504","1"
"40311236","40BA052","95","504","1"
"40311236","40BA012","94","505","1"
"40311236","40B0292","93","502","1"
"40311237","40BA012","94","502","1"
"40311237","40B0292","93","502","1"
"40311237","40BA052","95","503","1"
"40311238","40BA012","94","502","1"
"40311238","40BA052","95","504","1"
"40311238","40B0292","93","502","1"
"40311240","40BA052","95","501","1"
"40311240","40B0292","93","501","1"
"40311240","40BA012","94","501","1"
"40311241","40B0292","93","501","1"
"40311241","40BA012","94","501","1"
"40311241","40BA052","95","501","1"
"40311242","40BA052","95","501","1"
"40311242","40BA012","94","502","1"
"40311242","40B0292","93","502","1"
"40311243","40BA012","94","503","1"
"40311243","40BA052","95","504","1"
"40311243","40B0292","93","503","1"
"40311244","40B0292","93","502","1"
"40311244","40BA052","95","504","1"
"40311244","40BA012","94","503","1"
"40311245","40BA052","95","502","1"
"40311245","40BA012","94","504","1"
"40311245","40B0292","93","502","1"
"40311246","40BA052","95","503","1"
"40311246","40BA012","94","502","1"
"40311246","40B0292","93","502","1"
"40311247","40B0292","93","502","1"
"40311247","40BA012","94","505","1"
"40311247","40BA052","95","505","1"
"40311248","40BA012","94","505","1"
"40311248","40BA052","95","505","1"
"40311248","40B0292","93","503","1"
"40311249","40B0292","93","502","1"
"40311249","40BA012","94","503","1"
"40311249","40BA052","95","505","1"
"40311250","40B0292","93","503","1"
"40311250","40BA012","94","505","1"
"40311250","40BA052","95","505","1"
"40311253","40BA012","94","502","1"
"40311253","40BA052","95","503","1"
"40311253","40B0292","93","503","1"
"40311254","40B0292","93","503","1"
"40311254","40BA012","94","503","1"
"40311254","40BA052","95","503","1"
"40311255","40BA012","94","502","1"
"40311255","40BA052","95","502","1"
"40311255","40B0292","93","502","1"
"40311256","40BA052","95","503","1"
"40311256","40BA012","94","505","1"
"40311256","40B0292","93","503","1"
"40311257","40B0292","93","503","1"
"40311257","40BA052","95","505","1"
"40311257","40BA012","94","505","1"
"40311258","40BA052","95","501","1"
"40311258","40B0292","93","503","1"
"40311258","40BA012","94","504","1"
"40311259","40B0292","93","503","1"
"40311259","40BA012","94","501","1"
"40311259","40BA052","95","505","1"
"40311260","40BA052","95","502","1"
"40311260","40BA012","94","501","1"
"40311260","40B0292","93","501","1"
"40311261","40BA052","95","505","1"
"40311261","40BA012","94","503","1"
"40311261","40B0292","93","502","1"
"40211131","40BC071","190","501","2"
"40211131","40BA021","97","501","2"
"40211131","40BA061","96","501","2"
"40211131","40BA081","99","501","2"
"40211147","40BA081","99","503","2"
"40211147","40BQ031","100","501","2"
"40211147","40BC071","190","501","2"
"40211147","40BA021","97","501","2"
"40311104","40BQ031","100","503","2"
"40311104","40BC071","190","504","2"
"40311104","40BA081","99","504","2"
"40311104","40BA061","96","502","2"
"40311104","40BA021","97","502","2"
"40311105","40BA061","96","501","2"
"40311105","40BA021","97","501","2"
"40311105","40BA081","99","501","2"
"40311105","40BC071","190","502","2"
"40311105","40BQ031","100","501","2"
"40311106","40BC071","190","504","2"
"40311106","40BA061","96","503","2"
"40311106","40BA081","99","503","2"
"40311106","40BA021","97","504","2"
"40311107","40BQ031","100","503","2"
"40311107","40BC071","190","504","2"
"40311107","40BA081","99","504","2"
"40311107","40BA061","96","505","2"
"40311107","40BA021","97","504","2"
"40311108","40BA061","96","502","2"
"40311108","40BA021","97","503","2"
"40311108","40BA081","99","503","2"
"40311108","40BQ031","100","503","2"
"40311108","40BC071","190","503","2"
"40311109","40BA061","96","501","2"
"40311109","40BA021","97","501","2"
"40311109","40BA081","99","501","2"
"40311109","40BC071","190","501","2"
"40311110","40BC071","190","502","2"
"40311110","40BA081","99","504","2"
"40311110","40BA061","96","501","2"
"40311110","40BA021","97","502","2"
"40311111","40BC071","190","504","2"
"40311111","40BA081","99","504","2"
"40311111","40BA061","96","504","2"
"40311111","40BA021","97","502","2"
"40311112","40BA021","97","503","2"
"40311112","40BA081","99","503","2"
"40311112","40BA061","96","503","2"
"40311112","40BC071","190","503","2"
"40311112","40BQ031","100","503","2"
"40311113","40BQ031","100","501","2"
"40311113","40BA081","99","502","2"
"40311113","40BC071","190","501","2"
"40311113","40BA061","96","501","2"
"40311113","40BA021","97","501","2"
"40311114","40BC071","190","504","2"
"40311114","40BQ031","100","504","2"
"40311114","40BA061","96","504","2"
"40311114","40BA081","99","503","2"
"40311114","40BA021","97","504","2"
"40311116","40BA021","97","503","2"
"40311116","40BA061","96","502","2"
"40311116","40BA081","99","503","2"
"40311116","40BC071","190","502","2"
"40311117","40BA081","99","504","2"
"40311117","40BC071","190","503","2"
"40311117","40BQ031","100","503","2"
"40311117","40BA061","96","504","2"
"40311117","40BA021","97","504","2"
"40311118","40BQ031","100","503","2"
"40311118","40BA081","99","504","2"
"40311118","40BC071","190","503","2"
"40311118","40BA061","96","505","2"
"40311118","40BA021","97","505","2"
"40311119","40BA021","97","503","2"
"40311119","40BA061","96","502","2"
"40311119","40BA081","99","504","2"
"40311119","40BC071","190","503","2"
"40311120","40BA021","97","501","2"
"40311120","40BA061","96","502","2"
"40311120","40BC071","190","503","2"
"40311120","40BA081","99","503","2"
"40311121","40BQ031","100","501","2"
"40311121","40BC071","190","503","2"
"40311121","40BA081","99","504","2"
"40311121","40BA061","96","502","2"
"40311121","40BA021","97","503","2"
"40311122","40BA021","97","504","2"
"40311122","40BA061","96","502","2"
"40311122","40BA081","99","504","2"
"40311122","40BC071","190","503","2"
"40311122","40BQ031","100","502","2"
"40311123","40BQ031","100","502","2"
"40311123","40BC071","190","503","2"
"40311123","40BA081","99","503","2"
"40311123","40BA061","96","501","2"
"40311123","40BA021","97","502","2"
"40311124","40BA021","97","501","2"
"40311124","40BA061","96","501","2"
"40311124","40BA081","99","503","2"
"40311124","40BC071","190","503","2"
"40311127","40BA021","97","501","2"
"40311127","40BA061","96","501","2"
"40311127","40BA081","99","502","2"
"40311127","40BC071","190","501","2"
"40311128","40BQ031","100","501","2"
"40311128","40BA021","97","504","2"
"40311128","40BA061","96","503","2"
"40311128","40BA081","99","504","2"
"40311128","40BC071","190","505","2"
"40311129","40BA061","96","502","2"
"40311129","40BA081","99","503","2"
"40311129","40BA021","97","501","2"
"40311129","40BC071","190","502","2"
"40311130","40BC071","190","501","2"
"40311130","40BQ031","100","502","2"
"40311130","40BA061","96","501","2"
"40311130","40BA021","97","501","2"
"40311130","40BA081","99","502","2"
"40311131","40BA081","99","503","2"
"40311131","40BA061","96","501","2"
"40311131","40BA021","97","501","2"
"40311131","40BC071","190","503","2"
"40311132","40BC071","190","504","2"
"40311132","40BQ031","100","503","2"
"40311132","40BA081","99","502","2"
"40311132","40BA021","97","503","2"
"40311132","40BA061","96","502","2"
"40311133","40BQ031","100","503","2"
"40311133","40BA061","96","502","2"
"40311133","40BC071","190","502","2"
"40311133","40BA081","99","503","2"
"40311133","40BA021","97","505","2"
"40311134","40BA021","97","501","2"
"40311134","40BC071","190","502","2"
"40311134","40BA081","99","503","2"
"40311134","40BQ031","100","501","2"
"40311134","40BA061","96","501","2"
"40311135","40BA081","99","504","2"
"40311135","40BC071","190","501","2"
"40311135","40BA021","97","502","2"
"40311135","40BA061","96","502","2"
"40311137","40BA061","96","503","2"
"40311137","40BA081","99","505","2"
"40311137","40BC071","190","504","2"
"40311137","40BA021","97","503","2"
"40311138","40BA021","97","501","2"
"40311138","40BC071","190","504","2"
"40311138","40BA081","99","503","2"
"40311138","40BA061","96","504","2"
"40311139","40BC071","190","503","2"
"40311139","40BQ031","100","501","2"
"40311139","40BA061","96","502","2"
"40311139","40BA081","99","503","2"
"40311139","40BA021","97","501","2"
"40311140","40BA061","96","504","2"
"40311140","40BA081","99","504","2"
"40311140","40BC071","190","502","2"
"40311140","40BA021","97","504","2"
"40311142","40BA081","99","503","2"
"40311142","40BC071","190","503","2"
"40311142","40BA021","97","501","2"
"40311142","40BA061","96","501","2"
"40311143","40BA081","99","503","2"
"40311143","40BC071","190","501","2"
"40311143","40BA021","97","501","2"
"40311143","40BA061","96","501","2"
"40311146","40BA021","97","503","2"
"40311146","40BA061","96","501","2"
"40311146","40BA081","99","502","2"
"40311146","40BC071","190","501","2"
"40311148","40BC071","190","503","2"
"40311148","40BA081","99","503","2"
"40311148","40BA061","96","501","2"
"40311148","40BA021","97","501","2"
"40311150","40BC071","190","502","2"
"40311150","40BQ031","100","501","2"
"40311150","40BA061","96","501","2"
"40311150","40BA081","99","503","2"
"40311150","40BA021","97","501","2"
"40311151","40BC071","190","504","2"
"40311151","40BA081","99","504","2"
"40311151","40BA021","97","504","2"
"40311151","40BA061","96","505","2"
"40311152","40BC071","190","501","2"
"40311152","40BQ031","100","502","2"
"40311152","40BA021","97","503","2"
"40311152","40BA061","96","501","2"
"40311152","40BA081","99","504","2"
"40311153","40BA061","96","505","2"
"40311153","40BC071","190","505","2"
"40311153","40BA081","99","504","2"
"40311153","40BA021","97","505","2"
"40311154","40BA081","99","504","2"
"40311154","40BA061","96","503","2"
"40311154","40BA021","97","505","2"
"40311154","40BQ031","100","502","2"
"40311154","40BC071","190","504","2"
"40311155","40BA021","97","503","2"
"40311155","40BA061","96","502","2"
"40311155","40BA081","99","502","2"
"40311155","40BC071","190","503","2"
"40311155","40BQ031","100","501","2"
"40311157","40BA061","96","503","2"
"40311157","40BC071","190","505","2"
"40311157","40BA081","99","504","2"
"40311157","40BA021","97","503","2"
"40311158","40BA021","97","505","2"
"40311158","40BA081","99","501","2"
"40311158","40BC071","190","505","2"
"40311158","40BQ031","100","502","2"
"40311159","40BA021","97","501","2"
"40311159","40BA061","96","501","2"
"40311159","40BA081","99","502","2"
"40311159","40BC071","190","501","2"
"40311160","40BC071","190","502","2"
"40311160","40BA081","99","503","2"
"40311160","40BA061","96","501","2"
"40311160","40BA021","97","501","2"
"40311161","40BA021","97","501","2"
"40311161","40BC071","190","501","2"
"40311161","40BQ031","100","502","2"
"40311161","40BA061","96","501","2"
"40311161","40BA081","99","501","2"
"40311162","40BA021","97","501","2"
"40311162","40BA061","96","501","2"
"40311162","40BC071","190","501","2"
"40311162","40BA081","99","504","2"
"40311162","40BQ031","100","503","2"
"40320310","40BA021","97","501","2"
"40320310","40BA061","96","501","2"
"40320310","40BA081","99","503","2"
"40320310","40BQ031","100","501","2"
"40320310","40BC071","190","503","2"
"40320326","40BA061","96","501","2"
"40320326","40BA021","97","501","2"
"40320326","40BC071","190","503","2"
"40320326","40BA081","99","503","2"
"40327247","40BQ031","100","502","2"
"40327247","40BC071","190","502","2"
"40327247","40BA081","99","504","2"
"40327247","40BA061","96","501","2"
"40327247","40BA021","97","501","2"
"40333126","40BQ031","100","501","2"
"40333126","40BA081","99","503","2"
"40333126","40BA061","96","501","2"
"40333126","40BA021","97","501","2"
"40333126","40BC071","190","501","2"
"40211236","40BD012","98","501","2"
"40311201","40BD012","98","505","2"
"40311201","40BR022","165","505","2"
"40311201","40BA022","97","505","2"
"40311201","40BA082","99","505","2"
"40311201","40BA062","96","501","2"
"40311202","40BR022","165","503","2"
"40311202","40BA022","97","503","2"
"40311202","40BA062","96","503","2"
"40311202","40BA082","99","504","2"
"40311202","40BD012","98","504","2"
"40311204","40BA082","99","505","2"
"40311204","40BD012","98","505","2"
"40311204","40BR022","165","504","2"
"40311204","40BA022","97","502","2"
"40311204","40BA062","96","501","2"
"40311205","40BA062","96","501","2"
"40311205","40BA022","97","501","2"
"40311205","40BR022","165","505","2"
"40311205","40BD012","98","505","2"
"40311205","40BA082","99","504","2"
"40311206","40BD012","98","505","2"
"40311206","40BR022","165","501","2"
"40311206","40BA082","99","504","2"
"40311206","40BA062","96","501","2"
"40311206","40BA022","97","501","2"
"40311207","40BA082","99","504","2"
"40311207","40BD012","98","504","2"
"40311207","40BR022","165","503","2"
"40311207","40BA022","97","504","2"
"40311207","40BA062","96","501","2"
"40311208","40BR022","165","503","2"
"40311208","40BA082","99","503","2"
"40311208","40BD012","98","504","2"
"40311208","40BA062","96","504","2"
"40311208","40BA022","97","504","2"
"40311209","40BR022","165","502","2"
"40311209","40BA082","99","503","2"
"40311209","40BD012","98","502","2"
"40311209","40BA022","97","501","2"
"40311209","40BA062","96","501","2"
"40311210","40BA022","97","501","2"
"40311210","40BA062","96","501","2"
"40311210","40BA082","99","503","2"
"40311210","40BD012","98","501","2"
"40311210","40BR022","165","502","2"
"40311211","40BA062","96","501","2"
"40311211","40BR022","165","502","2"
"40311211","40BD012","98","503","2"
"40311211","40BA022","97","501","2"
"40311211","40BA082","99","504","2"
"40311212","40BD012","98","501","2"
"40311212","40BA082","99","503","2"
"40311212","40BA062","96","504","2"
"40311212","40BA022","97","501","2"
"40311214","40BA022","97","501","2"
"40311214","40BA062","96","501","2"
"40311214","40BA082","99","504","2"
"40311214","40BD012","98","501","2"
"40311214","40BR022","165","502","2"
"40311215","40BD012","98","503","2"
"40311215","40BA082","99","504","2"
"40311215","40BA062","96","501","2"
"40311215","40BR022","165","503","2"
"40311215","40BA022","97","503","2"
"40311216","40BR022","165","503","2"
"40311216","40BA082","99","504","2"
"40311216","40BD012","98","503","2"
"40311216","40BA062","96","501","2"
"40311216","40BA022","97","503","2"
"40311217","40BA082","99","503","2"
"40311217","40BR022","165","503","2"
"40311217","40BD012","98","504","2"
"40311217","40BA022","97","503","2"
"40311217","40BA062","96","501","2"
"40311218","40BR022","165","502","2"
"40311218","40BD012","98","502","2"
"40311218","40BA082","99","504","2"
"40311218","40BA062","96","501","2"
"40311218","40BA022","97","501","2"
"40311219","40BD012","98","503","2"
"40311219","40BA082","99","504","2"
"40311219","40BA062","96","501","2"
"40311219","40BA022","97","502","2"
"40311219","40BR022","165","503","2"
"40311221","40BR022","165","502","2"
"40311221","40BA062","96","501","2"
"40311221","40BD012","98","503","2"
"40311221","40BA082","99","504","2"
"40311221","40BA022","97","502","2"
"40311223","40BA082","99","503","2"
"40311223","40BD012","98","502","2"
"40311223","40BA022","97","502","2"
"40311223","40BA062","96","501","2"
"40311223","40BR022","165","503","2"
"40311224","40BA062","96","501","2"
"40311224","40BA022","97","501","2"
"40311224","40BA082","99","502","2"
"40311224","40BD012","98","501","2"
"40311224","40BR022","165","501","2"
"40311226","40BA082","99","504","2"
"40311226","40BD012","98","504","2"
"40311226","40BR022","165","503","2"
"40311226","40BA022","97","503","2"
"40311226","40BA062","96","501","2"
"40311227","40BD012","98","504","2"
"40311227","40BR022","165","505","2"
"40311227","40BA082","99","504","2"
"40311227","40BA062","96","501","2"
"40311227","40BA022","97","501","2"
"40311229","40BA022","97","503","2"
"40311229","40BA082","99","504","2"
"40311229","40BA062","96","501","2"
"40311229","40BR022","165","503","2"
"40311229","40BD012","98","504","2"
"40311230","40BR022","165","503","2"
"40311230","40BA022","97","501","2"
"40311230","40BA062","96","502","2"
"40311230","40BA082","99","503","2"
"40311230","40BD012","98","503","2"
"40311231","40BA022","97","504","2"
"40311231","40BA062","96","501","2"
"40311231","40BA082","99","504","2"
"40311231","40BD012","98","502","2"
"40311231","40BR022","165","502","2"
"40311232","40BA022","97","502","2"
"40311232","40BA062","96","501","2"
"40311232","40BA082","99","503","2"
"40311232","40BD012","98","501","2"
"40311232","40BR022","165","503","2"
"40311233","40BA022","97","502","2"
"40311233","40BA062","96","501","2"
"40311233","40BR022","165","503","2"
"40311233","40BA082","99","504","2"
"40311233","40BD012","98","504","2"
"40311235","40BA022","97","501","2"
"40311235","40BA062","96","501","2"
"40311235","40BA082","99","504","2"
"40311235","40BD012","98","502","2"
"40311235","40BR022","165","503","2"
"40311236","40BA022","97","504","2"
"40311236","40BR022","165","503","2"
"40311236","40BD012","98","504","2"
"40311236","40BA082","99","504","2"
"40311236","40BA062","96","504","2"
"40311237","40BA022","97","501","2"
"40311237","40BD012","98","503","2"
"40311237","40BA082","99","504","2"
"40311237","40BA062","96","503","2"
"40311237","40BR022","165","503","2"
"40311238","40BA062","96","501","2"
"40311238","40BA082","99","504","2"
"40311238","40BR022","165","504","2"
"40311238","40BD012","98","504","2"
"40311238","40BA022","97","501","2"
"40311240","40BD012","98","501","2"
"40311241","40BA062","96","501","2"
"40311241","40BA022","97","501","2"
"40311241","40BA082","99","502","2"
"40311241","40BR022","165","501","2"
"40311241","40BD012","98","501","2"
"40311243","40BA022","97","504","2"
"40311243","40BA062","96","501","2"
"40311243","40BA082","99","504","2"
"40311243","40BD012","98","504","2"
"40311243","40BR022","165","504","2"
"40311244","40BA062","96","501","2"
"40311244","40BA022","97","504","2"
"40311244","40BR022","165","503","2"
"40311244","40BA082","99","504","2"
"40311244","40BD012","98","504","2"
"40311245","40BR022","165","502","2"
"40311245","40BA062","96","502","2"
"40311245","40BA082","99","503","2"
"40311245","40BD012","98","502","2"
"40311245","40BA022","97","503","2"
"40311246","40BD012","98","501","2"
"40311247","40BA082","99","504","2"
"40311247","40BR022","165","504","2"
"40311247","40BD012","98","504","2"
"40311247","40BA022","97","505","2"
"40311247","40BA062","96","505","2"
"40311248","40BD012","98","505","2"
"40311248","40BR022","165","504","2"
"40311248","40BA022","97","505","2"
"40311248","40BA062","96","505","2"
"40311248","40BA082","99","505","2"
"40311249","40BA022","97","503","2"
"40311249","40BA062","96","503","2"
"40311249","40BR022","165","504","2"
"40311249","40BA082","99","504","2"
"40311249","40BD012","98","505","2"
"40311250","40BD012","98","505","2"
"40311250","40BR022","165","505","2"
"40311250","40BA062","96","501","2"
"40311250","40BA082","99","504","2"
"40311250","40BA022","97","505","2"
"40311253","40BD012","98","503","2"
"40311253","40BR022","165","503","2"
"40311253","40BA082","99","503","2"
"40311253","40BA062","96","501","2"
"40311253","40BA022","97","502","2"
"40311254","40BR022","165","504","2"
"40311254","40BA022","97","501","2"
"40311254","40BA062","96","504","2"
"40311254","40BA082","99","503","2"
"40311254","40BD012","98","504","2"
"40311255","40BD012","98","502","2"
"40311255","40BA022","97","501","2"
"40311255","40BA062","96","501","2"
"40311255","40BA082","99","501","2"
"40311256","40BA082","99","504","2"
"40311256","40BR022","165","504","2"
"40311256","40BD012","98","503","2"
"40311256","40BA022","97","504","2"
"40311256","40BA062","96","505","2"
"40311257","40BR022","165","504","2"
"40311257","40BD012","98","503","2"
"40311257","40BA082","99","504","2"
"40311257","40BA022","97","505","2"
"40311257","40BA062","96","504","2"
"40311258","40BR022","165","504","2"
"40311258","40BA022","97","505","2"
"40311258","40BA062","96","501","2"
"40311258","40BA082","99","505","2"
"40311258","40BD012","98","503","2"
"40311259","40BA022","97","502","2"
"40311259","40BA062","96","501","2"
"40311259","40BA082","99","504","2"
"40311259","40BD012","98","504","2"
"40311259","40BR022","165","504","2"
"40311260","40BD012","98","504","2"
"40311260","40BR022","165","503","2"
"40311260","40BA022","97","501","2"
"40311260","40BA062","96","501","2"
"40311260","40BA082","99","504","2"
"40311261","40BD012","98","504","2"
"40311261","40BR022","165","503","2"
"40311261","40BA062","96","501","2"
"40311261","40BA082","99","504","2"
"40311261","40BA022","97","505","2"
"40211147","40BA101","104","502","3"
"40211147","40BC011","102","502","3"
"40211147","40BA221","131","501","3"
"40311104","40BA101","104","502","3"
"40311104","40BQ311","180","502","3"
"40311104","40BA221","131","501","3"
"40311104","40BC011","102","501","3"
"40311105","40BA101","104","501","3"
"40311105","40BA221","131","501","3"
"40311105","40BQ311","180","502","3"
"40311105","40BC011","102","502","3"
"40311106","40BC011","102","502","3"
"40311106","40BQ311","180","503","3"
"40311106","40BA221","131","501","3"
"40311106","40BA101","104","501","3"
"40311107","40BA101","104","503","3"
"40311107","40BA221","131","503","3"
"40311107","40BQ311","180","502","3"
"40311107","40BC011","102","501","3"
"40311108","40BC011","102","502","3"
"40311108","40BQ311","180","504","3"
"40311108","40BA221","131","501","3"
"40311108","40BA101","104","503","3"
"40311111","40BA221","131","501","3"
"40311111","40BA101","104","502","3"
"40311111","40BC011","102","501","3"
"40311111","40BQ311","180","503","3"
"40311112","40BA101","104","502","3"
"40311112","40BA221","131","502","3"
"40311112","40BQ311","180","504","3"
"40311112","40BC011","102","501","3"
"40311114","40BC011","102","503","3"
"40311114","40BA101","104","505","3"
"40311114","40BA221","131","503","3"
"40311114","40BQ311","180","504","3"
"40311116","40BA101","104","502","3"
"40311116","40BA221","131","501","3"
"40311116","40BC011","102","501","3"
"40311116","40BQ311","180","503","3"
"40311117","40BC011","102","502","3"
"40311117","40BQ311","180","504","3"
"40311117","40BA221","131","502","3"
"40311117","40BA101","104","501","3"
"40311118","40BC011","102","503","3"
"40311118","40BQ311","180","504","3"
"40311118","40BA101","104","505","3"
"40311118","40BA221","131","503","3"
"40311119","40BC011","102","502","3"
"40311119","40BQ311","180","501","3"
"40311119","40BA221","131","501","3"
"40311119","40BA101","104","505","3"
"40311120","40BC011","102","501","3"
"40311120","40BA101","104","501","3"
"40311120","40BA221","131","501","3"
"40311120","40BQ311","180","503","3"
"40311121","40BC011","102","501","3"
"40311121","40BA221","131","501","3"
"40311121","40BA101","104","502","3"
"40311121","40BQ311","180","503","3"
"40311122","40BC011","102","501","3"
"40311122","40BA101","104","504","3"
"40311122","40BA221","131","503","3"
"40311123","40BC011","102","501","3"
"40311123","40BQ311","180","501","3"
"40311123","40BA221","131","501","3"
"40311123","40BA101","104","501","3"
"40311124","40BA221","131","501","3"
"40311124","40BA101","104","501","3"
"40311124","40BQ311","180","502","3"
"40311124","40BC011","102","501","3"
"40311128","40BA101","104","504","3"
"40311128","40BA221","131","503","3"
"40311128","40BC011","102","503","3"
"40311128","40BQ311","180","504","3"
"40311129","40BA101","104","501","3"
"40311129","40BA221","131","501","3"
"40311129","40BC011","102","501","3"
"40311130","40BA101","104","502","3"
"40311130","40BA011","94","501","3"
"40311130","40BA221","131","501","3"
"40311130","40BC011","102","501","3"
"40311130","40BQ311","180","502","3"
"40311131","40BQ311","180","503","3"
"40311131","40BC011","102","501","3"
"40311131","40BA221","131","502","3"
"40311131","40BA101","104","502","3"
"40311132","40BQ311","180","502","3"
"40311132","40BA221","131","501","3"
"40311132","40BC011","102","501","3"
"40311132","40BA101","104","501","3"
"40311133","40BC011","102","503","3"
"40311133","40BA221","131","502","3"
"40311133","40BQ311","180","504","3"
"40311133","40BA101","104","502","3"
"40311134","40BC011","102","502","3"
"40311134","40BA221","131","501","3"
"40311134","40BA101","104","502","3"
"40311134","40BQ311","180","503","3"
"40311135","40BA101","104","505","3"
"40311135","40BA221","131","501","3"
"40311135","40BC011","102","502","3"
"40311135","40BQ311","180","503","3"
"40311137","40BA221","131","503","3"
"40311137","40BA101","104","504","3"
"40311137","40BC011","102","502","3"
"40311137","40BQ311","180","502","3"
"40311138","40BQ311","180","501","3"
"40311138","40BA221","131","501","3"
"40311138","40BC011","102","501","3"
"40311138","40BA101","104","502","3"
"40311139","40BQ311","180","503","3"
"40311139","40BC011","102","501","3"
"40311139","409A013","94","501","3"
"40311139","40BA221","131","501","3"
"40311139","40BA101","104","504","3"
"40311140","40BC011","102","502","3"
"40311140","40BA221","131","505","3"
"40311140","40BQ311","180","503","3"
"40311140","40BA101","104","505","3"
"40311142","40BA221","131","501","3"
"40311142","40BC011","102","501","3"
"40311142","40BA101","104","501","3"
"40311146","40BA101","104","502","3"
"40311146","40BA221","131","501","3"
"40311146","40BC011","102","501","3"
"40311146","40BQ311","180","501","3"
"40311150","40BC011","102","501","3"
"40311150","40BA221","131","501","3"
"40311150","40BA101","104","501","3"
"40311151","40BC011","102","503","3"
"40311151","40BA221","131","504","3"
"40311151","40BQ311","180","504","3"
"40311151","40BA101","104","504","3"
"40311153","40BA101","104","505","3"
"40311153","40BA221","131","505","3"
"40311153","40BQ311","180","503","3"
"40311153","40BC011","102","503","3"
"40311154","40BA101","104","505","3"
"40311154","40BA221","131","505","3"
"40311154","40BC011","102","502","3"
"40311154","40BQ311","180","504","3"
"40311155","40BQ311","180","503","3"
"40311155","40BA101","104","503","3"
"40311155","40BA221","131","502","3"
"40311155","40BC011","102","503","3"
"40311157","40BC011","102","503","3"
"40311157","40BA101","104","505","3"
"40311157","40BQ311","180","503","3"
"40311157","40BA221","131","504","3"
"40311158","40BQ311","180","504","3"
"40311158","40BA101","104","505","3"
"40311158","40BA221","131","502","3"
"40311158","40BC011","102","502","3"
"40311161","40BC011","102","502","3"
"40311161","40BQ311","180","501","3"
"40311161","40BA221","131","501","3"
"40311161","40BA101","104","501","3"
"40311162","40BC011","102","502","3"
"40311162","40BQ311","180","501","3"
"40311162","40BA221","131","501","3"
"40311162","40BA101","104","501","3"
"40311165","40BQ311","180","501","3"
"40311165","40BC011","102","501","3"
"40311165","40BA221","131","501","3"
"40311165","40BA101","104","501","3"
"40311166","40BQ311","180","503","3"
"40311166","40BA101","104","501","3"
"40311166","40BA221","131","501","3"
"40311166","40BC011","102","502","3"
"40311167","40BA101","104","502","3"
"40311167","40BA221","131","501","3"
"40311167","40BC011","102","502","3"
"40311169","4040103","93","501","3"
"40311169","40BQ311","180","501","3"
"40311169","40K0051","94","501","3"
"40311169","40BA101","104","501","3"
"40311169","40BA221","131","501","3"
"40311169","40BC011","102","501","3"
"40312142","40BC011","102","503","3"
"40312142","40BA101","104","504","3"
"40312142","40BA011","94","502","3"
"40312142","40BA221","131","503","3"
"40320310","40BQ311","180","503","3"
"40320310","40BA101","104","501","3"
"40320310","40BC011","102","502","3"
"40320310","40BA221","131","501","3"
"40320324","40BC011","102","501","3"
"40320324","40BQ311","180","503","3"
"40320324","40BA101","104","501","3"
"40320324","40BA221","131","501","3"
"40320326","40BA101","104","502","3"
"40320326","40BC011","102","501","3"
"40320326","40BA221","131","501","3"
"40320326","40BQ311","180","503","3"
"40333126","40BA221","131","501","3"
"40333126","40BQ311","180","501","3"
"40333126","40BC011","102","501","3"
"40333126","40BA101","104","501","3"
"40311201","40BA222","131","505","3"
"40311201","40BA102","104","504","3"
"40311201","40BR042","108","505","3"
"40311202","40BA102","104","504","3"
"40311202","40BA222","131","505","3"
"40311202","40BR042","108","505","3"
"40311204","40BA102","104","504","3"
"40311204","40BA222","131","504","3"
"40311204","40BR042","108","504","3"
"40311205","40BR042","108","503","3"
"40311205","40BA222","131","503","3"
"40311205","40BA102","104","504","3"
"40311206","40BA102","104","504","3"
"40311206","40BA222","131","503","3"
"40311206","40BR042","108","504","3"
"40311207","40BA102","104","504","3"
"40311207","40BA222","131","505","3"
"40311207","40BR042","108","504","3"
"40311208","40BA222","131","504","3"
"40311208","40BR042","108","503","3"
"40311208","40BA102","104","503","3"
"40311209","409A011","94","501","3"
"40311209","40BA102","104","502","3"
"40311209","40BA222","131","502","3"
"40311209","40BR042","108","501","3"
"40311210","40BA222","131","503","3"
"40311210","40BR042","108","504","3"
"40311210","409A011","94","501","3"
"40311210","40BA102","104","502","3"
"40311211","40BA222","131","503","3"
"40311211","40BA102","104","504","3"
"40311211","40BR042","108","503","3"
"40311212","40BA222","131","501","3"
"40311212","40BA102","104","504","3"
"40311214","40BA102","104","502","3"
"40311214","40BA222","131","501","3"
"40311214","40BR042","108","503","3"
"40311215","40BR042","108","503","3"
"40311215","40BA222","131","505","3"
"40311215","40BA102","104","504","3"
"40311216","40BA222","131","503","3"
"40311216","40BR042","108","504","3"
"40311216","40BA102","104","503","3"
"40311217","40BA222","131","504","3"
"40311217","40BR042","108","503","3"
"40311217","40BA102","104","503","3"
"40311218","40BA222","131","501","3"
"40311218","40BR042","108","504","3"
"40311218","40BA102","104","504","3"
"40311219","40BR042","108","501","3"
"40311219","40BA222","131","503","3"
"40311219","40BA102","104","501","3"
"40311221","40BR042","108","503","3"
"40311221","40BA222","131","503","3"
"40311221","40BA102","104","502","3"
"40311223","40BA102","104","502","3"
"40311223","40BA222","131","501","3"
"40311223","40BR042","108","503","3"
"40311226","40BA102","104","504","3"
"40311226","40BA222","131","503","3"
"40311226","40BR042","108","504","3"
"40311227","40BR042","108","503","3"
"40311227","40BA222","131","502","3"
"40311227","40BA102","104","503","3"
"40311229","40BA102","104","503","3"
"40311229","40BR042","108","504","3"
"40311229","40BA222","131","504","3"
"40311230","40BA102","104","503","3"
"40311230","40BA222","131","502","3"
"40311230","40BR042","108","502","3"
"40311231","40BA102","104","503","3"
"40311231","40BA222","131","503","3"
"40311231","40BR042","108","504","3"
"40311232","40BA102","104","502","3"
"40311232","40BA222","131","502","3"
"40311232","40BR042","108","503","3"
"40311233","40BA102","104","503","3"
"40311233","40BR042","108","504","3"
"40311233","40BA222","131","503","3"
"40311235","40BA102","104","501","3"
"40311235","40BA222","131","501","3"
"40311235","40BR042","108","503","3"
"40311236","40BA222","131","504","3"
"40311236","40BR042","108","504","3"
"40311236","40BA102","104","504","3"
"40311237","40BR042","108","501","3"
"40311237","40BA222","131","502","3"
"40311237","40BA102","104","503","3"
"40311238","40BR042","108","504","3"
"40311238","40BA102","104","503","3"
"40311238","40BA222","131","504","3"
"40311241","40BA222","131","501","3"
"40311241","40BA102","104","502","3"
"40311241","40BR042","108","501","3"
"40311243","40BA222","131","504","3"
"40311243","40BR042","108","504","3"
"40311243","40BA102","104","504","3"
"40311244","40BR042","108","504","3"
"40311244","40BA102","104","503","3"
"40311244","40BA222","131","502","3"
"40311245","40BA102","104","502","3"
"40311245","40BA222","131","502","3"
"40311245","40BR042","108","503","3"
"40311247","40BA222","131","504","3"
"40311247","40BA102","104","504","3"
"40311247","40BR042","108","504","3"
"40311248","40BA102","104","503","3"
"40311248","40BA222","131","505","3"
"40311248","40BR042","108","505","3"
"40311249","40BR042","108","505","3"
"40311249","40BA222","131","504","3"
"40311249","40BA102","104","504","3"
"40311250","431A241","121","505","3"
"40311250","40BR042","108","504","3"
"40311250","40BA222","131","505","3"
"40311250","40BA102","104","504","3"
"40311253","40BR042","108","503","3"
"40311253","40BA222","131","503","3"
"40311253","40BA102","104","503","3"
"40311256","40BR042","108","505","3"
"40311256","40BA222","131","505","3"
"40311256","40BA102","104","503","3"
"40311257","40BA222","131","504","3"
"40311257","40BR042","108","505","3"
"40311257","40BA102","104","503","3"
"40311258","40BA102","104","503","3"
"40311258","40BA222","131","504","3"
"40311258","40BR042","108","505","3"
"40311259","40BA102","104","504","3"
"40311259","40BA222","131","504","3"
"40311259","40BA012","94","503","3"
"40311259","40BR042","108","503","3"
"40311260","40BR042","108","503","3"
"40311260","40BA222","131","503","3"
"40311260","40BA102","104","504","3"
"40311260","40BA012","94","502","3"
"40311261","40BR042","108","504","3"
"40311261","40BA102","104","503","3"
"40311261","40BA222","131","504","3"
"40311262","40BR042","108","502","3"
"40311262","40BA222","131","502","3"
"40211147","40BA131","109","503","4"
"40211147","40BA121","110","501","4"
"40211147","40BQ321","113","502","4"
"40211147","40BC021","112","503","4"
"40311104","40BQ321","113","503","4"
"40311104","40BQ331","111","503","4"
"40311104","40BC021","112","504","4"
"40311104","40BA131","109","502","4"
"40311104","40BA121","110","503","4"
"40311105","409A021","97","501","4"
"40311105","40BA121","110","502","4"
"40311105","40BC021","112","504","4"
"40311105","40BA131","109","502","4"
"40311105","40BQ321","113","503","4"
"40311106","40BQ321","113","504","4"
"40311106","40BA131","109","503","4"
"40311106","40BA121","110","503","4"
"40311106","40BC021","112","504","4"
"40311107","40BA121","110","504","4"
"40311107","40BC021","112","504","4"
"40311107","40BA131","109","503","4"
"40311107","40BQ321","113","504","4"
"40311107","40BQ331","111","502","4"
"40311108","40BQ321","113","503","4"
"40311108","40BA131","109","502","4"
"40311108","40BQ331","111","503","4"
"40311108","40BC021","112","504","4"
"40311108","40BA121","110","501","4"
"40311111","40BQ321","113","504","4"
"40311111","40BC021","112","504","4"
"40311111","40BA131","109","502","4"
"40311111","40BA121","110","502","4"
"40311112","40BA121","110","502","4"
"40311112","40BA131","109","503","4"
"40311112","40BQ321","113","504","4"
"40311112","40BQ331","111","503","4"
"40311112","40BC021","112","504","4"
"40311114","40BA121","110","503","4"
"40311114","40BA131","109","503","4"
"40311114","40BC021","112","504","4"
"40311114","40BQ331","111","501","4"
"40311114","40BQ321","113","504","4"
"40311116","40BA121","110","501","4"
"40311116","40BA131","109","501","4"
"40311116","40BC021","112","504","4"
"40311116","40BQ331","111","501","4"
"40311116","40BQ321","113","503","4"
"40311117","40BQ321","113","504","4"
"40311117","40BQ331","111","503","4"
"40311117","40BC021","112","505","4"
"40311117","40BA131","109","502","4"
"40311117","40BA121","110","503","4"
"40311118","40BQ331","111","503","4"
"40311118","40BA121","110","504","4"
"40311118","40BA131","109","504","4"
"40311118","40BC021","112","505","4"
"40311118","40BQ321","113","504","4"
"40311119","40BA121","110","502","4"
"40311119","40BC021","112","505","4"
"40311119","40BQ321","113","502","4"
"40311119","40BQ331","111","502","4"
"40311119","40BA131","109","502","4"
"40311120","40BA021","97","501","4"
"40311120","40BA121","110","503","4"
"40311120","40BC021","112","503","4"
"40311120","40BQ321","113","502","4"
"40311120","40BA131","109","502","4"
"40311121","40BA121","110","503","4"
"40311121","40BA131","109","503","4"
"40311121","40BQ321","113","504","4"
"40311121","40BC021","112","504","4"
"40311122","40BA121","110","502","4"
"40311122","40BQ321","113","504","4"
"40311122","40BQ331","111","503","4"
"40311122","40BA131","109","502","4"
"40311122","40BC021","112","505","4"
"40311123","40BC021","112","502","4"
"40311123","40BA131","109","502","4"
"40311123","40BQ321","113","502","4"
"40311123","40BA121","110","502","4"
"40311128","40BA121","110","504","4"
"40311128","40BA131","109","504","4"
"40311128","40BC021","112","505","4"
"40311128","40BQ321","113","504","4"
"40311129","40BA121","110","502","4"
"40311129","40BA131","109","501","4"
"40311129","40BC021","112","502","4"
"40311129","40BQ321","113","502","4"
"40311129","40BQ331","111","501","4"
"40311130","409A021","97","501","4"
"40311130","40BQ331","111","503","4"
"40311130","40BA121","110","502","4"
"40311130","40BA131","109","501","4"
"40311130","40BC021","112","502","4"
"40311130","40BQ321","113","503","4"
"40311131","40BQ321","113","502","4"
"40311131","40BC021","112","503","4"
"40311131","40BA131","109","503","4"
"40311131","40BA121","110","503","4"
"40311132","40BC021","112","502","4"
"40311132","40BQ321","113","503","4"
"40311132","40BQ331","111","501","4"
"40311132","40BA121","110","501","4"
"40311132","40BA131","109","502","4"
"40311133","40BQ331","111","503","4"
"40311133","40BA121","110","502","4"
"40311133","40BQ321","113","503","4"
"40311133","40BA131","109","502","4"
"40311133","40BC021","112","502","4"
"40311134","409A021","97","501","4"
"40311134","40BA131","109","502","4"
"40311134","40BA121","110","503","4"
"40311134","40BQ321","113","503","4"
"40311134","40BC021","112","504","4"
"40311135","40BA121","110","504","4"
"40311135","40BA131","109","502","4"
"40311135","40BC021","112","505","4"
"40311135","40BQ321","113","503","4"
"40311135","40BQ331","111","503","4"
"40311137","40BA121","110","504","4"
"40311137","40BA131","109","503","4"
"40311137","40BC021","112","505","4"
"40311137","40BQ331","111","503","4"
"40311137","40BQ321","113","504","4"
"40311138","40BQ331","111","504","4"
"40311138","40BC021","112","504","4"
"40311138","40BQ321","113","505","4"
"40311138","40BA131","109","503","4"
"40311138","40BA121","110","503","4"
"40311139","409A021","97","501","4"
"40311139","40BA121","110","502","4"
"40311139","40BQ321","113","502","4"
"40311139","40BC021","112","503","4"
"40311139","40BA131","109","501","4"
"40311140","40BA121","110","504","4"
"40311140","40BA131","109","503","4"
"40311140","40BQ321","113","504","4"
"40311140","40BC021","112","505","4"
"40311146","40BA121","110","501","4"
"40311146","40BA131","109","501","4"
"40311146","40BC021","112","503","4"
"40311146","40BQ321","113","502","4"
"40311146","40BQ331","111","501","4"
"40311151","40BQ321","113","504","4"
"40311151","40BC021","112","505","4"
"40311151","40BA121","110","503","4"
"40311151","40BA131","109","504","4"
"40311153","40BA131","109","504","4"
"40311153","40BA121","110","504","4"
"40311153","40BQ321","113","504","4"
"40311153","40BC021","112","505","4"
"40311154","40BA121","110","504","4"
"40311154","40BA131","109","504","4"
"40311154","40BQ321","113","504","4"
"40311154","40BC021","112","505","4"
"40311155","40BQ321","113","503","4"
"40311155","40BQ331","111","502","4"
"40311155","40BA121","110","503","4"
"40311155","40BA131","109","503","4"
"40311155","40BC021","112","505","4"
"40311157","40BA131","109","504","4"
"40311157","40BA121","110","504","4"
"40311157","40BC021","112","504","4"
"40311157","40BQ321","113","505","4"
"40311157","40BQ331","111","503","4"
"40311158","40BA121","110","501","4"
"40311158","40BC021","112","504","4"
"40311158","40BQ321","113","505","4"
"40311158","40BQ331","111","504","4"
"40311162","40BQ331","111","501","4"
"40311162","40BC021","112","501","4"
"40311162","40BA131","109","501","4"
"40311162","40BA121","110","501","4"
"40311170","40BA081","99","501","4"
"40311170","40BA121","110","501","4"
"40311170","40BC021","112","501","4"
"40312142","40BQ331","111","502","4"
"40312142","40BA131","109","503","4"
"40312142","40BC021","112","504","4"
"40312142","40BA121","110","503","4"
"40312142","40BQ321","113","503","4"
"40312142","40BA061","96","501","4"
"40320310","409A021","97","501","4"
"40320310","40BA131","109","502","4"
"40320310","40BA121","110","503","4"
"40320310","40BQ321","113","502","4"
"40320310","40BC021","112","503","4"
"40320324","40BQ331","111","501","4"
"40320324","40BQ321","113","504","4"
"40320324","40BA131","109","502","4"
"40320324","40BC021","112","503","4"
"40320324","40BA121","110","501","4"
"40320326","40BA121","110","502","4"
"40320326","40BA131","109","503","4"
"40320326","40BQ331","111","501","4"
"40320326","40BC021","112","505","4"
"40320326","40BQ321","113","503","4"
"40311201","40BQ512","191","504","4"
"40311201","40BR072","119","504","4"
"40311201","40BA122","110","505","4"
"40311201","40BA132","109","505","4"
"40311202","40BA122","110","504","4"
"40311202","40BA132","109","504","4"
"40311202","40BQ512","191","504","4"
"40311202","40BR072","119","504","4"
"40311204","40BQ512","191","504","4"
"40311204","40BR072","119","504","4"
"40311204","40BA132","109","504","4"
"40311204","40BA122","110","503","4"
"40311205","40BA122","110","503","4"
"40311205","40BA132","109","504","4"
"40311205","40BR072","119","502","4"
"40311205","433A021","97","502","4"
"40311205","40BQ512","191","504","4"
"40311206","40BA122","110","502","4"
"40311206","40BA132","109","505","4"
"40311206","40BQ512","191","504","4"
"40311206","40BR072","119","503","4"
"40311207","40BA122","110","504","4"
"40311207","40BA132","109","505","4"
"40311207","40BQ512","191","504","4"
"40311207","40BR072","119","503","4"
"40311208","40BR072","119","503","4"
"40311208","40BA132","109","504","4"
"40311208","40BA122","110","503","4"
"40311208","40BQ512","191","504","4"
"40311209","433A021","97","501","4"
"40311209","40BA132","109","503","4"
"40311209","40BQ512","191","504","4"
"40311209","40BR072","119","503","4"
"40311209","40BA122","110","502","4"
"40311210","40BA122","110","501","4"
"40311210","40BA132","109","503","4"
"40311210","40BQ512","191","503","4"
"40311210","40BR072","119","503","4"
"40311210","433A021","97","501","4"
"40311211","40BA132","109","504","4"
"40311211","40BA122","110","504","4"
"40311211","433A021","97","502","4"
"40311211","40BQ512","191","505","4"
"40311211","40BR072","119","504","4"
"40311212","40BA122","110","501","4"
"40311212","40BA132","109","502","4"
"40311212","40BQ512","191","501","4"
"40311214","40BA132","109","502","4"
"40311214","40BQ512","191","503","4"
"40311214","40BR072","119","503","4"
"40311214","433A021","97","501","4"
"40311214","40BA122","110","502","4"
"40311215","40BR072","119","504","4"
"40311215","40BQ512","191","503","4"
"40311215","40BA132","109","505","4"
"40311215","40BA122","110","502","4"
"40311216","40BR072","119","503","4"
"40311216","40BQ512","191","504","4"
"40311216","40BA122","110","503","4"
"40311216","40BA132","109","504","4"
"40311217","40BQ512","191","503","4"
"40311217","40BA122","110","502","4"
"40311217","40BR072","119","504","4"
"40311217","40BA132","109","505","4"
"40311218","40BA132","109","505","4"
"40311218","40BQ512","191","503","4"
"40311218","40BA122","110","502","4"
"40311218","40BR072","119","504","4"
"40311221","40BR072","119","503","4"
"40311221","40BQ512","191","503","4"
"40311221","40BA132","109","504","4"
"40311221","40BA122","110","502","4"
"40311223","40BQ512","191","503","4"
"40311223","40BR072","119","503","4"
"40311223","40BA122","110","503","4"
"40311223","40BA132","109","502","4"
"40311226","40BA122","110","503","4"
"40311226","40BR072","119","504","4"
"40311226","40BA132","109","505","4"
"40311226","40BQ512","191","504","4"
"40311227","40BQ512","191","503","4"
"40311227","40BR072","119","503","4"
"40311227","40BA122","110","503","4"
"40311227","40BA021","97","502","4"
"40311227","40BA132","109","503","4"
"40311229","40BA132","109","505","4"
"40311229","40BA122","110","503","4"
"40311229","40BR072","119","504","4"
"40311229","40BQ512","191","504","4"
"40311230","40BR072","119","503","4"
"40311230","433A021","97","501","4"
"40311230","40BA122","110","503","4"
"40311230","40BA132","109","503","4"
"40311230","40BQ512","191","504","4"
"40311231","40BA122","110","502","4"
"40311231","40BA132","109","505","4"
"40311231","40BQ512","191","504","4"
"40311231","40BR072","119","503","4"
"40311232","40BA122","110","501","4"
"40311232","40BA132","109","505","4"
"40311232","40BQ512","191","503","4"
"40311232","40BR072","119","502","4"
"40311233","40BA122","110","502","4"
"40311233","40BA132","109","504","4"
"40311233","40BR072","119","503","4"
"40311233","40BQ512","191","504","4"
"40311235","433A021","97","501","4"
"40311235","40BA122","110","502","4"
"40311235","40BA132","109","503","4"
"40311235","40BQ512","191","504","4"
"40311235","40BR072","119","503","4"
"40311236","40BQ512","191","504","4"
"40311236","40BR072","119","504","4"
"40311236","40BA132","109","505","4"
"40311236","40BA122","110","504","4"
"40311237","40BR072","119","503","4"
"40311237","40BQ512","191","503","4"
"40311237","40BA132","109","501","4"
"40311237","40BA122","110","503","4"
"40311238","40BR072","119","503","4"
"40311238","40BQ512","191","504","4"
"40311238","40BA132","109","503","4"
"40311238","40BA122","110","503","4"
"40311241","40BQ512","191","503","4"
"40311241","40BA122","110","503","4"
"40311241","40BA132","109","501","4"
"40311241","433A021","97","501","4"
"40311241","40BR072","119","501","4"
"40311243","40BQ512","191","504","4"
"40311243","40BR072","119","504","4"
"40311243","40BA122","110","504","4"
"40311243","40BA132","109","505","4"
"40311244","40BA132","109","503","4"
"40311244","40BR072","119","503","4"
"40311244","40BA122","110","502","4"
"40311244","40BQ512","191","503","4"
"40311245","40BA122","110","502","4"
"40311245","40BA132","109","502","4"
"40311245","40BQ512","191","504","4"
"40311245","40BR072","119","504","4"
"40311247","40BR072","119","504","4"
"40311247","40BA132","109","502","4"
"40311247","40BQ512","191","503","4"
"40311247","40BA122","110","502","4"
"40311248","40BA122","110","504","4"
"40311248","40BA132","109","505","4"
"40311248","40BQ512","191","504","4"
"40311248","40BR072","119","504","4"
"40311249","40BR072","119","504","4"
"40311249","40BQ512","191","505","4"
"40311249","40BA132","109","504","4"
"40311249","40BA122","110","503","4"
"40311250","40BR072","119","504","4"
"40311250","40BQ512","191","504","4"
"40311250","40BA132","109","505","4"
"40311250","40BA122","110","504","4"
"40311253","40BA132","109","503","4"
"40311253","40BA122","110","503","4"
"40311253","40BQ512","191","503","4"
"40311253","40BR072","119","503","4"
"40311256","40BR072","119","503","4"
"40311256","40BQ512","191","504","4"
"40311256","40BA132","109","505","4"
"40311256","40BA122","110","503","4"
"40311257","40BR072","119","503","4"
"40311257","40BQ512","191","504","4"
"40311257","40BA132","109","505","4"
"40311257","40BA122","110","503","4"
"40311258","40BA122","110","503","4"
"40311258","40BA132","109","505","4"
"40311258","40BQ512","191","503","4"
"40311258","40BR072","119","504","4"
"40311259","40BA122","110","501","4"
"40311259","40BA132","109","504","4"
"40311259","40BQ512","191","504","4"
"40311259","40BR072","119","504","4"
"40311260","40BR072","119","504","4"
"40311260","40BQ512","191","505","4"
"40311260","40BA132","109","504","4"
"40311260","40BA122","110","504","4"
"40311260","40BA021","97","502","4"
"40311261","40BQ512","191","503","4"
"40311261","40BR072","119","504","4"
"40311261","40BA132","109","505","4"
"40311261","40BA122","110","503","4"
"40311262","40BR072","119","501","4"
"40311262","40BA132","109","504","4"
"40311262","40BA021","97","501","4"
"40311262","40BQ512","191","501","4"
"40311263","40BA132","109","501","4"
"40311263","40BQ512","191","504","4"
"40311263","40BR072","119","501","4"
"40311263","40BA122","110","501","4"
"40311264","4065083","192","504","4"
"40311264","4064243","193","502","4"
"40311264","4069582","194","502","4"
"40311264","40BQ512","191","503","4"
"40311265","40BQ512","191","504","4"
"40311265","4069582","194","502","4"
"40311265","4064243","193","502","4"
"40311265","4065083","192","504","4"
"40311266","4069582","194","502","4"
"40311266","4065083","192","504","4"
"40311266","4064243","193","501","4"
"40311266","40BQ512","191","503","4"
"40211115","40BQ421","170","501","5"
"40211147","40BC051","122","501","5"
"40211147","40BA141","123","501","5"
"40211147","40BQ341","183","503","5"
"40311104","40BC051","122","501","5"
"40311104","40BA141","123","501","5"
"40311104","40UN110","124","504","5"
"40311104","40BQ341","183","503","5"
"40311105","409A011","94","502","5"
"40311105","40BC051","122","502","5"
"40311105","40BA141","123","502","5"
"40311105","40BQ141","126","503","5"
"40311106","40BA141","123","502","5"
"40311106","40BC051","122","503","5"
"40311106","40BQ141","126","503","5"
"40311107","40BA141","123","502","5"
"40311107","40BC051","122","503","5"
"40311107","40UN110","124","504","5"
"40311107","40BQ341","183","505","5"
"40311108","40BQ141","126","503","5"
"40311108","40BC051","122","503","5"
"40311108","40BA141","123","502","5"
"40311111","40BQ141","126","504","5"
"40311111","40BA141","123","502","5"
"40311111","409A011","94","503","5"
"40311111","40BC051","122","502","5"
"40311112","40BA141","123","502","5"
"40311112","40BC051","122","503","5"
"40311112","40BQ341","183","505","5"
"40311112","40BQ141","126","504","5"
"40311114","40BC051","122","503","5"
"40311114","40BQ141","126","501","5"
"40311114","40BA141","123","502","5"
"40311114","40IA301","195","502","5"
"40311114","40IN101","179","503","5"
"40311114","40BQ341","183","505","5"
"40311116","40BA141","123","502","5"
"40311116","40BC051","122","502","5"
"40311117","40BQ341","183","504","5"
"40311117","40BC051","122","503","5"
"40311117","40BA141","123","503","5"
"40311117","40BA102","104","503","5"
"40311118","40UN110","124","504","5"
"40311118","40BC051","122","503","5"
"40311118","40BQ341","183","505","5"
"40311118","40BA141","123","503","5"
"40311119","40BQ141","126","501","5"
"40311119","40BQ341","183","503","5"
"40311119","40BA141","123","501","5"
"40311119","40BC051","122","501","5"
"40311120","40BQ141","126","504","5"
"40311120","40BC051","122","502","5"
"40311120","40BA141","123","503","5"
"40311120","40BA222","131","502","5"
"40311121","40BA141","123","503","5"
"40311121","40BQ341","183","505","5"
"40311121","40BC011","102","504","5"
"40311121","40BC051","122","501","5"
"40311122","40BA141","123","502","5"
"40311122","40BC051","122","503","5"
"40311122","40BQ141","126","504","5"
"40311122","40BQ341","183","505","5"
"40311123","40BC051","122","501","5"
"40311123","40BA102","104","502","5"
"40311123","40BQ341","183","503","5"
"40311123","40BA141","123","501","5"
"40311128","40BQ141","126","504","5"
"40311128","40BQ341","183","505","5"
"40311128","40BA141","123","504","5"
"40311128","40BC051","122","504","5"
"40311129","40BA141","123","503","5"
"40311129","40BC051","122","502","5"
"40311129","40BQ141","126","503","5"
"40311130","40BQ341","183","505","5"
"40311130","40BC011","102","502","5"
"40311130","40BA141","123","501","5"
"40311130","40BC051","122","503","5"
"40311131","40BC051","122","503","5"
"40311131","40BA141","123","501","5"
"40311131","40BQ141","126","501","5"
"40311132","40BQ141","126","501","5"
"40311132","40BQ341","183","504","5"
"40311132","40BA141","123","501","5"
"40311132","40BC051","122","501","5"
"40311133","40BQ141","126","505","5"
"40311133","40BQ341","183","505","5"
"40311133","40BC051","122","503","5"
"40311133","40BA141","123","502","5"
"40311134","409A011","94","502","5"
"40311134","40BC051","122","502","5"
"40311134","40BQ141","126","503","5"
"40311134","40BA141","123","502","5"
"40311135","40BQ141","126","505","5"
"40311135","40BA141","123","502","5"
"40311135","40BA222","131","503","5"
"40311135","40BC051","122","503","5"
"40311137","40BA141","123","502","5"
"40311137","40BC051","122","503","5"
"40311137","40BQ341","183","505","5"
"40311137","40BQ141","126","504","5"
"40311138","40BQ341","183","505","5"
"40311138","40BC051","122","502","5"
"40311138","40BA141","123","502","5"
"40311138","40BC011","102","501","5"
"40311138","409A011","94","503","5"
"40311139","40BC051","122","503","5"
"40311139","40BQ141","126","502","5"
"40311139","40BA141","123","501","5"
"40311140","40BQ141","126","505","5"
"40311140","40BC051","122","504","5"
"40311140","40BA141","123","505","5"
"40311140","40BQ341","183","505","5"
"40311146","40BA141","123","501","5"
"40311146","40BC051","122","501","5"
"40311146","40BQ141","126","501","5"
"40311146","40BQ341","183","503","5"
"40311151","40BQ341","183","505","5"
"40311151","40BA141","123","503","5"
"40311151","40BC051","122","504","5"
"40311151","40BQ141","126","505","5"
"40311153","40BQ141","126","505","5"
"40311153","40BQ341","183","504","5"
"40311153","40BA141","123","503","5"
"40311153","40BC051","122","504","5"
"40311154","40BQ141","126","503","5"
"40311154","40BA141","123","503","5"
"40311154","40BC051","122","505","5"
"40311155","40BA141","123","503","5"
"40311155","40BC051","122","503","5"
"40311157","40BA141","123","504","5"
"40311157","40BC051","122","505","5"
"40311157","40BQ141","126","504","5"
"40311158","40BQ141","126","501","5"
"40311158","40BQ341","183","503","5"
"40311158","40UN130","186","505","5"
"40311158","40BA141","123","501","5"
"40311158","40BC051","122","502","5"
"40311172","40BC051","122","504","5"
"40311172","40BQ141","126","504","5"
"40311172","40BQ311","180","504","5"
"40311172","40BQ341","183","505","5"
"40311173","40BA141","123","501","5"
"40311173","40BC011","102","501","5"
"40311173","40BC051","122","502","5"
"40311173","40BQ341","183","504","5"
"40312142","40BQ341","183","504","5"
"40312142","40BC051","122","503","5"
"40312142","40BA051","95","505","5"
"40312142","40BA141","123","502","5"
"40320310","40BQ141","126","502","5"
"40320310","40BA141","123","501","5"
"40320310","40BC051","122","501","5"
"40320324","40BA101","104","501","5"
"40320324","40BA141","123","501","5"
"40320324","40BC051","122","502","5"
"40320324","40B0292","93","501","5"
"40320324","40BA051","95","501","5"
"40320326","40BA051","95","504","5"
"40320326","40BC051","122","502","5"
"40320326","40BA141","123","502","5"
"40320326","40BQ341","183","503","5"
"40311201","40BR372","125","505","5"
"40311201","40B8932","140","505","5"
"40311201","40BD032","126","505","5"
"40311202","40B8932","140","503","5"
"40311202","40BD032","126","502","5"
"40311202","40BR372","125","505","5"
"40311204","40B8932","140","504","5"
"40311204","40BR372","125","505","5"
"40311204","40BD032","126","504","5"
"40311205","40BD032","126","503","5"
"40311205","40BR372","125","505","5"
"40311205","40B8932","140","505","5"
"40311206","40B8932","140","504","5"
"40311206","40BD032","126","503","5"
"40311206","40BR372","125","504","5"
"40311207","40B8932","140","504","5"
"40311207","40BD032","126","504","5"
"40311207","40BR372","125","505","5"
"40311208","40BR372","125","505","5"
"40311208","40BD032","126","504","5"
"40311208","40B8932","140","504","5"
"40311209","40BR372","125","503","5"
"40311209","40BD032","126","501","5"
"40311210","40BD032","126","501","5"
"40311210","40BR372","125","502","5"
"40311211","40BR372","125","503","5"
"40311211","40K0051","94","502","5"
"40311211","40BD032","126","503","5"
"40311211","40B8932","140","503","5"
"40311212","40BD032","126","501","5"
"40311214","40BD032","126","502","5"
"40311214","40BR372","125","503","5"
"40311215","40B8932","140","505","5"
"40311215","40BR372","125","504","5"
"40311215","40BD032","126","504","5"
"40311216","40BD032","126","502","5"
"40311216","40BR372","125","504","5"
"40311216","40B8932","140","503","5"
"40311217","40BR372","125","504","5"
"40311217","40B8932","140","504","5"
"40311217","40BD032","126","502","5"
"40311218","40B8932","140","504","5"
"40311218","40BD032","126","501","5"
"40311218","40BR372","125","504","5"
"40311218","40K0051","94","501","5"
"40311221","40BR372","125","502","5"
"40311221","40BD032","126","502","5"
"40311223","40BD032","126","501","5"
"40311223","40BR372","125","503","5"
"40311226","40BD032","126","502","5"
"40311226","40BR372","125","504","5"
"40311226","40B8932","140","504","5"
"40311227","40BD032","126","501","5"
"40311227","40BR372","125","502","5"
"40311227","40B8932","140","503","5"
"40311229","40B8932","140","504","5"
"40311229","40BR372","125","504","5"
"40311229","40BD032","126","504","5"
"40311230","40B8932","140","502","5"
"40311230","40BD032","126","502","5"
"40311230","40BR372","125","503","5"
"40311231","40B8932","140","504","5"
"40311231","40BD032","126","502","5"
"40311231","40BR372","125","504","5"
"40311232","40BD032","126","501","5"
"40311232","40BR372","125","503","5"
"40311233","40B8932","140","503","5"
"40311233","40BR372","125","504","5"
"40311233","40BD032","126","503","5"
"40311235","40BD032","126","502","5"
"40311235","40BR372","125","503","5"
"40311235","40K0051","94","501","5"
"40311236","40BD032","126","504","5"
"40311236","40B8932","140","504","5"
"40311236","40BR372","125","505","5"
"40311237","40BR372","125","504","5"
"40311237","40BD032","126","501","5"
"40311238","40BR372","125","504","5"
"40311238","40BD032","126","503","5"
"40311238","40B8932","140","503","5"
"40311241","40BR372","125","502","5"
"40311241","40BD032","126","501","5"
"40311243","40BD032","126","504","5"
"40311243","40BR372","125","505","5"
"40311243","40B8932","140","505","5"
"40311244","40BD032","126","503","5"
"40311244","40B8932","140","505","5"
"40311244","40BR372","125","504","5"
"40311245","40BR372","125","502","5"
"40311245","40B8932","140","503","5"
"40311245","40BD032","126","501","5"
"40311247","40BR372","125","504","5"
"40311247","40UN050","127","504","5"
"40311247","40B8932","140","505","5"
"40311247","40BD032","126","502","5"
"40311248","40B8932","140","505","5"
"40311248","40BD032","126","504","5"
"40311248","40BR372","125","504","5"
"40311249","40BD032","126","503","5"
"40311249","40BR372","125","504","5"
"40311249","40B8932","140","505","5"
"40311250","4064253","196","505","5"
"40311250","40UN160","171","504","5"
"40311250","40BR372","125","504","5"
"40311250","40BD032","126","504","5"
"40311250","40B8932","140","505","5"
"40311253","40B8932","140","502","5"
"40311253","40BD032","126","502","5"
"40311253","40BR372","125","504","5"
"40311256","40BR372","125","504","5"
"40311256","40BD032","126","503","5"
"40311256","40B8932","140","505","5"
"40311257","40BR372","125","504","5"
"40311257","40BD032","126","503","5"
"40311257","40B8932","140","505","5"
"40311258","40B8932","140","503","5"
"40311258","40BD032","126","503","5"
"40311258","40BR372","125","504","5"
"40311259","40B8932","140","504","5"
"40311259","40BD032","126","503","5"
"40311259","40BR372","125","504","5"
"40311260","40BR372","125","504","5"
"40311260","40BD032","126","504","5"
"40311260","40B8932","140","505","5"
"40311261","40BD032","126","503","5"
"40311261","40BR372","125","505","5"
"40311261","40B8932","140","504","5"
"40411101","40BA051","95","501","1"
"40411101","40BA011","94","501","1"
"40411101","40B0291","93","504","1"
"40411102","40B0291","93","505","1"
"40411102","40BA051","95","505","1"
"40411102","40BA011","94","503","1"
"40411104","40BA051","95","503","1"
"40411104","40BA011","94","502","1"
"40411104","40B0291","93","503","1"
"40411105","40BA051","95","503","1"
"40411105","40BA011","94","501","1"
"40411105","40B0291","93","505","1"
"40411106","40BA051","95","503","1"
"40411106","40BA011","94","505","1"
"40411106","40B0291","93","505","1"
"40411108","40B0291","93","503","1"
"40411108","40BA011","94","504","1"
"40411108","40BA051","95","503","1"
"40411109","40BA051","95","501","1"
"40411109","40BA011","94","501","1"
"40411109","40B0291","93","505","1"
"40411110","40B0291","93","505","1"
"40411110","40BA011","94","501","1"
"40411110","40BA051","95","502","1"
"40411111","40BA051","95","503","1"
"40411111","40B0291","93","505","1"
"40411111","40BA011","94","503","1"
"40411113","40B0291","93","505","1"
"40411113","40BA051","95","505","1"
"40411113","40BA011","94","505","1"
"40411114","40BA051","95","503","1"
"40411114","40BA011","94","503","1"
"40411114","40B0291","93","502","1"
"40411115","40BA051","95","501","1"
"40411115","40BA011","94","501","1"
"40411115","40B0291","93","504","1"
"40411117","40BA051","95","501","1"
"40411117","40BA011","94","501","1"
"40411117","40B0291","93","504","1"
"40411118","40BA051","95","501","1"
"40411118","40B0291","93","501","1"
"40411118","40BA011","94","501","1"
"40411119","40BA011","94","501","1"
"40411119","40B0291","93","501","1"
"40411119","40BA051","95","501","1"
"40411120","40BA011","94","501","1"
"40411120","40BA051","95","503","1"
"40411120","40B0291","93","504","1"
"40411121","40B0291","93","501","1"
"40411121","40BA051","95","501","1"
"40411121","40BA011","94","501","1"
"40411122","40BA011","94","501","1"
"40411122","40BA051","95","501","1"
"40411122","40B0291","93","503","1"
"40411124","40BA011","94","501","1"
"40411124","40B0291","93","505","1"
"40411124","40BA051","95","501","1"
"40411125","40BA051","95","501","1"
"40411125","40B0291","93","505","1"
"40411125","40BA011","94","501","1"
"40411126","40B0291","93","505","1"
"40411126","40BA051","95","502","1"
"40411126","40BA011","94","501","1"
"40411127","40BA051","95","502","1"
"40411127","40BA011","94","501","1"
"40411127","40B0291","93","505","1"
"40411128","40BA051","95","503","1"
"40411128","40B0291","93","503","1"
"40411128","40BA011","94","501","1"
"40411129","40BA011","94","501","1"
"40411129","40B0291","93","502","1"
"40411129","40BA051","95","501","1"
"40411130","40BA051","95","501","1"
"40411130","40B0291","93","504","1"
"40411130","40BA011","94","501","1"
"40411131","40BA051","95","501","1"
"40411131","40BA011","94","501","1"
"40411131","40B0291","93","501","1"
"40411132","40BA051","95","501","1"
"40411132","40BA011","94","501","1"
"40411132","40B0291","93","502","1"
"40411133","40B0291","93","504","1"
"40411133","40BA011","94","504","1"
"40411133","40BA051","95","503","1"
"40411134","40B0291","93","502","1"
"40411134","40BA051","95","501","1"
"40411134","40BA011","94","501","1"
"40411138","40BA011","94","501","1"
"40411138","40B0291","93","503","1"
"40411138","40BA051","95","502","1"
"40411140","40B0291","93","503","1"
"40411140","40BA011","94","501","1"
"40411140","40BA051","95","502","1"
"40411141","40BA051","95","501","1"
"40411141","40BA011","94","504","1"
"40411141","40B0291","93","503","1"
"40411143","40B0291","93","503","1"
"40411143","40BA051","95","501","1"
"40411143","40BA011","94","503","1"
"40411145","40B0291","93","504","1"
"40411145","40BA051","95","501","1"
"40411145","40BA011","94","502","1"
"40411146","40BA051","95","503","1"
"40411146","40BA011","94","505","1"
"40411146","40B0291","93","504","1"
"40411147","40BA011","94","505","1"
"40411147","40B0291","93","505","1"
"40411147","40BA051","95","503","1"
"40411148","40BA051","95","505","1"
"40411148","40B0291","93","505","1"
"40411148","40BA011","94","505","1"
"40411149","40B0291","93","505","1"
"40411149","40BA051","95","504","1"
"40411149","40BA011","94","505","1"
"40411150","40BA011","94","502","1"
"40411150","40BA051","95","501","1"
"40411150","40B0291","93","505","1"
"40411151","40B0291","93","505","1"
"40411151","40BA051","95","505","1"
"40411151","40BA011","94","503","1"
"40411152","40B0291","93","502","1"
"40411152","40BA051","95","503","1"
"40411152","40BA011","94","503","1"
"40411153","40B0291","93","504","1"
"40411153","40BA051","95","501","1"
"40411153","40BA011","94","504","1"
"40411155","40B0291","93","505","1"
"40411155","40BA011","94","504","1"
"40411155","40BA051","95","503","1"
"40411156","40B0291","93","505","1"
"40411156","40BA051","95","503","1"
"40411156","40BA011","94","505","1"
"40411157","40B0291","93","503","1"
"40411157","40BA011","94","503","1"
"40411157","40BA051","95","505","1"
"40411158","40B0291","93","502","1"
"40411158","40BA011","94","503","1"
"40411158","40BA051","95","502","1"
"40411159","40B0291","93","504","1"
"40411159","40BA011","94","502","1"
"40411159","40BA051","95","502","1"
"40411160","40B0291","93","503","1"
"40411160","40BA011","94","503","1"
"40411160","40BA051","95","501","1"
"40411137","40B0291","93","502","1"
"40411137","40BA011","94","501","1"
"40411137","40BA051","95","501","1"
"40411201","40BA052","95","502","1"
"40411201","40BA012","94","502","1"
"40411201","40B0292","93","503","1"
"40411202","40B0292","93","504","1"
"40411202","40BA012","94","501","1"
"40411202","40BA052","95","504","1"
"40411205","40BA052","95","502","1"
"40411205","40B0292","93","504","1"
"40411205","40BA012","94","501","1"
"40411207","40BA052","95","502","1"
"40411207","40BA012","94","503","1"
"40411207","40B0292","93","504","1"
"40411208","40B0292","93","503","1"
"40411208","40BA052","95","503","1"
"40411208","40BA012","94","503","1"
"40411209","40BA012","94","501","1"
"40411209","40B0292","93","501","1"
"40411209","40BA052","95","502","1"
"40411210","40B0292","93","504","1"
"40411210","40BA012","94","504","1"
"40411210","40BA052","95","502","1"
"40411211","40BA012","94","502","1"
"40411211","40BA052","95","501","1"
"40411211","40B0292","93","502","1"
"40411212","40BA052","95","501","1"
"40411212","40BA012","94","501","1"
"40411212","40B0292","93","504","1"
"40411213","40BA052","95","501","1"
"40411213","40BA012","94","504","1"
"40411213","40B0292","93","504","1"
"40411214","40B0292","93","504","1"
"40411214","40BA052","95","501","1"
"40411214","40BA012","94","503","1"
"40411215","40B0292","93","504","1"
"40411215","40BA052","95","501","1"
"40411215","40BA012","94","503","1"
"40411216","40BA052","95","501","1"
"40411216","40BA012","94","501","1"
"40411216","40B0292","93","502","1"
"40411217","40B0292","93","504","1"
"40411217","40BA012","94","502","1"
"40411217","40BA052","95","502","1"
"40411218","40BA012","94","501","1"
"40411218","40BA052","95","502","1"
"40411218","40B0292","93","505","1"
"40411219","40B0292","93","505","1"
"40411219","40BA052","95","503","1"
"40411219","40BA012","94","501","1"
"40411220","40BA052","95","504","1"
"40411220","40BA012","94","505","1"
"40411220","40B0292","93","503","1"
"40411221","40B0292","93","503","1"
"40411221","40BA012","94","502","1"
"40411221","40BA052","95","502","1"
"40411222","40BA052","95","501","1"
"40411222","40BA012","94","501","1"
"40411222","40B0292","93","504","1"
"40411224","40B0292","93","505","1"
"40411224","40BA012","94","501","1"
"40411224","40BA052","95","501","1"
"40411225","40BA052","95","502","1"
"40411225","40BA012","94","502","1"
"40411225","40B0292","93","504","1"
"40411226","40B0292","93","504","1"
"40411226","40BA012","94","501","1"
"40411226","40BA052","95","502","1"
"40411227","40BA052","95","504","1"
"40411227","40BA012","94","503","1"
"40411227","40B0292","93","505","1"
"40411228","40B0292","93","505","1"
"40411228","40BA012","94","503","1"
"40411228","40BA052","95","503","1"
"40411229","40BA052","95","501","1"
"40411229","40BA012","94","501","1"
"40411229","40B0292","93","503","1"
"40411230","40B0292","93","504","1"
"40411230","40BA012","94","501","1"
"40411230","40BA052","95","502","1"
"40411231","40B0292","93","504","1"
"40411231","40BA012","94","501","1"
"40411231","40BA052","95","501","1"
"40411233","40B0292","93","505","1"
"40411233","40BA012","94","501","1"
"40411233","40BA052","95","503","1"
"40411234","40B0292","93","501","1"
"40411234","40BA052","95","501","1"
"40411234","40BA012","94","501","1"
"40411235","40B0292","93","504","1"
"40411235","40BA012","94","501","1"
"40411235","40BA052","95","501","1"
"40411236","40BA052","95","503","1"
"40411236","40BA012","94","503","1"
"40411236","40B0292","93","504","1"
"40411237","40BA052","95","501","1"
"40411237","40B0292","93","501","1"
"40411237","40BA012","94","501","1"
"40411238","40B0292","93","504","1"
"40411238","40BA052","95","502","1"
"40411238","40BA012","94","502","1"
"40411240","40B0292","93","503","1"
"40411240","40BA052","95","501","1"
"40411240","40BA012","94","501","1"
"40411241","40BA012","94","501","1"
"40411241","40BA052","95","501","1"
"40411241","40B0292","93","502","1"
"40411242","40B0292","93","503","1"
"40411242","40BA052","95","502","1"
"40411242","40BA012","94","501","1"
"40411243","40BA012","94","501","1"
"40411243","40BA052","95","501","1"
"40411243","40B0292","93","504","1"
"40411244","40BA052","95","502","1"
"40411244","40BA012","94","503","1"
"40411244","40B0292","93","505","1"
"40411246","40BA052","95","502","1"
"40411246","40B0292","93","502","1"
"40411246","40BA012","94","501","1"
"40411247","40BA012","94","504","1"
"40411247","40B0292","93","503","1"
"40411247","40BA052","95","503","1"
"40411248","40BA052","95","504","1"
"40411248","40B0292","93","503","1"
"40411248","40BA012","94","504","1"
"40411250","40BA052","95","502","1"
"40411250","40BA012","94","504","1"
"40411250","40B0292","93","503","1"
"40411251","40B0292","93","503","1"
"40411251","40BA012","94","501","1"
"40411251","40BA052","95","501","1"
"40411252","40BA012","94","501","1"
"40411252","40B0292","93","503","1"
"40411252","40BA052","95","501","1"
"40411253","40BA052","95","503","1"
"40411253","40B0292","93","503","1"
"40411253","40BA012","94","501","1"
"40411254","40B0292","93","504","1"
"40411254","40BA052","95","503","1"
"40411254","40BA012","94","503","1"
"40411255","40B0292","93","504","1"
"40411255","40BA012","94","503","1"
"40411255","40BA052","95","505","1"
"40411256","40BA052","95","502","1"
"40411256","40BA012","94","503","1"
"40411256","40B0292","93","503","1"
"40411257","40B0292","93","504","1"
"40411257","40BA012","94","502","1"
"40411257","40BA052","95","502","1"
"40411258","40BA012","94","501","1"
"40411258","40BA052","95","504","1"
"40411258","40B0292","93","504","1"
"40411259","40B0292","93","504","1"
"40411259","40BA012","94","501","1"
"40411259","40BA052","95","503","1"
"40311127","40BA021","97","501","2"
"40311127","40BA061","96","501","2"
"40311127","40BQ031","100","501","2"
"40411101","40BQ031","100","505","2"
"40411101","40BC071","190","502","2"
"40411101","40BA081","99","504","2"
"40411101","40BA061","96","501","2"
"40411101","40BA021","97","501","2"
"40411102","40BA021","97","503","2"
"40411102","40BA061","96","504","2"
"40411102","40BA081","99","505","2"
"40411102","40BC071","190","504","2"
"40411102","40BQ031","100","505","2"
"40411104","40BQ031","100","505","2"
"40411104","40BC071","190","503","2"
"40411104","40BA081","99","502","2"
"40411104","40BA061","96","504","2"
"40411104","40BA021","97","502","2"
"40411105","40BQ031","100","505","2"
"40411105","40BC071","190","504","2"
"40411105","40BA081","99","504","2"
"40411105","40BA061","96","504","2"
"40411105","40BA021","97","501","2"
"40411106","40BQ031","100","505","2"
"40411106","40BC071","190","505","2"
"40411106","40BA061","96","505","2"
"40411106","40BA081","99","505","2"
"40411106","40BA021","97","504","2"
"40411108","40BQ031","100","502","2"
"40411108","40BA021","97","504","2"
"40411108","40BA061","96","504","2"
"40411108","40BA081","99","504","2"
"40411108","40BC071","190","503","2"
"40411109","40BQ031","100","502","2"
"40411109","40BC071","190","501","2"
"40411109","40BA081","99","502","2"
"40411109","40BA061","96","501","2"
"40411109","40BA021","97","501","2"
"40411110","40BA021","97","503","2"
"40411110","40BA061","96","502","2"
"40411110","40BA081","99","503","2"
"40411110","40BC071","190","501","2"
"40411110","40BQ031","100","503","2"
"40411111","40BQ031","100","501","2"
"40411111","40BC071","190","501","2"
"40411111","40BA021","97","503","2"
"40411111","40BA081","99","501","2"
"40411111","40BA061","96","501","2"
"40411113","40BC071","190","505","2"
"40411113","40BA021","97","504","2"
"40411113","40BA061","96","504","2"
"40411113","40BA081","99","505","2"
"40411113","40BQ031","100","505","2"
"40411114","40BQ031","100","501","2"
"40411114","40BC071","190","503","2"
"40411114","40BA081","99","501","2"
"40411114","40BA061","96","501","2"
"40411114","40BA021","97","501","2"
"40411115","40BC071","190","502","2"
"40411115","40BQ031","100","502","2"
"40411115","40BA081","99","501","2"
"40411115","40BA061","96","501","2"
"40411115","40BA021","97","502","2"
"40411117","40BA021","97","501","2"
"40411117","40BA061","96","502","2"
"40411117","40BA081","99","501","2"
"40411117","40BC071","190","501","2"
"40411118","40BC071","190","501","2"
"40411118","40BA081","99","501","2"
"40411118","40BA061","96","501","2"
"40411118","40BA021","97","501","2"
"40411120","40BA021","97","502","2"
"40411120","40BA061","96","504","2"
"40411120","40BA081","99","504","2"
"40411120","40BC071","190","504","2"
"40411120","40BQ031","100","505","2"
"40411122","40BQ031","100","502","2"
"40411122","40BC071","190","501","2"
"40411122","40BA081","99","501","2"
"40411122","40BA061","96","501","2"
"40411122","40BA021","97","501","2"
"40411124","40BA081","99","501","2"
"40411124","40BQ031","100","504","2"
"40411124","40BA061","96","501","2"
"40411124","40BA021","97","501","2"
"40411124","40BC071","190","501","2"
"40411125","40BC071","190","502","2"
"40411125","40BQ031","100","505","2"
"40411125","40BA061","96","501","2"
"40411125","40BA021","97","501","2"
"40411125","40BA081","99","501","2"
"40411126","40BQ031","100","504","2"
"40411126","40BA021","97","502","2"
"40411126","40BA061","96","501","2"
"40411126","40BA081","99","504","2"
"40411126","40BC071","190","503","2"
"40411127","40BA061","96","503","2"
"40411127","40BA021","97","502","2"
"40411127","40BA081","99","504","2"
"40411127","40BC071","190","502","2"
"40411127","40BQ031","100","505","2"
"40411128","40BQ031","100","504","2"
"40411128","40BA061","96","503","2"
"40411128","40BC071","190","502","2"
"40411128","40BA021","97","501","2"
"40411128","40BA081","99","504","2"
"40411129","40BA081","99","502","2"
"40411129","40BA021","97","501","2"
"40411129","40BC071","190","501","2"
"40411129","40BA061","96","501","2"
"40411129","40BQ031","100","503","2"
"40411130","40BC071","190","501","2"
"40411130","40BQ031","100","504","2"
"40411130","40BA081","99","502","2"
"40411130","40BA021","97","502","2"
"40411130","40BA061","96","501","2"
"40411131","40BA061","96","501","2"
"40411131","40BA081","99","501","2"
"40411131","40BA021","97","501","2"
"40411131","40BC071","190","501","2"
"40411133","40BC071","190","501","2"
"40411133","40BQ031","100","503","2"
"40411133","40BA081","99","501","2"
"40411133","40BA021","97","502","2"
"40411133","40BA061","96","504","2"
"40411134","40BC071","190","501","2"
"40411134","40BQ031","100","502","2"
"40411134","40BA021","97","501","2"
"40411134","40BA061","96","501","2"
"40411134","40BA081","99","502","2"
"40411138","40BC071","190","501","2"
"40411138","40BQ031","100","502","2"
"40411138","40BA061","96","501","2"
"40411138","40BA021","97","501","2"
"40411138","40BA081","99","501","2"
"40411140","40BA021","97","501","2"
"40411140","40BA061","96","501","2"
"40411140","40BA081","99","503","2"
"40411140","40BC071","190","502","2"
"40411140","40BQ031","100","503","2"
"40411141","40BQ031","100","501","2"
"40411141","40BC071","190","501","2"
"40411141","40BA081","99","501","2"
"40411141","40BA061","96","501","2"
"40411141","40BA021","97","501","2"
"40411143","40BA021","97","501","2"
"40411143","40BA061","96","501","2"
"40411143","40BA081","99","501","2"
"40411143","40BC071","190","501","2"
"40411143","40BQ031","100","503","2"
"40411145","40BQ031","100","501","2"
"40411145","40BA021","97","502","2"
"40411145","40BA061","96","501","2"
"40411145","40BA081","99","502","2"
"40411145","40BC071","190","502","2"
"40411146","40BA081","99","502","2"
"40411146","40BQ031","100","502","2"
"40411146","40BC071","190","501","2"
"40411146","40BA021","97","503","2"
"40411146","40BA061","96","501","2"
"40411147","40BQ031","100","504","2"
"40411147","40BC071","190","502","2"
"40411147","40BA021","97","504","2"
"40411147","40BA061","96","502","2"
"40411147","40BA081","99","504","2"
"40411148","40BC071","190","505","2"
"40411148","40BQ031","100","505","2"
"40411148","40BA081","99","505","2"
"40411148","40BA021","97","505","2"
"40411148","40BA061","96","505","2"
"40411149","40BA061","96","501","2"
"40411149","40BC071","190","501","2"
"40411149","40BQ031","100","503","2"
"40411149","40BA081","99","502","2"
"40411149","40BA021","97","502","2"
"40411150","40BQ031","100","501","2"
"40411150","40BA021","97","501","2"
"40411150","40BA081","99","503","2"
"40411150","40BC071","190","502","2"
"40411150","40BA061","96","501","2"
"40411151","40BA021","97","503","2"
"40411151","40BA061","96","505","2"
"40411151","40BA081","99","503","2"
"40411151","40BC071","190","504","2"
"40411151","40BQ031","100","503","2"
"40411152","40BA061","96","501","2"
"40411152","40BA081","99","501","2"
"40411152","40BC071","190","501","2"
"40411152","40BA021","97","502","2"
"40411152","40BQ031","100","502","2"
"40411155","40BA081","99","503","2"
"40411155","40BQ031","100","504","2"
"40411155","40BC071","190","501","2"
"40411155","40BA021","97","503","2"
"40411155","40BA061","96","501","2"
"40411156","40BQ031","100","504","2"
"40411156","40BA021","97","504","2"
"40411156","40BA061","96","501","2"
"40411156","40BA081","99","504","2"
"40411156","40BC071","190","501","2"
"40411157","40BA021","97","503","2"
"40411157","40BA061","96","504","2"
"40411157","40BA081","99","502","2"
"40411157","40BC071","190","505","2"
"40411157","40BQ031","100","504","2"
"40411158","40BA021","97","501","2"
"40411158","40BA061","96","501","2"
"40411158","40BA081","99","503","2"
"40411158","40BC071","190","502","2"
"40411159","40BQ031","100","503","2"
"40411159","40BA021","97","503","2"
"40411159","40BA061","96","503","2"
"40411159","40BA081","99","501","2"
"40411159","40BC071","190","502","2"
"40411160","40BA021","97","503","2"
"40411160","40BA061","96","501","2"
"40411160","40BA081","99","502","2"
"40411160","40BC071","190","501","2"
"40411160","40BQ031","100","501","2"
"40411161","40BC071","190","505","2"
"40411161","40BQ031","100","505","2"
"40411161","40BA021","97","503","2"
"40411161","40BA061","96","505","2"
"40411161","40BA081","99","504","2"
"40411201","40BR022","165","504","2"
"40411201","40BA022","97","503","2"
"40411201","40BA082","99","504","2"
"40411201","40BA062","96","503","2"
"40411202","40BA062","96","502","2"
"40411202","40BA022","97","502","2"
"40411202","40BA082","99","503","2"
"40411202","40BR022","165","504","2"
"40411205","40BR022","165","503","2"
"40411205","40BA062","96","501","2"
"40411205","40BA082","99","503","2"
"40411205","40BA022","97","501","2"
"40411207","40BR022","165","502","2"
"40411207","40BA062","96","502","2"
"40411207","40BA082","99","503","2"
"40411207","40BA022","97","504","2"
"40411208","40BR022","165","503","2"
"40411208","40BA022","97","503","2"
"40411208","40BA062","96","503","2"
"40411208","40BA082","99","503","2"
"40411209","40BA062","96","501","2"
"40411209","40BA082","99","502","2"
"40411209","40BR022","165","502","2"
"40411209","40BA022","97","501","2"
"40411210","40BA062","96","503","2"
"40411210","40BA022","97","504","2"
"40411210","40BR022","165","503","2"
"40411210","40BA082","99","503","2"
"40411211","40BR022","165","504","2"
"40411211","40BA082","99","503","2"
"40411211","40BA062","96","504","2"
"40411211","40BA022","97","503","2"
"40411212","40BA062","96","502","2"
"40411212","40BR022","165","501","2"
"40411212","40BA022","97","501","2"
"40411212","40BA082","99","502","2"
"40411213","40BA082","99","503","2"
"40411213","40BA022","97","505","2"
"40411213","40BA062","96","503","2"
"40411213","40BR022","165","503","2"
"40411214","40BR022","165","503","2"
"40411214","40BA022","97","501","2"
"40411214","40BA062","96","501","2"
"40411214","40BA082","99","503","2"
"40411215","40BA022","97","502","2"
"40411215","40BA062","96","501","2"
"40411215","40BR022","165","503","2"
"40411215","40BA082","99","502","2"
"40411216","40BA022","97","501","2"
"40411216","40BA062","96","501","2"
"40411216","40BR022","165","501","2"
"40411216","40BA082","99","501","2"
"40411217","40BA082","99","504","2"
"40411217","40BR022","165","504","2"
"40411217","40BA062","96","505","2"
"40411217","40BA022","97","504","2"
"40411218","40BR022","165","503","2"
"40411218","40BA062","96","501","2"
"40411218","40BA022","97","501","2"
"40411218","40BA082","99","503","2"
"40411219","40BA082","99","505","2"
"40411219","40BA062","96","505","2"
"40411219","40BA022","97","503","2"
"40411219","40BR022","165","504","2"
"40411220","40BA022","97","503","2"
"40411220","40BA062","96","502","2"
"40411220","40BR022","165","503","2"
"40411220","40BA082","99","503","2"
"40411221","40BA082","99","502","2"
"40411221","40BR022","165","503","2"
"40411221","40BA022","97","503","2"
"40411221","40BA062","96","501","2"
"40411222","40BA062","96","501","2"
"40411222","40BA022","97","501","2"
"40411222","40BR022","165","501","2"
"40411222","40BA082","99","503","2"
"40411224","40BA062","96","501","2"
"40411224","40BA022","97","502","2"
"40411224","40BA082","99","503","2"
"40411224","40BR022","165","504","2"
"40411225","40BA062","96","502","2"
"40411225","40BA082","99","502","2"
"40411225","40BA022","97","503","2"
"40411226","40BA022","97","502","2"
"40411226","40BA062","96","502","2"
"40411226","40BA082","99","501","2"
"40411226","40BR022","165","503","2"
"40411227","40BR022","165","504","2"
"40411227","40BA062","96","505","2"
"40411227","40BA082","99","504","2"
"40411227","40BA022","97","503","2"
"40411228","40BR022","165","504","2"
"40411228","40BA022","97","502","2"
"40411228","40BA062","96","503","2"
"40411228","40BA082","99","502","2"
"40411229","40BR022","165","501","2"
"40411229","40BA082","99","501","2"
"40411229","40BA022","97","501","2"
"40411229","40BA062","96","501","2"
"40411230","40BA062","96","501","2"
"40411230","40BA022","97","501","2"
"40411230","40BA082","99","502","2"
"40411230","40BR022","165","503","2"
"40411233","40BR022","165","501","2"
"40411233","40BA062","96","502","2"
"40411233","40BA082","99","503","2"
"40411233","40BA022","97","501","2"
"40411234","40BA022","97","501","2"
"40411234","40BA062","96","501","2"
"40411234","40BA082","99","501","2"
"40411235","40BA082","99","502","2"
"40411235","40BA022","97","502","2"
"40411235","40BR022","165","504","2"
"40411235","40BA062","96","504","2"
"40411236","40BA082","99","504","2"
"40411236","40BR022","165","504","2"
"40411236","40BA022","97","503","2"
"40411236","40BA062","96","501","2"
"40411237","40BR022","165","501","2"
"40411237","40BA082","99","502","2"
"40411237","40BA062","96","501","2"
"40411237","40BA022","97","501","2"
"40411238","40BR022","165","503","2"
"40411238","40BA022","97","502","2"
"40411238","40BA062","96","503","2"
"40411238","40BA082","99","502","2"
"40411240","40BA022","97","501","2"
"40411240","40BR022","165","502","2"
"40411240","40BA082","99","502","2"
"40411240","40BA062","96","501","2"
"40411241","40BR022","165","501","2"
"40411241","40BA062","96","502","2"
"40411241","40BA022","97","501","2"
"40411241","40BA082","99","501","2"
"40411242","40BA082","99","503","2"
"40411242","40BA022","97","501","2"
"40411242","40BA062","96","501","2"
"40411242","40BR022","165","502","2"
"40411243","40BR022","165","504","2"
"40411243","40BA062","96","504","2"
"40411243","40BA022","97","501","2"
"40411243","40BA082","99","504","2"
"40411244","40BR022","165","504","2"
"40411244","40BA062","96","503","2"
"40411244","40BA022","97","502","2"
"40411244","40BA082","99","503","2"
"40411246","40BA022","97","502","2"
"40411246","40BA062","96","503","2"
"40411246","40BR022","165","504","2"
"40411246","40BA082","99","503","2"
"40411247","40BA082","99","503","2"
"40411247","40BA062","96","504","2"
"40411247","40BA022","97","504","2"
"40411247","40BR022","165","504","2"
"40411248","40BR022","165","504","2"
"40411248","40BA022","97","504","2"
"40411248","40BA062","96","504","2"
"40411248","40BA082","99","503","2"
"40411250","40BA022","97","504","2"
"40411250","40BA082","99","503","2"
"40411250","40BR022","165","502","2"
"40411250","40BA062","96","503","2"
"40411251","40BA062","96","503","2"
"40411251","40BR022","165","502","2"
"40411251","40BA082","99","504","2"
"40411251","40BA022","97","502","2"
"40411252","40BA082","99","502","2"
"40411252","40BR022","165","501","2"
"40411252","40BA022","97","501","2"
"40411252","40BA062","96","501","2"
"40411253","40BA022","97","502","2"
"40411253","40BA062","96","501","2"
"40411253","40BA082","99","503","2"
"40411253","40BR022","165","503","2"
"40411254","40BA082","99","503","2"
"40411254","40BR022","165","503","2"
"40411254","40BA022","97","503","2"
"40411254","40BA062","96","503","2"
"40411255","40BR022","165","504","2"
"40411255","40BA082","99","504","2"
"40411255","40BA022","97","503","2"
"40411255","40BA062","96","505","2"
"40411256","40BR022","165","503","2"
"40411256","40BA022","97","503","2"
"40411256","40BA062","96","502","2"
"40411256","40BA082","99","503","2"
"40411257","40BA062","96","503","2"
"40411257","40BA082","99","502","2"
"40411257","40BA022","97","503","2"
"40411258","40BR022","165","503","2"
"40411258","40BA082","99","503","2"
"40411258","40BA062","96","502","2"
"40411258","40BA022","97","501","2"
"40311127","40BA101","104","501","3"
"40311127","40BA221","131","501","3"
"40311127","40BC011","102","501","3"
"40311162","40BC011","102","502","3"
"40311162","40BA221","131","501","3"
"40311162","40BA101","104","501","3"
"40311162","40BA011","94","501","3"
"40411102","40BA101","104","502","3"
"40411102","40BA221","131","503","3"
"40411102","40BC011","102","503","3"
"40411102","40BQ311","180","503","3"
"40411104","40BA221","131","503","3"
"40411104","40BA101","104","503","3"
"40411104","40BC011","102","502","3"
"40411105","40BQ311","180","505","3"
"40411105","40BC011","102","502","3"
"40411105","40BA221","131","504","3"
"40411105","40BA101","104","503","3"
"40411106","40BQ311","180","505","3"
"40411106","40BC011","102","504","3"
"40411106","40BA221","131","504","3"
"40411106","40BA101","104","505","3"
"40411108","40BA101","104","502","3"
"40411108","40BA221","131","502","3"
"40411108","40BC011","102","503","3"
"40411108","40BQ311","180","504","3"
"40411110","40BQ311","180","502","3"
"40411110","40BC011","102","501","3"
"40411110","40BA221","131","501","3"
"40411110","40BA101","104","501","3"
"40411111","40BQ311","180","501","3"
"40411111","40BC011","102","501","3"
"40411111","40BA221","131","501","3"
"40411111","40BA101","104","501","3"
"40411113","40BA101","104","505","3"
"40411113","40BA221","131","505","3"
"40411113","40BC011","102","504","3"
"40411113","40BQ311","180","505","3"
"40411114","40BC011","102","501","3"
"40411114","40BA221","131","501","3"
"40411114","40BA101","104","502","3"
"40411115","40BC011","102","502","3"
"40411115","40BA101","104","503","3"
"40411115","40BA221","131","501","3"
"40411117","40BA011","94","502","3"
"40411117","40BA101","104","501","3"
"40411117","40BA221","131","501","3"
"40411117","40BC011","102","501","3"
"40411120","40BA101","104","504","3"
"40411120","40BA221","131","504","3"
"40411120","40BC011","102","503","3"
"40411120","40BQ311","180","505","3"
"40411124","40BA221","131","501","3"
"40411124","40BA101","104","501","3"
"40411124","40BC011","102","502","3"
"40411126","40BA101","104","503","3"
"40411126","40BA221","131","501","3"
"40411126","40BC011","102","503","3"
"40411126","40BQ311","180","503","3"
"40411127","40BQ311","180","502","3"
"40411127","40BC011","102","502","3"
"40411127","40BA221","131","501","3"
"40411127","40BA101","104","503","3"
"40411127","40BA012","94","501","3"
"40411128","40BC011","102","502","3"
"40411128","40BQ311","180","502","3"
"40411128","40BA101","104","503","3"
"40411128","40BA221","131","504","3"
"40411133","40BQ311","180","502","3"
"40411133","40BA221","131","502","3"
"40411133","40BC011","102","502","3"
"40411133","40BA101","104","502","3"
"40411138","40BQ311","180","501","3"
"40411138","40BA101","104","501","3"
"40411138","40BA221","131","501","3"
"40411138","40BC011","102","501","3"
"40411140","40BA101","104","502","3"
"40411140","40BA221","131","501","3"
"40411140","40BC011","102","501","3"
"40411140","40BQ311","180","502","3"
"40411141","40BA101","104","501","3"
"40411141","40BA221","131","501","3"
"40411141","40BQ311","180","502","3"
"40411141","40BC011","102","501","3"
"40411143","40BC011","102","501","3"
"40411143","40BQ311","180","501","3"
"40411143","40BA221","131","501","3"
"40411143","40BA101","104","501","3"
"40411145","40BA101","104","501","3"
"40411145","40BA221","131","501","3"
"40411145","40BC011","102","501","3"
"40411146","40BC011","102","502","3"
"40411146","40BA101","104","502","3"
"40411146","40BA221","131","501","3"
"40411147","40BA101","104","503","3"
"40411147","40BA221","131","504","3"
"40411147","40BC011","102","504","3"
"40411147","40BQ311","180","503","3"
"40411152","40BA221","131","502","3"
"40411152","40BC011","102","501","3"
"40411152","40BQ311","180","501","3"
"40411152","40BA101","104","503","3"
"40411158","40BA101","104","501","3"
"40411158","40BA221","131","502","3"
"40411158","40BC011","102","501","3"
"40411158","40BQ311","180","501","3"
"40411159","40BA101","104","503","3"
"40411159","40BA221","131","502","3"
"40411159","40BC011","102","502","3"
"40411159","40BQ311","180","503","3"
"40411161","40BQ311","180","505","3"
"40411161","40BA221","131","504","3"
"40411161","40BC011","102","503","3"
"40411161","40BA101","104","505","3"
"40411163","40BA101","104","503","3"
"40411163","40BA221","131","503","3"
"40411163","40BC011","102","503","3"
"40411163","40BQ311","180","504","3"
"40411164","40BA101","104","502","3"
"40411164","40BA221","131","501","3"
"40411164","40BC011","102","501","3"
"40411164","40BQ311","180","501","3"
"40411165","40BA101","104","501","3"
"40411165","40BA221","131","501","3"
"40411165","40BC011","102","501","3"
"40411166","40BC011","102","501","3"
"40411166","40BQ311","180","502","3"
"40411166","40BA221","131","503","3"
"40411167","40BA221","131","502","3"
"40411167","40BA101","104","501","3"
"40411167","40BC011","102","502","3"
"40411168","40BC011","102","501","3"
"40411168","40BA221","131","501","3"
"40411168","40BA012","94","501","3"
"40411169","40BA221","131","501","3"
"40411169","40BC011","102","502","3"
"40411169","40BQ311","180","502","3"
"40411101","40BD012","98","504","3"
"40411101","40BR472","132","504","3"
"40411101","40BA222","131","503","3"
"40411101","40BA102","104","503","3"
"40411101","409A013","94","501","3"
"40411109","409A013","94","501","3"
"40411109","40BA102","104","503","3"
"40411109","40BA222","131","501","3"
"40411109","40BD012","98","505","3"
"40411109","40BR472","132","503","3"
"40411130","409A013","94","501","3"
"40411130","40BA102","104","503","3"
"40411130","40BA222","131","502","3"
"40411130","40BR472","132","503","3"
"40411130","40BD012","98","505","3"
"40411160","40BA102","104","504","3"
"40411160","40BA222","131","501","3"
"40411160","40BD012","98","504","3"
"40411160","40BR472","132","502","3"
"40411201","40BD012","98","504","3"
"40411201","40BA222","131","505","3"
"40411201","40BA102","104","503","3"
"40411201","40BR472","132","505","3"
"40411202","40BD012","98","504","3"
"40411202","40BR472","132","503","3"
"40411202","40BA222","131","503","3"
"40411202","40BA102","104","502","3"
"40411205","40BD012","98","504","3"
"40411205","40BR472","132","502","3"
"40411205","40BA102","104","503","3"
"40411205","40BA222","131","502","3"
"40411205","409A013","94","501","3"
"40411207","40BA102","104","503","3"
"40411207","40BA222","131","501","3"
"40411207","40BD012","98","501","3"
"40411207","40BR472","132","501","3"
"40411208","40BA102","104","503","3"
"40411208","40BA222","131","502","3"
"40411208","40BD012","98","504","3"
"40411208","40BR472","132","503","3"
"40411209","40BA222","131","503","3"
"40411209","40BA102","104","502","3"
"40411209","40BR472","132","503","3"
"40411209","40BD012","98","502","3"
"40411210","40BA102","104","504","3"
"40411210","40BD012","98","505","3"
"40411210","40BA222","131","503","3"
"40411210","40BR472","132","505","3"
"40411211","40BD012","98","504","3"
"40411211","40BA102","104","504","3"
"40411211","40BR472","132","501","3"
"40411211","40BA222","131","502","3"
"40411212","40BA102","104","504","3"
"40411212","40BA222","131","501","3"
"40411212","40BD012","98","503","3"
"40411212","40BR472","132","502","3"
"40411213","40BA222","131","503","3"
"40411213","40BD012","98","504","3"
"40411213","40BR472","132","505","3"
"40411213","40BA102","104","504","3"
"40411215","40BD012","98","503","3"
"40411215","40BR472","132","505","3"
"40411215","40BA102","104","504","3"
"40411215","40BA222","131","503","3"
"40411217","40BR472","132","505","3"
"40411217","40BA102","104","504","3"
"40411217","40BA222","131","504","3"
"40411217","40BD012","98","505","3"
"40411218","40BA222","131","504","3"
"40411218","40BD012","98","504","3"
"40411218","40BR472","132","502","3"
"40411218","40BA102","104","504","3"
"40411219","40BA102","104","504","3"
"40411219","40BR472","132","504","3"
"40411219","40BD012","98","503","3"
"40411219","40BA222","131","504","3"
"40411220","40BD012","98","502","3"
"40411220","40BA102","104","503","3"
"40411220","40BR472","132","503","3"
"40411220","40BA222","131","504","3"
"40411221","40BR472","132","505","3"
"40411221","40BA222","131","502","3"
"40411221","40BD012","98","504","3"
"40411221","40BA102","104","504","3"
"40411222","40BD012","98","503","3"
"40411222","40BA102","104","502","3"
"40411222","40BA222","131","503","3"
"40411222","40BR472","132","503","3"
"40411224","409A013","94","503","3"
"40411224","40BD012","98","504","3"
"40411224","40BR472","132","505","3"
"40411224","40BA222","131","503","3"
"40411224","40BA102","104","504","3"
"40411226","40BA102","104","504","3"
"40411226","40BA222","131","502","3"
"40411226","40BD012","98","504","3"
"40411226","40BR472","132","503","3"
"40411227","40BD012","98","504","3"
"40411227","40BR472","132","505","3"
"40411227","40BA102","104","504","3"
"40411227","40BA222","131","503","3"
"40411228","40BA102","104","504","3"
"40411228","40BA222","131","503","3"
"40411228","40BD012","98","503","3"
"40411228","40BR472","132","505","3"
"40411230","409A013","94","504","3"
"40411230","40BA102","104","504","3"
"40411230","40BA222","131","502","3"
"40411230","40BR472","132","503","3"
"40411230","40BD012","98","504","3"
"40411233","40MN111","197","503","3"
"40411233","40BR472","132","505","3"
"40411233","40BQ311","180","503","3"
"40411233","40BD012","98","504","3"
"40411233","40BA102","104","504","3"
"40411233","40BA222","131","503","3"
"40411234","40PC101","198","501","3"
"40411235","40BD012","98","504","3"
"40411235","40BR472","132","502","3"
"40411235","40BA222","131","502","3"
"40411235","40BA102","104","504","3"
"40411236","40BD012","98","504","3"
"40411236","40BR472","132","504","3"
"40411236","40BA222","131","504","3"
"40411236","40BA102","104","504","3"
"40411237","40BD012","98","503","3"
"40411237","40BA222","131","501","3"
"40411237","40BR472","132","502","3"
"40411237","40BA102","104","502","3"
"40411237","409A013","94","501","3"
"40411238","40BA102","104","504","3"
"40411238","40BA222","131","502","3"
"40411238","40BD012","98","504","3"
"40411238","40BR472","132","503","3"
"40411240","40BA222","131","501","3"
"40411240","40BA102","104","504","3"
"40411240","40BD012","98","503","3"
"40411240","40BR472","132","505","3"
"40411240","409A013","94","501","3"
"40411241","40BA102","104","502","3"
"40411241","40BR472","132","503","3"
"40411241","40BA222","131","501","3"
"40411241","40BD012","98","504","3"
"40411242","40BD012","98","503","3"
"40411242","40BA222","131","503","3"
"40411242","40BA102","104","504","3"
"40411242","40BR472","132","505","3"
"40411242","409A013","94","501","3"
"40411243","40BR472","132","501","3"
"40411243","40BA102","104","502","3"
"40411243","40BA222","131","503","3"
"40411243","40BD012","98","502","3"
"40411244","40BR472","132","501","3"
"40411244","40BA102","104","503","3"
"40411244","40BA222","131","503","3"
"40411244","40BD012","98","504","3"
"40411246","40BA102","104","503","3"
"40411246","40BA222","131","503","3"
"40411246","40BD012","98","503","3"
"40411246","40BR472","132","501","3"
"40411247","40BR472","132","502","3"
"40411247","40BD012","98","503","3"
"40411247","40BA222","131","502","3"
"40411247","40BA102","104","502","3"
"40411248","40BA102","104","504","3"
"40411248","40BD012","98","504","3"
"40411248","40BR472","132","501","3"
"40411248","40BA222","131","504","3"
"40411250","40BR472","132","505","3"
"40411250","40BA102","104","503","3"
"40411250","40BA222","131","503","3"
"40411250","40BD012","98","504","3"
"40411251","40BD012","98","504","3"
"40411251","40BA222","131","503","3"
"40411251","40BA102","104","502","3"
"40411251","40BR472","132","505","3"
"40411252","40BD012","98","502","3"
"40411252","40BR472","132","501","3"
"40411252","40BA222","131","503","3"
"40411252","40BA102","104","502","3"
"40411254","40BA102","104","504","3"
"40411254","40BA222","131","503","3"
"40411254","40BD012","98","504","3"
"40411254","40BR472","132","505","3"
"40411254","433D012","199","502","3"
"40411255","40BA102","104","504","3"
"40411255","40BR472","132","505","3"
"40411255","40BD012","98","505","3"
"40411255","40BA222","131","504","3"
"40411256","40BD012","98","504","3"
"40411256","40BR472","132","503","3"
"40411256","40BA102","104","504","3"
"40411256","40BA222","131","503","3"
"40411258","40MN111","197","501","3"
"40411258","40BQ311","180","503","3"
"40411258","40BD012","98","504","3"
"40411258","40BR472","132","503","3"
"40411258","40BA222","131","503","3"
"40411258","40BA102","104","503","3"
"40411260","40BA222","131","502","3"
"40411260","40K0052","94","501","3"
"40411261","409A013","94","504","3"
"40411261","40BD012","98","504","3"
"40411261","40BA051","95","502","3"
"40411261","40BA222","131","503","3"
"40411263","40BA102","104","501","3"
"40411263","40BA222","131","501","3"
"40411263","40BD012","98","501","3"
"40411263","40BR472","132","501","3"
"40411264","40BA102","104","501","3"
"40411264","40BA222","131","501","3"
"40411264","40BD012","98","502","3"
"40411264","40BR472","132","501","3"
"40411265","40BD012","98","502","3"
"40411265","40BA222","131","502","3"
"40411265","40BR472","132","501","3"
"40511101","40BA051","95","501","1"
"40511101","40BA011","94","501","1"
"40511101","40B0291","93","503","1"
"40511102","40B0291","93","505","1"
"40511102","40BA011","94","505","1"
"40511102","40BA051","95","503","1"
"40511103","40B0291","93","502","1"
"40511103","40BA011","94","501","1"
"40511103","40BA051","95","501","1"
"40511104","40B0291","93","505","1"
"40511104","40BA011","94","501","1"
"40511104","40BA051","95","504","1"
"40511105","40BA051","95","504","1"
"40511105","40BA011","94","503","1"
"40511105","40B0291","93","505","1"
"40511107","40BA051","95","505","1"
"40511107","40BA011","94","502","1"
"40511107","40B0291","93","505","1"
"40511108","40B0291","93","504","1"
"40511108","40BA011","94","503","1"
"40511108","40BA051","95","502","1"
"40511109","40BA051","95","501","1"
"40511109","40BA011","94","502","1"
"40511109","40B0291","93","504","1"
"40511111","40BA051","95","501","1"
"40511111","40BA011","94","502","1"
"40511111","40B0291","93","503","1"
"40511112","40B0291","93","501","1"
"40511112","40BA051","95","501","1"
"40511112","40BA011","94","501","1"
"40511114","40B0291","93","502","1"
"40511114","40BA011","94","501","1"
"40511114","40BA051","95","501","1"
"40511115","40BA051","95","501","1"
"40511115","40BA011","94","501","1"
"40511115","40B0291","93","501","1"
"40511117","40B0291","93","504","1"
"40511117","40BA011","94","501","1"
"40511117","40BA051","95","501","1"
"40511118","40BA051","95","502","1"
"40511118","40BA011","94","502","1"
"40511118","40B0291","93","504","1"
"40511119","40B0291","93","505","1"
"40511119","40BA051","95","502","1"
"40511119","40BA011","94","504","1"
"40511120","40B0291","93","501","1"
"40511120","40BA011","94","501","1"
"40511120","40BA051","95","501","1"
"40511121","40BA051","95","502","1"
"40511121","40BA011","94","501","1"
"40511121","40B0291","93","503","1"
"40511122","40BA051","95","501","1"
"40511122","40BA011","94","503","1"
"40511122","40B0291","93","502","1"
"40511123","40B0291","93","504","1"
"40511123","40BA011","94","501","1"
"40511123","40BA051","95","501","1"
"40511125","40BA011","94","501","1"
"40511125","40BA051","95","501","1"
"40511125","40B0291","93","503","1"
"40511127","40B0291","93","504","1"
"40511127","40BA051","95","502","1"
"40511127","40BA011","94","502","1"
"40511128","40BA011","94","501","1"
"40511128","40BA051","95","501","1"
"40511128","40B0291","93","501","1"
"40511129","40B0291","93","505","1"
"40511129","40BA011","94","505","1"
"40511129","40BA051","95","504","1"
"40511130","40BA051","95","502","1"
"40511130","40BA011","94","505","1"
"40511130","40B0291","93","504","1"
"40511131","40B0291","93","505","1"
"40511131","40BA011","94","504","1"
"40511131","40BA051","95","501","1"
"40511133","40BA051","95","503","1"
"40511133","40BA011","94","505","1"
"40511133","40B0291","93","505","1"
"40511134","40BA051","95","502","1"
"40511134","40BA011","94","505","1"
"40511134","40B0291","93","505","1"
"40511135","40B0291","93","504","1"
"40511135","40BA011","94","504","1"
"40511135","40BA051","95","502","1"
"40511136","40BA051","95","502","1"
"40511136","40BA011","94","502","1"
"40511136","40B0291","93","505","1"
"40511138","40B0291","93","503","1"
"40511138","40BA011","94","501","1"
"40511138","40BA051","95","501","1"
"40511139","40BA051","95","501","1"
"40511139","40BA011","94","501","1"
"40511139","40B0291","93","503","1"
"40511141","40B0291","93","504","1"
"40511141","40BA051","95","501","1"
"40511141","40BA011","94","501","1"
"40511142","40B0291","93","503","1"
"40511142","40BA011","94","503","1"
"40511142","40BA051","95","503","1"
"40511143","40BA051","95","504","1"
"40511143","40BA011","94","504","1"
"40511143","40B0291","93","505","1"
"40511144","40B0291","93","504","1"
"40511144","40BA051","95","501","1"
"40511144","40BA011","94","501","1"
"40511145","40BA011","94","502","1"
"40511145","40BA051","95","501","1"
"40511145","40B0291","93","504","1"
"40511146","40B0291","93","505","1"
"40511146","40BA011","94","504","1"
"40511146","40BA051","95","504","1"
"40511147","40BA051","95","505","1"
"40511147","40BA011","94","504","1"
"40511147","40B0291","93","504","1"
"40511148","40B0291","93","505","1"
"40511148","40BA011","94","504","1"
"40511148","40BA051","95","505","1"
"40511149","40BA051","95","502","1"
"40511149","40BA011","94","503","1"
"40511149","40B0291","93","503","1"
"40511151","40BA051","95","504","1"
"40511151","40BA011","94","503","1"
"40511151","40B0291","93","505","1"
"40511153","40B0291","93","505","1"
"40511153","40BA051","95","501","1"
"40511153","40BA011","94","501","1"
"40511155","40B0291","93","505","1"
"40511155","40BA051","95","504","1"
"40511155","40BA011","94","505","1"
"40511156","40B0291","93","505","1"
"40511156","40BA051","95","504","1"
"40511156","40BA011","94","503","1"
"40511158","40BA051","95","501","1"
"40511158","40BA011","94","501","1"
"40511158","40B0291","93","505","1"
"40511159","40B0291","93","505","1"
"40511159","40BA011","94","502","1"
"40511159","40BA051","95","504","1"
"40511160","40BA011","94","502","1"
"40511160","40B0291","93","505","1"
"40511160","40BA051","95","501","1"
"40411229","40B0292","93","505","1"
"40411229","40BA012","94","502","1"
"40411229","40BA052","95","503","1"
"40511201","40BA012","94","503","1"
"40511201","40B0292","93","505","1"
"40511201","40BA052","95","503","1"
"40511202","40B0292","93","505","1"
"40511202","40BA012","94","505","1"
"40511202","40BA052","95","504","1"
"40511203","40B0292","93","505","1"
"40511203","40BA012","94","502","1"
"40511203","40BA052","95","503","1"
"40511204","40B0292","93","505","1"
"40511204","40BA012","94","503","1"
"40511204","40BA052","95","502","1"
"40511205","40BA052","95","504","1"
"40511205","40B0292","93","505","1"
"40511205","40BA012","94","505","1"
"40511206","40BA052","95","504","1"
"40511206","40BA012","94","504","1"
"40511206","40B0292","93","505","1"
"40511207","40B0292","93","505","1"
"40511207","40BA012","94","502","1"
"40511207","40BA052","95","503","1"
"40511208","40BA052","95","501","1"
"40511208","40B0292","93","505","1"
"40511208","40BA012","94","503","1"
"40511209","40BA012","94","503","1"
"40511209","40BA052","95","503","1"
"40511209","40B0292","93","504","1"
"40511210","40B0292","93","504","1"
"40511210","40BA052","95","502","1"
"40511210","40BA012","94","502","1"
"40511211","40BA052","95","503","1"
"40511211","40BA012","94","503","1"
"40511211","40B0292","93","504","1"
"40511212","40BA012","94","502","1"
"40511212","40B0292","93","504","1"
"40511212","40BA052","95","502","1"
"40511213","40BA052","95","503","1"
"40511213","40BA012","94","502","1"
"40511213","40B0292","93","505","1"
"40511215","40B0292","93","501","1"
"40511215","40BA052","95","501","1"
"40511215","40BA012","94","501","1"
"40511217","40BA052","95","502","1"
"40511217","40BA012","94","501","1"
"40511217","40B0292","93","504","1"
"40511218","40B0292","93","505","1"
"40511218","40BA052","95","504","1"
"40511218","40BA012","94","503","1"
"40511219","40BA012","94","501","1"
"40511219","40BA052","95","503","1"
"40511219","40B0292","93","501","1"
"40511220","40B0292","93","503","1"
"40511220","40BA052","95","504","1"
"40511220","40BA012","94","503","1"
"40511221","40BA052","95","504","1"
"40511221","40B0292","93","505","1"
"40511221","40BA012","94","505","1"
"40511222","40BA052","95","504","1"
"40511222","40BA012","94","502","1"
"40511222","40B0292","93","505","1"
"40511223","40B0292","93","505","1"
"40511223","40BA012","94","501","1"
"40511223","40BA052","95","503","1"
"40511224","40BA052","95","502","1"
"40511224","40BA012","94","501","1"
"40511224","40B0292","93","503","1"
"40511225","40B0292","93","503","1"
"40511225","40BA012","94","504","1"
"40511225","40BA052","95","504","1"
"40511226","40BA052","95","503","1"
"40511226","40BA012","94","504","1"
"40511226","40B0292","93","504","1"
"40511227","40B0292","93","503","1"
"40511227","40BA012","94","505","1"
"40511227","40BA052","95","502","1"
"40511228","40BA052","95","502","1"
"40511228","40BA012","94","503","1"
"40511228","40B0292","93","504","1"
"40511229","40B0292","93","504","1"
"40511229","40BA012","94","505","1"
"40511229","40BA052","95","502","1"
"40511231","40BA052","95","502","1"
"40511231","40BA012","94","501","1"
"40511231","40B0292","93","501","1"
"40511233","40B0292","93","504","1"
"40511233","40BA012","94","502","1"
"40511233","40BA052","95","504","1"
"40511234","40B0292","93","505","1"
"40511234","40BA012","94","505","1"
"40511234","40BA052","95","504","1"
"40511235","40B0292","93","504","1"
"40511235","40BA052","95","503","1"
"40511235","40BA012","94","501","1"
"40511237","40BA052","95","504","1"
"40511237","40BA012","94","503","1"
"40511237","40B0292","93","505","1"
"40511238","40BA052","95","504","1"
"40511238","40B0292","93","505","1"
"40511238","40BA012","94","505","1"
"40511239","40BA012","94","504","1"
"40511239","40B0292","93","505","1"
"40511239","40BA052","95","504","1"
"40511242","40BA052","95","503","1"
"40511242","40BA012","94","505","1"
"40511242","40B0292","93","504","1"
"40511243","40B0292","93","505","1"
"40511243","40BA012","94","503","1"
"40511243","40BA052","95","503","1"
"40511244","40BA052","95","505","1"
"40511244","40BA012","94","505","1"
"40511244","40B0292","93","504","1"
"40511246","40B0292","93","505","1"
"40511246","40BA012","94","504","1"
"40511246","40BA052","95","503","1"
"40511247","40B0292","93","504","1"
"40511247","40BA012","94","505","1"
"40511247","40BA052","95","504","1"
"40511248","40BA052","95","502","1"
"40511248","40BA012","94","504","1"
"40511248","40B0292","93","503","1"
"40511250","40BA052","95","503","1"
"40511250","40BA012","94","505","1"
"40511250","40B0292","93","504","1"
"40511251","40B0292","93","505","1"
"40511251","40BA052","95","504","1"
"40511251","40BA012","94","504","1"
"40511252","40B0292","93","502","1"
"40511252","40BA012","94","504","1"
"40511252","40BA052","95","503","1"
"40511253","40BA052","95","504","1"
"40511253","40BA012","94","504","1"
"40511253","40B0292","93","505","1"
"40511255","40BA052","95","504","1"
"40511255","40BA012","94","504","1"
"40511255","40B0292","93","505","1"
"40511256","40B0292","93","503","1"
"40511256","40BA012","94","501","1"
"40511256","40BA052","95","503","1"
"40511258","40B0292","93","502","1"
"40511258","40BA012","94","501","1"
"40511258","40BA052","95","502","1"
"40511259","40B0292","93","504","1"
"40511259","40BA012","94","502","1"
"40511259","40BA052","95","502","1"
"40511260","40B0292","93","504","1"
"40511260","40BA012","94","501","1"
"40511260","40BA052","95","502","1"
"40511262","40BA052","95","503","1"
"40511262","40BA012","94","503","1"
"40511262","40B0292","93","502","1"
