point,family,initial_alpha,final_alpha,best_checkpoint_alpha,lambda_rank,learning_rate,maximum_epochs,best_epoch,epochs_run,pair_mode,train_rating_loss,train_ranking_loss,MAE,RMSE,Rating_Rows,Missing_Predictions,Fallback_Predictions,Cold_User_Rows,Cold_Item_Rows,Ranking_Eligible_Users,Precision@5,Recall@5,NDCG@5,HitRate@5,Precision@10,Recall@10,NDCG@10,HitRate@10
V2-global,v2_global,0.1,0.10461100190877914,0.10461100190877914,0.0,0.001,50,50,50,unweighted,0.6007542610168457,0.4555947184562683,0.825410080353419,1.0961750598686362,600,0,0,0,0,170,0.1376470588235294,0.6186274509803921,0.4499849661441581,0.6588235294117647,0.08882352941176472,0.7745098039215685,0.5033126303395111,0.8235294117647058
V2-global,v2_global,0.1,0.10948514193296432,0.10948514193296432,0.0,0.001,100,100,100,unweighted,0.5974758863449097,0.452504962682724,0.8248121490081152,1.0950139864915838,600,0,0,0,0,170,0.1376470588235294,0.6186274509803921,0.4480414004324763,0.6588235294117647,0.08882352941176472,0.7745098039215685,0.5012208007069875,0.8235294117647058
V2-global,v2_global,0.1,0.12010572105646133,0.12010572105646133,0.0,0.001,200,200,200,unweighted,0.5903799533843994,0.44586512446403503,0.8235035113493602,1.0925016029503618,600,0,0,0,0,170,0.1388235294117647,0.6245098039215685,0.4502215588782525,0.6647058823529411,0.08941176470588236,0.7745098039215685,0.5016554889699704,0.8235294117647058
V2-global,v2_global,0.1,0.12542714178562164,0.12542714178562164,0.0,0.005,50,50,50,unweighted,0.58684903383255,0.4425855278968811,0.8228520089387894,1.0912545910600888,600,0,0,0,0,170,0.13647058823529412,0.6127450980392156,0.44505823559450397,0.6529411764705882,0.08882352941176472,0.7725490196078431,0.49983443008726514,0.8235294117647058
V2-global,v2_global,0.1,0.1586541384458542,0.1586541384458542,0.0,0.005,100,100,100,unweighted,0.5651711821556091,0.42280682921409607,0.8189223553737005,1.0836508287128428,600,0,0,0,0,170,0.13529411764705881,0.6068627450980392,0.44232963477522486,0.6470588235294118,0.09117647058823529,0.7892156862745098,0.5044781285891858,0.8411764705882353
V2-global,v2_global,0.1,0.255421906709671,0.255421906709671,0.0,0.005,200,200,200,unweighted,0.5056657195091248,0.3716394305229187,0.8084836991628012,1.061564443815477,600,0,0,0,0,170,0.13176470588235292,0.5784313725490196,0.4292676883295361,0.6235294117647059,0.08941176470588234,0.7676470588235295,0.4939333868716048,0.8176470588235294
V2-global,v2_global,0.1,0.1574462354183197,0.1574462354183197,0.0,0.01,50,50,50,unweighted,0.5659480690956116,0.42350509762763977,0.8190626400709152,1.0839216307243222,600,0,0,0,0,170,0.13529411764705881,0.6068627450980392,0.44232963477522486,0.6470588235294118,0.09117647058823529,0.7892156862745098,0.5044781285891858,0.8411764705882353
V2-global,v2_global,0.1,0.25091585516929626,0.25091585516929626,0.0,0.01,100,100,100,unweighted,0.508316695690155,0.37382280826568604,0.8089057896534602,1.06256445071396,600,0,0,0,0,170,0.13176470588235292,0.5784313725490196,0.43056662214989655,0.6235294117647059,0.0888235294117647,0.7617647058823529,0.4936370479286106,0.8117647058823529
V2-global,v2_global,0.1,0.5249032974243164,0.5249032974243164,0.0,0.01,200,200,200,unweighted,0.3684157729148865,0.2697874903678894,0.7938979927698772,1.0069296987714205,600,0,0,0,0,170,0.11529411764705884,0.49117647058823527,0.38016560681333994,0.5470588235294118,0.0811764705882353,0.6735294117647059,0.4412961250231965,0.7235294117647059
V2-global,v2_global,0.1,0.6210196614265442,0.6210196614265442,0.0,0.05,50,50,50,unweighted,0.3295961916446686,0.24431850016117096,0.7931391175587972,0.9911192361917758,600,0,0,0,0,170,0.10470588235294118,0.43725490196078426,0.34594962935847856,0.48823529411764705,0.07411764705882354,0.6098039215686274,0.40527435269481205,0.6588235294117647
V2-global,v2_global,0.1,0.8730089664459229,0.8043810725212097,0.0,0.05,100,72,92,unweighted,0.2703182101249695,0.20673930644989014,0.798901978135109,0.978958691658382,600,0,0,0,0,170,0.08470588235294117,0.34411764705882353,0.2815659511399064,0.4,0.058823529411764705,0.4696078431372549,0.325752599192326,0.5176470588235295
V2-global,v2_global,0.1,0.8730089664459229,0.8043810725212097,0.0,0.05,200,72,92,unweighted,0.2703182101249695,0.20673930644989014,0.798901978135109,0.978958691658382,600,0,0,0,0,170,0.08470588235294117,0.34411764705882353,0.2815659511399064,0.4,0.058823529411764705,0.4696078431372549,0.325752599192326,0.5176470588235295
V2-global,v2_global,0.1,0.10461097210645676,0.10461097210645676,0.01,0.001,50,50,50,unweighted,0.6007542610168457,0.4555947184562683,0.8254100873072943,1.0961750715930776,600,0,0,0,0,170,0.1376470588235294,0.6186274509803921,0.4499849661441581,0.6588235294117647,0.08882352941176472,0.7745098039215685,0.5033126303395111,0.8235294117647058
V2-global,v2_global,0.1,0.10948500782251358,0.10948500782251358,0.01,0.001,100,100,100,unweighted,0.5974759459495544,0.45250508189201355,0.8248121672868729,1.095014021148017,600,0,0,0,0,170,0.1376470588235294,0.6186274509803921,0.4480414004324763,0.6588235294117647,0.08882352941176472,0.7745098039215685,0.5012208007069875,0.8235294117647058
V2-global,v2_global,0.1,0.12010493129491806,0.12010493129491806,0.01,0.001,200,200,200,unweighted,0.5903804898262024,0.44586557149887085,0.8235035969813664,1.092501777508035,600,0,0,0,0,170,0.1388235294117647,0.6245098039215685,0.4502215588782525,0.6647058823529411,0.08941176470588236,0.7745098039215685,0.5016554889699704,0.8235294117647058
V2-global,v2_global,0.1,0.12542642652988434,0.12542642652988434,0.01,0.005,50,50,50,unweighted,0.5868495106697083,0.4425859749317169,0.8228520965576172,1.091254756461708,600,0,0,0,0,170,0.13647058823529412,0.6127450980392156,0.44505823559450397,0.6529411764705882,0.08882352941176472,0.7725490196078431,0.49983443008726514,0.8235294117647058
V2-global,v2_global,0.1,0.15864859521389008,0.15864859521389008,0.01,0.005,100,100,100,unweighted,0.5651747584342957,0.42281004786491394,0.8189229917526245,1.0836520634979343,600,0,0,0,0,170,0.13529411764705881,0.6068627450980392,0.44232963477522486,0.6470588235294118,0.09117647058823529,0.7892156862745098,0.5044781285891858,0.8411764705882353
V2-global,v2_global,0.1,0.25537341833114624,0.25537341833114624,0.01,0.005,200,200,200,unweighted,0.5056942105293274,0.37166282534599304,0.8084882362683614,1.061575166771611,600,0,0,0,0,170,0.13176470588235292,0.5784313725490196,0.4292676883295361,0.6235294117647059,0.08941176470588234,0.7676470588235295,0.4939333868716048,0.8176470588235294
V2-global,v2_global,0.1,0.15744273364543915,0.15744273364543915,0.01,0.01,50,50,50,unweighted,0.5659502744674683,0.4235071539878845,0.8190630525350571,1.0839224184776317,600,0,0,0,0,170,0.13529411764705881,0.6068627450980392,0.44232963477522486,0.6470588235294118,0.09117647058823529,0.7892156862745098,0.5044781285891858,0.8411764705882353
V2-global,v2_global,0.1,0.2508794069290161,0.2508794069290161,0.01,0.01,100,100,100,unweighted,0.508338212966919,0.3738405406475067,0.8089092169205347,1.0625725683848746,600,0,0,0,0,170,0.13176470588235292,0.5784313725490196,0.43056662214989655,0.6235294117647059,0.0888235294117647,0.7617647058823529,0.4936370479286106,0.8117647058823529
V2-global,v2_global,0.1,0.5246478915214539,0.5246478915214539,0.01,0.01,200,200,200,unweighted,0.36852604150772095,0.26986148953437805,0.7939050209522247,1.0069800264847304,600,0,0,0,0,170,0.11529411764705884,0.49117647058823527,0.38016560681333994,0.5470588235294118,0.0811764705882353,0.6735294117647059,0.4412961250231965,0.7235294117647059
V2-global,v2_global,0.1,0.6208460927009583,0.6208460927009583,0.01,0.05,50,50,50,unweighted,0.3296615183353424,0.24436049163341522,0.7931386703252792,0.9911420607797214,600,0,0,0,0,170,0.10470588235294118,0.43725490196078426,0.34594962935847856,0.48823529411764705,0.07411764705882354,0.6098039215686274,0.40527435269481205,0.6588235294117647
V2-global,v2_global,0.1,0.8728534579277039,0.8041751384735107,0.01,0.05,100,72,92,unweighted,0.2703739106655121,0.2067747563123703,0.7988892948627472,0.9789587663508028,600,0,0,0,0,170,0.08470588235294117,0.34411764705882353,0.2815659511399064,0.4,0.058823529411764705,0.4696078431372549,0.325752599192326,0.5176470588235295
V2-global,v2_global,0.1,0.8728534579277039,0.8041751384735107,0.01,0.05,200,72,92,unweighted,0.2703739106655121,0.2067747563123703,0.7988892948627472,0.9789587663508028,600,0,0,0,0,170,0.08470588235294117,0.34411764705882353,0.2815659511399064,0.4,0.058823529411764705,0.4696078431372549,0.325752599192326,0.5176470588235295
V2-global,v2_global,0.1,0.10461090505123138,0.10461090505123138,0.05,0.001,50,50,50,unweighted,0.6007543802261353,0.4555948078632355,0.8254100956519445,1.096175085960401,600,0,0,0,0,170,0.1376470588235294,0.6186274509803921,0.4499849661441581,0.6588235294117647,0.08882352941176472,0.7745098039215685,0.5033126303395111,0.8235294117647058
V2-global,v2_global,0.1,0.10948450118303299,0.10948450118303299,0.05,0.001,100,100,100,unweighted,0.5974763631820679,0.4525053799152374,0.8248122316598893,1.0950141393841244,600,0,0,0,0,170,0.1376470588235294,0.6186274509803921,0.4480414004324763,0.6588235294117647,0.08882352941176472,0.7745098039215685,0.5012208007069875,0.8235294117647058
V2-global,v2_global,0.1,0.12010211497545242,0.12010211497545242,0.05,0.001,200,200,200,unweighted,0.5903823375701904,0.4458673596382141,0.8235039480527242,1.092502443867876,600,0,0,0,0,170,0.1388235294117647,0.6245098039215685,0.4502215588782525,0.6647058823529411,0.08941176470588236,0.7745098039215685,0.5016554889699704,0.8235294117647058
V2-global,v2_global,0.1,0.12542392313480377,0.12542392313480377,0.05,0.005,50,50,50,unweighted,0.586851179599762,0.4425875246524811,0.8228524061044057,1.0912553427795486,600,0,0,0,0,170,0.13647058823529412,0.6127450980392156,0.44505823559450397,0.6529411764705882,0.08882352941176472,0.7725490196078431,0.49983443008726514,0.8235294117647058
V2-global,v2_global,0.1,0.1586276739835739,0.1586276739835739,0.05,0.005,100,100,100,unweighted,0.5651881098747253,0.42282211780548096,0.8189254246155421,1.083656752529137,600,0,0,0,0,170,0.13529411764705881,0.6068627450980392,0.44232963477522486,0.6470588235294118,0.09117647058823529,0.7892156862745098,0.5044781285891858,0.8411764705882353
V2-global,v2_global,0.1,0.2551887631416321,0.2551887631416321,0.05,0.005,200,200,200,unweighted,0.5058026313781738,0.371751993894577,0.8085055390993754,1.0616160274422228,600,0,0,0,0,170,0.13176470588235292,0.5784313725490196,0.4292676883295361,0.6235294117647059,0.08941176470588234,0.7676470588235295,0.4939333868716048,0.8176470588235294
V2-global,v2_global,0.1,0.15742899477481842,0.15742899477481842,0.05,0.01,50,50,50,unweighted,0.565959095954895,0.42351508140563965,0.819064643184344,1.0839254959001483,600,0,0,0,0,170,0.13529411764705881,0.6068627450980392,0.44232963477522486,0.6470588235294118,0.09117647058823529,0.7892156862745098,0.5044781285891858,0.8411764705882353
V2-global,v2_global,0.1,0.2507398724555969,0.2507398724555969,0.05,0.01,100,100,100,unweighted,0.5084205269813538,0.37390848994255066,0.8089222858349482,1.0626036430162493,600,0,0,0,0,170,0.13176470588235292,0.5784313725490196,0.43056662214989655,0.6235294117647059,0.0888235294117647,0.7617647058823529,0.4936370479286106,0.8117647058823529
V2-global,v2_global,0.1,0.5236677527427673,0.5236677527427673,0.05,0.01,200,200,200,unweighted,0.36894944310188293,0.27014580368995667,0.793931996623675,1.007173566199743,600,0,0,0,0,170,0.11411764705882352,0.48823529411764705,0.37877032614999123,0.5411764705882353,0.0811764705882353,0.6735294117647059,0.4412559773372845,0.7235294117647059
V2-global,v2_global,0.1,0.6201781630516052,0.6201781630516052,0.05,0.05,50,50,50,unweighted,0.3299129605293274,0.24452215433120728,0.793136878212293,0.9912300193379515,600,0,0,0,0,170,0.10470588235294118,0.43725490196078426,0.34594962935847856,0.48823529411764705,0.07470588235294118,0.6156862745098038,0.40707984259402075,0.6647058823529411
V2-global,v2_global,0.1,0.8722507357597351,0.803378701210022,0.05,0.05,100,72,92,unweighted,0.27058956027030945,0.2069120854139328,0.7988402368625005,0.978959349521046,600,0,0,0,0,170,0.08470588235294117,0.34411764705882353,0.2815659511399064,0.4,0.058823529411764705,0.4696078431372549,0.325752599192326,0.5176470588235295
V2-global,v2_global,0.1,0.8722507357597351,0.803378701210022,0.05,0.05,200,72,92,unweighted,0.27058956027030945,0.2069120854139328,0.7988402368625005,0.978959349521046,600,0,0,0,0,170,0.08470588235294117,0.34411764705882353,0.2815659511399064,0.4,0.058823529411764705,0.4696078431372549,0.325752599192326,0.5176470588235295
V2-global,v2_global,0.1,0.10461082309484482,0.10461082309484482,0.1,0.001,50,50,50,unweighted,0.6007543802261353,0.45559483766555786,0.8254101081689199,1.0961751065876464,600,0,0,0,0,170,0.1376470588235294,0.6186274509803921,0.4499849661441581,0.6588235294117647,0.08882352941176472,0.7745098039215685,0.5033126303395111,0.8235294117647058
V2-global,v2_global,0.1,0.10948392748832703,0.10948392748832703,0.1,0.001,100,100,100,unweighted,0.5974766612052917,0.4525057375431061,0.8248123004039128,1.0950142784908883,600,0,0,0,0,170,0.1376470588235294,0.6186274509803921,0.4480414004324763,0.6588235294117647,0.08882352941176472,0.7745098039215685,0.5012208007069875,0.8235294117647058
V2-global,v2_global,0.1,0.1200987845659256,0.1200987845659256,0.1,0.001,200,200,200,unweighted,0.5903845429420471,0.44586944580078125,0.8235043613115947,1.092503226701734,600,0,0,0,0,170,0.1388235294117647,0.6245098039215685,0.4502215588782525,0.6647058823529411,0.08941176470588236,0.7745098039215685,0.5016554889699704,0.8235294117647058
V2-global,v2_global,0.1,0.1254207044839859,0.1254207044839859,0.1,0.005,50,50,50,unweighted,0.5868533253669739,0.44258949160575867,0.8228528050581614,1.091256098337662,600,0,0,0,0,170,0.13647058823529412,0.6127450980392156,0.44505823559450397,0.6529411764705882,0.08882352941176472,0.7725490196078431,0.49983443008726514,0.8235294117647058
V2-global,v2_global,0.1,0.1586032509803772,0.1586032509803772,0.1,0.005,100,100,100,unweighted,0.565203845500946,0.42283618450164795,0.8189282590150833,1.0836622229665884,600,0,0,0,0,170,0.13529411764705881,0.6068627450980392,0.44232963477522486,0.6470588235294118,0.09117647058823529,0.7892156862745098,0.5044781285891858,0.8411764705882353
V2-global,v2_global,0.1,0.25497496128082275,0.25497496128082275,0.1,0.005,200,200,200,unweighted,0.505928099155426,0.3718551695346832,0.8085255696376165,1.0616633392557173,600,0,0,0,0,170,0.13176470588235292,0.5784313725490196,0.4292676883295361,0.6235294117647059,0.08941176470588234,0.7676470588235295,0.4939333868716048,0.8176470588235294
V2-global,v2_global,0.1,0.15741334855556488,0.15741334855556488,0.1,0.01,50,50,50,unweighted,0.5659691691398621,0.4235241413116455,0.8190664517879486,1.0839290008637399,600,0,0,0,0,170,0.13529411764705881,0.6068627450980392,0.44232963477522486,0.6470588235294118,0.09117647058823529,0.7892156862745098,0.5044781285891858,0.8411764705882353
V2-global,v2_global,0.1,0.25057870149612427,0.25057870149612427,0.1,0.01,100,100,100,unweighted,0.5085155367851257,0.3739869296550751,0.8089373723665874,1.0626395371626767,600,0,0,0,0,170,0.13176470588235292,0.5784313725490196,0.43056662214989655,0.6235294117647059,0.0888235294117647,0.7617647058823529,0.4936370479286106,0.8117647058823529
V2-global,v2_global,0.1,0.5225285887718201,0.5225285887718201,0.1,0.01,200,200,200,unweighted,0.36944231390953064,0.2704768776893616,0.7939633498589198,1.0073993116783728,600,0,0,0,0,170,0.11411764705882352,0.48823529411764705,0.3809413275995709,0.5411764705882353,0.0811764705882353,0.6735294117647059,0.4434269787868641,0.7235294117647059
V2-global,v2_global,0.1,0.6193968653678894,0.6193968653678894,0.1,0.05,50,50,50,unweighted,0.3302074074745178,0.2447115182876587,0.79313478688399,0.9913333190573311,600,0,0,0,0,170,0.10470588235294118,0.43725490196078426,0.34594962935847856,0.48823529411764705,0.07470588235294118,0.6156862745098038,0.40707984259402075,0.6647058823529411
V2-global,v2_global,0.1,0.8715382814407349,0.8024410009384155,0.1,0.05,100,72,92,unweighted,0.27084389328956604,0.20707401633262634,0.7987824952602387,0.9789606502247347,600,0,0,0,0,170,0.08470588235294117,0.34411764705882353,0.2815659511399064,0.4,0.05941176470588235,0.47549019607843135,0.32745298052360766,0.5235294117647059
V2-global,v2_global,0.1,0.8715382814407349,0.8024410009384155,0.1,0.05,200,72,92,unweighted,0.27084389328956604,0.20707401633262634,0.7987824952602387,0.9789606502247347,600,0,0,0,0,170,0.08470588235294117,0.34411764705882353,0.2815659511399064,0.4,0.05941176470588235,0.47549019607843135,0.32745298052360766,0.5235294117647059
V2-global,v2_global,0.1,0.1046106144785881,0.1046106144785881,0.25,0.001,50,50,50,unweighted,0.6007545590400696,0.4555949568748474,0.8254101282358169,1.096175153511047,600,0,0,0,0,170,0.1376470588235294,0.6186274509803921,0.4499849661441581,0.6588235294117647,0.08882352941176472,0.7745098039215685,0.5033126303395111,0.8235294117647058
V2-global,v2_global,0.1,0.10948244482278824,0.10948244482278824,0.25,0.001,100,100,100,unweighted,0.5974777340888977,0.4525066912174225,0.8248124780257543,1.0950146284683724,600,0,0,0,0,170,0.1376470588235294,0.6186274509803921,0.4480414004324763,0.6588235294117647,0.08882352941176472,0.7745098039215685,0.5012208007069875,0.8235294117647058
V2-global,v2_global,0.1,0.12009044736623764,0.12009044736623764,0.25,0.001,200,200,200,unweighted,0.5903900861740112,0.4458746016025543,0.8235053930679958,1.092505191793228,600,0,0,0,0,170,0.1388235294117647,0.6245098039215685,0.4502215588782525,0.6647058823529411,0.08941176470588236,0.7745098039215685,0.5016554889699704,0.8235294117647058
V2-global,v2_global,0.1,0.1254129707813263,0.1254129707813263,0.25,0.005,50,50,50,unweighted,0.586858332157135,0.4425942599773407,0.822853745619456,1.0912579018153965,600,0,0,0,0,170,0.13647058823529412,0.6127450980392156,0.44505823559450397,0.6529411764705882,0.08882352941176472,0.7725490196078431,0.49983443008726514,0.8235294117647058
V2-global,v2_global,0.1,0.1585415154695511,0.1585415154695511,0.25,0.005,100,100,100,unweighted,0.5652435421943665,0.4228718876838684,0.8189354262749354,1.0836760548325906,600,0,0,0,0,170,0.13529411764705881,0.6068627450980392,0.44232963477522486,0.6470588235294118,0.09117647058823529,0.7892156862745098,0.5044781285891858,0.8411764705882353
V2-global,v2_global,0.1,0.2544305920600891,0.2544305920600891,0.25,0.005,200,200,200,unweighted,0.5062479376792908,0.37211817502975464,0.8085765633980433,1.0617838683364085,600,0,0,0,0,170,0.13176470588235292,0.5784313725490196,0.4300378633505447,0.6235294117647059,0.08941176470588234,0.7676470588235295,0.4948086704605405,0.8176470588235294
V2-global,v2_global,0.1,0.15737317502498627,0.15737317502498627,0.25,0.01,50,50,50,unweighted,0.5659950971603394,0.4235473573207855,0.8190711200237274,1.0839380182164156,600,0,0,0,0,170,0.13529411764705881,0.6068627450980392,0.44232963477522486,0.6470588235294118,0.09117647058823529,0.7892156862745098,0.5044781285891858,0.8411764705882353
V2-global,v2_global,0.1,0.25016701221466064,0.25016701221466064,0.25,0.01,100,100,100,unweighted,0.5087584257125854,0.3741874396800995,0.8089759361743927,1.0627312763826027,600,0,0,0,0,170,0.13176470588235292,0.5784313725490196,0.43056662214989655,0.6235294117647059,0.0888235294117647,0.7617647058823529,0.49356666457951587,0.8117647058823529
V2-global,v2_global,0.1,0.5195876955986023,0.5195876955986023,0.25,0.01,200,200,200,unweighted,0.3707181215286255,0.2713349163532257,0.794044295946757,1.0079860507281537,600,0,0,0,0,170,0.11411764705882352,0.48823529411764705,0.3809413275995709,0.5411764705882353,0.0811764705882353,0.6735294117647059,0.44351188985228623,0.7235294117647059
V2-global,v2_global,0.1,0.6173569560050964,0.6173569560050964,0.25,0.05,50,50,50,unweighted,0.3309778571128845,0.2452072650194168,0.7931293580929438,0.9916050515324363,600,0,0,0,0,170,0.10470588235294118,0.43725490196078426,0.34594962935847856,0.48823529411764705,0.07529411764705883,0.6186274509803921,0.4081224266339269,0.6705882352941176
V2-global,v2_global,0.1,0.8719117641448975,0.8049708604812622,0.25,0.05,100,73,93,unweighted,0.2701588273048401,0.20663778483867645,0.7989382930596669,0.9789586286725969,600,0,0,0,0,170,0.08470588235294117,0.34411764705882353,0.2813081643702661,0.4,0.058823529411764705,0.4696078431372549,0.32562936450371327,0.5176470588235295
V2-global,v2_global,0.1,0.8719117641448975,0.8049708604812622,0.25,0.05,200,73,93,unweighted,0.2701588273048401,0.20663778483867645,0.7989382930596669,0.9789586286725969,600,0,0,0,0,170,0.08470588235294117,0.34411764705882353,0.2813081643702661,0.4,0.058823529411764705,0.4696078431372549,0.32562936450371327,0.5176470588235295
V2-global,v2_global,0.1,0.10461027920246124,0.10461027920246124,0.5,0.001,50,50,50,unweighted,0.6007547378540039,0.4555952250957489,0.8254101673762003,1.0961752301750871,600,0,0,0,0,170,0.1376470588235294,0.6186274509803921,0.4499849661441581,0.6588235294117647,0.08882352941176472,0.7745098039215685,0.5033126303395111,0.8235294117647058
V2-global,v2_global,0.1,0.10948051512241364,0.10948051512241364,0.5,0.001,100,100,100,unweighted,0.5974790453910828,0.452507883310318,0.8248127273718516,1.0950150926628182,600,0,0,0,0,170,0.1376470588235294,0.6186274509803921,0.4480414004324763,0.6588235294117647,0.08882352941176472,0.7745098039215685,0.5012208007069875,0.8235294117647058
V2-global,v2_global,0.1,0.12008006870746613,0.12008006870746613,0.5,0.001,200,200,200,unweighted,0.5903970003128052,0.44588103890419006,0.8235066697994868,1.0925076335355477,600,0,0,0,0,170,0.1388235294117647,0.6245098039215685,0.4502215588782525,0.6647058823529411,0.08941176470588236,0.7745098039215685,0.5016554889699704,0.8235294117647058
V2-global,v2_global,0.1,0.1254032552242279,0.1254032552242279,0.5,0.005,50,50,50,unweighted,0.5868648290634155,0.44260022044181824,0.8228549355268479,1.091260177876188,600,0,0,0,0,170,0.13647058823529412,0.6127450980392156,0.44505823559450397,0.6529411764705882,0.08882352941176472,0.7725490196078431,0.49983443008726514,0.8235294117647058
V2-global,v2_global,0.1,0.1584646999835968,0.1584646999835968,0.5,0.005,100,100,100,unweighted,0.5652929544448853,0.4229162335395813,0.8189443530639012,1.0836932614600996,600,0,0,0,0,170,0.13529411764705881,0.6068627450980392,0.44232963477522486,0.6470588235294118,0.09117647058823529,0.7892156862745098,0.5044781285891858,0.8411764705882353
V2-global,v2_global,0.1,0.25375258922576904,0.25375258922576904,0.5,0.005,200,200,200,unweighted,0.5066465139389038,0.3724461793899536,0.808640071551005,1.0619341272272906,600,0,0,0,0,170,0.13176470588235292,0.5784313725490196,0.43056662214989655,0.6235294117647059,0.0888235294117647,0.7617647058823529,0.4936370479286106,0.8117647058823529
V2-global,v2_global,0.1,0.15732327103614807,0.15732327103614807,0.5,0.01,50,50,50,unweighted,0.5660271048545837,0.4235762357711792,0.819076911409696,1.0839492064863698,600,0,0,0,0,170,0.13529411764705881,0.6068627450980392,0.44232963477522486,0.6470588235294118,0.09117647058823529,0.7892156862745098,0.5044781285891858,0.8411764705882353
V2-global,v2_global,0.1,0.24965327978134155,0.24965327978134155,0.5,0.01,100,100,100,unweighted,0.5090616345405579,0.3744378983974457,0.8090240663290024,1.062845847689548,600,0,0,0,0,170,0.13176470588235292,0.5784313725490196,0.43056662214989655,0.6235294117647059,0.0888235294117647,0.7617647058823529,0.49356666457951587,0.8117647058823529
V2-global,v2_global,0.1,0.5158529281616211,0.5158529281616211,0.5,0.01,200,200,200,unweighted,0.37234553694725037,0.27243149280548096,0.7941470905145009,1.0087393742089037,600,0,0,0,0,170,0.11411764705882352,0.48823529411764705,0.3809413275995709,0.5411764705882353,0.0811764705882353,0.6735294117647059,0.44370190948563526,0.7235294117647059
V2-global,v2_global,0.1,0.614716649055481,0.614716649055481,0.5,0.05,50,50,50,unweighted,0.3319786489009857,0.24585169553756714,0.7931223066647848,0.9919610637112732,600,0,0,0,0,170,0.1035294117647059,0.43529411764705883,0.34553093763536624,0.48823529411764705,0.07529411764705883,0.6186274509803921,0.4086446316090543,0.6705882352941176
V2-global,v2_global,0.1,0.8716375827789307,0.8065423369407654,0.5,0.05,100,74,94,unweighted,0.26973509788513184,0.2063678354024887,0.7990350764989853,0.97895975359623,600,0,0,0,0,170,0.08470588235294117,0.34411764705882353,0.2813081643702661,0.4,0.058823529411764705,0.4696078431372549,0.3255589811546186,0.5176470588235295
V2-global,v2_global,0.1,0.8716375827789307,0.8065423369407654,0.5,0.05,200,74,94,unweighted,0.26973509788513184,0.2063678354024887,0.7990350764989853,0.97895975359623,600,0,0,0,0,170,0.08470588235294117,0.34411764705882353,0.2813081643702661,0.4,0.058823529411764705,0.4696078431372549,0.3255589811546186,0.5176470588235295
V2-global,v2_global,0.1,0.10460978746414185,0.10460978746414185,1.0,0.001,50,50,50,unweighted,0.6007550954818726,0.4555954933166504,0.8254102251927058,1.096175350928116,600,0,0,0,0,170,0.1376470588235294,0.6186274509803921,0.4499849661441581,0.6588235294117647,0.08882352941176472,0.7745098039215685,0.5033126303395111,0.8235294117647058
V2-global,v2_global,0.1,0.10947807878255844,0.10947807878255844,1.0,0.001,100,100,100,unweighted,0.5974805951118469,0.45250940322875977,0.8248130299647649,1.0950156731897345,600,0,0,0,0,170,0.1376470588235294,0.6186274509803921,0.4480414004324763,0.6588235294117647,0.08882352941176472,0.7745098039215685,0.5012208007069875,0.8235294117647058
V2-global,v2_global,0.1,0.12006676942110062,0.12006676942110062,1.0,0.001,200,200,200,unweighted,0.5904058218002319,0.44588926434516907,0.8235083105166753,1.0925107567067935,600,0,0,0,0,170,0.1388235294117647,0.6245098039215685,0.4502215588782525,0.6647058823529411,0.08941176470588236,0.7745098039215685,0.5016554889699704,0.8235294117647058
V2-global,v2_global,0.1,0.1253911256790161,0.1253911256790161,1.0,0.005,50,50,50,unweighted,0.5868728756904602,0.4426076412200928,0.8228564135233561,1.0912630022692174,600,0,0,0,0,170,0.13647058823529412,0.6127450980392156,0.44505823559450397,0.6529411764705882,0.08882352941176472,0.7725490196078431,0.49983443008726514,0.8235294117647058
V2-global,v2_global,0.1,0.15836700797080994,0.15836700797080994,1.0,0.005,100,100,100,unweighted,0.5653557181358337,0.4229726791381836,0.8189556972185771,1.083715157042956,600,0,0,0,0,170,0.13529411764705881,0.6068627450980392,0.44232963477522486,0.6470588235294118,0.09117647058823529,0.7892156862745098,0.5044781285891858,0.8411764705882353
V2-global,v2_global,0.1,0.2528854012489319,0.2528854012489319,1.0,0.005,200,200,200,unweighted,0.5071566104888916,0.3728662133216858,0.808721304734548,1.0621265366389154,600,0,0,0,0,170,0.13176470588235292,0.5784313725490196,0.43056662214989655,0.6235294117647059,0.0888235294117647,0.7617647058823529,0.4936370479286106,0.8117647058823529
V2-global,v2_global,0.1,0.15725943446159363,0.15725943446159363,1.0,0.01,50,50,50,unweighted,0.5660682320594788,0.4236132502555847,0.8190843387444814,1.083963549673692,600,0,0,0,0,170,0.13529411764705881,0.6068627450980392,0.44232963477522486,0.6470588235294118,0.09058823529411765,0.7872549019607842,0.5037650868697111,0.8411764705882353
V2-global,v2_global,0.1,0.2489938884973526,0.2489938884973526,1.0,0.01,100,100,100,unweighted,0.5094510316848755,0.3747597336769104,0.8090858374039333,1.062993016766137,600,0,0,0,0,170,0.13058823529411764,0.5754901960784313,0.42917134148654773,0.6176470588235294,0.0888235294117647,0.7617647058823529,0.4934561335445093,0.8117647058823529
V2-global,v2_global,0.1,0.5109560489654541,0.5109560489654541,1.0,0.01,200,200,200,unweighted,0.37449148297309875,0.2738809883594513,0.7942818703254064,1.0097409731332245,600,0,0,0,0,170,0.11411764705882352,0.48823529411764705,0.38171150262057946,0.5411764705882353,0.0811764705882353,0.6735294117647059,0.44480201020644355,0.7235294117647059
V2-global,v2_global,0.1,0.6111680865287781,0.6111680865287781,1.0,0.05,50,50,50,unweighted,0.3333300054073334,0.24672289192676544,0.7931128517786662,0.9924472217118084,600,0,0,0,0,170,0.1035294117647059,0.43529411764705883,0.34553093763536624,0.48823529411764705,0.07529411764705883,0.6186274509803921,0.4087309423148839,0.6705882352941176
V2-global,v2_global,0.1,0.8703646659851074,0.8067305684089661,1.0,0.05,100,75,95,unweighted,0.26968446373939514,0.20633552968502045,0.7990466713905334,0.9789600066244436,600,0,0,0,0,170,0.08470588235294117,0.34411764705882353,0.2813081643702661,0.4,0.058823529411764705,0.4696078431372549,0.3255589811546186,0.5176470588235295
V2-global,v2_global,0.1,0.8703646659851074,0.8067305684089661,1.0,0.05,200,75,95,unweighted,0.26968446373939514,0.20633552968502045,0.7990466713905334,0.9789600066244436,600,0,0,0,0,170,0.08470588235294117,0.34411764705882353,0.2813081643702661,0.4,0.058823529411764705,0.4696078431372549,0.3255589811546186,0.5176470588235295
V2-global,v2_global,0.25,0.2595093250274658,0.2595093250274658,0.0,0.001,50,50,50,unweighted,0.5032711625099182,0.36967483162879944,0.8081058516105016,1.0606631718229638,600,0,0,0,0,170,0.13176470588235292,0.5784313725490196,0.42823972653888737,0.6235294117647059,0.08941176470588234,0.7676470588235295,0.4930088378384469,0.8176470588235294
V2-global,v2_global,0.25,0.26931285858154297,0.26931285858154297,0.0,0.001,100,100,100,unweighted,0.4975670874118805,0.3650239109992981,0.8071872738997141,1.05845174189569,600,0,0,0,0,170,0.13176470588235292,0.5784313725490196,0.4307148729579432,0.6235294117647059,0.09058823529411765,0.7725490196078431,0.4973180354196151,0.8235294117647058
V2-global,v2_global,0.25,0.2897913157939911,0.2897913157939911,0.0,0.001,200,200,200,unweighted,0.485830694437027,0.3555814027786255,0.8052332828442256,1.0538382521190823,600,0,0,0,0,170,0.12941176470588237,0.557843137254902,0.41939718418586636,0.6058823529411764,0.09117647058823529,0.7745098039215685,0.4927895049866203,0.8235294117647058
V2-global,v2_global,0.25,0.30013933777809143,0.30013933777809143,0.0,0.005,50,50,50,unweighted,0.47999218106269836,0.35094699263572693,0.8042459088563919,1.0515617744394608,600,0,0,0,0,170,0.12941176470588237,0.557843137254902,0.42079801061443733,0.6058823529411764,0.09117647058823529,0.7745098039215685,0.4938576790799777,0.8235294117647058
V2-global,v2_global,0.25,0.3566465973854065,0.3566465973854065,0.0,0.005,100,100,100,unweighted,0.44919925928115845,0.3271811306476593,0.7994535680611928,1.039525826300814,600,0,0,0,0,170,0.12588235294117647,0.5441176470588235,0.4088410507249753,0.5882352941176471,0.08941176470588234,0.7529411764705882,0.47999803831767734,0.8
V2-global,v2_global,0.25,0.4790075421333313,0.4790075421333313,0.0,0.005,200,200,200,unweighted,0.38883176445961,0.28367456793785095,0.7948878459135691,1.0160438562487046,600,0,0,0,0,170,0.11647058823529412,0.5,0.3882639965667505,0.5529411764705883,0.08352941176470588,0.6941176470588235,0.45438114045434275,0.7411764705882353
V2-global,v2_global,0.25,0.3560875654220581,0.3560875654220581,0.0,0.01,50,50,50,unweighted,0.4494948983192444,0.3274039626121521,0.7994963892300924,1.0396406172689927,600,0,0,0,0,170,0.12588235294117647,0.5441176470588235,0.4088410507249753,0.5882352941176471,0.08941176470588234,0.7529411764705882,0.4800624853410374,0.8
V2-global,v2_global,0.25,0.47870224714279175,0.47870224714279175,0.0,0.01,100,100,100,unweighted,0.3889716565608978,0.2837710380554199,0.7948911746342977,1.0160981344863342,600,0,0,0,0,170,0.11647058823529412,0.5,0.3882639965667505,0.5529411764705883,0.08352941176470588,0.6941176470588235,0.45438114045434275,0.7411764705882353
V2-global,v2_global,0.25,0.685056746006012,0.685056746006012,0.0,0.01,200,200,200,unweighted,0.30669042468070984,0.22972185909748077,0.7937458225091298,0.9841549093947796,600,0,0,0,0,170,0.09882352941176471,0.4117647058823529,0.3220129491839361,0.4647058823529412,0.0688235294117647,0.5598039215686273,0.37416186934831314,0.611764705882353
V2-global,v2_global,0.25,0.7733099460601807,0.7733099460601807,0.0,0.05,50,50,50,unweighted,0.278998464345932,0.2122458964586258,0.7970712278286616,0.9793220946377873,600,0,0,0,0,170,0.08588235294117648,0.34705882352941175,0.2856039414020277,0.4,0.06294117647058824,0.503921568627451,0.3401468685241128,0.5529411764705883
V2-global,v2_global,0.25,0.8722900152206421,0.8057218790054321,0.0,0.05,100,56,76,unweighted,0.26995614171028137,0.20650868117809296,0.7989845508337021,0.9789589464771565,600,0,0,0,0,170,0.08470588235294117,0.34411764705882353,0.2813081643702661,0.4,0.058823529411764705,0.4696078431372549,0.3255589811546186,0.5176470588235295
V2-global,v2_global,0.25,0.8722900152206421,0.8057218790054321,0.0,0.05,200,56,76,unweighted,0.26995614171028137,0.20650868117809296,0.7989845508337021,0.9789589464771565,600,0,0,0,0,170,0.08470588235294117,0.34411764705882353,0.2813081643702661,0.4,0.058823529411764705,0.4696078431372549,0.3255589811546186,0.5176470588235295
V2-global,v2_global,0.25,0.2595091760158539,0.2595091760158539,0.01,0.001,50,50,50,unweighted,0.503271222114563,0.3696748912334442,0.8081058647235234,1.0606632075452636,600,0,0,0,0,170,0.13176470588235292,0.5784313725490196,0.42823972653888737,0.6235294117647059,0.08941176470588234,0.7676470588235295,0.4930088378384469,0.8176470588235294
V2-global,v2_global,0.25,0.26931232213974,0.26931232213974,0.01,0.001,100,100,100,unweighted,0.49756738543510437,0.3650241494178772,0.8071873166163762,1.0584518637511346,600,0,0,0,0,170,0.13176470588235292,0.5784313725490196,0.4307148729579432,0.6235294117647059,0.09058823529411765,0.7725490196078431,0.4973180354196151,0.8235294117647058
V2-global,v2_global,0.25,0.28978875279426575,0.28978875279426575,0.01,0.001,200,200,200,unweighted,0.485832154750824,0.3555825650691986,0.8052335224548975,1.053838813453266,600,0,0,0,0,170,0.12941176470588237,0.557843137254902,0.41939718418586636,0.6058823529411764,0.09117647058823529,0.7745098039215685,0.4927895049866203,0.8235294117647058
V2-global,v2_global,0.25,0.30013707280158997,0.30013707280158997,0.01,0.005,50,50,50,unweighted,0.47999343276023865,0.3509480357170105,0.804246126015981,1.0515622690800972,600,0,0,0,0,170,0.12941176470588237,0.557843137254902,0.42079801061443733,0.6058823529411764,0.09117647058823529,0.7745098039215685,0.4938576790799777,0.8235294117647058
V2-global,v2_global,0.25,0.3566325902938843,0.3566325902938843,0.01,0.005,100,100,100,unweighted,0.449206680059433,0.3271867036819458,0.7994546339909235,1.0395286953407454,600,0,0,0,0,170,0.12588235294117647,0.5441176470588235,0.4088410507249753,0.5882352941176471,0.08941176470588234,0.7529411764705882,0.47999803831767734,0.8
V2-global,v2_global,0.25,0.47894003987312317,0.47894003987312317,0.01,0.005,200,200,200,unweighted,0.3888626992702484,0.28369590640068054,0.7948885208368301,1.0160558592747824,600,0,0,0,0,170,0.11647058823529412,0.5,0.3882639965667505,0.5529411764705883,0.08352941176470588,0.6941176470588235,0.45438114045434275,0.7411764705882353
V2-global,v2_global,0.25,0.3560778796672821,0.3560778796672821,0.01,0.01,50,50,50,unweighted,0.4494999349117279,0.3274078369140625,0.799497131506602,1.0396426041466147,600,0,0,0,0,170,0.12588235294117647,0.5441176470588235,0.4088410507249753,0.5882352941176471,0.08941176470588234,0.7529411764705882,0.4800624853410374,0.8
V2-global,v2_global,0.25,0.4786456525325775,0.4786456525325775,0.01,0.01,100,100,100,unweighted,0.3889975845813751,0.2837889492511749,0.7948920400937398,1.0161082011506415,600,0,0,0,0,170,0.11647058823529412,0.5,0.3882639965667505,0.5529411764705883,0.08352941176470588,0.6941176470588235,0.45438114045434275,0.7411764705882353
V2-global,v2_global,0.25,0.684909999370575,0.684909999370575,0.01,0.01,200,200,200,unweighted,0.3067402243614197,0.22975336015224457,0.7937428086996079,0.984167521226728,600,0,0,0,0,170,0.09882352941176471,0.4117647058823529,0.3220129491839361,0.4647058823529412,0.0688235294117647,0.5598039215686273,0.37416186934831314,0.611764705882353
V2-global,v2_global,0.25,0.7732033729553223,0.7732033729553223,0.01,0.05,50,50,50,unweighted,0.2790292203426361,0.21226534247398376,0.7970656011501948,0.9793245737856219,600,0,0,0,0,170,0.08588235294117648,0.34705882352941175,0.2856039414020277,0.4,0.06294117647058824,0.503921568627451,0.3402814206051404,0.5529411764705883
V2-global,v2_global,0.25,0.8722028732299805,0.8056145310401917,0.01,0.05,100,56,76,unweighted,0.2699851095676422,0.20652711391448975,0.7989779309431712,0.9789588691307258,600,0,0,0,0,170,0.08470588235294117,0.34411764705882353,0.2813081643702661,0.4,0.058823529411764705,0.4696078431372549,0.3255589811546186,0.5176470588235295
V2-global,v2_global,0.25,0.8722028732299805,0.8056145310401917,0.01,0.05,200,56,76,unweighted,0.2699851095676422,0.20652711391448975,0.7989779309431712,0.9789588691307258,600,0,0,0,0,170,0.08470588235294117,0.34411764705882353,0.2813081643702661,0.4,0.058823529411764705,0.4696078431372549,0.3255589811546186,0.5176470588235295
V2-global,v2_global,0.25,0.25950896739959717,0.25950896739959717,0.05,0.001,50,50,50,unweighted,0.5032713413238525,0.36967504024505615,0.8081058828035991,1.0606632501310793,600,0,0,0,0,170,0.13176470588235292,0.5784313725490196,0.42823972653888737,0.6235294117647059,0.08941176470588234,0.7676470588235295,0.4930088378384469,0.8176470588235294
V2-global,v2_global,0.25,0.2693106532096863,0.2693106532096863,0.05,0.001,100,100,100,unweighted,0.49756839871406555,0.36502495408058167,0.8071874753634135,1.0584522403702663,600,0,0,0,0,170,0.13176470588235292,0.5784313725490196,0.4307148729579432,0.6235294117647059,0.09058823529411765,0.7725490196078431,0.4973180354196151,0.8235294117647058
V2-global,v2_global,0.25,0.2897799015045166,0.2897799015045166,0.05,0.001,200,200,200,unweighted,0.4858371317386627,0.35558652877807617,0.8052343742052714,1.0538407808373906,600,0,0,0,0,170,0.12941176470588237,0.557843137254902,0.41939718418586636,0.6058823529411764,0.09117647058823529,0.7745098039215685,0.4927895049866203,0.8235294117647058
V2-global,v2_global,0.25,0.30012863874435425,0.30012863874435425,0.05,0.005,50,50,50,unweighted,0.4799981713294983,0.35095176100730896,0.8042469316720963,1.051564112171669,600,0,0,0,0,170,0.12941176470588237,0.557843137254902,0.42079801061443733,0.6058823529411764,0.09117647058823529,0.7745098039215685,0.4938576790799777,0.8235294117647058
V2-global,v2_global,0.25,0.3565793037414551,0.3565793037414551,0.05,0.005,100,100,100,unweighted,0.4492347836494446,0.32720792293548584,0.7994587216774622,1.0395396384959377,600,0,0,0,0,170,0.12588235294117647,0.5441176470588235,0.4088410507249753,0.5882352941176471,0.08941176470588234,0.7529411764705882,0.4800624853410374,0.8
V2-global,v2_global,0.25,0.47868072986602783,0.47868072986602783,0.05,0.005,200,200,200,unweighted,0.38898152112960815,0.2837778329849243,0.7948915020624796,1.0161019611696014,600,0,0,0,0,170,0.11647058823529412,0.5,0.3882639965667505,0.5529411764705883,0.08352941176470588,0.6941176470588235,0.45438114045434275,0.7411764705882353
V2-global,v2_global,0.25,0.356040894985199,0.356040894985199,0.05,0.01,50,50,50,unweighted,0.44951948523521423,0.3274225890636444,0.7994999633232752,1.0396502004872703,600,0,0,0,0,170,0.12588235294117647,0.5441176470588235,0.4088410507249753,0.5882352941176471,0.08941176470588234,0.7529411764705882,0.4800624853410374,0.8
V2-global,v2_global,0.25,0.47842761874198914,0.47842761874198914,0.05,0.01,100,100,100,unweighted,0.38909754157066345,0.28385788202285767,0.7948953932523728,1.0161470016173662,600,0,0,0,0,170,0.11647058823529412,0.5,0.39043499801633014,0.5529411764705883,0.08352941176470588,0.6941176470588235,0.45655214190392235,0.7411764705882353
V2-global,v2_global,0.25,0.6843432188034058,0.6843432188034058,0.05,0.01,200,200,200,unweighted,0.306932657957077,0.2298751026391983,0.7937311979134878,0.9842163996902323,600,0,0,0,0,170,0.09882352941176471,0.4117647058823529,0.3220129491839361,0.4647058823529412,0.06941176470588235,0.5656862745098039,0.37586225067959483,0.6176470588235294
V2-global,v2_global,0.25,0.7727909684181213,0.7727909684181213,0.05,0.05,50,50,50,unweighted,0.2791481912136078,0.2123405784368515,0.7970437735319138,0.9793341724758877,600,0,0,0,0,170,0.08588235294117648,0.34705882352941175,0.2856039414020277,0.4,0.06294117647058824,0.503921568627451,0.3403518039542351,0.5529411764705883
V2-global,v2_global,0.25,0.8718649744987488,0.8051989674568176,0.05,0.05,100,56,76,unweighted,0.2700972557067871,0.20659855008125305,0.7989523418744405,0.9789586804022533,600,0,0,0,0,170,0.08470588235294117,0.34411764705882353,0.2813081643702661,0.4,0.058823529411764705,0.4696078431372549,0.3255589811546186,0.5176470588235295
V2-global,v2_global,0.25,0.8718649744987488,0.8051989674568176,0.05,0.05,200,56,76,unweighted,0.2700972557067871,0.20659855008125305,0.7989523418744405,0.9789586804022533,600,0,0,0,0,170,0.08470588235294117,0.34411764705882353,0.2813081643702661,0.4,0.058823529411764705,0.4696078431372549,0.3255589811546186,0.5176470588235295
V2-global,v2_global,0.25,0.25950849056243896,0.25950849056243896,0.1,0.001,50,50,50,unweighted,0.5032716393470764,0.36967524886131287,0.8081059296925862,1.0606633608069496,600,0,0,0,0,170,0.13176470588235292,0.5784313725490196,0.42823972653888737,0.6235294117647059,0.08941176470588234,0.7676470588235295,0.4930088378384469,0.8176470588235294
V2-global,v2_global,0.25,0.26930853724479675,0.26930853724479675,0.1,0.001,100,100,100,unweighted,0.4975695013999939,0.36502593755722046,0.8071876772244772,1.058452724843527,600,0,0,0,0,170,0.13176470588235292,0.5784313725490196,0.4307148729579432,0.6235294117647059,0.09058823529411765,0.7725490196078431,0.4973180354196151,0.8235294117647058
V2-global,v2_global,0.25,0.2897692918777466,0.2897692918777466,0.1,0.001,200,200,200,unweighted,0.4858431816101074,0.3555913269519806,0.805235382715861,1.0538431359234817,600,0,0,0,0,170,0.12941176470588237,0.557843137254902,0.41939718418586636,0.6058823529411764,0.09117647058823529,0.7745098039215685,0.4927895049866203,0.8235294117647058
V2-global,v2_global,0.25,0.30011871457099915,0.30011871457099915,0.1,0.005,50,50,50,unweighted,0.4800037741661072,0.35095617175102234,0.8042478758096695,1.051566276633597,600,0,0,0,0,170,0.12941176470588237,0.557843137254902,0.42079801061443733,0.6058823529411764,0.09117647058823529,0.7745098039215685,0.4938576790799777,0.8235294117647058
V2-global,v2_global,0.25,0.3565170466899872,0.3565170466899872,0.1,0.005,100,100,100,unweighted,0.44926774501800537,0.3272327482700348,0.7994634966055553,1.0395524225616741,600,0,0,0,0,170,0.12588235294117647,0.5441176470588235,0.4088410507249753,0.5882352941176471,0.08941176470588234,0.7529411764705882,0.4800624853410374,0.8
V2-global,v2_global,0.25,0.47837767004966736,0.47837767004966736,0.1,0.005,200,200,200,unweighted,0.3891203999519348,0.28387367725372314,0.7948961691061656,1.0161559041810306,600,0,0,0,0,170,0.11647058823529412,0.5,0.39043499801633014,0.5529411764705883,0.08352941176470588,0.6941176470588235,0.45655214190392235,0.7411764705882353
V2-global,v2_global,0.25,0.35599762201309204,0.35599762201309204,0.1,0.01,50,50,50,unweighted,0.44954243302345276,0.3274398446083069,0.7995032789309819,1.0396590965108214,600,0,0,0,0,170,0.12588235294117647,0.5441176470588235,0.4088410507249753,0.5882352941176471,0.08941176470588234,0.7529411764705882,0.4800624853410374,0.8
V2-global,v2_global,0.25,0.47817277908325195,0.47817277908325195,0.1,0.01,100,100,100,unweighted,0.38921433687210083,0.2839384973049164,0.7948990066846212,1.016191786819868,600,0,0,0,0,170,0.11647058823529412,0.5,0.39043499801633014,0.5529411764705883,0.08352941176470588,0.6941176470588235,0.45655214190392235,0.7411764705882353
V2-global,v2_global,0.25,0.6836774349212646,0.6836774349212646,0.1,0.01,200,200,200,unweighted,0.307158887386322,0.2300182729959488,0.7937175546089809,0.984274106638393,600,0,0,0,0,170,0.09882352941176471,0.4117647058823529,0.3220129491839361,0.4647058823529412,0.06941176470588235,0.5656862745098039,0.37586225067959483,0.6176470588235294
V2-global,v2_global,0.25,0.7723051905632019,0.7723051905632019,0.1,0.05,50,50,50,unweighted,0.27928847074508667,0.21242927014827728,0.7970180793603261,0.979345668838894,600,0,0,0,0,170,0.08588235294117648,0.34705882352941175,0.2856039414020277,0.4,0.06352941176470589,0.5098039215686274,0.3421572938534438,0.5588235294117647
V2-global,v2_global,0.25,0.8714655637741089,0.8047090172767639,0.1,0.05,100,56,76,unweighted,0.2702295780181885,0.20668283104896545,0.7989221672217052,0.9789586238697682,600,0,0,0,0,170,0.08470588235294117,0.34411764705882353,0.2815659511399064,0.4,0.058823529411764705,0.4696078431372549,0.325752599192326,0.5176470588235295
V2-global,v2_global,0.25,0.8714655637741089,0.8047090172767639,0.1,0.05,200,56,76,unweighted,0.2702295780181885,0.20668283104896545,0.7989221672217052,0.9789586238697682,600,0,0,0,0,170,0.08470588235294117,0.34411764705882353,0.2815659511399064,0.4,0.058823529411764705,0.4696078431372549,0.325752599192326,0.5176470588235295
V2-global,v2_global,0.25,0.2595076262950897,0.2595076262950897,0.25,0.001,50,50,50,unweighted,0.5032721161842346,0.3696756660938263,0.8081060053904852,1.0606635480924005,600,0,0,0,0,170,0.13176470588235292,0.5784313725490196,0.42823972653888737,0.6235294117647059,0.08941176470588234,0.7676470588235295,0.4930088378384469,0.8176470588235294
V2-global,v2_global,0.25,0.2693031430244446,0.2693031430244446,0.25,0.001,100,100,100,unweighted,0.497572660446167,0.3650284707546234,0.8071881930033366,1.0584539605891015,600,0,0,0,0,170,0.13176470588235292,0.5784313725490196,0.4307148729579432,0.6235294117647059,0.09058823529411765,0.7725490196078431,0.4973180354196151,0.8235294117647058
V2-global,v2_global,0.25,0.28974178433418274,0.28974178433418274,0.25,0.001,200,200,200,unweighted,0.4858587980270386,0.35560378432273865,0.8052380067110062,1.0538492304088327,600,0,0,0,0,170,0.12941176470588237,0.557843137254902,0.41939718418586636,0.6058823529411764,0.09117647058823529,0.7745098039215685,0.4927895049866203,0.8235294117647058
V2-global,v2_global,0.25,0.30009302496910095,0.30009302496910095,0.25,0.005,50,50,50,unweighted,0.48001816868782043,0.3509675860404968,0.8042503319183986,1.051571894378216,600,0,0,0,0,170,0.12941176470588237,0.557843137254902,0.42079801061443733,0.6058823529411764,0.09117647058823529,0.7745098039215685,0.4938576790799777,0.8235294117647058
V2-global,v2_global,0.25,0.35635536909103394,0.35635536909103394,0.25,0.005,100,100,100,unweighted,0.4493532180786133,0.327297180891037,0.7994758760929108,1.039585607936166,600,0,0,0,0,170,0.12588235294117647,0.5441176470588235,0.4088410507249753,0.5882352941176471,0.08941176470588234,0.7529411764705882,0.4800624853410374,0.8
V2-global,v2_global,0.25,0.4775879979133606,0.4775879979133606,0.25,0.005,200,200,200,unweighted,0.3894825875759125,0.28412359952926636,0.7949047648906707,1.0162896996439814,600,0,0,0,0,170,0.11647058823529412,0.5,0.39043499801633014,0.5529411764705883,0.08352941176470588,0.6941176470588235,0.45655214190392235,0.7411764705882353
V2-global,v2_global,0.25,0.3558850586414337,0.3558850586414337,0.25,0.01,50,50,50,unweighted,0.4496019780635834,0.32748478651046753,0.7995118987560272,1.0396822254898892,600,0,0,0,0,170,0.12588235294117647,0.5441176470588235,0.4088410507249753,0.5882352941176471,0.08941176470588234,0.7529411764705882,0.4800624853410374,0.8
V2-global,v2_global,0.25,0.47750771045684814,0.47750771045684814,0.25,0.01,100,100,100,unweighted,0.38951945304870605,0.28414905071258545,0.7949055536588033,1.0163031530752709,600,0,0,0,0,170,0.11647058823529412,0.5,0.39043499801633014,0.5529411764705883,0.08294117647058823,0.6911764705882353,0.45550955786401615,0.7352941176470589
V2-global,v2_global,0.25,0.6819236874580383,0.6819236874580383,0.25,0.01,200,200,200,unweighted,0.30775606632232666,0.23039627075195312,0.7936816332737605,0.9844276512944676,600,0,0,0,0,170,0.09882352941176471,0.4117647058823529,0.3222629813828192,0.4647058823529412,0.06941176470588235,0.5656862745098039,0.3761826662275727,0.6176470588235294
V2-global,v2_global,0.25,0.7710175514221191,0.7710175514221191,0.25,0.05,50,50,50,unweighted,0.2796609401702881,0.21266476809978485,0.7969499665498734,0.979376959755892,600,0,0,0,0,170,0.08588235294117648,0.34705882352941175,0.2856039414020277,0.4,0.06411764705882352,0.5156862745098039,0.3442526302481969,0.5647058823529412
V2-global,v2_global,0.25,0.8703993558883667,0.8034079074859619,0.25,0.05,100,56,76,unweighted,0.2705816328525543,0.20690704882144928,0.79884204129378,0.9789593241581475,600,0,0,0,0,170,0.08470588235294117,0.34411764705882353,0.2815659511399064,0.4,0.058823529411764705,0.4696078431372549,0.325752599192326,0.5176470588235295
V2-global,v2_global,0.25,0.8703993558883667,0.8034079074859619,0.25,0.05,200,56,76,unweighted,0.2705816328525543,0.20690704882144928,0.79884204129378,0.9789593241581475,600,0,0,0,0,170,0.08470588235294117,0.34411764705882353,0.2815659511399064,0.4,0.058823529411764705,0.4696078431372549,0.325752599192326,0.5176470588235295
V2-global,v2_global,0.25,0.259506493806839,0.259506493806839,0.5,0.001,50,50,50,unweighted,0.5032727718353271,0.3696762025356293,0.8081061164538066,1.0606637989652934,600,0,0,0,0,170,0.13176470588235292,0.5784313725490196,0.42823972653888737,0.6235294117647059,0.08941176470588234,0.7676470588235295,0.4930088378384469,0.8176470588235294
V2-global,v2_global,0.25,0.26929622888565063,0.26929622888565063,0.5,0.001,100,100,100,unweighted,0.49757665395736694,0.36503171920776367,0.8071888599793117,1.0584555492488437,600,0,0,0,0,170,0.13176470588235292,0.5784313725490196,0.4307148729579432,0.6235294117647059,0.09058823529411765,0.7725490196078431,0.4973180354196151,0.8235294117647058
V2-global,v2_global,0.25,0.2897065281867981,0.2897065281867981,0.5,0.001,200,200,200,unweighted,0.48587876558303833,0.3556196987628937,0.8052413745721181,1.0538570580244846,600,0,0,0,0,170,0.12941176470588237,0.557843137254902,0.41939718418586636,0.6058823529411764,0.09117647058823529,0.7745098039215685,0.4927895049866203,0.8235294117647058
V2-global,v2_global,0.25,0.30006012320518494,0.30006012320518494,0.5,0.005,50,50,50,unweighted,0.4800366163253784,0.350982129573822,0.8042534609635671,1.0515790611950997,600,0,0,0,0,170,0.12941176470588237,0.557843137254902,0.42079801061443733,0.6058823529411764,0.09117647058823529,0.7745098039215685,0.4938576790799777,0.8235294117647058
V2-global,v2_global,0.25,0.3561476469039917,0.3561476469039917,0.5,0.005,100,100,100,unweighted,0.4494630694389343,0.3273800313472748,0.7994917865594228,1.0396282725171175,600,0,0,0,0,170,0.12588235294117647,0.5441176470588235,0.4088410507249753,0.5882352941176471,0.08941176470588234,0.7529411764705882,0.4800624853410374,0.8
V2-global,v2_global,0.25,0.47656863927841187,0.47656863927841187,0.5,0.005,200,200,200,unweighted,0.3899506628513336,0.2844468057155609,0.7949147985378902,1.0164608224867624,600,0,0,0,0,170,0.11647058823529412,0.5,0.39043499801633014,0.5529411764705883,0.08294117647058823,0.6911764705882353,0.4554464154348478,0.7352941176470589
V2-global,v2_global,0.25,0.3557403087615967,0.3557403087615967,0.5,0.01,50,50,50,unweighted,0.449678510427475,0.3275425434112549,0.7995229951540629,1.0397119885234227,600,0,0,0,0,170,0.12588235294117647,0.5441176470588235,0.4088410507249753,0.5882352941176471,0.08941176470588234,0.7529411764705882,0.4800624853410374,0.8
V2-global,v2_global,0.25,0.47664767503738403,0.47664767503738403,0.5,0.01,100,100,100,unweighted,0.3899143636226654,0.2844217121601105,0.7949140173196793,1.0164475306186234,600,0,0,0,0,170,0.11647058823529412,0.5,0.39043499801633014,0.5529411764705883,0.08294117647058823,0.6911764705882353,0.4554464154348478,0.7352941176470589
V2-global,v2_global,0.25,0.6796197891235352,0.6796197891235352,0.5,0.01,200,200,200,unweighted,0.3085433542728424,0.23089471459388733,0.793634436527888,0.984632724067579,600,0,0,0,0,170,0.09882352941176471,0.4117647058823529,0.3244339828323989,0.4647058823529412,0.06941176470588235,0.5656862745098039,0.3783334701746473,0.6176470588235294
V2-global,v2_global,0.25,0.7693091630935669,0.7693091630935669,0.5,0.05,50,50,50,unweighted,0.2801566421985626,0.2129780650138855,0.7968595870335897,0.979420338857293,600,0,0,0,0,170,0.08588235294117648,0.34705882352941175,0.2877749428516074,0.4,0.06470588235294118,0.5215686274509803,0.3481240130290582,0.5705882352941176
V2-global,v2_global,0.25,0.8712385296821594,0.8063731789588928,0.5,0.05,100,57,77,unweighted,0.2697806656360626,0.20639684796333313,0.7990246510505676,0.9789595376070096,600,0,0,0,0,170,0.08470588235294117,0.34411764705882353,0.2813081643702661,0.4,0.058823529411764705,0.4696078431372549,0.3255589811546186,0.5176470588235295
V2-global,v2_global,0.25,0.8712385296821594,0.8063731789588928,0.5,0.05,200,57,77,unweighted,0.2697806656360626,0.20639684796333313,0.7990246510505676,0.9789595376070096,600,0,0,0,0,170,0.08470588235294117,0.34411764705882353,0.2813081643702661,0.4,0.058823529411764705,0.4696078431372549,0.3255589811546186,0.5176470588235295
V2-global,v2_global,0.25,0.25950491428375244,0.25950491428375244,1.0,0.001,50,50,50,unweighted,0.5032737255096436,0.36967694759368896,0.8081062630812327,1.0606641438305617,600,0,0,0,0,170,0.13176470588235292,0.5784313725490196,0.42823972653888737,0.6235294117647059,0.08941176470588234,0.7676470588235295,0.4930088378384469,0.8176470588235294
V2-global,v2_global,0.25,0.2692870795726776,0.2692870795726776,1.0,0.001,100,100,100,unweighted,0.49758198857307434,0.3650360107421875,0.8071897329886755,1.0584576450268348,600,0,0,0,0,170,0.13176470588235292,0.5784313725490196,0.4307148729579432,0.6235294117647059,0.09058823529411765,0.7725490196078431,0.4973180354196151,0.8235294117647058
V2-global,v2_global,0.25,0.28965988755226135,0.28965988755226135,1.0,0.001,200,200,200,unweighted,0.485905259847641,0.35564085841178894,0.8052458240588506,1.0538673985739389,600,0,0,0,0,170,0.12941176470588237,0.557843137254902,0.41939718418586636,0.6058823529411764,0.09117647058823529,0.7745098039215685,0.4927895049866203,0.8235294117647058
V2-global,v2_global,0.25,0.3000164330005646,0.3000164330005646,1.0,0.005,50,50,50,unweighted,0.4800611138343811,0.3510015308856964,0.8042576356728872,1.0515885950631538,600,0,0,0,0,170,0.12941176470588237,0.557843137254902,0.42079801061443733,0.6058823529411764,0.09117647058823529,0.7745098039215685,0.4938576790799777,0.8235294117647058
V2-global,v2_global,0.25,0.35587117075920105,0.35587117075920105,1.0,0.005,100,100,100,unweighted,0.44960933923721313,0.32749032974243164,0.7995129615068436,1.039685083502241,600,0,0,0,0,170,0.12588235294117647,0.5441176470588235,0.4088410507249753,0.5882352941176471,0.08941176470588234,0.7529411764705882,0.4800624853410374,0.8
V2-global,v2_global,0.25,0.4752025604248047,0.4752025604248047,1.0,0.005,200,200,200,unweighted,0.39057889580726624,0.2848809063434601,0.7949305701255799,1.0166910378408496,600,0,0,0,0,170,0.11647058823529412,0.5,0.39043499801633014,0.5529411764705883,0.08294117647058823,0.6911764705882353,0.4554464154348478,0.7352941176470589
V2-global,v2_global,0.25,0.3555471897125244,0.3555471897125244,1.0,0.01,50,50,50,unweighted,0.44978082180023193,0.32761961221694946,0.7995377908150355,1.0397517024358554,600,0,0,0,0,170,0.12588235294117647,0.5441176470588235,0.4088410507249753,0.5882352941176471,0.08941176470588234,0.7529411764705882,0.4800624853410374,0.8
V2-global,v2_global,0.25,0.47549253702163696,0.47549253702163696,1.0,0.01,100,100,100,unweighted,0.39044541120529175,0.28478866815567017,0.7949268805980683,1.0166420926485102,600,0,0,0,0,170,0.11647058823529412,0.5,0.39043499801633014,0.5529411764705883,0.08294117647058823,0.6911764705882353,0.4554464154348478,0.7352941176470589
V2-global,v2_global,0.25,0.6764602065086365,0.6764602065086365,1.0,0.01,200,200,200,unweighted,0.3096279203891754,0.23158176243305206,0.7935697066783906,0.984920168922849,600,0,0,0,0,170,0.09882352941176471,0.4117647058823529,0.3252041578534075,0.4647058823529412,0.06999999999999999,0.5715686274509804,0.38088893759235953,0.6235294117647059
V2-global,v2_global,0.25,0.7669339179992676,0.7669339179992676,1.0,0.05,50,50,50,unweighted,0.28084859251976013,0.21341532468795776,0.7967339336872101,0.9794842059580451,600,0,0,0,0,170,0.08705882352941177,0.35294117647058826,0.29020860883418287,0.40588235294117647,0.06588235294117646,0.5333333333333333,0.35196821384737115,0.5823529411764706
V2-global,v2_global,0.25,0.8692423701286316,0.8039577007293701,1.0,0.05,100,57,77,unweighted,0.2704327404499054,0.20681226253509521,0.7988758877913157,0.978958866397114,600,0,0,0,0,170,0.08470588235294117,0.34411764705882353,0.2815659511399064,0.4,0.058823529411764705,0.4696078431372549,0.325752599192326,0.5176470588235295
V2-global,v2_global,0.25,0.8692423701286316,0.8039577007293701,1.0,0.05,200,57,77,unweighted,0.2704327404499054,0.20681226253509521,0.7988758877913157,0.978958866397114,600,0,0,0,0,170,0.08470588235294117,0.34411764705882353,0.2815659511399064,0.4,0.058823529411764705,0.4696078431372549,0.325752599192326,0.5176470588235295
V2-global,v2_global,0.5,0.5124722719192505,0.5124722719192505,0.0,0.001,50,50,50,unweighted,0.3738255798816681,0.2734307646751404,0.7942401427030563,1.0094291724270743,600,0,0,0,0,170,0.11411764705882352,0.48823529411764705,0.38171150262057946,0.5411764705882353,0.0811764705882353,0.6735294117647059,0.44473162685734896,0.7235294117647059
V2-global,v2_global,0.5,0.5248327851295471,0.5248327851295471,0.0,0.001,100,100,100,unweighted,0.3684462010860443,0.269807904958725,0.7938999332984289,1.0069435922939172,600,0,0,0,0,170,0.11529411764705884,0.49117647058823527,0.38016560681333994,0.5470588235294118,0.0811764705882353,0.6735294117647059,0.4412961250231965,0.7235294117647059
V2-global,v2_global,0.5,0.5490956902503967,0.5490956902503967,0.0,0.001,200,200,200,unweighted,0.358143150806427,0.26293742656707764,0.7933717906475067,1.0023586112049698,600,0,0,0,0,170,0.11294117647058825,0.47941176470588237,0.36985318120364946,0.5352941176470588,0.0776470588235294,0.6411764705882353,0.4249834136312782,0.6941176470588235
V2-global,v2_global,0.5,0.5614703297615051,0.5614703297615051,0.0,0.005,50,50,50,unweighted,0.3530190885066986,0.25955235958099365,0.7932265828053157,1.0001719938831082,600,0,0,0,0,170,0.11294117647058825,0.47941176470588237,0.3691953640522569,0.5352941176470588,0.07705882352941178,0.6352941176470588,0.4223742181447134,0.6882352941176471
V2-global,v2_global,0.5,0.618156909942627,0.618156909942627,0.0,0.005,100,100,100,unweighted,0.3306754231452942,0.24501262605190277,0.7931314824024837,0.9914981379490898,600,0,0,0,0,170,0.10470588235294118,0.43725490196078426,0.34594962935847856,0.48823529411764705,0.07470588235294118,0.6156862745098038,0.40707984259402075,0.6647058823529411
V2-global,v2_global,0.5,0.7109609246253967,0.7109609246253967,0.0,0.005,200,200,200,unweighted,0.29809650778770447,0.22429344058036804,0.794457503358523,0.982171184618544,600,0,0,0,0,170,0.09882352941176471,0.4117647058823529,0.31893681838274657,0.4647058823529412,0.06823529411764706,0.5539215686274509,0.3690416143017248,0.6058823529411764
V2-global,v2_global,0.5,0.6193684339523315,0.6193684339523315,0.0,0.01,50,50,50,unweighted,0.330218106508255,0.24471841752529144,0.7931347241004308,0.9913370905336308,600,0,0,0,0,170,0.10470588235294118,0.43725490196078426,0.34594962935847856,0.48823529411764705,0.07470588235294118,0.6156862745098038,0.40707984259402075,0.6647058823529411
V2-global,v2_global,0.5,0.7137966156005859,0.7137966156005859,0.0,0.01,100,100,100,unweighted,0.2971792221069336,0.22371484339237213,0.7945539818207423,0.9819835042834454,600,0,0,0,0,170,0.09882352941176471,0.4117647058823529,0.318421244843466,0.4647058823529412,0.06823529411764706,0.5539215686274509,0.3685260407624442,0.6058823529411764
V2-global,v2_global,0.5,0.822365939617157,0.8050394058227539,0.0,0.01,200,174,194,unweighted,0.27014029026031494,0.20662599802017212,0.7989425158500671,0.9789586457591857,600,0,0,0,0,170,0.08470588235294117,0.34411764705882353,0.2813081643702661,0.4,0.058823529411764705,0.4696078431372549,0.32562936450371327,0.5176470588235295
V2-global,v2_global,0.5,0.8814837336540222,0.8050915598869324,0.0,0.05,50,31,50,unweighted,0.27012622356414795,0.20661702752113342,0.7989457358916601,0.9789586599392165,600,0,0,0,0,170,0.08470588235294117,0.34411764705882353,0.2813081643702661,0.4,0.058823529411764705,0.4696078431372549,0.32562936450371327,0.5176470588235295
V2-global,v2_global,0.5,0.884064257144928,0.8050915598869324,0.0,0.05,100,31,51,unweighted,0.27012622356414795,0.20661702752113342,0.7989457358916601,0.9789586599392165,600,0,0,0,0,170,0.08470588235294117,0.34411764705882353,0.2813081643702661,0.4,0.058823529411764705,0.4696078431372549,0.32562936450371327,0.5176470588235295
V2-global,v2_global,0.5,0.884064257144928,0.8050915598869324,0.0,0.05,200,31,51,unweighted,0.27012622356414795,0.20661702752113342,0.7989457358916601,0.9789586599392165,600,0,0,0,0,170,0.08470588235294117,0.34411764705882353,0.2813081643702661,0.4,0.058823529411764705,0.4696078431372549,0.32562936450371327,0.5176470588235295
V2-global,v2_global,0.5,0.5124722123146057,0.5124722123146057,0.01,0.001,50,50,50,unweighted,0.3738255798816681,0.2734307646751404,0.7942401431004207,1.0094291841282497,600,0,0,0,0,170,0.11411764705882352,0.48823529411764705,0.38171150262057946,0.5411764705882353,0.0811764705882353,0.6735294117647059,0.44473162685734896,0.7235294117647059
V2-global,v2_global,0.5,0.5248323678970337,0.5248323678970337,0.01,0.001,100,100,100,unweighted,0.36844635009765625,0.2698080241680145,0.7938999446233114,1.006943670400881,600,0,0,0,0,170,0.11529411764705884,0.49117647058823527,0.38016560681333994,0.5470588235294118,0.0811764705882353,0.6735294117647059,0.4412961250231965,0.7235294117647059
V2-global,v2_global,0.5,0.5490938425064087,0.5490938425064087,0.01,0.001,200,200,200,unweighted,0.3581438958644867,0.2629379630088806,0.7933718305826187,1.0023589475970838,600,0,0,0,0,170,0.11294117647058825,0.47941176470588237,0.36985318120364946,0.5352941176470588,0.0776470588235294,0.6411764705882353,0.4249834136312782,0.6941176470588235
V2-global,v2_global,0.5,0.5614686608314514,0.5614686608314514,0.01,0.005,50,50,50,unweighted,0.3530197739601135,0.25955283641815186,0.7932265977064769,1.0001722828102395,600,0,0,0,0,170,0.11294117647058825,0.47941176470588237,0.3691953640522569,0.5352941176470588,0.07705882352941178,0.6352941176470588,0.4223742181447134,0.6882352941176471
V2-global,v2_global,0.5,0.6181493401527405,0.6181493401527405,0.01,0.005,100,100,100,unweighted,0.3306783139705658,0.2450144737958908,0.7931314651171366,0.9914991490587568,600,0,0,0,0,170,0.10470588235294118,0.43725490196078426,0.34594962935847856,0.48823529411764705,0.07470588235294118,0.6156862745098038,0.40707984259402075,0.6647058823529411
V2-global,v2_global,0.5,0.710940957069397,0.710940957069397,0.01,0.005,200,200,200,unweighted,0.2981029748916626,0.22429750859737396,0.7944568673769633,0.9821725301747166,600,0,0,0,0,170,0.09882352941176471,0.4117647058823529,0.31893681838274657,0.4647058823529412,0.06823529411764706,0.5539215686274509,0.3690416143017248,0.6058823529411764
V2-global,v2_global,0.5,0.6193627119064331,0.6193627119064331,0.01,0.01,50,50,50,unweighted,0.3302202820777893,0.24471981823444366,0.7931347048282623,0.9913378506773435,600,0,0,0,0,170,0.10470588235294118,0.43725490196078426,0.34594962935847856,0.48823529411764705,0.07470588235294118,0.6156862745098038,0.40707984259402075,0.6647058823529411
V2-global,v2_global,0.5,0.7137786746025085,0.7137786746025085,0.01,0.01,100,100,100,unweighted,0.2971850335597992,0.223718523979187,0.7945533619324366,0.9819846711258439,600,0,0,0,0,170,0.09882352941176471,0.4117647058823529,0.318421244843466,0.4647058823529412,0.06823529411764706,0.5539215686274509,0.3685260407624442,0.6058823529411764
V2-global,v2_global,0.5,0.8223455548286438,0.8050177097320557,0.01,0.01,200,174,194,unweighted,0.2701461613178253,0.20662972331047058,0.7989411783218384,0.9789586384582389,600,0,0,0,0,170,0.08470588235294117,0.34411764705882353,0.2813081643702661,0.4,0.058823529411764705,0.4696078431372549,0.32562936450371327,0.5176470588235295
V2-global,v2_global,0.5,0.8814720511436462,0.8050770163536072,0.01,0.05,50,31,50,unweighted,0.2701301574707031,0.206619530916214,0.7989448326826095,0.9789586496026182,600,0,0,0,0,170,0.08470588235294117,0.34411764705882353,0.2813081643702661,0.4,0.058823529411764705,0.4696078431372549,0.32562936450371327,0.5176470588235295
V2-global,v2_global,0.5,0.8840529918670654,0.8050770163536072,0.01,0.05,100,31,51,unweighted,0.2701301574707031,0.206619530916214,0.7989448326826095,0.9789586496026182,600,0,0,0,0,170,0.08470588235294117,0.34411764705882353,0.2813081643702661,0.4,0.058823529411764705,0.4696078431372549,0.32562936450371327,0.5176470588235295
V2-global,v2_global,0.5,0.8840529918670654,0.8050770163536072,0.01,0.05,200,31,51,unweighted,0.2701301574707031,0.206619530916214,0.7989448326826095,0.9789586496026182,600,0,0,0,0,170,0.08470588235294117,0.34411764705882353,0.2813081643702661,0.4,0.058823529411764705,0.4696078431372549,0.32562936450371327,0.5176470588235295
V2-global,v2_global,0.5,0.5124719142913818,0.5124719142913818,0.05,0.001,50,50,50,unweighted,0.37382572889328003,0.27343085408210754,0.7942401516437531,1.0094292424665274,600,0,0,0,0,170,0.11411764705882352,0.48823529411764705,0.38171150262057946,0.5411764705882353,0.0811764705882353,0.6735294117647059,0.44473162685734896,0.7235294117647059
V2-global,v2_global,0.5,0.5248308181762695,0.5248308181762695,0.05,0.001,100,100,100,unweighted,0.36844706535339355,0.26980850100517273,0.7938999827702841,1.006943971535224,600,0,0,0,0,170,0.11529411764705884,0.49117647058823527,0.38016560681333994,0.5470588235294118,0.0811764705882353,0.6735294117647059,0.4412961250231965,0.7235294117647059
V2-global,v2_global,0.5,0.54908686876297,0.54908686876297,0.05,0.001,200,200,200,unweighted,0.3581468462944031,0.2629399001598358,0.7933719597260157,1.0023602057357288,600,0,0,0,0,170,0.11294117647058825,0.47941176470588237,0.36985318120364946,0.5352941176470588,0.0776470588235294,0.6411764705882353,0.4249834136312782,0.6941176470588235
V2-global,v2_global,0.5,0.5614621639251709,0.5614621639251709,0.05,0.005,50,50,50,unweighted,0.3530224561691284,0.25955459475517273,0.7932266571124394,1.000173408357212,600,0,0,0,0,170,0.11294117647058825,0.47941176470588237,0.3691953640522569,0.5352941176470588,0.07705882352941178,0.6352941176470588,0.4223742181447134,0.6882352941176471
V2-global,v2_global,0.5,0.6181200742721558,0.6181200742721558,0.05,0.005,100,100,100,unweighted,0.33068937063217163,0.24502159655094147,0.7931313902139664,0.9915030611253227,600,0,0,0,0,170,0.10470588235294118,0.43725490196078426,0.34594962935847856,0.48823529411764705,0.07470588235294118,0.6156862745098038,0.40707984259402075,0.6647058823529411
V2-global,v2_global,0.5,0.7108640670776367,0.7108640670776367,0.05,0.005,200,200,200,unweighted,0.2981279194355011,0.22431325912475586,0.7944544120629629,0.9821776912446313,600,0,0,0,0,170,0.09882352941176471,0.4117647058823529,0.31893681838274657,0.4647058823529412,0.06823529411764706,0.5539215686274509,0.3690416143017248,0.6058823529411764
V2-global,v2_global,0.5,0.6193408370018005,0.6193408370018005,0.05,0.01,50,50,50,unweighted,0.3302285373210907,0.2447250932455063,0.7931346507867177,0.9913407514444225,600,0,0,0,0,170,0.10470588235294118,0.43725490196078426,0.34594962935847856,0.48823529411764705,0.07470588235294118,0.6156862745098038,0.40707984259402075,0.6647058823529411
V2-global,v2_global,0.5,0.7137094736099243,0.7137094736099243,0.05,0.01,100,100,100,unweighted,0.2972073256969452,0.223732590675354,0.7945509731769562,0.9819891849858178,600,0,0,0,0,170,0.09882352941176471,0.4117647058823529,0.318421244843466,0.4647058823529412,0.06823529411764706,0.5539215686274509,0.3685260407624442,0.6058823529411764
V2-global,v2_global,0.5,0.8222668766975403,0.8049336671829224,0.05,0.01,200,174,194,unweighted,0.27016887068748474,0.2066441923379898,0.7989360052347183,0.9789586314665256,600,0,0,0,0,170,0.08470588235294117,0.34411764705882353,0.2815659511399064,0.4,0.058823529411764705,0.4696078431372549,0.325752599192326,0.5176470588235295
V2-global,v2_global,0.5,0.8814267516136169,0.805020809173584,0.05,0.05,50,31,50,unweighted,0.27014532685279846,0.2066292017698288,0.7989413718382518,0.9789586435182028,600,0,0,0,0,170,0.08470588235294117,0.34411764705882353,0.2813081643702661,0.4,0.058823529411764705,0.4696078431372549,0.32562936450371327,0.5176470588235295
V2-global,v2_global,0.5,0.8840093016624451,0.805020809173584,0.05,0.05,100,31,51,unweighted,0.27014532685279846,0.2066292017698288,0.7989413718382518,0.9789586435182028,600,0,0,0,0,170,0.08470588235294117,0.34411764705882353,0.2813081643702661,0.4,0.058823529411764705,0.4696078431372549,0.32562936450371327,0.5176470588235295
V2-global,v2_global,0.5,0.8840093016624451,0.805020809173584,0.05,0.05,200,31,51,unweighted,0.27014532685279846,0.2066292017698288,0.7989413718382518,0.9789586435182028,600,0,0,0,0,170,0.08470588235294117,0.34411764705882353,0.2813081643702661,0.4,0.058823529411764705,0.4696078431372549,0.32562936450371327,0.5176470588235295
V2-global,v2_global,0.5,0.512471616268158,0.512471616268158,0.1,0.001,50,50,50,unweighted,0.3738258183002472,0.2734309434890747,0.794240160981814,1.0094293097635978,600,0,0,0,0,170,0.11411764705882352,0.48823529411764705,0.38171150262057946,0.5411764705882353,0.0811764705882353,0.6735294117647059,0.44473162685734896,0.7235294117647059
V2-global,v2_global,0.5,0.5248289704322815,0.5248289704322815,0.1,0.001,100,100,100,unweighted,0.36844784021377563,0.2698090374469757,0.7939000397920608,1.0069443415236972,600,0,0,0,0,170,0.11529411764705884,0.49117647058823527,0.38016560681333994,0.5470588235294118,0.0811764705882353,0.6735294117647059,0.4412961250231965,0.7235294117647059
V2-global,v2_global,0.5,0.549078643321991,0.549078643321991,0.1,0.001,200,200,200,unweighted,0.35815027356147766,0.2629421651363373,0.793372113108635,1.002361687371835,600,0,0,0,0,170,0.11294117647058825,0.47941176470588237,0.36985318120364946,0.5352941176470588,0.0776470588235294,0.6411764705882353,0.4249834136312782,0.6941176470588235
V2-global,v2_global,0.5,0.5614545345306396,0.5614545345306396,0.1,0.005,50,50,50,unweighted,0.3530255854129791,0.2595566511154175,0.7932267113526662,1.000174711279494,600,0,0,0,0,170,0.11294117647058825,0.47941176470588237,0.3691953640522569,0.5352941176470588,0.07705882352941178,0.6352941176470588,0.4223742181447134,0.6882352941176471
V2-global,v2_global,0.5,0.618085503578186,0.618085503578186,0.1,0.005,100,100,100,unweighted,0.33070242404937744,0.2450299859046936,0.7931312944491704,0.9915076706311327,600,0,0,0,0,170,0.10470588235294118,0.43725490196078426,0.34594962935847856,0.48823529411764705,0.07470588235294118,0.6156862745098038,0.40707984259402075,0.6647058823529411
V2-global,v2_global,0.5,0.710773229598999,0.710773229598999,0.1,0.005,200,200,200,unweighted,0.29815736413002014,0.2243318408727646,0.7944515109062195,0.9821838085218223,600,0,0,0,0,170,0.09882352941176471,0.4117647058823529,0.31893681838274657,0.4647058823529412,0.06823529411764706,0.5539215686274509,0.3690416143017248,0.6058823529411764
V2-global,v2_global,0.5,0.6193149089813232,0.6193149089813232,0.1,0.01,50,50,50,unweighted,0.33023831248283386,0.24473141133785248,0.7931345796585083,0.9913441852428401,600,0,0,0,0,170,0.10470588235294118,0.43725490196078426,0.34594962935847856,0.48823529411764705,0.07470588235294118,0.6156862745098038,0.40707984259402075,0.6647058823529411
V2-global,v2_global,0.5,0.7136277556419373,0.7136277556419373,0.1,0.01,100,100,100,unweighted,0.2972337305545807,0.22374923527240753,0.7945481558640798,0.9819945179843366,600,0,0,0,0,170,0.09882352941176471,0.4117647058823529,0.318421244843466,0.4647058823529412,0.06823529411764706,0.5539215686274509,0.3685260407624442,0.6058823529411764
V2-global,v2_global,0.5,0.8221736550331116,0.8048340082168579,0.1,0.01,200,174,194,unweighted,0.27019578218460083,0.20666134357452393,0.798929863969485,0.9789586195299544,600,0,0,0,0,170,0.08470588235294117,0.34411764705882353,0.2815659511399064,0.4,0.058823529411764705,0.4696078431372549,0.325752599192326,0.5176470588235295
V2-global,v2_global,0.5,0.8813730478286743,0.8049541115760803,0.1,0.05,50,31,50,unweighted,0.270163357257843,0.20664067566394806,0.7989372686545054,0.978958635460024,600,0,0,0,0,170,0.08470588235294117,0.34411764705882353,0.2815659511399064,0.4,0.058823529411764705,0.4696078431372549,0.325752599192326,0.5176470588235295
V2-global,v2_global,0.5,0.8839573860168457,0.8049541115760803,0.1,0.05,100,31,51,unweighted,0.270163357257843,0.20664067566394806,0.7989372686545054,0.978958635460024,600,0,0,0,0,170,0.08470588235294117,0.34411764705882353,0.2815659511399064,0.4,0.058823529411764705,0.4696078431372549,0.325752599192326,0.5176470588235295
V2-global,v2_global,0.5,0.8839573860168457,0.8049541115760803,0.1,0.05,200,31,51,unweighted,0.270163357257843,0.20664067566394806,0.7989372686545054,0.978958635460024,600,0,0,0,0,170,0.08470588235294117,0.34411764705882353,0.2815659511399064,0.4,0.058823529411764705,0.4696078431372549,0.325752599192326,0.5176470588235295
V2-global,v2_global,0.5,0.5124706625938416,0.5124706625938416,0.25,0.001,50,50,50,unweighted,0.3738262355327606,0.2734312415122986,0.7942401840289434,1.0094295042836623,600,0,0,0,0,170,0.11411764705882352,0.48823529411764705,0.38171150262057946,0.5411764705882353,0.0811764705882353,0.6735294117647059,0.44473162685734896,0.7235294117647059
V2-global,v2_global,0.5,0.5248240828514099,0.5248240828514099,0.25,0.001,100,100,100,unweighted,0.36844995617866516,0.26981043815612793,0.7939001725117365,1.0069453060280091,600,0,0,0,0,170,0.11529411764705884,0.49117647058823527,0.38016560681333994,0.5470588235294118,0.0811764705882353,0.6735294117647059,0.4412961250231965,0.7235294117647059
V2-global,v2_global,0.5,0.5490569472312927,0.5490569472312927,0.25,0.001,200,200,200,unweighted,0.3581593334674835,0.2629481554031372,0.7933725384871165,1.002365617711013,600,0,0,0,0,170,0.11294117647058825,0.47941176470588237,0.36985318120364946,0.5352941176470588,0.0776470588235294,0.6411764705882353,0.4249834136312782,0.6941176470588235
V2-global,v2_global,0.5,0.5614341497421265,0.5614341497421265,0.25,0.005,50,50,50,unweighted,0.35303395986557007,0.2595621645450592,0.7932268891731898,1.0001782342594143,600,0,0,0,0,170,0.11294117647058825,0.47941176470588237,0.3691953640522569,0.5352941176470588,0.07705882352941178,0.6352941176470588,0.4223742181447134,0.6882352941176471
V2-global,v2_global,0.5,0.6179937124252319,0.6179937124252319,0.25,0.005,100,100,100,unweighted,0.3307371139526367,0.24505232274532318,0.7931310590108236,0.9915199225097834,600,0,0,0,0,170,0.10470588235294118,0.43725490196078426,0.34594962935847856,0.48823529411764705,0.07470588235294118,0.6156862745098038,0.40707984259402075,0.6647058823529411
V2-global,v2_global,0.5,0.7105311751365662,0.7105311751365662,0.25,0.005,200,200,200,unweighted,0.2982358932495117,0.22438137233257294,0.7944437966744105,0.9822001359474208,600,0,0,0,0,170,0.09882352941176471,0.4117647058823529,0.31893681838274657,0.4647058823529412,0.06823529411764706,0.5539215686274509,0.3690416143017248,0.6058823529411764
V2-global,v2_global,0.5,0.6192461252212524,0.6192461252212524,0.25,0.01,50,50,50,unweighted,0.33026427030563354,0.2447480857372284,0.7931343936920165,0.9913533019141736,600,0,0,0,0,170,0.10470588235294118,0.43725490196078426,0.34594962935847856,0.48823529411764705,0.07470588235294118,0.6156862745098038,0.40707984259402075,0.6647058823529411
V2-global,v2_global,0.5,0.7134101986885071,0.7134101986885071,0.25,0.01,100,100,100,unweighted,0.2973039448261261,0.22379350662231445,0.7945406502485275,0.9820087394927903,600,0,0,0,0,170,0.09882352941176471,0.4117647058823529,0.318421244843466,0.4647058823529412,0.06823529411764706,0.5539215686274509,0.3685260407624442,0.6058823529411764
V2-global,v2_global,0.5,0.8219250440597534,0.8045685887336731,0.25,0.01,200,174,194,unweighted,0.270267516374588,0.20670700073242188,0.7989135162035624,0.978958641578299,600,0,0,0,0,170,0.08470588235294117,0.34411764705882353,0.2815659511399064,0.4,0.058823529411764705,0.4696078431372549,0.325752599192326,0.5176470588235295
V2-global,v2_global,0.5,0.8812295198440552,0.8047764301300049,0.25,0.05,50,31,50,unweighted,0.2702113389968872,0.20667125284671783,0.7989263218641282,0.9789586233674725,600,0,0,0,0,170,0.08470588235294117,0.34411764705882353,0.2815659511399064,0.4,0.058823529411764705,0.4696078431372549,0.325752599192326,0.5176470588235295
V2-global,v2_global,0.5,0.8838189244270325,0.8047764301300049,0.25,0.05,100,31,51,unweighted,0.2702113389968872,0.20667125284671783,0.7989263218641282,0.9789586233674725,600,0,0,0,0,170,0.08470588235294117,0.34411764705882353,0.2815659511399064,0.4,0.058823529411764705,0.4696078431372549,0.325752599192326,0.5176470588235295
V2-global,v2_global,0.5,0.8838189244270325,0.8047764301300049,0.25,0.05,200,31,51,unweighted,0.2702113389968872,0.20667125284671783,0.7989263218641282,0.9789586233674725,600,0,0,0,0,170,0.08470588235294117,0.34411764705882353,0.2815659511399064,0.4,0.058823529411764705,0.4696078431372549,0.325752599192326,0.5176470588235295
V2-global,v2_global,0.5,0.512469470500946,0.512469470500946,0.5,0.001,50,50,50,unweighted,0.3738267719745636,0.27343159914016724,0.7942402086655299,1.0094297408543706,600,0,0,0,0,170,0.11411764705882352,0.48823529411764705,0.38171150262057946,0.5411764705882353,0.0811764705882353,0.6735294117647059,0.44473162685734896,0.7235294117647059
V2-global,v2_global,0.5,0.5248175263404846,0.5248175263404846,0.5,0.001,100,100,100,unweighted,0.368452787399292,0.26981234550476074,0.7939003600676855,1.00694659714808,600,0,0,0,0,170,0.11529411764705884,0.49117647058823527,0.38016560681333994,0.5470588235294118,0.0811764705882353,0.6735294117647059,0.4412961250231965,0.7235294117647059
V2-global,v2_global,0.5,0.5490279793739319,0.5490279793739319,0.5,0.001,200,200,200,unweighted,0.35817140340805054,0.2629561722278595,0.7933730965852738,1.0023708573798362,600,0,0,0,0,170,0.11294117647058825,0.47941176470588237,0.36985318120364946,0.5352941176470588,0.0776470588235294,0.6411764705882353,0.4249834136312782,0.6941176470588235
V2-global,v2_global,0.5,0.5614070892333984,0.5614070892333984,0.5,0.005,50,50,50,unweighted,0.3530450761318207,0.2595694661140442,0.7932271210352579,1.0001829012855057,600,0,0,0,0,170,0.11294117647058825,0.47941176470588237,0.3691953640522569,0.5352941176470588,0.07705882352941178,0.6352941176470588,0.4223742181447134,0.6882352941176471
V2-global,v2_global,0.5,0.6178712248802185,0.6178712248802185,0.5,0.005,100,100,100,unweighted,0.3307833969593048,0.2450820952653885,0.7931307212511698,0.991536267526874,600,0,0,0,0,170,0.10470588235294118,0.43725490196078426,0.34594962935847856,0.48823529411764705,0.07470588235294118,0.6156862745098038,0.40707984259402075,0.6647058823529411
V2-global,v2_global,0.5,0.7102078199386597,0.7102078199386597,0.5,0.005,200,200,200,unweighted,0.29834088683128357,0.2244476079940796,0.7944334878524144,0.9822220102115914,600,0,0,0,0,170,0.09882352941176471,0.4117647058823529,0.31893681838274657,0.4647058823529412,0.06823529411764706,0.5539215686274509,0.3690416143017248,0.6058823529411764
V2-global,v2_global,0.5,0.6191543936729431,0.6191543936729431,0.5,0.01,50,50,50,unweighted,0.33029887080192566,0.244770348072052,0.7931341564655304,0.9913654760749335,600,0,0,0,0,170,0.10470588235294118,0.43725490196078426,0.34594962935847856,0.48823529411764705,0.07470588235294118,0.6156862745098038,0.40707984259402075,0.6647058823529411
V2-global,v2_global,0.5,0.7131190896034241,0.7131190896034241,0.5,0.01,100,100,100,unweighted,0.2973979711532593,0.22385281324386597,0.7945306018988292,0.9820278168335294,600,0,0,0,0,170,0.09882352941176471,0.4117647058823529,0.318421244843466,0.4647058823529412,0.06823529411764706,0.5539215686274509,0.3685260407624442,0.6058823529411764
V2-global,v2_global,0.5,0.822396993637085,0.8051395416259766,0.5,0.01,200,175,195,unweighted,0.2701132595539093,0.20660875737667084,0.7989486859242121,0.978958670409082,600,0,0,0,0,170,0.08470588235294117,0.34411764705882353,0.2813081643702661,0.4,0.058823529411764705,0.4696078431372549,0.32562936450371327,0.5176470588235295
V2-global,v2_global,0.5,0.8810358047485352,0.8045375347137451,0.5,0.05,50,31,50,unweighted,0.27027589082717896,0.20671236515045166,0.7989116112391154,0.9789586511197897,600,0,0,0,0,170,0.08470588235294117,0.34411764705882353,0.2815659511399064,0.4,0.058823529411764705,0.4696078431372549,0.325752599192326,0.5176470588235295
V2-global,v2_global,0.5,0.8836317658424377,0.8045375347137451,0.5,0.05,100,31,51,unweighted,0.27027589082717896,0.20671236515045166,0.7989116112391154,0.9789586511197897,600,0,0,0,0,170,0.08470588235294117,0.34411764705882353,0.2815659511399064,0.4,0.058823529411764705,0.4696078431372549,0.325752599192326,0.5176470588235295
V2-global,v2_global,0.5,0.8836317658424377,0.8045375347137451,0.5,0.05,200,31,51,unweighted,0.27027589082717896,0.20671236515045166,0.7989116112391154,0.9789586511197897,600,0,0,0,0,170,0.08470588235294117,0.34411764705882353,0.2815659511399064,0.4,0.058823529411764705,0.4696078431372549,0.325752599192326,0.5176470588235295
V2-global,v2_global,0.5,0.5124678611755371,0.5124678611755371,1.0,0.001,50,50,50,unweighted,0.3738274872303009,0.27343204617500305,0.7942402670780818,1.0094300789506188,600,0,0,0,0,170,0.11411764705882352,0.48823529411764705,0.38171150262057946,0.5411764705882353,0.0811764705882353,0.6735294117647059,0.44473162685734896,0.7235294117647059
V2-global,v2_global,0.5,0.5248084664344788,0.5248084664344788,1.0,0.001,100,100,100,unweighted,0.3684566915035248,0.26981496810913086,0.7939006018638611,1.0069483790807758,600,0,0,0,0,170,0.11529411764705884,0.49117647058823527,0.38016560681333994,0.5470588235294118,0.0811764705882353,0.6735294117647059,0.4412961250231965,0.7235294117647059
V2-global,v2_global,0.5,0.5489875078201294,0.5489875078201294,1.0,0.001,200,200,200,unweighted,0.35818833112716675,0.26296737790107727,0.7933738793929418,1.0023781844587207,600,0,0,0,0,170,0.11294117647058825,0.47941176470588237,0.36985318120364946,0.5352941176470588,0.0776470588235294,0.6411764705882353,0.4249834136312782,0.6941176470588235
V2-global,v2_global,0.5,0.5613693594932556,0.5613693594932556,1.0,0.005,50,50,50,unweighted,0.3530605435371399,0.25957968831062317,0.7932274576028188,1.0001894234466917,600,0,0,0,0,170,0.11294117647058825,0.47941176470588237,0.3691953640522569,0.5352941176470588,0.07705882352941178,0.6352941176470588,0.4223742181447134,0.6882352941176471
V2-global,v2_global,0.5,0.617699921131134,0.617699921131134,1.0,0.005,100,100,100,unweighted,0.33084815740585327,0.24512377381324768,0.7931302692492803,0.991559157026989,600,0,0,0,0,170,0.10470588235294118,0.43725490196078426,0.34594962935847856,0.48823529411764705,0.07470588235294118,0.6156862745098038,0.40707984259402075,0.6647058823529411
V2-global,v2_global,0.5,0.7097526788711548,0.7097526788711548,1.0,0.005,200,200,200,unweighted,0.2984887659549713,0.22454088926315308,0.7944189627965291,0.9822529205527122,600,0,0,0,0,170,0.09882352941176471,0.4117647058823529,0.31893681838274657,0.4647058823529412,0.06823529411764706,0.5539215686274509,0.36914672286965183,0.6058823529411764
V2-global,v2_global,0.5,0.619025707244873,0.619025707244873,1.0,0.01,50,50,50,unweighted,0.3303474187850952,0.2448015660047531,0.7931338143348694,0.9913825561019275,600,0,0,0,0,170,0.10470588235294118,0.43725490196078426,0.34594962935847856,0.48823529411764705,0.07470588235294118,0.6156862745098038,0.40707984259402075,0.6647058823529411
V2-global,v2_global,0.5,0.712709367275238,0.712709367275238,1.0,0.01,100,100,100,unweighted,0.2975303828716278,0.22393634915351868,0.7945164648691813,0.9820547756565303,600,0,0,0,0,170,0.09882352941176471,0.4117647058823529,0.318421244843466,0.4647058823529412,0.06823529411764706,0.5539215686274509,0.3685260407624442,0.6058823529411764
V2-global,v2_global,0.5,0.8219239711761475,0.8046351075172424,1.0,0.01,200,175,195,unweighted,0.27024951577186584,0.2066955417394638,0.7989176181952159,0.9789586310668792,600,0,0,0,0,170,0.08470588235294117,0.34411764705882353,0.2815659511399064,0.4,0.058823529411764705,0.4696078431372549,0.325752599192326,0.5176470588235295
V2-global,v2_global,0.5,0.8807600736618042,0.8041994571685791,1.0,0.05,50,31,50,unweighted,0.2703673243522644,0.20677058398723602,0.7988907859722774,0.9789587522830951,600,0,0,0,0,170,0.08470588235294117,0.34411764705882353,0.2815659511399064,0.4,0.058823529411764705,0.4696078431372549,0.325752599192326,0.5176470588235295
V2-global,v2_global,0.5,0.8833653926849365,0.8041994571685791,1.0,0.05,100,31,51,unweighted,0.2703673243522644,0.20677058398723602,0.7988907859722774,0.9789587522830951,600,0,0,0,0,170,0.08470588235294117,0.34411764705882353,0.2815659511399064,0.4,0.058823529411764705,0.4696078431372549,0.325752599192326,0.5176470588235295
V2-global,v2_global,0.5,0.8833653926849365,0.8041994571685791,1.0,0.05,200,31,51,unweighted,0.2703673243522644,0.20677058398723602,0.7988907859722774,0.9789587522830951,600,0,0,0,0,170,0.08470588235294117,0.34411764705882353,0.2815659511399064,0.4,0.058823529411764705,0.4696078431372549,0.325752599192326,0.5176470588235295
V2-global,v2_global,0.75,0.7592100501060486,0.7592100501060486,0.0,0.001,50,50,50,unweighted,0.2831211984157562,0.21485047042369843,0.7963482401768367,0.9797204687682918,600,0,0,0,0,170,0.08705882352941177,0.35294117647058826,0.29020860883418287,0.40588235294117647,0.06588235294117646,0.5333333333333333,0.3527881123183985,0.5823529411764706
V2-global,v2_global,0.75,0.7680181264877319,0.7680181264877319,0.0,0.001,100,100,100,unweighted,0.2805323302745819,0.21321550011634827,0.796791286667188,0.9794545391205198,600,0,0,0,0,170,0.08588235294117648,0.34705882352941175,0.2877749428516074,0.4,0.06588235294117646,0.5333333333333333,0.35152477569162166,0.5823529411764706
V2-global,v2_global,0.75,0.7844350934028625,0.7844350934028625,0.0,0.001,200,200,200,unweighted,0.27582645416259766,0.2102379947900772,0.7977005404233932,0.9791105996015422,600,0,0,0,0,170,0.08588235294117648,0.34705882352941175,0.2838058045903703,0.4,0.06058823529411765,0.484313725490196,0.33200431269927994,0.5352941176470588
V2-global,v2_global,0.75,0.7928152084350586,0.7928152084350586,0.0,0.005,50,50,50,unweighted,0.2734842598438263,0.20875243842601776,0.7981896825631459,0.9790112212518125,600,0,0,0,0,170,0.08588235294117648,0.34705882352941175,0.28327704579101853,0.4,0.060000000000000005,0.4784313725490196,0.3292109402053151,0.5294117647058824
V2-global,v2_global,0.75,0.8180046081542969,0.8045697212219238,0.0,0.005,100,66,86,unweighted,0.27026718854904175,0.20670682191848755,0.7989135883251826,0.9789586401541757,600,0,0,0,0,170,0.08470588235294117,0.34411764705882353,0.2815659511399064,0.4,0.058823529411764705,0.4696078431372549,0.325752599192326,0.5176470588235295
V2-global,v2_global,0.75,0.8180046081542969,0.8045697212219238,0.0,0.005,200,66,86,unweighted,0.27026718854904175,0.20670682191848755,0.7989135883251826,0.9789586401541757,600,0,0,0,0,170,0.08470588235294117,0.34411764705882353,0.2815659511399064,0.4,0.058823529411764705,0.4696078431372549,0.325752599192326,0.5176470588235295
V2-global,v2_global,0.75,0.828001856803894,0.8052974343299866,0.0,0.01,50,33,50,unweighted,0.2700706422328949,0.20658160746097565,0.7989584046602249,0.9789587112176134,600,0,0,0,0,170,0.08470588235294117,0.34411764705882353,0.2813081643702661,0.4,0.058823529411764705,0.4696078431372549,0.3255589811546186,0.5176470588235295
V2-global,v2_global,0.75,0.8316184878349304,0.8052974343299866,0.0,0.01,100,33,53,unweighted,0.2700706422328949,0.20658160746097565,0.7989584046602249,0.9789587112176134,600,0,0,0,0,170,0.08470588235294117,0.34411764705882353,0.2813081643702661,0.4,0.058823529411764705,0.4696078431372549,0.3255589811546186,0.5176470588235295
V2-global,v2_global,0.75,0.8316184878349304,0.8052974343299866,0.0,0.01,200,33,53,unweighted,0.2700706422328949,0.20658160746097565,0.7989584046602249,0.9789587112176134,600,0,0,0,0,170,0.08470588235294117,0.34411764705882353,0.2813081643702661,0.4,0.058823529411764705,0.4696078431372549,0.3255589811546186,0.5176470588235295
V2-global,v2_global,0.75,0.9062420725822449,0.8016511797904968,0.0,0.05,50,6,26,unweighted,0.2710585296154022,0.20721063017845154,0.7987338491280873,0.97896223685181,600,0,0,0,0,170,0.08470588235294117,0.34411764705882353,0.2817237038935327,0.4,0.05941176470588235,0.47549019607843135,0.327610733277234,0.5235294117647059
V2-global,v2_global,0.75,0.9062420725822449,0.8016511797904968,0.0,0.05,100,6,26,unweighted,0.2710585296154022,0.20721063017845154,0.7987338491280873,0.97896223685181,600,0,0,0,0,170,0.08470588235294117,0.34411764705882353,0.2817237038935327,0.4,0.05941176470588235,0.47549019607843135,0.327610733277234,0.5235294117647059
V2-global,v2_global,0.75,0.9062420725822449,0.8016511797904968,0.0,0.05,200,6,26,unweighted,0.2710585296154022,0.20721063017845154,0.7987338491280873,0.97896223685181,600,0,0,0,0,170,0.08470588235294117,0.34411764705882353,0.2817237038935327,0.4,0.05941176470588235,0.47549019607843135,0.327610733277234,0.5235294117647059
V2-global,v2_global,0.75,0.7592100501060486,0.7592100501060486,0.01,0.001,50,50,50,unweighted,0.2831211984157562,0.21485047042369843,0.7963482401768367,0.9797204687682918,600,0,0,0,0,170,0.08705882352941177,0.35294117647058826,0.29020860883418287,0.40588235294117647,0.06588235294117646,0.5333333333333333,0.3527881123183985,0.5823529411764706
V2-global,v2_global,0.75,0.7680181264877319,0.7680181264877319,0.01,0.001,100,100,100,unweighted,0.2805323302745819,0.21321550011634827,0.796791286667188,0.9794545391205198,600,0,0,0,0,170,0.08588235294117648,0.34705882352941175,0.2877749428516074,0.4,0.06588235294117646,0.5333333333333333,0.35152477569162166,0.5823529411764706
V2-global,v2_global,0.75,0.7844353318214417,0.7844353318214417,0.01,0.001,200,200,200,unweighted,0.2758263945579529,0.21023796498775482,0.7977005485693613,0.9791105947604822,600,0,0,0,0,170,0.08588235294117648,0.34705882352941175,0.2838058045903703,0.4,0.06058823529411765,0.484313725490196,0.33200431269927994,0.5352941176470588
V2-global,v2_global,0.75,0.7928153276443481,0.7928153276443481,0.01,0.005,50,50,50,unweighted,0.2734842598438263,0.20875240862369537,0.7981896962722143,0.9790112264413025,600,0,0,0,0,170,0.08588235294117648,0.34705882352941175,0.28327704579101853,0.4,0.060000000000000005,0.4784313725490196,0.3292109402053151,0.5294117647058824
V2-global,v2_global,0.75,0.8180055022239685,0.8045700788497925,0.01,0.005,100,66,86,unweighted,0.2702670991420746,0.20670676231384277,0.7989136079947153,0.9789586376413303,600,0,0,0,0,170,0.08470588235294117,0.34411764705882353,0.2815659511399064,0.4,0.058823529411764705,0.4696078431372549,0.325752599192326,0.5176470588235295
V2-global,v2_global,0.75,0.8180055022239685,0.8045700788497925,0.01,0.005,200,66,86,unweighted,0.2702670991420746,0.20670676231384277,0.7989136079947153,0.9789586376413303,600,0,0,0,0,170,0.08470588235294117,0.34411764705882353,0.2815659511399064,0.4,0.058823529411764705,0.4696078431372549,0.325752599192326,0.5176470588235295
V2-global,v2_global,0.75,0.8280026912689209,0.8052977323532104,0.01,0.01,50,33,50,unweighted,0.2700705826282501,0.20658156275749207,0.7989584287007649,0.9789587170675151,600,0,0,0,0,170,0.08470588235294117,0.34411764705882353,0.2813081643702661,0.4,0.058823529411764705,0.4696078431372549,0.3255589811546186,0.5176470588235295
V2-global,v2_global,0.75,0.8316195011138916,0.8052977323532104,0.01,0.01,100,33,53,unweighted,0.2700705826282501,0.20658156275749207,0.7989584287007649,0.9789587170675151,600,0,0,0,0,170,0.08470588235294117,0.34411764705882353,0.2813081643702661,0.4,0.058823529411764705,0.4696078431372549,0.3255589811546186,0.5176470588235295
V2-global,v2_global,0.75,0.8316195011138916,0.8052977323532104,0.01,0.01,200,33,53,unweighted,0.2700705826282501,0.20658156275749207,0.7989584287007649,0.9789587170675151,600,0,0,0,0,170,0.08470588235294117,0.34411764705882353,0.2813081643702661,0.4,0.058823529411764705,0.4696078431372549,0.3255589811546186,0.5176470588235295
V2-global,v2_global,0.75,0.9062460064888,0.8016511797904968,0.01,0.05,50,6,26,unweighted,0.2710585296154022,0.20721063017845154,0.7987338491280873,0.97896223685181,600,0,0,0,0,170,0.08470588235294117,0.34411764705882353,0.2817237038935327,0.4,0.05941176470588235,0.47549019607843135,0.327610733277234,0.5235294117647059
V2-global,v2_global,0.75,0.9062460064888,0.8016511797904968,0.01,0.05,100,6,26,unweighted,0.2710585296154022,0.20721063017845154,0.7987338491280873,0.97896223685181,600,0,0,0,0,170,0.08470588235294117,0.34411764705882353,0.2817237038935327,0.4,0.05941176470588235,0.47549019607843135,0.327610733277234,0.5235294117647059
V2-global,v2_global,0.75,0.9062460064888,0.8016511797904968,0.01,0.05,200,6,26,unweighted,0.2710585296154022,0.20721063017845154,0.7987338491280873,0.97896223685181,600,0,0,0,0,170,0.08470588235294117,0.34411764705882353,0.2817237038935327,0.4,0.05941176470588235,0.47549019607843135,0.327610733277234,0.5235294117647059
V2-global,v2_global,0.75,0.7592100501060486,0.7592100501060486,0.05,0.001,50,50,50,unweighted,0.2831211984157562,0.21485047042369843,0.7963482401768367,0.9797204687682918,600,0,0,0,0,170,0.08705882352941177,0.35294117647058826,0.29020860883418287,0.40588235294117647,0.06588235294117646,0.5333333333333333,0.3527881123183985,0.5823529411764706
V2-global,v2_global,0.75,0.7680181860923767,0.7680181860923767,0.05,0.001,100,100,100,unweighted,0.2805323302745819,0.21321548521518707,0.7967912874619166,0.979454534571056,600,0,0,0,0,170,0.08588235294117648,0.34705882352941175,0.2877749428516074,0.4,0.06588235294117646,0.5333333333333333,0.35152477569162166,0.5823529411764706
V2-global,v2_global,0.75,0.7844359874725342,0.7844359874725342,0.05,0.001,200,200,200,unweighted,0.27582624554634094,0.21023786067962646,0.7977005928754807,0.9791105954759357,600,0,0,0,0,170,0.08588235294117648,0.34705882352941175,0.2838058045903703,0.4,0.06058823529411765,0.484313725490196,0.33200431269927994,0.5352941176470588
V2-global,v2_global,0.75,0.7928161025047302,0.7928161025047302,0.05,0.005,50,50,50,unweighted,0.2734840214252472,0.20875228941440582,0.7981897393862406,0.9790112158261641,600,0,0,0,0,170,0.08588235294117648,0.34705882352941175,0.28327704579101853,0.4,0.060000000000000005,0.4784313725490196,0.3292109402053151,0.5294117647058824
V2-global,v2_global,0.75,0.8180087804794312,0.8045717477798462,0.05,0.005,100,66,86,unweighted,0.27026665210723877,0.2067064642906189,0.7989137218395869,0.978958644590701,600,0,0,0,0,170,0.08470588235294117,0.34411764705882353,0.2815659511399064,0.4,0.058823529411764705,0.4696078431372549,0.325752599192326,0.5176470588235295
V2-global,v2_global,0.75,0.8180087804794312,0.8045717477798462,0.05,0.005,200,66,86,unweighted,0.27026665210723877,0.2067064642906189,0.7989137218395869,0.978958644590701,600,0,0,0,0,170,0.08470588235294117,0.34411764705882353,0.2815659511399064,0.4,0.058823529411764705,0.4696078431372549,0.325752599192326,0.5176470588235295
V2-global,v2_global,0.75,0.8280061483383179,0.8052987456321716,0.05,0.01,50,33,50,unweighted,0.27007028460502625,0.20658139884471893,0.7989584910869598,0.9789587233610613,600,0,0,0,0,170,0.08470588235294117,0.34411764705882353,0.2813081643702661,0.4,0.058823529411764705,0.4696078431372549,0.3255589811546186,0.5176470588235295
V2-global,v2_global,0.75,0.8316234946250916,0.8052987456321716,0.05,0.01,100,33,53,unweighted,0.27007028460502625,0.20658139884471893,0.7989584910869598,0.9789587233610613,600,0,0,0,0,170,0.08470588235294117,0.34411764705882353,0.2813081643702661,0.4,0.058823529411764705,0.4696078431372549,0.3255589811546186,0.5176470588235295
V2-global,v2_global,0.75,0.8316234946250916,0.8052987456321716,0.05,0.01,200,33,53,unweighted,0.27007028460502625,0.20658139884471893,0.7989584910869598,0.9789587233610613,600,0,0,0,0,170,0.08470588235294117,0.34411764705882353,0.2813081643702661,0.4,0.058823529411764705,0.4696078431372549,0.3255589811546186,0.5176470588235295
V2-global,v2_global,0.75,0.9062610864639282,0.8016514182090759,0.05,0.05,50,6,26,unweighted,0.27105849981307983,0.20721057057380676,0.7987338640292485,0.9789622348932054,600,0,0,0,0,170,0.08470588235294117,0.34411764705882353,0.2817237038935327,0.4,0.05941176470588235,0.47549019607843135,0.327610733277234,0.5235294117647059
V2-global,v2_global,0.75,0.9062610864639282,0.8016514182090759,0.05,0.05,100,6,26,unweighted,0.27105849981307983,0.20721057057380676,0.7987338640292485,0.9789622348932054,600,0,0,0,0,170,0.08470588235294117,0.34411764705882353,0.2817237038935327,0.4,0.05941176470588235,0.47549019607843135,0.327610733277234,0.5235294117647059
V2-global,v2_global,0.75,0.9062610864639282,0.8016514182090759,0.05,0.05,200,6,26,unweighted,0.27105849981307983,0.20721057057380676,0.7987338640292485,0.9789622348932054,600,0,0,0,0,170,0.08470588235294117,0.34411764705882353,0.2817237038935327,0.4,0.05941176470588235,0.47549019607843135,0.327610733277234,0.5235294117647059
V2-global,v2_global,0.75,0.7592101097106934,0.7592101097106934,0.1,0.001,50,50,50,unweighted,0.2831211984157562,0.21485044062137604,0.7963482417662938,0.9797204652309096,600,0,0,0,0,170,0.08705882352941177,0.35294117647058826,0.29020860883418287,0.40588235294117647,0.06588235294117646,0.5333333333333333,0.3527881123183985,0.5823529411764706
V2-global,v2_global,0.75,0.7680184245109558,0.7680184245109558,0.1,0.001,100,100,100,unweighted,0.28053224086761475,0.2132154405117035,0.7967913057406744,0.9794545313619282,600,0,0,0,0,170,0.08588235294117648,0.34705882352941175,0.2877749428516074,0.4,0.06588235294117646,0.5333333333333333,0.35152477569162166,0.5823529411764706
V2-global,v2_global,0.75,0.7844368815422058,0.7844368815422058,0.1,0.001,200,200,200,unweighted,0.27582597732543945,0.21023768186569214,0.7977006369829178,0.9791105720182656,600,0,0,0,0,170,0.08588235294117648,0.34705882352941175,0.2838058045903703,0.4,0.06058823529411765,0.484313725490196,0.33200431269927994,0.5352941176470588
V2-global,v2_global,0.75,0.7928169965744019,0.7928169965744019,0.1,0.005,50,50,50,unweighted,0.2734837532043457,0.2087521255016327,0.7981897906462352,0.9790112054731381,600,0,0,0,0,170,0.08588235294117648,0.34705882352941175,0.28327704579101853,0.4,0.060000000000000005,0.4784313725490196,0.3292109402053151,0.5294117647058824
V2-global,v2_global,0.75,0.8180124163627625,0.804573655128479,0.1,0.005,100,66,86,unweighted,0.2702661454677582,0.20670613646507263,0.7989138360818228,0.9789586415014571,600,0,0,0,0,170,0.08470588235294117,0.34411764705882353,0.2815659511399064,0.4,0.058823529411764705,0.4696078431372549,0.325752599192326,0.5176470588235295
V2-global,v2_global,0.75,0.8180124163627625,0.804573655128479,0.1,0.005,200,66,86,unweighted,0.2702661454677582,0.20670613646507263,0.7989138360818228,0.9789586415014571,600,0,0,0,0,170,0.08470588235294117,0.34411764705882353,0.2815659511399064,0.4,0.058823529411764705,0.4696078431372549,0.325752599192326,0.5176470588235295
V2-global,v2_global,0.75,0.8280102014541626,0.8052999973297119,0.1,0.01,50,33,50,unweighted,0.27006998658180237,0.20658119022846222,0.7989585655927658,0.9789587238902118,600,0,0,0,0,170,0.08470588235294117,0.34411764705882353,0.2813081643702661,0.4,0.058823529411764705,0.4696078431372549,0.3255589811546186,0.5176470588235295
V2-global,v2_global,0.75,0.8316283822059631,0.8052999973297119,0.1,0.01,100,33,53,unweighted,0.27006998658180237,0.20658119022846222,0.7989585655927658,0.9789587238902118,600,0,0,0,0,170,0.08470588235294117,0.34411764705882353,0.2813081643702661,0.4,0.058823529411764705,0.4696078431372549,0.3255589811546186,0.5176470588235295
V2-global,v2_global,0.75,0.8316283822059631,0.8052999973297119,0.1,0.01,200,33,53,unweighted,0.27006998658180237,0.20658119022846222,0.7989585655927658,0.9789587238902118,600,0,0,0,0,170,0.08470588235294117,0.34411764705882353,0.2813081643702661,0.4,0.058823529411764705,0.4696078431372549,0.3255589811546186,0.5176470588235295
V2-global,v2_global,0.75,0.9062789678573608,0.8016517162322998,0.1,0.05,50,6,26,unweighted,0.2710583806037903,0.20721052587032318,0.7987338821093242,0.978962234235502,600,0,0,0,0,170,0.08470588235294117,0.34411764705882353,0.2817237038935327,0.4,0.05941176470588235,0.47549019607843135,0.327610733277234,0.5235294117647059
V2-global,v2_global,0.75,0.9062789678573608,0.8016517162322998,0.1,0.05,100,6,26,unweighted,0.2710583806037903,0.20721052587032318,0.7987338821093242,0.978962234235502,600,0,0,0,0,170,0.08470588235294117,0.34411764705882353,0.2817237038935327,0.4,0.05941176470588235,0.47549019607843135,0.327610733277234,0.5235294117647059
V2-global,v2_global,0.75,0.9062789678573608,0.8016517162322998,0.1,0.05,200,6,26,unweighted,0.2710583806037903,0.20721052587032318,0.7987338821093242,0.978962234235502,600,0,0,0,0,170,0.08470588235294117,0.34411764705882353,0.2817237038935327,0.4,0.05941176470588235,0.47549019607843135,0.327610733277234,0.5235294117647059
V2-global,v2_global,0.75,0.7592101693153381,0.7592101693153381,0.25,0.001,50,50,50,unweighted,0.28312116861343384,0.21485042572021484,0.7963482483228048,0.9797204649051977,600,0,0,0,0,170,0.08705882352941177,0.35294117647058826,0.29020860883418287,0.40588235294117647,0.06588235294117646,0.5333333333333333,0.3527881123183985,0.5823529411764706
V2-global,v2_global,0.75,0.7680188417434692,0.7680188417434692,0.25,0.001,100,100,100,unweighted,0.2805321216583252,0.21321536600589752,0.7967913315693538,0.97945451872371,600,0,0,0,0,170,0.08588235294117648,0.34705882352941175,0.2877749428516074,0.4,0.06588235294117646,0.5333333333333333,0.35152477569162166,0.5823529411764706
V2-global,v2_global,0.75,0.7844391465187073,0.7844391465187073,0.25,0.001,200,200,200,unweighted,0.2758253514766693,0.2102372944355011,0.7977007728815079,0.9791105441232434,600,0,0,0,0,170,0.08588235294117648,0.34705882352941175,0.2838058045903703,0.4,0.06058823529411765,0.484313725490196,0.33200431269927994,0.5352941176470588
V2-global,v2_global,0.75,0.7928192615509033,0.7928192615509033,0.25,0.005,50,50,50,unweighted,0.27348315715789795,0.20875170826911926,0.7981899390618007,0.9790111929298654,600,0,0,0,0,170,0.08588235294117648,0.34705882352941175,0.28327704579101853,0.4,0.060000000000000005,0.4784313725490196,0.3292109402053151,0.5294117647058824
V2-global,v2_global,0.75,0.8180224895477295,0.8045786023139954,0.25,0.005,100,66,86,unweighted,0.27026480436325073,0.20670528709888458,0.798914141257604,0.978958638442104,600,0,0,0,0,170,0.08470588235294117,0.34411764705882353,0.2815659511399064,0.4,0.058823529411764705,0.4696078431372549,0.325752599192326,0.5176470588235295
V2-global,v2_global,0.75,0.8180224895477295,0.8045786023139954,0.25,0.005,200,66,86,unweighted,0.27026480436325073,0.20670528709888458,0.798914141257604,0.978958638442104,600,0,0,0,0,170,0.08470588235294117,0.34411764705882353,0.2815659511399064,0.4,0.058823529411764705,0.4696078431372549,0.325752599192326,0.5176470588235295
V2-global,v2_global,0.75,0.828021228313446,0.8053033351898193,0.25,0.01,50,33,50,unweighted,0.27006906270980835,0.20658060908317566,0.7989587688446045,0.978958716304898,600,0,0,0,0,170,0.08470588235294117,0.34411764705882353,0.2813081643702661,0.4,0.058823529411764705,0.4696078431372549,0.3255589811546186,0.5176470588235295
V2-global,v2_global,0.75,0.8316412568092346,0.8053033351898193,0.25,0.01,100,33,53,unweighted,0.27006906270980835,0.20658060908317566,0.7989587688446045,0.978958716304898,600,0,0,0,0,170,0.08470588235294117,0.34411764705882353,0.2813081643702661,0.4,0.058823529411764705,0.4696078431372549,0.3255589811546186,0.5176470588235295
V2-global,v2_global,0.75,0.8316412568092346,0.8053033351898193,0.25,0.01,200,33,53,unweighted,0.27006906270980835,0.20658060908317566,0.7989587688446045,0.978958716304898,600,0,0,0,0,170,0.08470588235294117,0.34411764705882353,0.2813081643702661,0.4,0.058823529411764705,0.4696078431372549,0.3255589811546186,0.5176470588235295
V2-global,v2_global,0.75,0.9063264727592468,0.8016524910926819,0.25,0.05,50,6,26,unweighted,0.27105817198753357,0.20721040666103363,0.7987339369455974,0.9789622414758195,600,0,0,0,0,170,0.08470588235294117,0.34411764705882353,0.2817237038935327,0.4,0.05941176470588235,0.47549019607843135,0.327610733277234,0.5235294117647059
V2-global,v2_global,0.75,0.9063264727592468,0.8016524910926819,0.25,0.05,100,6,26,unweighted,0.27105817198753357,0.20721040666103363,0.7987339369455974,0.9789622414758195,600,0,0,0,0,170,0.08470588235294117,0.34411764705882353,0.2817237038935327,0.4,0.05941176470588235,0.47549019607843135,0.327610733277234,0.5235294117647059
V2-global,v2_global,0.75,0.9063264727592468,0.8016524910926819,0.25,0.05,200,6,26,unweighted,0.27105817198753357,0.20721040666103363,0.7987339369455974,0.9789622414758195,600,0,0,0,0,170,0.08470588235294117,0.34411764705882353,0.2817237038935327,0.4,0.05941176470588235,0.47549019607843135,0.327610733277234,0.5235294117647059
V2-global,v2_global,0.75,0.7592101693153381,0.7592101693153381,0.5,0.001,50,50,50,unweighted,0.28312116861343384,0.21485042572021484,0.7963482483228048,0.9797204649051977,600,0,0,0,0,170,0.08705882352941177,0.35294117647058826,0.29020860883418287,0.40588235294117647,0.06588235294117646,0.5333333333333333,0.3527881123183985,0.5823529411764706
V2-global,v2_global,0.75,0.7680193185806274,0.7680193185806274,0.5,0.001,100,100,100,unweighted,0.28053197264671326,0.21321527659893036,0.7967913492520651,0.9794545008767054,600,0,0,0,0,170,0.08588235294117648,0.34705882352941175,0.2877749428516074,0.4,0.06588235294117646,0.5333333333333333,0.35152477569162166,0.5823529411764706
V2-global,v2_global,0.75,0.7844421863555908,0.7844421863555908,0.5,0.001,200,200,200,unweighted,0.27582448720932007,0.21023672819137573,0.7977009409666062,0.9791104875260452,600,0,0,0,0,170,0.08588235294117648,0.34705882352941175,0.2838058045903703,0.4,0.06058823529411765,0.484313725490196,0.33200431269927994,0.5352941176470588
V2-global,v2_global,0.75,0.7928224205970764,0.7928224205970764,0.5,0.005,50,50,50,unweighted,0.2734822928905487,0.2087511569261551,0.7981901305913925,0.9790111603183036,600,0,0,0,0,170,0.08588235294117648,0.34705882352941175,0.28327704579101853,0.4,0.060000000000000005,0.4784313725490196,0.3292109402053151,0.5294117647058824
V2-global,v2_global,0.75,0.8180359601974487,0.8045853972434998,0.5,0.005,100,66,86,unweighted,0.2702629566192627,0.20670412480831146,0.7989145594835282,0.9789586394361578,600,0,0,0,0,170,0.08470588235294117,0.34411764705882353,0.2815659511399064,0.4,0.058823529411764705,0.4696078431372549,0.325752599192326,0.5176470588235295
V2-global,v2_global,0.75,0.8180359601974487,0.8045853972434998,0.5,0.005,200,66,86,unweighted,0.2702629566192627,0.20670412480831146,0.7989145594835282,0.9789586394361578,600,0,0,0,0,170,0.08470588235294117,0.34411764705882353,0.2815659511399064,0.4,0.058823529411764705,0.4696078431372549,0.325752599192326,0.5176470588235295
V2-global,v2_global,0.75,0.8280361294746399,0.8053078651428223,0.5,0.01,50,33,50,unweighted,0.27006781101226807,0.20657981932163239,0.7989590513706207,0.9789587299742997,600,0,0,0,0,170,0.08470588235294117,0.34411764705882353,0.2813081643702661,0.4,0.058823529411764705,0.4696078431372549,0.3255589811546186,0.5176470588235295
V2-global,v2_global,0.75,0.8316585421562195,0.8053078651428223,0.5,0.01,100,33,53,unweighted,0.27006781101226807,0.20657981932163239,0.7989590513706207,0.9789587299742997,600,0,0,0,0,170,0.08470588235294117,0.34411764705882353,0.2813081643702661,0.4,0.058823529411764705,0.4696078431372549,0.3255589811546186,0.5176470588235295
V2-global,v2_global,0.75,0.8316585421562195,0.8053078651428223,0.5,0.01,200,33,53,unweighted,0.27006781101226807,0.20657981932163239,0.7989590513706207,0.9789587299742997,600,0,0,0,0,170,0.08470588235294117,0.34411764705882353,0.2813081643702661,0.4,0.058823529411764705,0.4696078431372549,0.3255589811546186,0.5176470588235295
V2-global,v2_global,0.75,0.9063903093338013,0.8016535639762878,0.5,0.05,50,6,26,unweighted,0.2710578739643097,0.2072102129459381,0.79873399635156,0.9789622308954787,600,0,0,0,0,170,0.08470588235294117,0.34411764705882353,0.2817237038935327,0.4,0.05941176470588235,0.47549019607843135,0.327610733277234,0.5235294117647059
V2-global,v2_global,0.75,0.9063903093338013,0.8016535639762878,0.5,0.05,100,6,26,unweighted,0.2710578739643097,0.2072102129459381,0.79873399635156,0.9789622308954787,600,0,0,0,0,170,0.08470588235294117,0.34411764705882353,0.2817237038935327,0.4,0.05941176470588235,0.47549019607843135,0.327610733277234,0.5235294117647059
V2-global,v2_global,0.75,0.9063903093338013,0.8016535639762878,0.5,0.05,200,6,26,unweighted,0.2710578739643097,0.2072102129459381,0.79873399635156,0.9789622308954787,600,0,0,0,0,170,0.08470588235294117,0.34411764705882353,0.2817237038935327,0.4,0.05941176470588235,0.47549019607843135,0.327610733277234,0.5235294117647059
V2-global,v2_global,0.75,0.7592102885246277,0.7592102885246277,1.0,0.001,50,50,50,unweighted,0.28312113881111145,0.21485041081905365,0.7963482489188513,0.9797204561404165,600,0,0,0,0,170,0.08705882352941177,0.35294117647058826,0.29020860883418287,0.40588235294117647,0.06588235294117646,0.5333333333333333,0.3527881123183985,0.5823529411764706
V2-global,v2_global,0.75,0.7680201530456543,0.7680201530456543,1.0,0.001,100,100,100,unweighted,0.28053173422813416,0.21321512758731842,0.7967913993199667,0.9794544854002233,600,0,0,0,0,170,0.08588235294117648,0.34705882352941175,0.2877749428516074,0.4,0.06588235294117646,0.5333333333333333,0.35152477569162166,0.5823529411764706
V2-global,v2_global,0.75,0.7844464778900146,0.7844464778900146,1.0,0.001,200,200,200,unweighted,0.2758232653141022,0.21023596823215485,0.7977011932929357,0.9791104307491739,600,0,0,0,0,170,0.08588235294117648,0.34705882352941175,0.2838058045903703,0.4,0.06058823529411765,0.484313725490196,0.33200431269927994,0.5352941176470588
V2-global,v2_global,0.75,0.792826771736145,0.792826771736145,1.0,0.005,50,50,50,unweighted,0.2734810709953308,0.2087503969669342,0.7981903914610545,0.9790111208124179,600,0,0,0,0,170,0.08588235294117648,0.34705882352941175,0.28327704579101853,0.4,0.060000000000000005,0.4784313725490196,0.3292109402053151,0.5294117647058824
V2-global,v2_global,0.75,0.818055272102356,0.8045950531959534,1.0,0.005,100,66,86,unweighted,0.27026036381721497,0.20670247077941895,0.7989151479800543,0.9789586368415398,600,0,0,0,0,170,0.08470588235294117,0.34411764705882353,0.2815659511399064,0.4,0.058823529411764705,0.4696078431372549,0.325752599192326,0.5176470588235295
V2-global,v2_global,0.75,0.818055272102356,0.8045950531959534,1.0,0.005,200,66,86,unweighted,0.27026036381721497,0.20670247077941895,0.7989151479800543,0.9789586368415398,600,0,0,0,0,170,0.08470588235294117,0.34411764705882353,0.2815659511399064,0.4,0.058823529411764705,0.4696078431372549,0.325752599192326,0.5176470588235295
V2-global,v2_global,0.75,0.828057050704956,0.8053142428398132,1.0,0.01,50,33,50,unweighted,0.27006611227989197,0.20657873153686523,0.7989594421784083,0.9789587227299326,600,0,0,0,0,170,0.08470588235294117,0.34411764705882353,0.2813081643702661,0.4,0.058823529411764705,0.4696078431372549,0.3255589811546186,0.5176470588235295
V2-global,v2_global,0.75,0.8316830396652222,0.8053142428398132,1.0,0.01,100,33,53,unweighted,0.27006611227989197,0.20657873153686523,0.7989594421784083,0.9789587227299326,600,0,0,0,0,170,0.08470588235294117,0.34411764705882353,0.2813081643702661,0.4,0.058823529411764705,0.4696078431372549,0.3255589811546186,0.5176470588235295
V2-global,v2_global,0.75,0.8316830396652222,0.8053142428398132,1.0,0.01,200,33,53,unweighted,0.27006611227989197,0.20657873153686523,0.7989594421784083,0.9789587227299326,600,0,0,0,0,170,0.08470588235294117,0.34411764705882353,0.2813081643702661,0.4,0.058823529411764705,0.4696078431372549,0.3255589811546186,0.5176470588235295
V2-global,v2_global,0.75,0.9064805507659912,0.8016549348831177,1.0,0.05,50,6,26,unweighted,0.27105751633644104,0.20720995962619781,0.7987340819835663,0.9789622284393338,600,0,0,0,0,170,0.08470588235294117,0.34411764705882353,0.2817237038935327,0.4,0.05941176470588235,0.47549019607843135,0.327610733277234,0.5235294117647059
V2-global,v2_global,0.75,0.9064805507659912,0.8016549348831177,1.0,0.05,100,6,26,unweighted,0.27105751633644104,0.20720995962619781,0.7987340819835663,0.9789622284393338,600,0,0,0,0,170,0.08470588235294117,0.34411764705882353,0.2817237038935327,0.4,0.05941176470588235,0.47549019607843135,0.327610733277234,0.5235294117647059
V2-global,v2_global,0.75,0.9064805507659912,0.8016549348831177,1.0,0.05,200,6,26,unweighted,0.27105751633644104,0.20720995962619781,0.7987340819835663,0.9789622284393338,600,0,0,0,0,170,0.08470588235294117,0.34411764705882353,0.2817237038935327,0.4,0.05941176470588235,0.47549019607843135,0.327610733277234,0.5235294117647059
V2-global,v2_global,0.9,0.9018716812133789,0.9000899791717529,0.0,0.001,50,1,21,unweighted,0.24707938730716705,0.19161944091320038,0.805633047024409,0.9822847905140113,600,0,0,0,0,170,0.07411764705882354,0.2901960784313725,0.2348365326078272,0.35294117647058826,0.05117647058823529,0.4,0.27388700565197077,0.45294117647058824
V2-global,v2_global,0.9,0.9018716812133789,0.9000899791717529,0.0,0.001,100,1,21,unweighted,0.24707938730716705,0.19161944091320038,0.805633047024409,0.9822847905140113,600,0,0,0,0,170,0.07411764705882354,0.2901960784313725,0.2348365326078272,0.35294117647058826,0.05117647058823529,0.4,0.27388700565197077,0.45294117647058824
V2-global,v2_global,0.9,0.9018716812133789,0.9000899791717529,0.0,0.001,200,1,21,unweighted,0.24707938730716705,0.19161944091320038,0.805633047024409,0.9822847905140113,600,0,0,0,0,170,0.07411764705882354,0.2901960784313725,0.2348365326078272,0.35294117647058826,0.05117647058823529,0.4,0.27388700565197077,0.45294117647058824
V2-global,v2_global,0.9,0.9090012311935425,0.9004490971565247,0.0,0.005,50,1,21,unweighted,0.24700213968753815,0.1915675401687622,0.8056698304414749,0.9823098645092112,600,0,0,0,0,170,0.07411764705882354,0.2901960784313725,0.2348365326078272,0.35294117647058826,0.05117647058823529,0.4,0.27388700565197077,0.45294117647058824
V2-global,v2_global,0.9,0.9090012311935425,0.9004490971565247,0.0,0.005,100,1,21,unweighted,0.24700213968753815,0.1915675401687622,0.8056698304414749,0.9823098645092112,600,0,0,0,0,170,0.07411764705882354,0.2901960784313725,0.2348365326078272,0.35294117647058826,0.05117647058823529,0.4,0.27388700565197077,0.45294117647058824
V2-global,v2_global,0.9,0.9090012311935425,0.9004490971565247,0.0,0.005,200,1,21,unweighted,0.24700213968753815,0.1915675401687622,0.8056698304414749,0.9823098645092112,600,0,0,0,0,170,0.07411764705882354,0.2901960784313725,0.2348365326078272,0.35294117647058826,0.05117647058823529,0.4,0.27388700565197077,0.45294117647058824
V2-global,v2_global,0.9,0.9171526432037354,0.900896430015564,0.0,0.01,50,1,21,unweighted,0.24690604209899902,0.19150292873382568,0.8057156332333882,0.982341219521514,600,0,0,0,0,170,0.07411764705882354,0.2901960784313725,0.2348365326078272,0.35294117647058826,0.05117647058823529,0.4,0.27375245357094324,0.45294117647058824
V2-global,v2_global,0.9,0.9171526432037354,0.900896430015564,0.0,0.01,100,1,21,unweighted,0.24690604209899902,0.19150292873382568,0.8057156332333882,0.982341219521514,600,0,0,0,0,170,0.07411764705882354,0.2901960784313725,0.2348365326078272,0.35294117647058826,0.05117647058823529,0.4,0.27375245357094324,0.45294117647058824
V2-global,v2_global,0.9,0.9171526432037354,0.900896430015564,0.0,0.01,200,1,21,unweighted,0.24690604209899902,0.19150292873382568,0.8057156332333882,0.982341219521514,600,0,0,0,0,170,0.07411764705882354,0.2901960784313725,0.2348365326078272,0.35294117647058826,0.05117647058823529,0.4,0.27375245357094324,0.45294117647058824
V2-global,v2_global,0.9,0.9595468640327454,0.9044108986854553,0.0,0.05,50,1,21,unweighted,0.24615487456321716,0.19099721312522888,0.8060755612452825,0.9825926642090846,600,0,0,0,0,170,0.07411764705882354,0.2901960784313725,0.2343643019557577,0.35294117647058826,0.05117647058823529,0.4,0.2730607597724241,0.45294117647058824
V2-global,v2_global,0.9,0.9595468640327454,0.9044108986854553,0.0,0.05,100,1,21,unweighted,0.24615487456321716,0.19099721312522888,0.8060755612452825,0.9825926642090846,600,0,0,0,0,170,0.07411764705882354,0.2901960784313725,0.2343643019557577,0.35294117647058826,0.05117647058823529,0.4,0.2730607597724241,0.45294117647058824
V2-global,v2_global,0.9,0.9595468640327454,0.9044108986854553,0.0,0.05,200,1,21,unweighted,0.24615487456321716,0.19099721312522888,0.8060755612452825,0.9825926642090846,600,0,0,0,0,170,0.07411764705882354,0.2901960784313725,0.2343643019557577,0.35294117647058826,0.05117647058823529,0.4,0.2730607597724241,0.45294117647058824
V2-global,v2_global,0.9,0.9018716812133789,0.9000899791717529,0.01,0.001,50,1,21,unweighted,0.24707938730716705,0.19161944091320038,0.805633047024409,0.9822847905140113,600,0,0,0,0,170,0.07411764705882354,0.2901960784313725,0.2348365326078272,0.35294117647058826,0.05117647058823529,0.4,0.27388700565197077,0.45294117647058824
V2-global,v2_global,0.9,0.9018716812133789,0.9000899791717529,0.01,0.001,100,1,21,unweighted,0.24707938730716705,0.19161944091320038,0.805633047024409,0.9822847905140113,600,0,0,0,0,170,0.07411764705882354,0.2901960784313725,0.2348365326078272,0.35294117647058826,0.05117647058823529,0.4,0.27388700565197077,0.45294117647058824
V2-global,v2_global,0.9,0.9018716812133789,0.9000899791717529,0.01,0.001,200,1,21,unweighted,0.24707938730716705,0.19161944091320038,0.805633047024409,0.9822847905140113,600,0,0,0,0,170,0.07411764705882354,0.2901960784313725,0.2348365326078272,0.35294117647058826,0.05117647058823529,0.4,0.27388700565197077,0.45294117647058824
V2-global,v2_global,0.9,0.909001350402832,0.9004490971565247,0.01,0.005,50,1,21,unweighted,0.24700213968753815,0.1915675401687622,0.8056698304414749,0.9823098645092112,600,0,0,0,0,170,0.07411764705882354,0.2901960784313725,0.2348365326078272,0.35294117647058826,0.05117647058823529,0.4,0.27388700565197077,0.45294117647058824
V2-global,v2_global,0.9,0.909001350402832,0.9004490971565247,0.01,0.005,100,1,21,unweighted,0.24700213968753815,0.1915675401687622,0.8056698304414749,0.9823098645092112,600,0,0,0,0,170,0.07411764705882354,0.2901960784313725,0.2348365326078272,0.35294117647058826,0.05117647058823529,0.4,0.27388700565197077,0.45294117647058824
V2-global,v2_global,0.9,0.909001350402832,0.9004490971565247,0.01,0.005,200,1,21,unweighted,0.24700213968753815,0.1915675401687622,0.8056698304414749,0.9823098645092112,600,0,0,0,0,170,0.07411764705882354,0.2901960784313725,0.2348365326078272,0.35294117647058826,0.05117647058823529,0.4,0.27388700565197077,0.45294117647058824
V2-global,v2_global,0.9,0.9171528220176697,0.900896430015564,0.01,0.01,50,1,21,unweighted,0.24690604209899902,0.19150292873382568,0.8057156332333882,0.982341219521514,600,0,0,0,0,170,0.07411764705882354,0.2901960784313725,0.2348365326078272,0.35294117647058826,0.05117647058823529,0.4,0.27375245357094324,0.45294117647058824
V2-global,v2_global,0.9,0.9171528220176697,0.900896430015564,0.01,0.01,100,1,21,unweighted,0.24690604209899902,0.19150292873382568,0.8057156332333882,0.982341219521514,600,0,0,0,0,170,0.07411764705882354,0.2901960784313725,0.2348365326078272,0.35294117647058826,0.05117647058823529,0.4,0.27375245357094324,0.45294117647058824
V2-global,v2_global,0.9,0.9171528220176697,0.900896430015564,0.01,0.01,200,1,21,unweighted,0.24690604209899902,0.19150292873382568,0.8057156332333882,0.982341219521514,600,0,0,0,0,170,0.07411764705882354,0.2901960784313725,0.2348365326078272,0.35294117647058826,0.05117647058823529,0.4,0.27375245357094324,0.45294117647058824
V2-global,v2_global,0.9,0.9595483541488647,0.9044108986854553,0.01,0.05,50,1,21,unweighted,0.24615487456321716,0.19099721312522888,0.8060755612452825,0.9825926642090846,600,0,0,0,0,170,0.07411764705882354,0.2901960784313725,0.2343643019557577,0.35294117647058826,0.05117647058823529,0.4,0.2730607597724241,0.45294117647058824
V2-global,v2_global,0.9,0.9595483541488647,0.9044108986854553,0.01,0.05,100,1,21,unweighted,0.24615487456321716,0.19099721312522888,0.8060755612452825,0.9825926642090846,600,0,0,0,0,170,0.07411764705882354,0.2901960784313725,0.2343643019557577,0.35294117647058826,0.05117647058823529,0.4,0.2730607597724241,0.45294117647058824
V2-global,v2_global,0.9,0.9595483541488647,0.9044108986854553,0.01,0.05,200,1,21,unweighted,0.24615487456321716,0.19099721312522888,0.8060755612452825,0.9825926642090846,600,0,0,0,0,170,0.07411764705882354,0.2901960784313725,0.2343643019557577,0.35294117647058826,0.05117647058823529,0.4,0.2730607597724241,0.45294117647058824
V2-global,v2_global,0.9,0.9018716812133789,0.9000899791717529,0.05,0.001,50,1,21,unweighted,0.24707938730716705,0.19161944091320038,0.805633047024409,0.9822847905140113,600,0,0,0,0,170,0.07411764705882354,0.2901960784313725,0.2348365326078272,0.35294117647058826,0.05117647058823529,0.4,0.27388700565197077,0.45294117647058824
V2-global,v2_global,0.9,0.9018716812133789,0.9000899791717529,0.05,0.001,100,1,21,unweighted,0.24707938730716705,0.19161944091320038,0.805633047024409,0.9822847905140113,600,0,0,0,0,170,0.07411764705882354,0.2901960784313725,0.2348365326078272,0.35294117647058826,0.05117647058823529,0.4,0.27388700565197077,0.45294117647058824
V2-global,v2_global,0.9,0.9018716812133789,0.9000899791717529,0.05,0.001,200,1,21,unweighted,0.24707938730716705,0.19161944091320038,0.805633047024409,0.9822847905140113,600,0,0,0,0,170,0.07411764705882354,0.2901960784313725,0.2348365326078272,0.35294117647058826,0.05117647058823529,0.4,0.27388700565197077,0.45294117647058824
V2-global,v2_global,0.9,0.9090014696121216,0.9004490971565247,0.05,0.005,50,1,21,unweighted,0.24700213968753815,0.1915675401687622,0.8056698304414749,0.9823098645092112,600,0,0,0,0,170,0.07411764705882354,0.2901960784313725,0.2348365326078272,0.35294117647058826,0.05117647058823529,0.4,0.27388700565197077,0.45294117647058824
V2-global,v2_global,0.9,0.9090014696121216,0.9004490971565247,0.05,0.005,100,1,21,unweighted,0.24700213968753815,0.1915675401687622,0.8056698304414749,0.9823098645092112,600,0,0,0,0,170,0.07411764705882354,0.2901960784313725,0.2348365326078272,0.35294117647058826,0.05117647058823529,0.4,0.27388700565197077,0.45294117647058824
V2-global,v2_global,0.9,0.9090014696121216,0.9004490971565247,0.05,0.005,200,1,21,unweighted,0.24700213968753815,0.1915675401687622,0.8056698304414749,0.9823098645092112,600,0,0,0,0,170,0.07411764705882354,0.2901960784313725,0.2348365326078272,0.35294117647058826,0.05117647058823529,0.4,0.27388700565197077,0.45294117647058824
V2-global,v2_global,0.9,0.9171532392501831,0.900896430015564,0.05,0.01,50,1,21,unweighted,0.24690604209899902,0.19150292873382568,0.8057156332333882,0.982341219521514,600,0,0,0,0,170,0.07411764705882354,0.2901960784313725,0.2348365326078272,0.35294117647058826,0.05117647058823529,0.4,0.27375245357094324,0.45294117647058824
V2-global,v2_global,0.9,0.9171532392501831,0.900896430015564,0.05,0.01,100,1,21,unweighted,0.24690604209899902,0.19150292873382568,0.8057156332333882,0.982341219521514,600,0,0,0,0,170,0.07411764705882354,0.2901960784313725,0.2348365326078272,0.35294117647058826,0.05117647058823529,0.4,0.27375245357094324,0.45294117647058824
V2-global,v2_global,0.9,0.9171532392501831,0.900896430015564,0.05,0.01,200,1,21,unweighted,0.24690604209899902,0.19150292873382568,0.8057156332333882,0.982341219521514,600,0,0,0,0,170,0.07411764705882354,0.2901960784313725,0.2348365326078272,0.35294117647058826,0.05117647058823529,0.4,0.27375245357094324,0.45294117647058824
V2-global,v2_global,0.9,0.9595544338226318,0.9044108986854553,0.05,0.05,50,1,21,unweighted,0.24615487456321716,0.19099721312522888,0.8060755612452825,0.9825926642090846,600,0,0,0,0,170,0.07411764705882354,0.2901960784313725,0.2343643019557577,0.35294117647058826,0.05117647058823529,0.4,0.2730607597724241,0.45294117647058824
V2-global,v2_global,0.9,0.9595544338226318,0.9044108986854553,0.05,0.05,100,1,21,unweighted,0.24615487456321716,0.19099721312522888,0.8060755612452825,0.9825926642090846,600,0,0,0,0,170,0.07411764705882354,0.2901960784313725,0.2343643019557577,0.35294117647058826,0.05117647058823529,0.4,0.2730607597724241,0.45294117647058824
V2-global,v2_global,0.9,0.9595544338226318,0.9044108986854553,0.05,0.05,200,1,21,unweighted,0.24615487456321716,0.19099721312522888,0.8060755612452825,0.9825926642090846,600,0,0,0,0,170,0.07411764705882354,0.2901960784313725,0.2343643019557577,0.35294117647058826,0.05117647058823529,0.4,0.2730607597724241,0.45294117647058824
V2-global,v2_global,0.9,0.9018716812133789,0.9000899791717529,0.1,0.001,50,1,21,unweighted,0.24707938730716705,0.19161944091320038,0.805633047024409,0.9822847905140113,600,0,0,0,0,170,0.07411764705882354,0.2901960784313725,0.2348365326078272,0.35294117647058826,0.05117647058823529,0.4,0.27388700565197077,0.45294117647058824
V2-global,v2_global,0.9,0.9018716812133789,0.9000899791717529,0.1,0.001,100,1,21,unweighted,0.24707938730716705,0.19161944091320038,0.805633047024409,0.9822847905140113,600,0,0,0,0,170,0.07411764705882354,0.2901960784313725,0.2348365326078272,0.35294117647058826,0.05117647058823529,0.4,0.27388700565197077,0.45294117647058824
V2-global,v2_global,0.9,0.9018716812133789,0.9000899791717529,0.1,0.001,200,1,21,unweighted,0.24707938730716705,0.19161944091320038,0.805633047024409,0.9822847905140113,600,0,0,0,0,170,0.07411764705882354,0.2901960784313725,0.2348365326078272,0.35294117647058826,0.05117647058823529,0.4,0.27388700565197077,0.45294117647058824
V2-global,v2_global,0.9,0.9090015292167664,0.9004490971565247,0.1,0.005,50,1,21,unweighted,0.24700213968753815,0.1915675401687622,0.8056698304414749,0.9823098645092112,600,0,0,0,0,170,0.07411764705882354,0.2901960784313725,0.2348365326078272,0.35294117647058826,0.05117647058823529,0.4,0.27388700565197077,0.45294117647058824
V2-global,v2_global,0.9,0.9090015292167664,0.9004490971565247,0.1,0.005,100,1,21,unweighted,0.24700213968753815,0.1915675401687622,0.8056698304414749,0.9823098645092112,600,0,0,0,0,170,0.07411764705882354,0.2901960784313725,0.2348365326078272,0.35294117647058826,0.05117647058823529,0.4,0.27388700565197077,0.45294117647058824
V2-global,v2_global,0.9,0.9090015292167664,0.9004490971565247,0.1,0.005,200,1,21,unweighted,0.24700213968753815,0.1915675401687622,0.8056698304414749,0.9823098645092112,600,0,0,0,0,170,0.07411764705882354,0.2901960784313725,0.2348365326078272,0.35294117647058826,0.05117647058823529,0.4,0.27388700565197077,0.45294117647058824
V2-global,v2_global,0.9,0.9171537160873413,0.900896430015564,0.1,0.01,50,1,21,unweighted,0.24690604209899902,0.19150292873382568,0.8057156332333882,0.982341219521514,600,0,0,0,0,170,0.07411764705882354,0.2901960784313725,0.2348365326078272,0.35294117647058826,0.05117647058823529,0.4,0.27375245357094324,0.45294117647058824
V2-global,v2_global,0.9,0.9171537160873413,0.900896430015564,0.1,0.01,100,1,21,unweighted,0.24690604209899902,0.19150292873382568,0.8057156332333882,0.982341219521514,600,0,0,0,0,170,0.07411764705882354,0.2901960784313725,0.2348365326078272,0.35294117647058826,0.05117647058823529,0.4,0.27375245357094324,0.45294117647058824
V2-global,v2_global,0.9,0.9171537160873413,0.900896430015564,0.1,0.01,200,1,21,unweighted,0.24690604209899902,0.19150292873382568,0.8057156332333882,0.982341219521514,600,0,0,0,0,170,0.07411764705882354,0.2901960784313725,0.2348365326078272,0.35294117647058826,0.05117647058823529,0.4,0.27375245357094324,0.45294117647058824
V2-global,v2_global,0.9,0.9595614671707153,0.9044108986854553,0.1,0.05,50,1,21,unweighted,0.24615487456321716,0.19099721312522888,0.8060755612452825,0.9825926642090846,600,0,0,0,0,170,0.07411764705882354,0.2901960784313725,0.2343643019557577,0.35294117647058826,0.05117647058823529,0.4,0.2730607597724241,0.45294117647058824
V2-global,v2_global,0.9,0.9595614671707153,0.9044108986854553,0.1,0.05,100,1,21,unweighted,0.24615487456321716,0.19099721312522888,0.8060755612452825,0.9825926642090846,600,0,0,0,0,170,0.07411764705882354,0.2901960784313725,0.2343643019557577,0.35294117647058826,0.05117647058823529,0.4,0.2730607597724241,0.45294117647058824
V2-global,v2_global,0.9,0.9595614671707153,0.9044108986854553,0.1,0.05,200,1,21,unweighted,0.24615487456321716,0.19099721312522888,0.8060755612452825,0.9825926642090846,600,0,0,0,0,170,0.07411764705882354,0.2901960784313725,0.2343643019557577,0.35294117647058826,0.05117647058823529,0.4,0.2730607597724241,0.45294117647058824
V2-global,v2_global,0.9,0.9018716812133789,0.9000899791717529,0.25,0.001,50,1,21,unweighted,0.24707938730716705,0.19161944091320038,0.805633047024409,0.9822847905140113,600,0,0,0,0,170,0.07411764705882354,0.2901960784313725,0.2348365326078272,0.35294117647058826,0.05117647058823529,0.4,0.27388700565197077,0.45294117647058824
V2-global,v2_global,0.9,0.9018716812133789,0.9000899791717529,0.25,0.001,100,1,21,unweighted,0.24707938730716705,0.19161944091320038,0.805633047024409,0.9822847905140113,600,0,0,0,0,170,0.07411764705882354,0.2901960784313725,0.2348365326078272,0.35294117647058826,0.05117647058823529,0.4,0.27388700565197077,0.45294117647058824
V2-global,v2_global,0.9,0.9018716812133789,0.9000899791717529,0.25,0.001,200,1,21,unweighted,0.24707938730716705,0.19161944091320038,0.805633047024409,0.9822847905140113,600,0,0,0,0,170,0.07411764705882354,0.2901960784313725,0.2348365326078272,0.35294117647058826,0.05117647058823529,0.4,0.27388700565197077,0.45294117647058824
V2-global,v2_global,0.9,0.9090019464492798,0.9004490971565247,0.25,0.005,50,1,21,unweighted,0.24700213968753815,0.1915675401687622,0.8056698304414749,0.9823098645092112,600,0,0,0,0,170,0.07411764705882354,0.2901960784313725,0.2348365326078272,0.35294117647058826,0.05117647058823529,0.4,0.27388700565197077,0.45294117647058824
V2-global,v2_global,0.9,0.9090019464492798,0.9004490971565247,0.25,0.005,100,1,21,unweighted,0.24700213968753815,0.1915675401687622,0.8056698304414749,0.9823098645092112,600,0,0,0,0,170,0.07411764705882354,0.2901960784313725,0.2348365326078272,0.35294117647058826,0.05117647058823529,0.4,0.27388700565197077,0.45294117647058824
V2-global,v2_global,0.9,0.9090019464492798,0.9004490971565247,0.25,0.005,200,1,21,unweighted,0.24700213968753815,0.1915675401687622,0.8056698304414749,0.9823098645092112,600,0,0,0,0,170,0.07411764705882354,0.2901960784313725,0.2348365326078272,0.35294117647058826,0.05117647058823529,0.4,0.27388700565197077,0.45294117647058824
V2-global,v2_global,0.9,0.9171551465988159,0.900896430015564,0.25,0.01,50,1,21,unweighted,0.24690604209899902,0.19150292873382568,0.8057156332333882,0.982341219521514,600,0,0,0,0,170,0.07411764705882354,0.2901960784313725,0.2348365326078272,0.35294117647058826,0.05117647058823529,0.4,0.27375245357094324,0.45294117647058824
V2-global,v2_global,0.9,0.9171551465988159,0.900896430015564,0.25,0.01,100,1,21,unweighted,0.24690604209899902,0.19150292873382568,0.8057156332333882,0.982341219521514,600,0,0,0,0,170,0.07411764705882354,0.2901960784313725,0.2348365326078272,0.35294117647058826,0.05117647058823529,0.4,0.27375245357094324,0.45294117647058824
V2-global,v2_global,0.9,0.9171551465988159,0.900896430015564,0.25,0.01,200,1,21,unweighted,0.24690604209899902,0.19150292873382568,0.8057156332333882,0.982341219521514,600,0,0,0,0,170,0.07411764705882354,0.2901960784313725,0.2348365326078272,0.35294117647058826,0.05117647058823529,0.4,0.27375245357094324,0.45294117647058824
V2-global,v2_global,0.9,0.95958012342453,0.9044108986854553,0.25,0.05,50,1,21,unweighted,0.24615487456321716,0.19099721312522888,0.8060755612452825,0.9825926642090846,600,0,0,0,0,170,0.07411764705882354,0.2901960784313725,0.2343643019557577,0.35294117647058826,0.05117647058823529,0.4,0.2730607597724241,0.45294117647058824
V2-global,v2_global,0.9,0.95958012342453,0.9044108986854553,0.25,0.05,100,1,21,unweighted,0.24615487456321716,0.19099721312522888,0.8060755612452825,0.9825926642090846,600,0,0,0,0,170,0.07411764705882354,0.2901960784313725,0.2343643019557577,0.35294117647058826,0.05117647058823529,0.4,0.2730607597724241,0.45294117647058824
V2-global,v2_global,0.9,0.95958012342453,0.9044108986854553,0.25,0.05,200,1,21,unweighted,0.24615487456321716,0.19099721312522888,0.8060755612452825,0.9825926642090846,600,0,0,0,0,170,0.07411764705882354,0.2901960784313725,0.2343643019557577,0.35294117647058826,0.05117647058823529,0.4,0.2730607597724241,0.45294117647058824
V2-global,v2_global,0.9,0.9018716812133789,0.9000899791717529,0.5,0.001,50,1,21,unweighted,0.24707938730716705,0.19161944091320038,0.805633047024409,0.9822847905140113,600,0,0,0,0,170,0.07411764705882354,0.2901960784313725,0.2348365326078272,0.35294117647058826,0.05117647058823529,0.4,0.27388700565197077,0.45294117647058824
V2-global,v2_global,0.9,0.9018716812133789,0.9000899791717529,0.5,0.001,100,1,21,unweighted,0.24707938730716705,0.19161944091320038,0.805633047024409,0.9822847905140113,600,0,0,0,0,170,0.07411764705882354,0.2901960784313725,0.2348365326078272,0.35294117647058826,0.05117647058823529,0.4,0.27388700565197077,0.45294117647058824
V2-global,v2_global,0.9,0.9018716812133789,0.9000899791717529,0.5,0.001,200,1,21,unweighted,0.24707938730716705,0.19161944091320038,0.805633047024409,0.9822847905140113,600,0,0,0,0,170,0.07411764705882354,0.2901960784313725,0.2348365326078272,0.35294117647058826,0.05117647058823529,0.4,0.27388700565197077,0.45294117647058824
V2-global,v2_global,0.9,0.909002423286438,0.9004490971565247,0.5,0.005,50,1,21,unweighted,0.24700213968753815,0.1915675401687622,0.8056698304414749,0.9823098645092112,600,0,0,0,0,170,0.07411764705882354,0.2901960784313725,0.2348365326078272,0.35294117647058826,0.05117647058823529,0.4,0.27388700565197077,0.45294117647058824
V2-global,v2_global,0.9,0.909002423286438,0.9004490971565247,0.5,0.005,100,1,21,unweighted,0.24700213968753815,0.1915675401687622,0.8056698304414749,0.9823098645092112,600,0,0,0,0,170,0.07411764705882354,0.2901960784313725,0.2348365326078272,0.35294117647058826,0.05117647058823529,0.4,0.27388700565197077,0.45294117647058824
V2-global,v2_global,0.9,0.909002423286438,0.9004490971565247,0.5,0.005,200,1,21,unweighted,0.24700213968753815,0.1915675401687622,0.8056698304414749,0.9823098645092112,600,0,0,0,0,170,0.07411764705882354,0.2901960784313725,0.2348365326078272,0.35294117647058826,0.05117647058823529,0.4,0.27388700565197077,0.45294117647058824
V2-global,v2_global,0.9,0.9171569347381592,0.900896430015564,0.5,0.01,50,1,21,unweighted,0.24690604209899902,0.19150292873382568,0.8057156332333882,0.982341219521514,600,0,0,0,0,170,0.07411764705882354,0.2901960784313725,0.2348365326078272,0.35294117647058826,0.05117647058823529,0.4,0.27375245357094324,0.45294117647058824
V2-global,v2_global,0.9,0.9171569347381592,0.900896430015564,0.5,0.01,100,1,21,unweighted,0.24690604209899902,0.19150292873382568,0.8057156332333882,0.982341219521514,600,0,0,0,0,170,0.07411764705882354,0.2901960784313725,0.2348365326078272,0.35294117647058826,0.05117647058823529,0.4,0.27375245357094324,0.45294117647058824
V2-global,v2_global,0.9,0.9171569347381592,0.900896430015564,0.5,0.01,200,1,21,unweighted,0.24690604209899902,0.19150292873382568,0.8057156332333882,0.982341219521514,600,0,0,0,0,170,0.07411764705882354,0.2901960784313725,0.2348365326078272,0.35294117647058826,0.05117647058823529,0.4,0.27375245357094324,0.45294117647058824
V2-global,v2_global,0.9,0.9596049189567566,0.9044108986854553,0.5,0.05,50,1,21,unweighted,0.24615487456321716,0.19099721312522888,0.8060755612452825,0.9825926642090846,600,0,0,0,0,170,0.07411764705882354,0.2901960784313725,0.2343643019557577,0.35294117647058826,0.05117647058823529,0.4,0.2730607597724241,0.45294117647058824
V2-global,v2_global,0.9,0.9596049189567566,0.9044108986854553,0.5,0.05,100,1,21,unweighted,0.24615487456321716,0.19099721312522888,0.8060755612452825,0.9825926642090846,600,0,0,0,0,170,0.07411764705882354,0.2901960784313725,0.2343643019557577,0.35294117647058826,0.05117647058823529,0.4,0.2730607597724241,0.45294117647058824
V2-global,v2_global,0.9,0.9596049189567566,0.9044108986854553,0.5,0.05,200,1,21,unweighted,0.24615487456321716,0.19099721312522888,0.8060755612452825,0.9825926642090846,600,0,0,0,0,170,0.07411764705882354,0.2901960784313725,0.2343643019557577,0.35294117647058826,0.05117647058823529,0.4,0.2730607597724241,0.45294117647058824
V2-global,v2_global,0.9,0.9018716812133789,0.9000899791717529,1.0,0.001,50,1,21,unweighted,0.24707938730716705,0.19161944091320038,0.805633047024409,0.9822847905140113,600,0,0,0,0,170,0.07411764705882354,0.2901960784313725,0.2348365326078272,0.35294117647058826,0.05117647058823529,0.4,0.27388700565197077,0.45294117647058824
V2-global,v2_global,0.9,0.9018716812133789,0.9000899791717529,1.0,0.001,100,1,21,unweighted,0.24707938730716705,0.19161944091320038,0.805633047024409,0.9822847905140113,600,0,0,0,0,170,0.07411764705882354,0.2901960784313725,0.2348365326078272,0.35294117647058826,0.05117647058823529,0.4,0.27388700565197077,0.45294117647058824
V2-global,v2_global,0.9,0.9018716812133789,0.9000899791717529,1.0,0.001,200,1,21,unweighted,0.24707938730716705,0.19161944091320038,0.805633047024409,0.9822847905140113,600,0,0,0,0,170,0.07411764705882354,0.2901960784313725,0.2348365326078272,0.35294117647058826,0.05117647058823529,0.4,0.27388700565197077,0.45294117647058824
V2-global,v2_global,0.9,0.9090031385421753,0.9004490971565247,1.0,0.005,50,1,21,unweighted,0.24700213968753815,0.1915675401687622,0.8056698304414749,0.9823098645092112,600,0,0,0,0,170,0.07411764705882354,0.2901960784313725,0.2348365326078272,0.35294117647058826,0.05117647058823529,0.4,0.27388700565197077,0.45294117647058824
V2-global,v2_global,0.9,0.9090031385421753,0.9004490971565247,1.0,0.005,100,1,21,unweighted,0.24700213968753815,0.1915675401687622,0.8056698304414749,0.9823098645092112,600,0,0,0,0,170,0.07411764705882354,0.2901960784313725,0.2348365326078272,0.35294117647058826,0.05117647058823529,0.4,0.27388700565197077,0.45294117647058824
V2-global,v2_global,0.9,0.9090031385421753,0.9004490971565247,1.0,0.005,200,1,21,unweighted,0.24700213968753815,0.1915675401687622,0.8056698304414749,0.9823098645092112,600,0,0,0,0,170,0.07411764705882354,0.2901960784313725,0.2348365326078272,0.35294117647058826,0.05117647058823529,0.4,0.27388700565197077,0.45294117647058824
V2-global,v2_global,0.9,0.9171594381332397,0.900896430015564,1.0,0.01,50,1,21,unweighted,0.24690604209899902,0.19150292873382568,0.8057156332333882,0.982341219521514,600,0,0,0,0,170,0.07411764705882354,0.2901960784313725,0.2348365326078272,0.35294117647058826,0.05117647058823529,0.4,0.27375245357094324,0.45294117647058824
V2-global,v2_global,0.9,0.9171594381332397,0.900896430015564,1.0,0.01,100,1,21,unweighted,0.24690604209899902,0.19150292873382568,0.8057156332333882,0.982341219521514,600,0,0,0,0,170,0.07411764705882354,0.2901960784313725,0.2348365326078272,0.35294117647058826,0.05117647058823529,0.4,0.27375245357094324,0.45294117647058824
V2-global,v2_global,0.9,0.9171594381332397,0.900896430015564,1.0,0.01,200,1,21,unweighted,0.24690604209899902,0.19150292873382568,0.8057156332333882,0.982341219521514,600,0,0,0,0,170,0.07411764705882354,0.2901960784313725,0.2348365326078272,0.35294117647058826,0.05117647058823529,0.4,0.27375245357094324,0.45294117647058824
V2-global,v2_global,0.9,0.9596392512321472,0.9044108986854553,1.0,0.05,50,1,21,unweighted,0.24615487456321716,0.19099721312522888,0.8060755612452825,0.9825926642090846,600,0,0,0,0,170,0.07411764705882354,0.2901960784313725,0.2343643019557577,0.35294117647058826,0.05117647058823529,0.4,0.2730607597724241,0.45294117647058824
V2-global,v2_global,0.9,0.9596392512321472,0.9044108986854553,1.0,0.05,100,1,21,unweighted,0.24615487456321716,0.19099721312522888,0.8060755612452825,0.9825926642090846,600,0,0,0,0,170,0.07411764705882354,0.2901960784313725,0.2343643019557577,0.35294117647058826,0.05117647058823529,0.4,0.2730607597724241,0.45294117647058824
V2-global,v2_global,0.9,0.9596392512321472,0.9044108986854553,1.0,0.05,200,1,21,unweighted,0.24615487456321716,0.19099721312522888,0.8060755612452825,0.9825926642090846,600,0,0,0,0,170,0.07411764705882354,0.2901960784313725,0.2343643019557577,0.35294117647058826,0.05117647058823529,0.4,0.2730607597724241,0.45294117647058824
V2-global,v2_global,0.1,0.10461100190877914,0.10461100190877914,0.0,0.001,50,50,50,gap_weighted,0.6007542610168457,0.40420353412628174,0.825410080353419,1.0961750598686362,600,0,0,0,0,170,0.1376470588235294,0.6186274509803921,0.4499849661441581,0.6588235294117647,0.08882352941176472,0.7745098039215685,0.5033126303395111,0.8235294117647058
V2-global,v2_global,0.1,0.10948514193296432,0.10948514193296432,0.0,0.001,100,100,100,gap_weighted,0.5974758863449097,0.40083467960357666,0.8248121490081152,1.0950139864915838,600,0,0,0,0,170,0.1376470588235294,0.6186274509803921,0.4480414004324763,0.6588235294117647,0.08882352941176472,0.7745098039215685,0.5012208007069875,0.8235294117647058
V2-global,v2_global,0.1,0.12010572105646133,0.12010572105646133,0.0,0.001,200,200,200,gap_weighted,0.5903799533843994,0.39361485838890076,0.8235035113493602,1.0925016029503618,600,0,0,0,0,170,0.1388235294117647,0.6245098039215685,0.4502215588782525,0.6647058823529411,0.08941176470588236,0.7745098039215685,0.5016554889699704,0.8235294117647058
V2-global,v2_global,0.1,0.12542714178562164,0.12542714178562164,0.0,0.005,50,50,50,gap_weighted,0.58684903383255,0.3900589346885681,0.8228520089387894,1.0912545910600888,600,0,0,0,0,170,0.13647058823529412,0.6127450980392156,0.44505823559450397,0.6529411764705882,0.08882352941176472,0.7725490196078431,0.49983443008726514,0.8235294117647058
V2-global,v2_global,0.1,0.1586541384458542,0.1586541384458542,0.0,0.005,100,100,100,gap_weighted,0.5651711821556091,0.3687595725059509,0.8189223553737005,1.0836508287128428,600,0,0,0,0,170,0.13529411764705881,0.6068627450980392,0.44232963477522486,0.6470588235294118,0.09117647058823529,0.7892156862745098,0.5044781285891858,0.8411764705882353
V2-global,v2_global,0.1,0.255421906709671,0.255421906709671,0.0,0.005,200,200,200,gap_weighted,0.5056657195091248,0.31490033864974976,0.8084836991628012,1.061564443815477,600,0,0,0,0,170,0.13176470588235292,0.5784313725490196,0.4292676883295361,0.6235294117647059,0.08941176470588234,0.7676470588235295,0.4939333868716048,0.8176470588235294
V2-global,v2_global,0.1,0.1574462354183197,0.1574462354183197,0.0,0.01,50,50,50,gap_weighted,0.5659480690956116,0.36950716376304626,0.8190626400709152,1.0839216307243222,600,0,0,0,0,170,0.13529411764705881,0.6068627450980392,0.44232963477522486,0.6470588235294118,0.09117647058823529,0.7892156862745098,0.5044781285891858,0.8411764705882353
V2-global,v2_global,0.1,0.25091585516929626,0.25091585516929626,0.0,0.01,100,100,100,gap_weighted,0.508316695690155,0.3171598017215729,0.8089057896534602,1.06256445071396,600,0,0,0,0,170,0.13176470588235292,0.5784313725490196,0.43056662214989655,0.6235294117647059,0.0888235294117647,0.7617647058823529,0.4936370479286106,0.8117647058823529
V2-global,v2_global,0.1,0.5249032974243164,0.5249032974243164,0.0,0.01,200,200,200,gap_weighted,0.3684157729148865,0.21381370723247528,0.7938979927698772,1.0069296987714205,600,0,0,0,0,170,0.11529411764705884,0.49117647058823527,0.38016560681333994,0.5470588235294118,0.0811764705882353,0.6735294117647059,0.4412961250231965,0.7235294117647059
V2-global,v2_global,0.1,0.6210196614265442,0.6210196614265442,0.0,0.05,50,50,50,gap_weighted,0.3295961916446686,0.18996885418891907,0.7931391175587972,0.9911192361917758,600,0,0,0,0,170,0.10470588235294118,0.43725490196078426,0.34594962935847856,0.48823529411764705,0.07411764705882354,0.6098039215686274,0.40527435269481205,0.6588235294117647
V2-global,v2_global,0.1,0.8730089664459229,0.8043810725212097,0.0,0.05,100,72,92,gap_weighted,0.2703182101249695,0.15592265129089355,0.798901978135109,0.978958691658382,600,0,0,0,0,170,0.08470588235294117,0.34411764705882353,0.2815659511399064,0.4,0.058823529411764705,0.4696078431372549,0.325752599192326,0.5176470588235295
V2-global,v2_global,0.1,0.8730089664459229,0.8043810725212097,0.0,0.05,200,72,92,gap_weighted,0.2703182101249695,0.15592265129089355,0.798901978135109,0.978958691658382,600,0,0,0,0,170,0.08470588235294117,0.34411764705882353,0.2815659511399064,0.4,0.058823529411764705,0.4696078431372549,0.325752599192326,0.5176470588235295
V2-global,v2_global,0.1,0.10461094975471497,0.10461094975471497,0.01,0.001,50,50,50,gap_weighted,0.6007542610168457,0.4042036235332489,0.8254100881020228,1.0961750719424797,600,0,0,0,0,170,0.1376470588235294,0.6186274509803921,0.4499849661441581,0.6588235294117647,0.08882352941176472,0.7745098039215685,0.5033126303395111,0.8235294117647058
V2-global,v2_global,0.1,0.10948494076728821,0.10948494076728821,0.01,0.001,100,100,100,gap_weighted,0.597476065158844,0.400834858417511,0.8248121831814448,1.0950140392400574,600,0,0,0,0,170,0.1376470588235294,0.6186274509803921,0.4480414004324763,0.6588235294117647,0.08882352941176472,0.7745098039215685,0.5012208007069875,0.8235294117647058
V2-global,v2_global,0.1,0.1201045885682106,0.1201045885682106,0.01,0.001,200,200,200,gap_weighted,0.5903807282447815,0.39361563324928284,0.823503644267718,1.0925018610599724,600,0,0,0,0,170,0.1388235294117647,0.6245098039215685,0.4502215588782525,0.6647058823529411,0.08941176470588236,0.7745098039215685,0.5016554889699704,0.8235294117647058
V2-global,v2_global,0.1,0.12542609870433807,0.12542609870433807,0.01,0.005,50,50,50,gap_weighted,0.5868497490882874,0.39005962014198303,0.8228521504004797,1.0912548415061265,600,0,0,0,0,170,0.13647058823529412,0.6127450980392156,0.44505823559450397,0.6529411764705882,0.08882352941176472,0.7725490196078431,0.49983443008726514,0.8235294117647058
V2-global,v2_global,0.1,0.15864580869674683,0.15864580869674683,0.01,0.005,100,100,100,gap_weighted,0.5651764869689941,0.368764728307724,0.8189233213663101,1.0836526915488707,600,0,0,0,0,170,0.13529411764705881,0.6068627450980392,0.44232963477522486,0.6470588235294118,0.09117647058823529,0.7892156862745098,0.5044781285891858,0.8411764705882353
V2-global,v2_global,0.1,0.25535014271736145,0.25535014271736145,0.01,0.005,200,200,200,gap_weighted,0.505707859992981,0.31493616104125977,0.8084904259443283,1.0615803176522922,600,0,0,0,0,170,0.13176470588235292,0.5784313725490196,0.4292676883295361,0.6235294117647059,0.08941176470588234,0.7676470588235295,0.4939333868716048,0.8176470588235294
V2-global,v2_global,0.1,0.1574409455060959,0.1574409455060959,0.01,0.01,50,50,50,gap_weighted,0.5659515261650085,0.3695104420185089,0.8190632484356563,1.0839228121831628,600,0,0,0,0,170,0.13529411764705881,0.6068627450980392,0.44232963477522486,0.6470588235294118,0.09117647058823529,0.7892156862745098,0.5044781285891858,0.8411764705882353
V2-global,v2_global,0.1,0.2508619725704193,0.2508619725704193,0.01,0.01,100,100,100,gap_weighted,0.5083485245704651,0.31718695163726807,0.8089108447233836,1.0625764506337192,600,0,0,0,0,170,0.13176470588235292,0.5784313725490196,0.43056662214989655,0.6235294117647059,0.0888235294117647,0.7617647058823529,0.4936370479286106,0.8117647058823529
V2-global,v2_global,0.1,0.5245345234870911,0.5245345234870911,0.01,0.01,200,200,200,gap_weighted,0.36857494711875916,0.21391502022743225,0.7939081464211146,1.0070023815715266,600,0,0,0,0,170,0.11529411764705884,0.49117647058823527,0.38016560681333994,0.5470588235294118,0.0811764705882353,0.6735294117647059,0.4413665083722912,0.7235294117647059
V2-global,v2_global,0.1,0.620769739151001,0.620769739151001,0.01,0.05,50,50,50,gap_weighted,0.32969024777412415,0.1900247037410736,0.7931384567419688,0.9911520912160184,600,0,0,0,0,170,0.10470588235294118,0.43725490196078426,0.34594962935847856,0.48823529411764705,0.07411764705882354,0.6098039215686274,0.40527435269481205,0.6588235294117647
V2-global,v2_global,0.1,0.8727750182151794,0.8040815591812134,0.01,0.05,100,72,92,gap_weighted,0.2703992426395416,0.15596845746040344,0.7988835247357686,0.9789588073835986,600,0,0,0,0,170,0.08470588235294117,0.34411764705882353,0.2815659511399064,0.4,0.058823529411764705,0.4696078431372549,0.325752599192326,0.5176470588235295
V2-global,v2_global,0.1,0.8727750182151794,0.8040815591812134,0.01,0.05,200,72,92,gap_weighted,0.2703992426395416,0.15596845746040344,0.7988835247357686,0.9789588073835986,600,0,0,0,0,170,0.08470588235294117,0.34411764705882353,0.2815659511399064,0.4,0.058823529411764705,0.4696078431372549,0.325752599192326,0.5176470588235295
V2-global,v2_global,0.1,0.10461084544658661,0.10461084544658661,0.05,0.001,50,50,50,gap_weighted,0.6007543802261353,0.4042036831378937,0.8254101008176804,1.0961751026413182,600,0,0,0,0,170,0.1376470588235294,0.6186274509803921,0.4499849661441581,0.6588235294117647,0.08882352941176472,0.7745098039215685,0.5033126303395111,0.8235294117647058
V2-global,v2_global,0.1,0.10948417335748672,0.10948417335748672,0.05,0.001,100,100,100,gap_weighted,0.597476601600647,0.4008353650569916,0.8248122704029083,1.0950142250401984,600,0,0,0,0,170,0.1376470588235294,0.6186274509803921,0.4480414004324763,0.6588235294117647,0.08882352941176472,0.7745098039215685,0.5012208007069875,0.8235294117647058
V2-global,v2_global,0.1,0.12010029703378677,0.12010029703378677,0.05,0.001,200,200,200,gap_weighted,0.5903835296630859,0.39361846446990967,0.8235041745503744,1.092502872626221,600,0,0,0,0,170,0.1388235294117647,0.6245098039215685,0.4502215588782525,0.6647058823529411,0.08941176470588236,0.7745098039215685,0.5016554889699704,0.8235294117647058
V2-global,v2_global,0.1,0.12542203068733215,0.12542203068733215,0.05,0.005,50,50,50,gap_weighted,0.5868524312973022,0.3900623023509979,0.8228526365756988,1.0912557845303563,600,0,0,0,0,170,0.13647058823529412,0.6127450980392156,0.44505823559450397,0.6529411764705882,0.08882352941176472,0.7725490196078431,0.49983443008726514,0.8235294117647058
V2-global,v2_global,0.1,0.15861432254314423,0.15861432254314423,0.05,0.005,100,100,100,gap_weighted,0.565196692943573,0.36878418922424316,0.8189269735415776,1.0836597448586829,600,0,0,0,0,170,0.13529411764705881,0.6068627450980392,0.44232963477522486,0.6470588235294118,0.09117647058823529,0.7892156862745098,0.5044781285891858,0.8411764705882353
V2-global,v2_global,0.1,0.25507694482803345,0.25507694482803345,0.05,0.005,200,200,200,gap_weighted,0.5058682560920715,0.31507250666618347,0.8085160168011983,1.0616407644876653,600,0,0,0,0,170,0.13176470588235292,0.5784313725490196,0.4292676883295361,0.6235294117647059,0.08941176470588234,0.7676470588235295,0.4939333868716048,0.8176470588235294
V2-global,v2_global,0.1,0.1574205905199051,0.1574205905199051,0.05,0.01,50,50,50,gap_weighted,0.5659645199775696,0.3695230782032013,0.8190656097730001,1.0839273734243353,600,0,0,0,0,170,0.13529411764705881,0.6068627450980392,0.44232963477522486,0.6470588235294118,0.09117647058823529,0.7892156862745098,0.5044781285891858,0.8411764705882353
V2-global,v2_global,0.1,0.2506556808948517,0.2506556808948517,0.05,0.01,100,100,100,gap_weighted,0.5084701776504517,0.31729093194007874,0.8089301649729411,1.0626223873416594,600,0,0,0,0,170,0.13176470588235292,0.5784313725490196,0.43056662214989655,0.6235294117647059,0.0888235294117647,0.7617647058823529,0.4936370479286106,0.8117647058823529
V2-global,v2_global,0.1,0.5231205224990845,0.5231205224990845,0.05,0.01,200,200,200,gap_weighted,0.369186133146286,0.21430423855781555,0.793947061697642,1.0072819062657845,600,0,0,0,0,170,0.11411764705882352,0.48823529411764705,0.3809413275995709,0.5411764705882353,0.0811764705882353,0.6735294117647059,0.4434269787868641,0.7235294117647059
V2-global,v2_global,0.1,0.619807779788971,0.619807779788971,0.05,0.05,50,50,50,gap_weighted,0.33005252480506897,0.1902400255203247,0.7931358937422435,0.9912789414050746,600,0,0,0,0,170,0.10470588235294118,0.43725490196078426,0.34594962935847856,0.48823529411764705,0.07470588235294118,0.6156862745098038,0.40707984259402075,0.6647058823529411
V2-global,v2_global,0.1,0.8718664646148682,0.8029220700263977,0.05,0.05,100,72,92,gap_weighted,0.27071332931518555,0.15614600479602814,0.7988121225436529,0.9789599013137951,600,0,0,0,0,170,0.08470588235294117,0.34411764705882353,0.2815659511399064,0.4,0.058823529411764705,0.4696078431372549,0.325752599192326,0.5176470588235295
V2-global,v2_global,0.1,0.8718664646148682,0.8029220700263977,0.05,0.05,200,72,92,gap_weighted,0.27071332931518555,0.15614600479602814,0.7988121225436529,0.9789599013137951,600,0,0,0,0,170,0.08470588235294117,0.34411764705882353,0.2815659511399064,0.4,0.058823529411764705,0.4696078431372549,0.325752599192326,0.5176470588235295
V2-global,v2_global,0.1,0.10461074858903885,0.10461074858903885,0.1,0.001,50,50,50,gap_weighted,0.60075443983078,0.40420371294021606,0.8254101119438807,1.0961751212264161,600,0,0,0,0,170,0.1376470588235294,0.6186274509803921,0.4499849661441581,0.6588235294117647,0.08882352941176472,0.7745098039215685,0.5033126303395111,0.8235294117647058
V2-global,v2_global,0.1,0.10948334634304047,0.10948334634304047,0.1,0.001,100,100,100,gap_weighted,0.5974770784378052,0.40083593130111694,0.8248123768965403,1.0950144160696824,600,0,0,0,0,170,0.1376470588235294,0.6186274509803921,0.4480414004324763,0.6588235294117647,0.08882352941176472,0.7745098039215685,0.5012208007069875,0.8235294117647058
V2-global,v2_global,0.1,0.12009546905755997,0.12009546905755997,0.1,0.001,200,200,200,gap_weighted,0.5903867483139038,0.3936218023300171,0.8235047707955042,1.0925040104212176,600,0,0,0,0,170,0.1388235294117647,0.6245098039215685,0.4502215588782525,0.6647058823529411,0.08941176470588236,0.7745098039215685,0.5016554889699704,0.8235294117647058
V2-global,v2_global,0.1,0.12541766464710236,0.12541766464710236,0.1,0.005,50,50,50,gap_weighted,0.5868553519248962,0.3900652229785919,0.8228531704346339,1.0912568013424813,600,0,0,0,0,170,0.13647058823529412,0.6127450980392156,0.44505823559450397,0.6529411764705882,0.08882352941176472,0.7725490196078431,0.49983443008726514,0.8235294117647058
V2-global,v2_global,0.1,0.158578559756279,0.158578559756279,0.1,0.005,100,100,100,gap_weighted,0.5652197599411011,0.36880627274513245,0.8189311228195826,1.0836677524539589,600,0,0,0,0,170,0.13529411764705881,0.6068627450980392,0.44232963477522486,0.6470588235294118,0.09117647058823529,0.7892156862745098,0.5044781285891858,0.8411764705882353
V2-global,v2_global,0.1,0.25476405024528503,0.25476405024528503,0.1,0.005,200,200,200,gap_weighted,0.5060520172119141,0.31522879004478455,0.8085453238089879,1.061710024444894,600,0,0,0,0,170,0.13176470588235292,0.5784313725490196,0.4300378633505447,0.6235294117647059,0.08941176470588234,0.7676470588235295,0.4947035618926134,0.8176470588235294
V2-global,v2_global,0.1,0.15739716589450836,0.15739716589450836,0.1,0.01,50,50,50,gap_weighted,0.5659795999526978,0.3695375919342041,0.8190683382749557,1.083932634489908,600,0,0,0,0,170,0.13529411764705881,0.6068627450980392,0.44232963477522486,0.6470588235294118,0.09117647058823529,0.7892156862745098,0.5044781285891858,0.8411764705882353
V2-global,v2_global,0.1,0.2504188120365143,0.2504188120365143,0.1,0.01,100,100,100,gap_weighted,0.5086098909378052,0.317410409450531,0.8089523589611054,1.0626751668703267,600,0,0,0,0,170,0.13176470588235292,0.5784313725490196,0.43056662214989655,0.6235294117647059,0.0888235294117647,0.7617647058823529,0.4936370479286106,0.8117647058823529
V2-global,v2_global,0.1,0.5214822888374329,0.5214822888374329,0.1,0.01,200,200,200,gap_weighted,0.3698956370353699,0.21475669741630554,0.7939921510219574,1.007607406380067,600,0,0,0,0,170,0.11411764705882352,0.48823529411764705,0.3809413275995709,0.5411764705882353,0.0811764705882353,0.6735294117647059,0.44351188985228623,0.7235294117647059
V2-global,v2_global,0.1,0.6186835765838623,0.6186835765838623,0.1,0.05,50,50,50,gap_weighted,0.3304765522480011,0.1904921978712082,0.7931328888734182,0.9914279996094787,600,0,0,0,0,170,0.10470588235294118,0.43725490196078426,0.34594962935847856,0.48823529411764705,0.07470588235294118,0.6156862745098038,0.40707984259402075,0.6647058823529411
V2-global,v2_global,0.1,0.873039722442627,0.8065480589866638,0.1,0.05,100,73,93,gap_weighted,0.26973357796669006,0.1555921584367752,0.7990354267756145,0.9789597568076487,600,0,0,0,0,170,0.08470588235294117,0.34411764705882353,0.2813081643702661,0.4,0.058823529411764705,0.4696078431372549,0.3255589811546186,0.5176470588235295
V2-global,v2_global,0.1,0.873039722442627,0.8065480589866638,0.1,0.05,200,73,93,gap_weighted,0.26973357796669006,0.1555921584367752,0.7990354267756145,0.9789597568076487,600,0,0,0,0,170,0.08470588235294117,0.34411764705882353,0.2813081643702661,0.4,0.058823529411764705,0.4696078431372549,0.3255589811546186,0.5176470588235295
V2-global,v2_global,0.1,0.1046103984117508,0.1046103984117508,0.25,0.001,50,50,50,gap_weighted,0.6007546782493591,0.40420398116111755,0.825410150885582,1.0961752039394927,600,0,0,0,0,170,0.1376470588235294,0.6186274509803921,0.4499849661441581,0.6588235294117647,0.08882352941176472,0.7745098039215685,0.5033126303395111,0.8235294117647058
V2-global,v2_global,0.1,0.10948114097118378,0.10948114097118378,0.25,0.001,100,100,100,gap_weighted,0.5974785685539246,0.4008374810218811,0.8248126459121704,1.0950149402980884,600,0,0,0,0,170,0.1376470588235294,0.6186274509803921,0.4480414004324763,0.6588235294117647,0.08882352941176472,0.7745098039215685,0.5012208007069875,0.8235294117647058
V2-global,v2_global,0.1,0.12008319050073624,0.12008319050073624,0.25,0.001,200,200,200,gap_weighted,0.590394914150238,0.3936299979686737,0.8235062815745672,1.0925068936393323,600,0,0,0,0,170,0.1388235294117647,0.6245098039215685,0.4502215588782525,0.6647058823529411,0.08941176470588236,0.7745098039215685,0.5016554889699704,0.8235294117647058
V2-global,v2_global,0.1,0.12540611624717712,0.12540611624717712,0.25,0.005,50,50,50,gap_weighted,0.5868629217147827,0.39007294178009033,0.8228545761108399,1.0912594967343903,600,0,0,0,0,170,0.13647058823529412,0.6127450980392156,0.44505823559450397,0.6529411764705882,0.08882352941176472,0.7725490196078431,0.49983443008726514,0.8235294117647058
V2-global,v2_global,0.1,0.15848790109157562,0.15848790109157562,0.25,0.005,100,100,100,gap_weighted,0.5652780532836914,0.3688623309135437,0.8189416587352752,1.0836880694879658,600,0,0,0,0,170,0.13529411764705881,0.6068627450980392,0.44232963477522486,0.6470588235294118,0.09117647058823529,0.7892156862745098,0.5044781285891858,0.8411764705882353
V2-global,v2_global,0.1,0.25397437810897827,0.25397437810897827,0.25,0.005,200,200,200,gap_weighted,0.5065160989761353,0.3156237006187439,0.8086192991336186,1.061884961547414,600,0,0,0,0,170,0.13176470588235292,0.5784313725490196,0.43056662214989655,0.6235294117647059,0.0888235294117647,0.7617647058823529,0.4936370479286106,0.8117647058823529
V2-global,v2_global,0.1,0.15733836591243744,0.15733836591243744,0.25,0.01,50,50,50,gap_weighted,0.5660174489021301,0.36957401037216187,0.819075166384379,1.0839458311777423,600,0,0,0,0,170,0.13529411764705881,0.6068627450980392,0.44232963477522486,0.6470588235294118,0.09117647058823529,0.7892156862745098,0.5044781285891858,0.8411764705882353
V2-global,v2_global,0.1,0.2498205453157425,0.2498205453157425,0.25,0.01,100,100,100,gap_weighted,0.5089629292488098,0.3177124559879303,0.8090083914995193,1.0628085322791672,600,0,0,0,0,170,0.13176470588235292,0.5784313725490196,0.43056662214989655,0.6235294117647059,0.0888235294117647,0.7617647058823529,0.49356666457951587,0.8117647058823529
V2-global,v2_global,0.1,0.5172802805900574,0.5172802805900574,0.25,0.01,200,200,200,gap_weighted,0.37172260880470276,0.21592460572719574,0.7941078062852224,1.0084503848933395,600,0,0,0,0,170,0.11411764705882352,0.48823529411764705,0.3809413275995709,0.5411764705882353,0.0811764705882353,0.6735294117647059,0.4436169984202133,0.7235294117647059
V2-global,v2_global,0.1,0.6157524585723877,0.6157524585723877,0.25,0.05,50,50,50,gap_weighted,0.331585556268692,0.19115258753299713,0.7931250735123953,0.9918208175748473,600,0,0,0,0,170,0.1035294117647059,0.43529411764705883,0.34553093763536624,0.48823529411764705,0.07529411764705883,0.6186274509803921,0.40870777403822256,0.6705882352941176
V2-global,v2_global,0.1,0.870185375213623,0.8029414415359497,0.25,0.05,100,73,93,gap_weighted,0.2707080841064453,0.15614302456378937,0.7988133118549983,0.978959873830333,600,0,0,0,0,170,0.08470588235294117,0.34411764705882353,0.2815659511399064,0.4,0.058823529411764705,0.4696078431372549,0.325752599192326,0.5176470588235295
V2-global,v2_global,0.1,0.870185375213623,0.8029414415359497,0.25,0.05,200,73,93,gap_weighted,0.2707080841064453,0.15614302456378937,0.7988133118549983,0.978959873830333,600,0,0,0,0,170,0.08470588235294117,0.34411764705882353,0.2815659511399064,0.4,0.058823529411764705,0.4696078431372549,0.325752599192326,0.5176470588235295
V2-global,v2_global,0.1,0.1046098843216896,0.1046098843216896,0.5,0.001,50,50,50,gap_weighted,0.6007550954818726,0.4042043387889862,0.8254102132717769,1.0961753246592265,600,0,0,0,0,170,0.1376470588235294,0.6186274509803921,0.4499849661441581,0.6588235294117647,0.08882352941176472,0.7745098039215685,0.5033126303395111,0.8235294117647058
V2-global,v2_global,0.1,0.10947838425636292,0.10947838425636292,0.5,0.001,100,100,100,gap_weighted,0.5974804162979126,0.40083935856819153,0.8248129898309707,1.0950155983604977,600,0,0,0,0,170,0.1376470588235294,0.6186274509803921,0.4480414004324763,0.6588235294117647,0.08882352941176472,0.7745098039215685,0.5012208007069875,0.8235294117647058
V2-global,v2_global,0.1,0.12006808817386627,0.12006808817386627,0.5,0.001,200,200,200,gap_weighted,0.5904049873352051,0.3936401605606079,0.8235081388552984,1.092510442689888,600,0,0,0,0,170,0.1388235294117647,0.6245098039215685,0.4502215588782525,0.6647058823529411,0.08941176470588236,0.7745098039215685,0.5016554889699704,0.8235294117647058
V2-global,v2_global,0.1,0.12539233267307281,0.12539233267307281,0.5,0.005,50,50,50,gap_weighted,0.5868720412254333,0.3900820314884186,0.8228562631209692,1.091262716167087,600,0,0,0,0,170,0.13647058823529412,0.6127450980392156,0.44505823559450397,0.6529411764705882,0.08882352941176472,0.7725490196078431,0.49983443008726514,0.8235294117647058
V2-global,v2_global,0.1,0.15837788581848145,0.15837788581848145,0.5,0.005,100,100,100,gap_weighted,0.5653488039970398,0.3689303696155548,0.8189544375737509,1.083712720951598,600,0,0,0,0,170,0.13529411764705881,0.6068627450980392,0.44232963477522486,0.6470588235294118,0.09117647058823529,0.7892156862745098,0.5044781285891858,0.8411764705882353
V2-global,v2_global,0.1,0.25301000475883484,0.25301000475883484,0.5,0.005,200,200,200,gap_weighted,0.5070832967758179,0.316106915473938,0.8087096339464188,1.0620988787110823,600,0,0,0,0,170,0.13176470588235292,0.5784313725490196,0.43056662214989655,0.6235294117647059,0.0888235294117647,0.7617647058823529,0.4936370479286106,0.8117647058823529
V2-global,v2_global,0.1,0.15726646780967712,0.15726646780967712,0.5,0.01,50,50,50,gap_weighted,0.5660637617111206,0.36961859464645386,0.8190835146109263,1.083961966935098,600,0,0,0,0,170,0.13529411764705881,0.6068627450980392,0.44232963477522486,0.6470588235294118,0.09058823529411765,0.7872549019607842,0.5037650868697111,0.8411764705882353
V2-global,v2_global,0.1,0.24908693134784698,0.24908693134784698,0.5,0.01,100,100,100,gap_weighted,0.5093960762023926,0.31808337569236755,0.8090771146615346,1.0629722467875182,600,0,0,0,0,170,0.13058823529411764,0.5754901960784313,0.42917134148654773,0.6176470588235294,0.0888235294117647,0.7617647058823529,0.4934561335445093,0.8117647058823529
V2-global,v2_global,0.1,0.5120007395744324,0.5120007395744324,0.5,0.01,200,200,200,gap_weighted,0.37403249740600586,0.2174071967601776,0.7942531194289525,1.0095259807955541,600,0,0,0,0,170,0.11411764705882352,0.48823529411764705,0.38171150262057946,0.5411764705882353,0.0811764705882353,0.6735294117647059,0.44473162685734896,0.7235294117647059
V2-global,v2_global,0.1,0.6119696497917175,0.6119696497917175,0.5,0.05,50,50,50,gap_weighted,0.33302411437034607,0.19201095402240753,0.7931149790684382,0.9923366332189245,600,0,0,0,0,170,0.1035294117647059,0.43529411764705883,0.34553093763536624,0.48823529411764705,0.07529411764705883,0.6186274509803921,0.4087309423148839,0.6705882352941176
V2-global,v2_global,0.1,0.8685770034790039,0.8029796481132507,0.5,0.05,100,74,94,gap_weighted,0.2706977427005768,0.15613716840744019,0.7988156654437383,0.9789598214627742,600,0,0,0,0,170,0.08470588235294117,0.34411764705882353,0.2815659511399064,0.4,0.058823529411764705,0.4696078431372549,0.325752599192326,0.5176470588235295
V2-global,v2_global,0.1,0.8685770034790039,0.8029796481132507,0.5,0.05,200,74,94,gap_weighted,0.2706977427005768,0.15613716840744019,0.7988156654437383,0.9789598214627742,600,0,0,0,0,170,0.08470588235294117,0.34411764705882353,0.2815659511399064,0.4,0.058823529411764705,0.4696078431372549,0.325752599192326,0.5176470588235295
V2-global,v2_global,0.1,0.10460931807756424,0.10460931807756424,1.0,0.001,50,50,50,gap_weighted,0.6007553935050964,0.40420472621917725,0.8254102887709935,1.096175464024935,600,0,0,0,0,170,0.1376470588235294,0.6186274509803921,0.4499849661441581,0.6588235294117647,0.08882352941176472,0.7745098039215685,0.5033126303395111,0.8235294117647058
V2-global,v2_global,0.1,0.10947499424219131,0.10947499424219131,1.0,0.001,100,100,100,gap_weighted,0.5974827408790588,0.4008416533470154,0.8248134126265844,1.0950164107510383,600,0,0,0,0,170,0.1376470588235294,0.6186274509803921,0.4480414004324763,0.6588235294117647,0.08882352941176472,0.7745098039215685,0.5012208007069875,0.8235294117647058
V2-global,v2_global,0.1,0.1200496256351471,0.1200496256351471,1.0,0.001,200,200,200,gap_weighted,0.5904172658920288,0.3936525583267212,0.8235104237000147,1.0925147847662342,600,0,0,0,0,170,0.1388235294117647,0.6245098039215685,0.4502215588782525,0.6647058823529411,0.08941176470588236,0.7745098039215685,0.5016554889699704,0.8235294117647058
V2-global,v2_global,0.1,0.12537510693073273,0.12537510693073273,1.0,0.005,50,50,50,gap_weighted,0.5868834257125854,0.39009350538253784,0.8228583741188049,1.091266742847823,600,0,0,0,0,170,0.13647058823529412,0.6127450980392156,0.44505823559450397,0.6529411764705882,0.08882352941176472,0.7725490196078431,0.49983443008726514,0.8235294117647058
V2-global,v2_global,0.1,0.15824085474014282,0.15824085474014282,1.0,0.005,100,100,100,gap_weighted,0.565436840057373,0.3690151572227478,0.81897034962972,1.0837434319920465,600,0,0,0,0,170,0.13529411764705881,0.6068627450980392,0.44232963477522486,0.6470588235294118,0.09117647058823529,0.7892156862745098,0.5044781285891858,0.8411764705882353
V2-global,v2_global,0.1,0.2518046200275421,0.2518046200275421,1.0,0.005,200,200,200,gap_weighted,0.5077929496765137,0.316712349653244,0.8088225424289703,1.0623666788201525,600,0,0,0,0,170,0.13176470588235292,0.5784313725490196,0.43056662214989655,0.6235294117647059,0.0888235294117647,0.7617647058823529,0.4936370479286106,0.8117647058823529
V2-global,v2_global,0.1,0.15717701613903046,0.15717701613903046,1.0,0.01,50,50,50,gap_weighted,0.5661213397979736,0.36967405676841736,0.8190938919782639,1.0839820321130378,600,0,0,0,0,170,0.13529411764705881,0.6068627450980392,0.44232963477522486,0.6470588235294118,0.09058823529411765,0.7872549019607842,0.5037650868697111,0.8411764705882353
V2-global,v2_global,0.1,0.2481665462255478,0.2481665462255478,1.0,0.01,100,100,100,gap_weighted,0.509939968585968,0.3185495436191559,0.8091633305946986,1.0631778839005723,600,0,0,0,0,170,0.13058823529411764,0.5754901960784313,0.42917134148654773,0.6176470588235294,0.0888235294117647,0.7617647058823529,0.4935906856255368,0.8117647058823529
V2-global,v2_global,0.1,0.5051792860031128,0.5051792860031128,1.0,0.01,200,200,200,gap_weighted,0.3770408034324646,0.21934817731380463,0.7944459438323974,1.0109427333314467,600,0,0,0,0,170,0.11411764705882352,0.48823529411764705,0.38171150262057946,0.5411764705882353,0.08176470588235295,0.6794117647058824,0.4468373021420851,0.7294117647058823
V2-global,v2_global,0.1,0.6069092750549316,0.6069092750549316,1.0,0.05,50,50,50,gap_weighted,0.3349614441394806,0.19317002594470978,0.7931033988793691,0.9930422685562231,600,0,0,0,0,170,0.1035294117647059,0.43529411764705883,0.3459387225878757,0.48823529411764705,0.07529411764705883,0.6186274509803921,0.4091907902487916,0.6705882352941176
V2-global,v2_global,0.1,0.8675473928451538,0.8054991364479065,1.0,0.05,100,76,96,gap_weighted,0.27001622319221497,0.15575194358825684,0.7989708294471105,0.97895880932973,600,0,0,0,0,170,0.08470588235294117,0.34411764705882353,0.2813081643702661,0.4,0.058823529411764705,0.4696078431372549,0.3255589811546186,0.5176470588235295
V2-global,v2_global,0.1,0.8675473928451538,0.8054991364479065,1.0,0.05,200,76,96,gap_weighted,0.27001622319221497,0.15575194358825684,0.7989708294471105,0.97895880932973,600,0,0,0,0,170,0.08470588235294117,0.34411764705882353,0.2813081643702661,0.4,0.058823529411764705,0.4696078431372549,0.3255589811546186,0.5176470588235295
V2-global,v2_global,0.25,0.2595093250274658,0.2595093250274658,0.0,0.001,50,50,50,gap_weighted,0.5032711625099182,0.3128703832626343,0.8081058516105016,1.0606631718229638,600,0,0,0,0,170,0.13176470588235292,0.5784313725490196,0.42823972653888737,0.6235294117647059,0.08941176470588234,0.7676470588235295,0.4930088378384469,0.8176470588235294
V2-global,v2_global,0.25,0.26931285858154297,0.26931285858154297,0.0,0.001,100,100,100,gap_weighted,0.4975670874118805,0.308076411485672,0.8071872738997141,1.05845174189569,600,0,0,0,0,170,0.13176470588235292,0.5784313725490196,0.4307148729579432,0.6235294117647059,0.09058823529411765,0.7725490196078431,0.4973180354196151,0.8235294117647058
V2-global,v2_global,0.25,0.2897913157939911,0.2897913157939911,0.0,0.001,200,200,200,gap_weighted,0.485830694437027,0.29839491844177246,0.8052332828442256,1.0538382521190823,600,0,0,0,0,170,0.12941176470588237,0.557843137254902,0.41939718418586636,0.6058823529411764,0.09117647058823529,0.7745098039215685,0.4927895049866203,0.8235294117647058
V2-global,v2_global,0.25,0.30013933777809143,0.30013933777809143,0.0,0.005,50,50,50,gap_weighted,0.47999218106269836,0.2936687469482422,0.8042459088563919,1.0515617744394608,600,0,0,0,0,170,0.12941176470588237,0.557843137254902,0.42079801061443733,0.6058823529411764,0.09117647058823529,0.7745098039215685,0.4938576790799777,0.8235294117647058
V2-global,v2_global,0.25,0.3566465973854065,0.3566465973854065,0.0,0.005,100,100,100,gap_weighted,0.44919925928115845,0.26970374584198,0.7994535680611928,1.039525826300814,600,0,0,0,0,170,0.12588235294117647,0.5441176470588235,0.4088410507249753,0.5882352941176471,0.08941176470588234,0.7529411764705882,0.47999803831767734,0.8
V2-global,v2_global,0.25,0.4790075421333313,0.4790075421333313,0.0,0.005,200,200,200,gap_weighted,0.38883176445961,0.22706878185272217,0.7948878459135691,1.0160438562487046,600,0,0,0,0,170,0.11647058823529412,0.5,0.3882639965667505,0.5529411764705883,0.08352941176470588,0.6941176470588235,0.45438114045434275,0.7411764705882353
V2-global,v2_global,0.25,0.3560875654220581,0.3560875654220581,0.0,0.01,50,50,50,gap_weighted,0.4494948983192444,0.2699263095855713,0.7994963892300924,1.0396406172689927,600,0,0,0,0,170,0.12588235294117647,0.5441176470588235,0.4088410507249753,0.5882352941176471,0.08941176470588234,0.7529411764705882,0.4800624853410374,0.8
V2-global,v2_global,0.25,0.47870224714279175,0.47870224714279175,0.0,0.01,100,100,100,gap_weighted,0.3889716565608978,0.2271614968776703,0.7948911746342977,1.0160981344863342,600,0,0,0,0,170,0.11647058823529412,0.5,0.3882639965667505,0.5529411764705883,0.08352941176470588,0.6941176470588235,0.45438114045434275,0.7411764705882353
V2-global,v2_global,0.25,0.685056746006012,0.685056746006012,0.0,0.01,200,200,200,gap_weighted,0.30669042468070984,0.17658111453056335,0.7937458225091298,0.9841549093947796,600,0,0,0,0,170,0.09882352941176471,0.4117647058823529,0.3220129491839361,0.4647058823529412,0.0688235294117647,0.5598039215686273,0.37416186934831314,0.611764705882353
V2-global,v2_global,0.25,0.7733099460601807,0.7733099460601807,0.0,0.05,50,50,50,gap_weighted,0.278998464345932,0.16082508862018585,0.7970712278286616,0.9793220946377873,600,0,0,0,0,170,0.08588235294117648,0.34705882352941175,0.2856039414020277,0.4,0.06294117647058824,0.503921568627451,0.3401468685241128,0.5529411764705883
V2-global,v2_global,0.25,0.8722900152206421,0.8057218790054321,0.0,0.05,100,56,76,gap_weighted,0.26995614171028137,0.15571798384189606,0.7989845508337021,0.9789589464771565,600,0,0,0,0,170,0.08470588235294117,0.34411764705882353,0.2813081643702661,0.4,0.058823529411764705,0.4696078431372549,0.3255589811546186,0.5176470588235295
V2-global,v2_global,0.25,0.8722900152206421,0.8057218790054321,0.0,0.05,200,56,76,gap_weighted,0.26995614171028137,0.15571798384189606,0.7989845508337021,0.9789589464771565,600,0,0,0,0,170,0.08470588235294117,0.34411764705882353,0.2813081643702661,0.4,0.058823529411764705,0.4696078431372549,0.3255589811546186,0.5176470588235295
V2-global,v2_global,0.25,0.2595091760158539,0.2595091760158539,0.01,0.001,50,50,50,gap_weighted,0.503271222114563,0.31287044286727905,0.8081058647235234,1.0606632075452636,600,0,0,0,0,170,0.13176470588235292,0.5784313725490196,0.42823972653888737,0.6235294117647059,0.08941176470588234,0.7676470588235295,0.4930088378384469,0.8176470588235294
V2-global,v2_global,0.25,0.2693120837211609,0.2693120837211609,0.01,0.001,100,100,100,gap_weighted,0.49756747484207153,0.30807679891586304,0.8071873476107915,1.0584519189678236,600,0,0,0,0,170,0.13176470588235292,0.5784313725490196,0.4307148729579432,0.6235294117647059,0.09058823529411765,0.7725490196078431,0.4973180354196151,0.8235294117647058
V2-global,v2_global,0.25,0.28978776931762695,0.28978776931762695,0.01,0.001,200,200,200,gap_weighted,0.48583269119262695,0.2983965277671814,0.8052336192131042,1.0538390357772658,600,0,0,0,0,170,0.12941176470588237,0.557843137254902,0.41939718418586636,0.6058823529411764,0.09117647058823529,0.7745098039215685,0.4927895049866203,0.8235294117647058
V2-global,v2_global,0.25,0.3001359701156616,0.3001359701156616,0.01,0.005,50,50,50,gap_weighted,0.4799940884113312,0.2936702370643616,0.8042462245623271,1.0515625056178621,600,0,0,0,0,170,0.12941176470588237,0.557843137254902,0.42079801061443733,0.6058823529411764,0.09117647058823529,0.7745098039215685,0.4938576790799777,0.8235294117647058
V2-global,v2_global,0.25,0.3566265404224396,0.3566265404224396,0.01,0.005,100,100,100,gap_weighted,0.4492098391056061,0.2697117030620575,0.799455097913742,1.0395299367496398,600,0,0,0,0,170,0.12588235294117647,0.5441176470588235,0.4088410507249753,0.5882352941176471,0.08941176470588234,0.7529411764705882,0.4800624853410374,0.8
V2-global,v2_global,0.25,0.478911817073822,0.478911817073822,0.01,0.005,200,200,200,gap_weighted,0.3888756036758423,0.22709783911705017,0.794888798793157,1.016060874863146,600,0,0,0,0,170,0.11647058823529412,0.5,0.3882639965667505,0.5529411764705883,0.08352941176470588,0.6941176470588235,0.45438114045434275,0.7411764705882353
V2-global,v2_global,0.25,0.356073796749115,0.356073796749115,0.01,0.01,50,50,50,gap_weighted,0.449502170085907,0.2699317932128906,0.7994974426428477,1.0396434492786004,600,0,0,0,0,170,0.12588235294117647,0.5441176470588235,0.4088410507249753,0.5882352941176471,0.08941176470588234,0.7529411764705882,0.4800624853410374,0.8
V2-global,v2_global,0.25,0.47862207889556885,0.47862207889556885,0.01,0.01,100,100,100,gap_weighted,0.38900840282440186,0.22718583047389984,0.7948924126227697,1.0161123984503382,600,0,0,0,0,170,0.11647058823529412,0.5,0.39043499801633014,0.5529411764705883,0.08352941176470588,0.6941176470588235,0.45655214190392235,0.7411764705882353
V2-global,v2_global,0.25,0.6848474740982056,0.6848474740982056,0.01,0.01,200,200,200,gap_weighted,0.30676141381263733,0.17662200331687927,0.7937415313720703,0.9841729040526299,600,0,0,0,0,170,0.09882352941176471,0.4117647058823529,0.3220129491839361,0.4647058823529412,0.0688235294117647,0.5598039215686273,0.37416186934831314,0.611764705882353
V2-global,v2_global,0.25,0.7731559872627258,0.7731559872627258,0.01,0.05,50,50,50,gap_weighted,0.2790428698062897,0.1608501374721527,0.7970630902051926,0.9793256632703584,600,0,0,0,0,170,0.08588235294117648,0.34705882352941175,0.2856039414020277,0.4,0.06294117647058824,0.503921568627451,0.3402814206051404,0.5529411764705883
V2-global,v2_global,0.25,0.8721547722816467,0.805564820766449,0.01,0.05,100,56,76,gap_weighted,0.2699985206127167,0.15574191510677338,0.798974876999855,0.9789588505440405,600,0,0,0,0,170,0.08470588235294117,0.34411764705882353,0.2813081643702661,0.4,0.058823529411764705,0.4696078431372549,0.3255589811546186,0.5176470588235295
V2-global,v2_global,0.25,0.8721547722816467,0.805564820766449,0.01,0.05,200,56,76,gap_weighted,0.2699985206127167,0.15574191510677338,0.798974876999855,0.9789588505440405,600,0,0,0,0,170,0.08470588235294117,0.34411764705882353,0.2813081643702661,0.4,0.058823529411764705,0.4696078431372549,0.3255589811546186,0.5176470588235295
V2-global,v2_global,0.25,0.2595089077949524,0.2595089077949524,0.05,0.001,50,50,50,gap_weighted,0.5032713413238525,0.312870591878891,0.8081058927377065,1.0606632665837794,600,0,0,0,0,170,0.13176470588235292,0.5784313725490196,0.42823972653888737,0.6235294117647059,0.08941176470588234,0.7676470588235295,0.4930088378384469,0.8176470588235294
V2-global,v2_global,0.25,0.26930975914001465,0.26930975914001465,0.05,0.001,100,100,100,gap_weighted,0.49756884574890137,0.30807793140411377,0.8071875582138698,1.058452444050015,600,0,0,0,0,170,0.13176470588235292,0.5784313725490196,0.4307148729579432,0.6235294117647059,0.09058823529411765,0.7725490196078431,0.4973180354196151,0.8235294117647058
V2-global,v2_global,0.25,0.289775013923645,0.289775013923645,0.05,0.001,200,200,200,gap_weighted,0.4858399033546448,0.29840242862701416,0.805234836935997,1.053841861208499,600,0,0,0,0,170,0.12941176470588237,0.557843137254902,0.41939718418586636,0.6058823529411764,0.09117647058823529,0.7745098039215685,0.4927895049866203,0.8235294117647058
V2-global,v2_global,0.25,0.3001239001750946,0.3001239001750946,0.05,0.005,50,50,50,gap_weighted,0.4800008535385132,0.2936757206916809,0.8042473787069321,1.0515651467062468,600,0,0,0,0,170,0.12941176470588237,0.557843137254902,0.42079801061443733,0.6058823529411764,0.09117647058823529,0.7745098039215685,0.4938576790799777,0.8235294117647058
V2-global,v2_global,0.25,0.35655051469802856,0.35655051469802856,0.05,0.005,100,100,100,gap_weighted,0.4492500126361847,0.269741952419281,0.7994609260559082,1.039545552099748,600,0,0,0,0,170,0.12588235294117647,0.5441176470588235,0.4088410507249753,0.5882352941176471,0.08941176470588234,0.7529411764705882,0.4800624853410374,0.8
V2-global,v2_global,0.25,0.4785447418689728,0.4785447418689728,0.05,0.005,200,200,200,gap_weighted,0.38904380798339844,0.22720934450626373,0.7948935953776042,1.016126154042251,600,0,0,0,0,170,0.11647058823529412,0.5,0.39043499801633014,0.5529411764705883,0.08352941176470588,0.6941176470588235,0.45655214190392235,0.7411764705882353
V2-global,v2_global,0.25,0.35602086782455444,0.35602086782455444,0.05,0.01,50,50,50,gap_weighted,0.4495301842689514,0.2699528634548187,0.7995014967521031,1.0396543214357195,600,0,0,0,0,170,0.12588235294117647,0.5441176470588235,0.4088410507249753,0.5882352941176471,0.08941176470588234,0.7529411764705882,0.4800624853410374,0.8
V2-global,v2_global,0.25,0.47831323742866516,0.47831323742866516,0.05,0.01,100,100,100,gap_weighted,0.389149934053421,0.2272796928882599,0.7948971529801686,1.0161673655554755,600,0,0,0,0,170,0.11647058823529412,0.5,0.39043499801633014,0.5529411764705883,0.08352941176470588,0.6941176470588235,0.45655214190392235,0.7411764705882353
V2-global,v2_global,0.25,0.6840384602546692,0.6840384602546692,0.05,0.01,200,200,200,gap_weighted,0.3070361614227295,0.17678023874759674,0.7937249584992727,0.9842427778667803,600,0,0,0,0,170,0.09882352941176471,0.4117647058823529,0.3220129491839361,0.4647058823529412,0.06941176470588235,0.5656862745098039,0.37586225067959483,0.6176470588235294
V2-global,v2_global,0.25,0.7725594639778137,0.7725594639778137,0.05,0.05,50,50,50,gap_weighted,0.2792150378227234,0.16094736754894257,0.7970315382877986,0.9793396383814261,600,0,0,0,0,170,0.08588235294117648,0.34705882352941175,0.2856039414020277,0.4,0.06294117647058824,0.503921568627451,0.34045691252216215,0.5529411764705883
V2-global,v2_global,0.25,0.8716294765472412,0.8049558997154236,0.05,0.05,100,56,76,gap_weighted,0.2701628506183624,0.1558348536491394,0.7989373687903086,0.9789586233337183,600,0,0,0,0,170,0.08470588235294117,0.34411764705882353,0.2815659511399064,0.4,0.058823529411764705,0.4696078431372549,0.325752599192326,0.5176470588235295
V2-global,v2_global,0.25,0.8716294765472412,0.8049558997154236,0.05,0.05,200,56,76,gap_weighted,0.2701628506183624,0.1558348536491394,0.7989373687903086,0.9789586233337183,600,0,0,0,0,170,0.08470588235294117,0.34411764705882353,0.2815659511399064,0.4,0.058823529411764705,0.4696078431372549,0.325752599192326,0.5176470588235295
V2-global,v2_global,0.25,0.25950828194618225,0.25950828194618225,0.1,0.001,50,50,50,gap_weighted,0.503271758556366,0.31287088990211487,0.8081059467792511,1.0606634000947865,600,0,0,0,0,170,0.13176470588235292,0.5784313725490196,0.42823972653888737,0.6235294117647059,0.08941176470588234,0.7676470588235295,0.4930088378384469,0.8176470588235294
V2-global,v2_global,0.25,0.26930665969848633,0.26930665969848633,0.1,0.001,100,100,100,gap_weighted,0.49757060408592224,0.30807942152023315,0.8071878625949224,1.0584531633510068,600,0,0,0,0,170,0.13176470588235292,0.5784313725490196,0.4307148729579432,0.6235294117647059,0.09058823529411765,0.7725490196078431,0.4973180354196151,0.8235294117647058
V2-global,v2_global,0.25,0.28975966572761536,0.28975966572761536,0.1,0.001,200,200,200,gap_weighted,0.48584863543510437,0.29840952157974243,0.8052363022168477,1.0538452679021562,600,0,0,0,0,170,0.12941176470588237,0.557843137254902,0.41939718418586636,0.6058823529411764,0.09117647058823529,0.7745098039215685,0.4927895049866203,0.8235294117647058
V2-global,v2_global,0.25,0.30010977387428284,0.30010977387428284,0.1,0.005,50,50,50,gap_weighted,0.4800088107585907,0.2936820983886719,0.8042487277587255,1.0515682235882793,600,0,0,0,0,170,0.12941176470588237,0.557843137254902,0.42079801061443733,0.6058823529411764,0.09117647058823529,0.7745098039215685,0.4938576790799777,0.8235294117647058
V2-global,v2_global,0.25,0.35646194219589233,0.35646194219589233,0.1,0.005,100,100,100,gap_weighted,0.44929686188697815,0.26977720856666565,0.7994677092631658,1.0395637300106935,600,0,0,0,0,170,0.12588235294117647,0.5441176470588235,0.4088410507249753,0.5882352941176471,0.08941176470588234,0.7529411764705882,0.4800624853410374,0.8
V2-global,v2_global,0.25,0.47811630368232727,0.47811630368232727,0.1,0.005,200,200,200,gap_weighted,0.38924023509025574,0.22733955085277557,0.7948995620012284,1.0162012300751615,600,0,0,0,0,170,0.11647058823529412,0.5,0.39043499801633014,0.5529411764705883,0.08352941176470588,0.6941176470588235,0.45655214190392235,0.7411764705882353
V2-global,v2_global,0.25,0.3559591472148895,0.3559591472148895,0.1,0.01,50,50,50,gap_weighted,0.44956278800964355,0.26997748017311096,0.7995062273740768,1.0396670081557415,600,0,0,0,0,170,0.12588235294117647,0.5441176470588235,0.4088410507249753,0.5882352941176471,0.08941176470588234,0.7529411764705882,0.4800624853410374,0.8
V2-global,v2_global,0.25,0.47795242071151733,0.47795242071151733,0.1,0.01,100,100,100,gap_weighted,0.3893153965473175,0.2273894101381302,0.7949011733134588,1.0162286575382602,600,0,0,0,0,170,0.11647058823529412,0.5,0.39043499801633014,0.5529411764705883,0.08352941176470588,0.6941176470588235,0.45655214190392235,0.7411764705882353
V2-global,v2_global,0.25,0.6830870509147644,0.6830870509147644,0.1,0.01,200,200,200,gap_weighted,0.3073597252368927,0.17696666717529297,0.7937054693698883,0.9843255505734061,600,0,0,0,0,170,0.09882352941176471,0.4117647058823529,0.3220129491839361,0.4647058823529412,0.06941176470588235,0.5656862745098039,0.37586225067959483,0.6176470588235294
V2-global,v2_global,0.25,0.7718550562858582,0.7718550562858582,0.1,0.05,50,50,50,gap_weighted,0.27941858768463135,0.1610623300075531,0.7969942686955134,0.9793564674197727,600,0,0,0,0,170,0.08588235294117648,0.34705882352941175,0.2856039414020277,0.4,0.06352941176470589,0.5098039215686274,0.3422624024213709,0.5588235294117647
V2-global,v2_global,0.25,0.8710060715675354,0.8042358756065369,0.1,0.05,100,56,76,gap_weighted,0.2703574597835541,0.1559448540210724,0.7988930314779281,0.9789587356823111,600,0,0,0,0,170,0.08470588235294117,0.34411764705882353,0.2815659511399064,0.4,0.058823529411764705,0.4696078431372549,0.325752599192326,0.5176470588235295
V2-global,v2_global,0.25,0.8710060715675354,0.8042358756065369,0.1,0.05,200,56,76,gap_weighted,0.2703574597835541,0.1559448540210724,0.7988930314779281,0.9789587356823111,600,0,0,0,0,170,0.08470588235294117,0.34411764705882353,0.2815659511399064,0.4,0.058823529411764705,0.4696078431372549,0.325752599192326,0.5176470588235295
V2-global,v2_global,0.25,0.2595070004463196,0.2595070004463196,0.25,0.001,50,50,50,gap_weighted,0.5032724738121033,0.312871515750885,0.808106066385905,1.060663685046127,600,0,0,0,0,170,0.13176470588235292,0.5784313725490196,0.42823972653888737,0.6235294117647059,0.08941176470588234,0.7676470588235295,0.4930088378384469,0.8176470588235294
V2-global,v2_global,0.25,0.2692990303039551,0.2692990303039551,0.25,0.001,100,100,100,gap_weighted,0.497575044631958,0.30808311700820923,0.8071885897715887,1.0584549075690592,600,0,0,0,0,170,0.13176470588235292,0.5784313725490196,0.4307148729579432,0.6235294117647059,0.09058823529411765,0.7725490196078431,0.4973180354196151,0.8235294117647058
V2-global,v2_global,0.25,0.2897205352783203,0.2897205352783203,0.25,0.001,200,200,200,gap_weighted,0.4858708381652832,0.29842764139175415,0.8052400376399358,1.053853949868981,600,0,0,0,0,170,0.12941176470588237,0.557843137254902,0.41939718418586636,0.6058823529411764,0.09117647058823529,0.7745098039215685,0.4927895049866203,0.8235294117647058
V2-global,v2_global,0.25,0.3000732958316803,0.3000732958316803,0.25,0.005,50,50,50,gap_weighted,0.48002925515174866,0.29369857907295227,0.804252204298973,1.0515761865190965,600,0,0,0,0,170,0.12941176470588237,0.557843137254902,0.42079801061443733,0.6058823529411764,0.09117647058823529,0.7745098039215685,0.4938576790799777,0.8235294117647058
V2-global,v2_global,0.25,0.3562324643135071,0.3562324643135071,0.25,0.005,100,100,100,gap_weighted,0.44941821694374084,0.2698685824871063,0.7994852934281031,1.0396108580071755,600,0,0,0,0,170,0.12588235294117647,0.5441176470588235,0.4088410507249753,0.5882352941176471,0.08941176470588234,0.7529411764705882,0.4800624853410374,0.8
V2-global,v2_global,0.25,0.4770018458366394,0.4770018458366394,0.25,0.005,200,200,200,gap_weighted,0.3897516429424286,0.22767888009548187,0.7949105282624562,1.0163880245505896,600,0,0,0,0,170,0.11647058823529412,0.5,0.39043499801633014,0.5529411764705883,0.08294117647058823,0.6911764705882353,0.4554464154348478,0.7352941176470589
V2-global,v2_global,0.25,0.35579925775527954,0.35579925775527954,0.25,0.01,50,50,50,gap_weighted,0.4496473968029022,0.27004116773605347,0.7995184739430745,1.039699869454717,600,0,0,0,0,170,0.12588235294117647,0.5441176470588235,0.4088410507249753,0.5882352941176471,0.08941176470588234,0.7529411764705882,0.4800624853410374,0.8
V2-global,v2_global,0.25,0.4770129323005676,0.4770129323005676,0.25,0.01,100,100,100,gap_weighted,0.3897465765476227,0.22767549753189087,0.7949104217688242,1.0163861647104735,600,0,0,0,0,170,0.11647058823529412,0.5,0.39043499801633014,0.5529411764705883,0.08294117647058823,0.6911764705882353,0.4554464154348478,0.7352941176470589
V2-global,v2_global,0.25,0.6805764436721802,0.6805764436721802,0.25,0.01,200,200,200,gap_weighted,0.3082160949707031,0.1774604171514511,0.793654026389122,0.9845471019131031,600,0,0,0,0,170,0.09882352941176471,0.4117647058823529,0.3222629813828192,0.4647058823529412,0.06941176470588235,0.5656862745098039,0.3761624687250676,0.6176470588235294
V2-global,v2_global,0.25,0.76997971534729,0.76997971534729,0.25,0.05,50,50,50,gap_weighted,0.27996185421943665,0.1613691747188568,0.7968950609366099,0.9794030499655371,600,0,0,0,0,170,0.08588235294117648,0.34705882352941175,0.2877749428516074,0.4,0.06411764705882352,0.5156862745098039,0.3464236316977765,0.5647058823529412
V2-global,v2_global,0.25,0.8715861439704895,0.807002067565918,0.25,0.05,100,57,77,gap_weighted,0.2696114480495453,0.15552309155464172,0.7990633841355642,0.9789604172943099,600,0,0,0,0,170,0.08470588235294117,0.34411764705882353,0.2813081643702661,0.4,0.058823529411764705,0.4696078431372549,0.3255589811546186,0.5176470588235295
V2-global,v2_global,0.25,0.8715861439704895,0.807002067565918,0.25,0.05,200,57,77,gap_weighted,0.2696114480495453,0.15552309155464172,0.7990633841355642,0.9789604172943099,600,0,0,0,0,170,0.08470588235294117,0.34411764705882353,0.2813081643702661,0.4,0.058823529411764705,0.4696078431372549,0.3255589811546186,0.5176470588235295
V2-global,v2_global,0.25,0.2595052421092987,0.2595052421092987,0.5,0.001,50,50,50,gap_weighted,0.5032735466957092,0.31287238001823425,0.808106227517128,1.0606640744084728,600,0,0,0,0,170,0.13176470588235292,0.5784313725490196,0.42823972653888737,0.6235294117647059,0.08941176470588234,0.7676470588235295,0.4930088378384469,0.8176470588235294
V2-global,v2_global,0.25,0.2692891061306,0.2692891061306,0.5,0.001,100,100,100,gap_weighted,0.49758079648017883,0.30808791518211365,0.8071895404656728,1.0584571830834777,600,0,0,0,0,170,0.13176470588235292,0.5784313725490196,0.4307148729579432,0.6235294117647059,0.09058823529411765,0.7725490196078431,0.4973180354196151,0.8235294117647058
V2-global,v2_global,0.25,0.2896706461906433,0.2896706461906433,0.5,0.001,200,200,200,gap_weighted,0.4858991801738739,0.29845064878463745,0.8052448024352391,1.0538650212576284,600,0,0,0,0,170,0.12941176470588237,0.557843137254902,0.41939718418586636,0.6058823529411764,0.09117647058823529,0.7745098039215685,0.4927895049866203,0.8235294117647058
V2-global,v2_global,0.25,0.30002662539482117,0.30002662539482117,0.5,0.005,50,50,50,gap_weighted,0.48005545139312744,0.29371964931488037,0.8042566589514415,1.0515863731107016,600,0,0,0,0,170,0.12941176470588237,0.557843137254902,0.42079801061443733,0.6058823529411764,0.09117647058823529,0.7745098039215685,0.4938576790799777,0.8235294117647058
V2-global,v2_global,0.25,0.3559390604496002,0.3559390604496002,0.5,0.005,100,100,100,gap_weighted,0.4495733976364136,0.26998549699783325,0.7995077657699585,1.0396711350594985,600,0,0,0,0,170,0.12588235294117647,0.5441176470588235,0.4088410507249753,0.5882352941176471,0.08941176470588234,0.7529411764705882,0.4800624853410374,0.8
V2-global,v2_global,0.25,0.4755677580833435,0.4755677580833435,0.5,0.005,200,200,200,gap_weighted,0.39041081070899963,0.22811676561832428,0.7949259201685588,1.0166293934099824,600,0,0,0,0,170,0.11647058823529412,0.5,0.39043499801633014,0.5529411764705883,0.08294117647058823,0.6911764705882353,0.4554464154348478,0.7352941176470589
V2-global,v2_global,0.25,0.3555944561958313,0.3555944561958313,0.5,0.01,50,50,50,gap_weighted,0.44975578784942627,0.27012285590171814,0.7995341710249583,1.0397419840370874,600,0,0,0,0,170,0.12588235294117647,0.5441176470588235,0.4088410507249753,0.5882352941176471,0.08941176470588234,0.7529411764705882,0.4800624853410374,0.8
V2-global,v2_global,0.25,0.4758008122444153,0.4758008122444153,0.5,0.01,100,100,100,gap_weighted,0.3903036117553711,0.2280455231666565,0.7949229560295741,1.0165901026498607,600,0,0,0,0,170,0.11647058823529412,0.5,0.39043499801633014,0.5529411764705883,0.08294117647058823,0.6911764705882353,0.4554464154348478,0.7352941176470589
V2-global,v2_global,0.25,0.6772676110267639,0.6772676110267639,0.5,0.01,200,200,200,gap_weighted,0.30935022234916687,0.1781150847673416,0.7935862503449123,0.9848460400451687,600,0,0,0,0,170,0.09882352941176471,0.4117647058823529,0.3252041578534075,0.4647058823529412,0.06999999999999999,0.5715686274509804,0.38088893759235953,0.6235294117647059
V2-global,v2_global,0.25,0.7674722075462341,0.7674722075462341,0.5,0.05,50,50,50,gap_weighted,0.2806914746761322,0.16178129613399506,0.7967624042431514,0.9794693598419474,600,0,0,0,0,170,0.08588235294117648,0.34705882352941175,0.2877749428516074,0.4,0.06588235294117646,0.5333333333333333,0.35152477569162166,0.5823529411764706
V2-global,v2_global,0.25,0.8693315386772156,0.804419219493866,0.5,0.05,100,57,77,gap_weighted,0.27030786871910095,0.15591683983802795,0.798904327750206,0.9789586807359013,600,0,0,0,0,170,0.08470588235294117,0.34411764705882353,0.2815659511399064,0.4,0.058823529411764705,0.4696078431372549,0.325752599192326,0.5176470588235295
V2-global,v2_global,0.25,0.8693315386772156,0.804419219493866,0.5,0.05,200,57,77,gap_weighted,0.27030786871910095,0.15591683983802795,0.798904327750206,0.9789586807359013,600,0,0,0,0,170,0.08470588235294117,0.34411764705882353,0.2815659511399064,0.4,0.058823529411764705,0.4696078431372549,0.325752599192326,0.5176470588235295
V2-global,v2_global,0.25,0.2595030963420868,0.2595030963420868,1.0,0.001,50,50,50,gap_weighted,0.5032747983932495,0.3128734529018402,0.808106416463852,1.0606645386138704,600,0,0,0,0,170,0.13176470588235292,0.5784313725490196,0.42823972653888737,0.6235294117647059,0.08941176470588234,0.7676470588235295,0.4930088378384469,0.8176470588235294
V2-global,v2_global,0.25,0.26927629113197327,0.26927629113197327,1.0,0.001,100,100,100,gap_weighted,0.49758824706077576,0.3080940842628479,0.8071907575925191,1.058460100750973,600,0,0,0,0,170,0.13176470588235292,0.5784313725490196,0.4307148729579432,0.6235294117647059,0.09058823529411765,0.7725490196078431,0.4973180354196151,0.8235294117647058
V2-global,v2_global,0.25,0.2896052598953247,0.2896052598953247,1.0,0.001,200,200,200,gap_weighted,0.4859361946582794,0.2984808683395386,0.8052510396639506,1.0538795217534143,600,0,0,0,0,170,0.12941176470588237,0.557843137254902,0.41939718418586636,0.6058823529411764,0.09117647058823529,0.7745098039215685,0.4927895049866203,0.8235294117647058
V2-global,v2_global,0.25,0.2999652326107025,0.2999652326107025,1.0,0.005,50,50,50,gap_weighted,0.48008987307548523,0.29374733567237854,0.8042625161012014,1.051599772577344,600,0,0,0,0,170,0.12941176470588237,0.557843137254902,0.42079801061443733,0.6058823529411764,0.09117647058823529,0.7745098039215685,0.4938576790799777,0.8235294117647058
V2-global,v2_global,0.25,0.35555127263069153,0.35555127263069153,1.0,0.005,100,100,100,gap_weighted,0.44977858662605286,0.2701400816440582,0.7995374725262324,1.0397508584199338,600,0,0,0,0,170,0.12588235294117647,0.5441176470588235,0.4088410507249753,0.5882352941176471,0.08941176470588234,0.7529411764705882,0.4800624853410374,0.8
V2-global,v2_global,0.25,0.47365477681159973,0.47365477681159973,1.0,0.005,200,200,200,gap_weighted,0.39129194617271423,0.22870300710201263,0.7949502782026927,1.0169531094194544,600,0,0,0,0,170,0.11647058823529412,0.5,0.39084278296883956,0.5529411764705883,0.08294117647058823,0.6911764705882353,0.4559062633687556,0.7352941176470589
V2-global,v2_global,0.25,0.35532256960868835,0.35532256960868835,1.0,0.01,50,50,50,gap_weighted,0.4498996436595917,0.27023136615753174,0.7995549937089285,1.0397979127752208,600,0,0,0,0,170,0.12588235294117647,0.5441176470588235,0.4088410507249753,0.5882352941176471,0.08941176470588234,0.7529411764705882,0.4800624853410374,0.8
V2-global,v2_global,0.25,0.4741782546043396,0.4741782546043396,1.0,0.01,100,100,100,gap_weighted,0.39105063676834106,0.22854234278202057,0.7949436118205389,1.0168643273155271,600,0,0,0,0,170,0.11647058823529412,0.5,0.39084278296883956,0.5529411764705883,0.08294117647058823,0.6911764705882353,0.4559062633687556,0.7352941176470589
V2-global,v2_global,0.25,0.6727128624916077,0.6727128624916077,1.0,0.01,200,200,200,gap_weighted,0.3109217882156372,0.17902372777462006,0.7934929378827413,0.9852703868859886,600,0,0,0,0,170,0.1,0.4176470588235294,0.3274797626018459,0.47058823529411764,0.06999999999999999,0.5715686274509804,0.3812061799928653,0.6235294117647059
V2-global,v2_global,0.25,0.7639519572257996,0.7639519572257996,1.0,0.05,50,50,50,gap_weighted,0.28172188997268677,0.1623634546995163,0.7965761897961299,0.9795702420001525,600,0,0,0,0,170,0.08705882352941177,0.35294117647058826,0.29020860883418287,0.40588235294117647,0.06588235294117646,0.5333333333333333,0.35218767699382075,0.5823529411764706
V2-global,v2_global,0.25,0.868331253528595,0.805275022983551,1.0,0.05,100,58,78,gap_weighted,0.2700766921043396,0.15578612685203552,0.7989570246140162,0.9789587091061399,600,0,0,0,0,170,0.08470588235294117,0.34411764705882353,0.2813081643702661,0.4,0.058823529411764705,0.4696078431372549,0.3255589811546186,0.5176470588235295
V2-global,v2_global,0.25,0.868331253528595,0.805275022983551,1.0,0.05,200,58,78,gap_weighted,0.2700766921043396,0.15578612685203552,0.7989570246140162,0.9789587091061399,600,0,0,0,0,170,0.08470588235294117,0.34411764705882353,0.2813081643702661,0.4,0.058823529411764705,0.4696078431372549,0.3255589811546186,0.5176470588235295
V2-global,v2_global,0.5,0.5124722719192505,0.5124722719192505,0.0,0.001,50,50,50,gap_weighted,0.3738255798816681,0.21727408468723297,0.7942401427030563,1.0094291724270743,600,0,0,0,0,170,0.11411764705882352,0.48823529411764705,0.38171150262057946,0.5411764705882353,0.0811764705882353,0.6735294117647059,0.44473162685734896,0.7235294117647059
V2-global,v2_global,0.5,0.5248327851295471,0.5248327851295471,0.0,0.001,100,100,100,gap_weighted,0.3684462010860443,0.21383307874202728,0.7938999332984289,1.0069435922939172,600,0,0,0,0,170,0.11529411764705884,0.49117647058823527,0.38016560681333994,0.5470588235294118,0.0811764705882353,0.6735294117647059,0.4412961250231965,0.7235294117647059
V2-global,v2_global,0.5,0.5490956902503967,0.5490956902503967,0.0,0.001,200,200,200,gap_weighted,0.358143150806427,0.20734068751335144,0.7933717906475067,1.0023586112049698,600,0,0,0,0,170,0.11294117647058825,0.47941176470588237,0.36985318120364946,0.5352941176470588,0.0776470588235294,0.6411764705882353,0.4249834136312782,0.6941176470588235
V2-global,v2_global,0.5,0.5614703297615051,0.5614703297615051,0.0,0.005,50,50,50,gap_weighted,0.3530190885066986,0.20415808260440826,0.7932265828053157,1.0001719938831082,600,0,0,0,0,170,0.11294117647058825,0.47941176470588237,0.3691953640522569,0.5352941176470588,0.07705882352941178,0.6352941176470588,0.4223742181447134,0.6882352941176471
V2-global,v2_global,0.5,0.618156909942627,0.618156909942627,0.0,0.005,100,100,100,gap_weighted,0.3306754231452942,0.19061057269573212,0.7931314824024837,0.9914981379490898,600,0,0,0,0,170,0.10470588235294118,0.43725490196078426,0.34594962935847856,0.48823529411764705,0.07470588235294118,0.6156862745098038,0.40707984259402075,0.6647058823529411
V2-global,v2_global,0.5,0.7109609246253967,0.7109609246253967,0.0,0.005,200,200,200,gap_weighted,0.29809650778770447,0.17165492475032806,0.794457503358523,0.982171184618544,600,0,0,0,0,170,0.09882352941176471,0.4117647058823529,0.31893681838274657,0.4647058823529412,0.06823529411764706,0.5539215686274509,0.3690416143017248,0.6058823529411764
V2-global,v2_global,0.5,0.6193684339523315,0.6193684339523315,0.0,0.01,50,50,50,gap_weighted,0.330218106508255,0.19033852219581604,0.7931347241004308,0.9913370905336308,600,0,0,0,0,170,0.10470588235294118,0.43725490196078426,0.34594962935847856,0.48823529411764705,0.07470588235294118,0.6156862745098038,0.40707984259402075,0.6647058823529411
V2-global,v2_global,0.5,0.7137966156005859,0.7137966156005859,0.0,0.01,100,100,100,gap_weighted,0.2971792221069336,0.17113158106803894,0.7945539818207423,0.9819835042834454,600,0,0,0,0,170,0.09882352941176471,0.4117647058823529,0.318421244843466,0.4647058823529412,0.06823529411764706,0.5539215686274509,0.3685260407624442,0.6058823529411764
V2-global,v2_global,0.5,0.822365939617157,0.8050394058227539,0.0,0.01,200,174,194,gap_weighted,0.27014029026031494,0.15582209825515747,0.7989425158500671,0.9789586457591857,600,0,0,0,0,170,0.08470588235294117,0.34411764705882353,0.2813081643702661,0.4,0.058823529411764705,0.4696078431372549,0.32562936450371327,0.5176470588235295
V2-global,v2_global,0.5,0.8814837336540222,0.8050915598869324,0.0,0.05,50,31,50,gap_weighted,0.27012622356414795,0.15581414103507996,0.7989457358916601,0.9789586599392165,600,0,0,0,0,170,0.08470588235294117,0.34411764705882353,0.2813081643702661,0.4,0.058823529411764705,0.4696078431372549,0.32562936450371327,0.5176470588235295
V2-global,v2_global,0.5,0.884064257144928,0.8050915598869324,0.0,0.05,100,31,51,gap_weighted,0.27012622356414795,0.15581414103507996,0.7989457358916601,0.9789586599392165,600,0,0,0,0,170,0.08470588235294117,0.34411764705882353,0.2813081643702661,0.4,0.058823529411764705,0.4696078431372549,0.32562936450371327,0.5176470588235295
V2-global,v2_global,0.5,0.884064257144928,0.8050915598869324,0.0,0.05,200,31,51,gap_weighted,0.27012622356414795,0.15581414103507996,0.7989457358916601,0.9789586599392165,600,0,0,0,0,170,0.08470588235294117,0.34411764705882353,0.2813081643702661,0.4,0.058823529411764705,0.4696078431372549,0.32562936450371327,0.5176470588235295
V2-global,v2_global,0.5,0.5124722123146057,0.5124722123146057,0.01,0.001,50,50,50,gap_weighted,0.3738255798816681,0.21727411448955536,0.7942401431004207,1.0094291841282497,600,0,0,0,0,170,0.11411764705882352,0.48823529411764705,0.38171150262057946,0.5411764705882353,0.0811764705882353,0.6735294117647059,0.44473162685734896,0.7235294117647059
V2-global,v2_global,0.5,0.5248321890830994,0.5248321890830994,0.01,0.001,100,100,100,gap_weighted,0.3684464693069458,0.21383321285247803,0.7938999519745509,1.0069437097936247,600,0,0,0,0,170,0.11529411764705884,0.49117647058823527,0.38016560681333994,0.5470588235294118,0.0811764705882353,0.6735294117647059,0.4412961250231965,0.7235294117647059
V2-global,v2_global,0.5,0.5490930080413818,0.5490930080413818,0.01,0.001,200,200,200,gap_weighted,0.35814425349235535,0.20734138786792755,0.793371840318044,1.0023590964239266,600,0,0,0,0,170,0.11294117647058825,0.47941176470588237,0.36985318120364946,0.5352941176470588,0.0776470588235294,0.6411764705882353,0.4249834136312782,0.6941176470588235
V2-global,v2_global,0.5,0.5614678859710693,0.5614678859710693,0.01,0.005,50,50,50,gap_weighted,0.3530201017856598,0.20415867865085602,0.7932266042629877,1.000172419450698,600,0,0,0,0,170,0.11294117647058825,0.47941176470588237,0.3691953640522569,0.5352941176470588,0.07705882352941178,0.6352941176470588,0.4223742181447134,0.6882352941176471
V2-global,v2_global,0.5,0.6181458830833435,0.6181458830833435,0.01,0.005,100,100,100,gap_weighted,0.33067959547042847,0.1906130462884903,0.7931314661105474,0.9914996217250144,600,0,0,0,0,170,0.10470588235294118,0.43725490196078426,0.34594962935847856,0.48823529411764705,0.07470588235294118,0.6156862745098038,0.40707984259402075,0.6647058823529411
V2-global,v2_global,0.5,0.7109300494194031,0.7109300494194031,0.01,0.005,200,200,200,gap_weighted,0.29810652136802673,0.1716606318950653,0.7944565176963806,0.9821732633453666,600,0,0,0,0,170,0.09882352941176471,0.4117647058823529,0.31893681838274657,0.4647058823529412,0.06823529411764706,0.5539215686274509,0.3690416143017248,0.6058823529411764
V2-global,v2_global,0.5,0.6193601489067078,0.6193601489067078,0.01,0.01,50,50,50,gap_weighted,0.3302212357521057,0.19034036993980408,0.7931347022453944,0.9913381930453093,600,0,0,0,0,170,0.10470588235294118,0.43725490196078426,0.34594962935847856,0.48823529411764705,0.07470588235294118,0.6156862745098038,0.40707984259402075,0.6647058823529411
V2-global,v2_global,0.5,0.7137689590454102,0.7137689590454102,0.01,0.01,100,100,100,gap_weighted,0.2971881628036499,0.17113667726516724,0.7945530327161153,0.9819853126678142,600,0,0,0,0,170,0.09882352941176471,0.4117647058823529,0.318421244843466,0.4647058823529412,0.06823529411764706,0.5539215686274509,0.3685260407624442,0.6058823529411764
V2-global,v2_global,0.5,0.8223273158073425,0.8050004839897156,0.01,0.01,200,174,194,gap_weighted,0.2701508104801178,0.15582804381847382,0.7989401108026505,0.9789586351276242,600,0,0,0,0,170,0.08470588235294117,0.34411764705882353,0.2813081643702661,0.4,0.058823529411764705,0.4696078431372549,0.32562936450371327,0.5176470588235295
V2-global,v2_global,0.5,0.8814568519592285,0.805067241191864,0.01,0.05,50,31,50,gap_weighted,0.27013278007507324,0.15581785142421722,0.7989442346493403,0.9789586531283034,600,0,0,0,0,170,0.08470588235294117,0.34411764705882353,0.2813081643702661,0.4,0.058823529411764705,0.4696078431372549,0.32562936450371327,0.5176470588235295
V2-global,v2_global,0.5,0.8840376734733582,0.805067241191864,0.01,0.05,100,31,51,gap_weighted,0.27013278007507324,0.15581785142421722,0.7989442346493403,0.9789586531283034,600,0,0,0,0,170,0.08470588235294117,0.34411764705882353,0.2813081643702661,0.4,0.058823529411764705,0.4696078431372549,0.32562936450371327,0.5176470588235295
V2-global,v2_global,0.5,0.8840376734733582,0.805067241191864,0.01,0.05,200,31,51,gap_weighted,0.27013278007507324,0.15581785142421722,0.7989442346493403,0.9789586531283034,600,0,0,0,0,170,0.08470588235294117,0.34411764705882353,0.2813081643702661,0.4,0.058823529411764705,0.4696078431372549,0.32562936450371327,0.5176470588235295
V2-global,v2_global,0.5,0.5124717950820923,0.5124717950820923,0.05,0.001,50,50,50,gap_weighted,0.3738257586956024,0.21727420389652252,0.7942401530345281,1.009429268591338,600,0,0,0,0,170,0.11411764705882352,0.48823529411764705,0.38171150262057946,0.5411764705882353,0.0811764705882353,0.6735294117647059,0.44473162685734896,0.7235294117647059
V2-global,v2_global,0.5,0.5248299241065979,0.5248299241065979,0.05,0.001,100,100,100,gap_weighted,0.3684474527835846,0.21383385360240936,0.7939000149567922,1.0069441540718924,600,0,0,0,0,170,0.11529411764705884,0.49117647058823527,0.38016560681333994,0.5470588235294118,0.0811764705882353,0.6735294117647059,0.4412961250231965,0.7235294117647059
V2-global,v2_global,0.5,0.5490830540657043,0.5490830540657043,0.05,0.001,200,200,200,gap_weighted,0.3581484258174896,0.20734398066997528,0.793372032046318,1.0023608918645837,600,0,0,0,0,170,0.11294117647058825,0.47941176470588237,0.36985318120364946,0.5352941176470588,0.0776470588235294,0.6411764705882353,0.4249834136312782,0.6941176470588235
V2-global,v2_global,0.5,0.5614585876464844,0.5614585876464844,0.05,0.005,50,50,50,gap_weighted,0.3530239164829254,0.20416106283664703,0.7932266793648401,1.000174015281446,600,0,0,0,0,170,0.11294117647058825,0.47941176470588237,0.3691953640522569,0.5352941176470588,0.07705882352941178,0.6352941176470588,0.4223742181447134,0.6882352941176471
V2-global,v2_global,0.5,0.6181029677391052,0.6181029677391052,0.05,0.005,100,100,100,gap_weighted,0.3306958079338074,0.1906227171421051,0.7931313437223434,0.9915053401220428,600,0,0,0,0,170,0.10470588235294118,0.43725490196078426,0.34594962935847856,0.48823529411764705,0.07470588235294118,0.6156862745098038,0.40707984259402075,0.6647058823529411
V2-global,v2_global,0.5,0.7108107209205627,0.7108107209205627,0.05,0.005,200,200,200,gap_weighted,0.29814520478248596,0.17168274521827698,0.7944527111450831,0.9821812949491102,600,0,0,0,0,170,0.09882352941176471,0.4117647058823529,0.31893681838274657,0.4647058823529412,0.06823529411764706,0.5539215686274509,0.3690416143017248,0.6058823529411764
V2-global,v2_global,0.5,0.6193280816078186,0.6193280816078186,0.05,0.01,50,50,50,gap_weighted,0.3302333354949951,0.1903475672006607,0.7931346150239309,0.9913424410247882,600,0,0,0,0,170,0.10470588235294118,0.43725490196078426,0.34594962935847856,0.48823529411764705,0.07470588235294118,0.6156862745098038,0.40707984259402075,0.6647058823529411
V2-global,v2_global,0.5,0.7136619091033936,0.7136619091033936,0.05,0.01,100,100,100,gap_weighted,0.29722270369529724,0.1711563766002655,0.7945493338505427,0.9819922907835215,600,0,0,0,0,170,0.09882352941176471,0.4117647058823529,0.318421244843466,0.4647058823529412,0.06823529411764706,0.5539215686274509,0.3685260407624442,0.6058823529411764
V2-global,v2_global,0.5,0.8221774101257324,0.8048491477966309,0.05,0.01,200,174,194,gap_weighted,0.27019166946411133,0.15585114061832428,0.7989307963848113,0.9789586225600556,600,0,0,0,0,170,0.08470588235294117,0.34411764705882353,0.2815659511399064,0.4,0.058823529411764705,0.4696078431372549,0.325752599192326,0.5176470588235295
V2-global,v2_global,0.5,0.8813525438308716,0.8049725890159607,0.05,0.05,50,31,50,gap_weighted,0.2701583504676819,0.15583230555057526,0.7989383999506633,0.9789586361197408,600,0,0,0,0,170,0.08470588235294117,0.34411764705882353,0.2813081643702661,0.4,0.058823529411764705,0.4696078431372549,0.32562936450371327,0.5176470588235295
V2-global,v2_global,0.5,0.883934497833252,0.8049725890159607,0.05,0.05,100,31,51,gap_weighted,0.2701583504676819,0.15583230555057526,0.7989383999506633,0.9789586361197408,600,0,0,0,0,170,0.08470588235294117,0.34411764705882353,0.2813081643702661,0.4,0.058823529411764705,0.4696078431372549,0.32562936450371327,0.5176470588235295
V2-global,v2_global,0.5,0.883934497833252,0.8049725890159607,0.05,0.05,200,31,51,gap_weighted,0.2701583504676819,0.15583230555057526,0.7989383999506633,0.9789586361197408,600,0,0,0,0,170,0.08470588235294117,0.34411764705882353,0.2813081643702661,0.4,0.058823529411764705,0.4696078431372549,0.32562936450371327,0.5176470588235295
V2-global,v2_global,0.5,0.5124713182449341,0.5124713182449341,0.1,0.001,50,50,50,gap_weighted,0.37382596731185913,0.21727436780929565,0.7942401691277822,1.0094293645882118,600,0,0,0,0,170,0.11411764705882352,0.48823529411764705,0.38171150262057946,0.5411764705882353,0.0811764705882353,0.6735294117647059,0.44473162685734896,0.7235294117647059
V2-global,v2_global,0.5,0.5248273015022278,0.5248273015022278,0.1,0.001,100,100,100,gap_weighted,0.3684485852718353,0.21383456885814667,0.7939000829060873,1.0069446680076506,600,0,0,0,0,170,0.11529411764705884,0.49117647058823527,0.38016560681333994,0.5470588235294118,0.0811764705882353,0.6735294117647059,0.4412961250231965,0.7235294117647059
V2-global,v2_global,0.5,0.5490713119506836,0.5490713119506836,0.1,0.001,200,200,200,gap_weighted,0.3581533432006836,0.2073470652103424,0.7933722597360611,1.0023630198092435,600,0,0,0,0,170,0.11294117647058825,0.47941176470588237,0.36985318120364946,0.5352941176470588,0.0776470588235294,0.6411764705882353,0.4249834136312782,0.6941176470588235
V2-global,v2_global,0.5,0.5614475607872009,0.5614475607872009,0.1,0.005,50,50,50,gap_weighted,0.35302844643592834,0.20416384935379028,0.7932267771164576,1.0001759192267332,600,0,0,0,0,170,0.11294117647058825,0.47941176470588237,0.3691953640522569,0.5352941176470588,0.07705882352941178,0.6352941176470588,0.4223742181447134,0.6882352941176471
V2-global,v2_global,0.5,0.6180522441864014,0.6180522441864014,0.1,0.005,100,100,100,gap_weighted,0.33071500062942505,0.1906341165304184,0.7931312070290247,0.9915121029869514,600,0,0,0,0,170,0.10470588235294118,0.43725490196078426,0.34594962935847856,0.48823529411764705,0.07470588235294118,0.6156862745098038,0.40707984259402075,0.6647058823529411
V2-global,v2_global,0.5,0.7106693387031555,0.7106693387031555,0.1,0.005,200,200,200,gap_weighted,0.2981910705566406,0.17170891165733337,0.7944482068220774,0.9821908178032913,600,0,0,0,0,170,0.09882352941176471,0.4117647058823529,0.31893681838274657,0.4647058823529412,0.06823529411764706,0.5539215686274509,0.3690416143017248,0.6058823529411764
V2-global,v2_global,0.5,0.6192901730537415,0.6192901730537415,0.1,0.01,50,50,50,gap_weighted,0.3302476704120636,0.19035604596138,0.7931345025698344,0.9913474542707059,600,0,0,0,0,170,0.10470588235294118,0.43725490196078426,0.34594962935847856,0.48823529411764705,0.07470588235294118,0.6156862745098038,0.40707984259402075,0.6647058823529411
V2-global,v2_global,0.5,0.713534951210022,0.713534951210022,0.1,0.01,100,100,100,gap_weighted,0.2972636818885803,0.17117974162101746,0.7945449552933375,0.9820005842054086,600,0,0,0,0,170,0.09882352941176471,0.4117647058823529,0.318421244843466,0.4647058823529412,0.06823529411764706,0.5539215686274509,0.3685260407624442,0.6058823529411764
V2-global,v2_global,0.5,0.8219993114471436,0.8046694993972778,0.1,0.01,200,174,194,gap_weighted,0.2702402174472809,0.15587858855724335,0.7989197347561519,0.9789586232196432,600,0,0,0,0,170,0.08470588235294117,0.34411764705882353,0.2815659511399064,0.4,0.058823529411764705,0.4696078431372549,0.325752599192326,0.5176470588235295
V2-global,v2_global,0.5,0.881228506565094,0.8048601150512695,0.1,0.05,50,31,50,gap_weighted,0.27018874883651733,0.15584947168827057,0.7989314717054367,0.9789586208907217,600,0,0,0,0,170,0.08470588235294117,0.34411764705882353,0.2815659511399064,0.4,0.058823529411764705,0.4696078431372549,0.325752599192326,0.5176470588235295
V2-global,v2_global,0.5,0.8838116526603699,0.8048601150512695,0.1,0.05,100,31,51,gap_weighted,0.27018874883651733,0.15584947168827057,0.7989314717054367,0.9789586208907217,600,0,0,0,0,170,0.08470588235294117,0.34411764705882353,0.2815659511399064,0.4,0.058823529411764705,0.4696078431372549,0.325752599192326,0.5176470588235295
V2-global,v2_global,0.5,0.8838116526603699,0.8048601150512695,0.1,0.05,200,31,51,gap_weighted,0.27018874883651733,0.15584947168827057,0.7989314717054367,0.9789586208907217,600,0,0,0,0,170,0.08470588235294117,0.34411764705882353,0.2815659511399064,0.4,0.058823529411764705,0.4696078431372549,0.325752599192326,0.5176470588235295
V2-global,v2_global,0.5,0.512470006942749,0.512470006942749,0.25,0.001,50,50,50,gap_weighted,0.3738265335559845,0.2172747403383255,0.794240203499794,1.0094296363336888,600,0,0,0,0,170,0.11411764705882352,0.48823529411764705,0.38171150262057946,0.5411764705882353,0.0811764705882353,0.6735294117647059,0.44473162685734896,0.7235294117647059
V2-global,v2_global,0.5,0.5248203277587891,0.5248203277587891,0.25,0.001,100,100,100,gap_weighted,0.3684515655040741,0.21383647620677948,0.7939002744356791,1.006946045668767,600,0,0,0,0,170,0.11529411764705884,0.49117647058823527,0.38016560681333994,0.5470588235294118,0.0811764705882353,0.6735294117647059,0.4412961250231965,0.7235294117647059
V2-global,v2_global,0.5,0.5490397810935974,0.5490397810935974,0.25,0.001,200,200,200,gap_weighted,0.35816648602485657,0.20735526084899902,0.79337287068367,1.0023687249248328,600,0,0,0,0,170,0.11294117647058825,0.47941176470588237,0.36985318120364946,0.5352941176470588,0.0776470588235294,0.6411764705882353,0.4249834136312782,0.6941176470588235
V2-global,v2_global,0.5,0.5614181160926819,0.5614181160926819,0.25,0.005,50,50,50,gap_weighted,0.35304054617881775,0.2041713297367096,0.7932270248730977,1.0001810022916602,600,0,0,0,0,170,0.11294117647058825,0.47941176470588237,0.3691953640522569,0.5352941176470588,0.07705882352941178,0.6352941176470588,0.4223742181447134,0.6882352941176471
V2-global,v2_global,0.5,0.6179165840148926,0.6179165840148926,0.25,0.005,100,100,100,gap_weighted,0.3307662606239319,0.1906646341085434,0.7931308452288309,0.9915302160857179,600,0,0,0,0,170,0.10470588235294118,0.43725490196078426,0.34594962935847856,0.48823529411764705,0.07470588235294118,0.6156862745098038,0.40707984259402075,0.6647058823529411
V2-global,v2_global,0.5,0.7102901935577393,0.7102901935577393,0.25,0.005,200,200,200,gap_weighted,0.2983141541481018,0.17177917063236237,0.794436115026474,0.9822164323656211,600,0,0,0,0,170,0.09882352941176471,0.4117647058823529,0.31893681838274657,0.4647058823529412,0.06823529411764706,0.5539215686274509,0.3690416143017248,0.6058823529411764
V2-global,v2_global,0.5,0.6191886067390442,0.6191886067390442,0.25,0.01,50,50,50,gap_weighted,0.3302859663963318,0.19037885963916779,0.7931342333555221,0.9913609270330367,600,0,0,0,0,170,0.10470588235294118,0.43725490196078426,0.34594962935847856,0.48823529411764705,0.07470588235294118,0.6156862745098038,0.40707984259402075,0.6647058823529411
V2-global,v2_global,0.5,0.7131944894790649,0.7131944894790649,0.25,0.01,100,100,100,gap_weighted,0.29737362265586853,0.17124246060848236,0.7945332072178523,0.9820228728463443,600,0,0,0,0,170,0.09882352941176471,0.4117647058823529,0.318421244843466,0.4647058823529412,0.06823529411764706,0.5539215686274509,0.3685260407624442,0.6058823529411764
V2-global,v2_global,0.5,0.8223243355751038,0.8051120042800903,0.25,0.01,200,175,195,gap_weighted,0.2701207101345062,0.15581101179122925,0.7989469873905182,0.9789586603587637,600,0,0,0,0,170,0.08470588235294117,0.34411764705882353,0.2813081643702661,0.4,0.058823529411764705,0.4696078431372549,0.32562936450371327,0.5176470588235295
V2-global,v2_global,0.5,0.8808935880661011,0.8045572638511658,0.25,0.05,50,31,50,gap_weighted,0.27027058601379395,0.15589572489261627,0.7989128190279007,0.9789586341017182,600,0,0,0,0,170,0.08470588235294117,0.34411764705882353,0.2815659511399064,0.4,0.058823529411764705,0.4696078431372549,0.325752599192326,0.5176470588235295
V2-global,v2_global,0.5,0.8834802508354187,0.8045572638511658,0.25,0.05,100,31,51,gap_weighted,0.27027058601379395,0.15589572489261627,0.7989128190279007,0.9789586341017182,600,0,0,0,0,170,0.08470588235294117,0.34411764705882353,0.2815659511399064,0.4,0.058823529411764705,0.4696078431372549,0.325752599192326,0.5176470588235295
V2-global,v2_global,0.5,0.8834802508354187,0.8045572638511658,0.25,0.05,200,31,51,gap_weighted,0.27027058601379395,0.15589572489261627,0.7989128190279007,0.9789586341017182,600,0,0,0,0,170,0.08470588235294117,0.34411764705882353,0.2815659511399064,0.4,0.058823529411764705,0.4696078431372549,0.325752599192326,0.5176470588235295
V2-global,v2_global,0.5,0.5124682784080505,0.5124682784080505,0.5,0.001,50,50,50,gap_weighted,0.3738273084163666,0.2172752171754837,0.7942402515808741,1.0094299880232456,600,0,0,0,0,170,0.11411764705882352,0.48823529411764705,0.38171150262057946,0.5411764705882353,0.0811764705882353,0.6735294117647059,0.44473162685734896,0.7235294117647059
V2-global,v2_global,0.5,0.5248108506202698,0.5248108506202698,0.5,0.001,100,100,100,gap_weighted,0.3684556484222412,0.2138390988111496,0.7939005368947982,1.006947910381544,600,0,0,0,0,170,0.11529411764705884,0.49117647058823527,0.38016560681333994,0.5470588235294118,0.0811764705882353,0.6735294117647059,0.4412961250231965,0.7235294117647059
V2-global,v2_global,0.5,0.5489974617958069,0.5489974617958069,0.5,0.001,200,200,200,gap_weighted,0.35818415880203247,0.20736630260944366,0.7933736944198608,1.0023763900089937,600,0,0,0,0,170,0.11294117647058825,0.47941176470588237,0.36985318120364946,0.5352941176470588,0.0776470588235294,0.6411764705882353,0.4249834136312782,0.6941176470588235
V2-global,v2_global,0.5,0.5613784790039062,0.5613784790039062,0.5,0.005,50,50,50,gap_weighted,0.35305678844451904,0.20418138802051544,0.7932273664077123,1.0001878381425324,600,0,0,0,0,170,0.11294117647058825,0.47941176470588237,0.3691953640522569,0.5352941176470588,0.07705882352941178,0.6352941176470588,0.4223742181447134,0.6882352941176471
V2-global,v2_global,0.5,0.6177338361740112,0.6177338361740112,0.5,0.005,100,100,100,gap_weighted,0.33083534240722656,0.19070574641227722,0.7931303576628367,0.991554628147114,600,0,0,0,0,170,0.10470588235294118,0.43725490196078426,0.34594962935847856,0.48823529411764705,0.07470588235294118,0.6156862745098038,0.40707984259402075,0.6647058823529411
V2-global,v2_global,0.5,0.7097771167755127,0.7097771167755127,0.5,0.005,200,200,200,gap_weighted,0.2984808087348938,0.17187432944774628,0.7944197497765223,0.9822512605854838,600,0,0,0,0,170,0.09882352941176471,0.4117647058823529,0.31893681838274657,0.4647058823529412,0.06823529411764706,0.5539215686274509,0.36914672286965183,0.6058823529411764
V2-global,v2_global,0.5,0.6190516352653503,0.6190516352653503,0.5,0.01,50,50,50,gap_weighted,0.33033764362335205,0.1904095858335495,0.793133872350057,0.9913791049532308,600,0,0,0,0,170,0.10470588235294118,0.43725490196078426,0.34594962935847856,0.48823529411764705,0.07470588235294118,0.6156862745098038,0.40707984259402075,0.6647058823529411
V2-global,v2_global,0.5,0.7127335071563721,0.7127335071563721,0.5,0.01,100,100,100,gap_weighted,0.29752257466316223,0.1713274121284485,0.7945173027118048,0.9820531944259137,600,0,0,0,0,170,0.09882352941176471,0.4117647058823529,0.318421244843466,0.4647058823529412,0.06823529411764706,0.5539215686274509,0.3685260407624442,0.6058823529411764
V2-global,v2_global,0.5,0.8216702938079834,0.8044529557228088,0.5,0.01,200,175,195,gap_weighted,0.2702987492084503,0.1559116691350937,0.7989063976208369,0.9789586623355389,600,0,0,0,0,170,0.08470588235294117,0.34411764705882353,0.2815659511399064,0.4,0.058823529411764705,0.4696078431372549,0.325752599192326,0.5176470588235295
V2-global,v2_global,0.5,0.8804348707199097,0.8041443824768066,0.5,0.05,50,31,50,gap_weighted,0.27038222551345825,0.1559588462114334,0.7988873974482218,0.9789587767110507,600,0,0,0,0,170,0.08470588235294117,0.34411764705882353,0.2815659511399064,0.4,0.058823529411764705,0.4696078431372549,0.325752599192326,0.5176470588235295
V2-global,v2_global,0.5,0.8830259442329407,0.8041443824768066,0.5,0.05,100,31,51,gap_weighted,0.27038222551345825,0.1559588462114334,0.7988873974482218,0.9789587767110507,600,0,0,0,0,170,0.08470588235294117,0.34411764705882353,0.2815659511399064,0.4,0.058823529411764705,0.4696078431372549,0.325752599192326,0.5176470588235295
V2-global,v2_global,0.5,0.8830259442329407,0.8041443824768066,0.5,0.05,200,31,51,gap_weighted,0.27038222551345825,0.1559588462114334,0.7988873974482218,0.9789587767110507,600,0,0,0,0,170,0.08470588235294117,0.34411764705882353,0.2815659511399064,0.4,0.058823529411764705,0.4696078431372549,0.325752599192326,0.5176470588235295
V2-global,v2_global,0.5,0.5124658346176147,0.5124658346176147,1.0,0.001,50,50,50,gap_weighted,0.37382835149765015,0.21727591753005981,0.7942403191328049,1.0094304910784122,600,0,0,0,0,170,0.11411764705882352,0.48823529411764705,0.38171150262057946,0.5411764705882353,0.0811764705882353,0.6735294117647059,0.44473162685734896,0.7235294117647059
V2-global,v2_global,0.5,0.5247974395751953,0.5247974395751953,1.0,0.001,100,100,100,gap_weighted,0.3684614896774292,0.21384276449680328,0.793900909225146,1.0069505543867674,600,0,0,0,0,170,0.11529411764705884,0.49117647058823527,0.38016560681333994,0.5470588235294118,0.0811764705882353,0.6735294117647059,0.4412961250231965,0.7235294117647059
V2-global,v2_global,0.5,0.5489377379417419,0.5489377379417419,1.0,0.001,200,200,200,gap_weighted,0.35820910334587097,0.20738185942173004,0.793374838034312,1.002387186315759,600,0,0,0,0,170,0.11294117647058825,0.47941176470588237,0.36985318120364946,0.5352941176470588,0.0776470588235294,0.6411764705882353,0.4249834136312782,0.6941176470588235
V2-global,v2_global,0.5,0.5613223910331726,0.5613223910331726,1.0,0.005,50,50,50,gap_weighted,0.35307982563972473,0.20419563353061676,0.7932278464237849,1.0001975200508328,600,0,0,0,0,170,0.11294117647058825,0.47941176470588237,0.3691953640522569,0.5352941176470588,0.07705882352941178,0.6352941176470588,0.4223742181447134,0.6882352941176471
V2-global,v2_global,0.5,0.6174741983413696,0.6174741983413696,1.0,0.005,100,100,100,gap_weighted,0.33093351125717163,0.1907641887664795,0.7931296708186467,0.99158935677878,600,0,0,0,0,170,0.10470588235294118,0.43725490196078426,0.34594962935847856,0.48823529411764705,0.07470588235294118,0.6156862745098038,0.40707984259402075,0.6647058823529411
V2-global,v2_global,0.5,0.7090439200401306,0.7090439200401306,1.0,0.005,200,200,200,gap_weighted,0.29871922731399536,0.17201046645641327,0.7943963686625163,0.9823013681007401,600,0,0,0,0,170,0.09882352941176471,0.4117647058823529,0.31893681838274657,0.4647058823529412,0.06823529411764706,0.5539215686274509,0.36921710621874654,0.6058823529411764
V2-global,v2_global,0.5,0.6188567876815796,0.6188567876815796,1.0,0.01,50,50,50,gap_weighted,0.3304111659526825,0.19045332074165344,0.7931333547830581,0.9914049817340692,600,0,0,0,0,170,0.10470588235294118,0.43725490196078426,0.34594962935847856,0.48823529411764705,0.07470588235294118,0.6156862745098038,0.40707984259402075,0.6647058823529411
V2-global,v2_global,0.5,0.7120739817619324,0.7120739817619324,1.0,0.01,100,100,100,gap_weighted,0.29773586988449097,0.17144912481307983,0.7944945337375006,0.9820968196537951,600,0,0,0,0,170,0.09882352941176471,0.4117647058823529,0.3186790316131063,0.4647058823529412,0.06823529411764706,0.5539215686274509,0.3687838275320845,0.6058823529411764
V2-global,v2_global,0.5,0.8215252757072449,0.8044208884239197,1.0,0.01,200,176,196,gap_weighted,0.2703074514865875,0.15591657161712646,0.7989044280846914,0.9789586736921779,600,0,0,0,0,170,0.08470588235294117,0.34411764705882353,0.2815659511399064,0.4,0.058823529411764705,0.4696078431372549,0.325752599192326,0.5176470588235295
V2-global,v2_global,0.5,0.8797680735588074,0.8035482168197632,1.0,0.05,50,31,50,gap_weighted,0.2705436050891876,0.15605007112026215,0.798850679397583,0.9789591867936581,600,0,0,0,0,170,0.08470588235294117,0.34411764705882353,0.2815659511399064,0.4,0.058823529411764705,0.4696078431372549,0.325752599192326,0.5176470588235295
V2-global,v2_global,0.5,0.8823655843734741,0.8035482168197632,1.0,0.05,100,31,51,gap_weighted,0.2705436050891876,0.15605007112026215,0.798850679397583,0.9789591867936581,600,0,0,0,0,170,0.08470588235294117,0.34411764705882353,0.2815659511399064,0.4,0.058823529411764705,0.4696078431372549,0.325752599192326,0.5176470588235295
V2-global,v2_global,0.5,0.8823655843734741,0.8035482168197632,1.0,0.05,200,31,51,gap_weighted,0.2705436050891876,0.15605007112026215,0.798850679397583,0.9789591867936581,600,0,0,0,0,170,0.08470588235294117,0.34411764705882353,0.2815659511399064,0.4,0.058823529411764705,0.4696078431372549,0.325752599192326,0.5176470588235295
V2-global,v2_global,0.75,0.7592100501060486,0.7592100501060486,0.0,0.001,50,50,50,gap_weighted,0.2831211984157562,0.16315428912639618,0.7963482401768367,0.9797204687682918,600,0,0,0,0,170,0.08705882352941177,0.35294117647058826,0.29020860883418287,0.40588235294117647,0.06588235294117646,0.5333333333333333,0.3527881123183985,0.5823529411764706
V2-global,v2_global,0.75,0.7680181264877319,0.7680181264877319,0.0,0.001,100,100,100,gap_weighted,0.2805323302745819,0.16169138252735138,0.796791286667188,0.9794545391205198,600,0,0,0,0,170,0.08588235294117648,0.34705882352941175,0.2877749428516074,0.4,0.06588235294117646,0.5333333333333333,0.35152477569162166,0.5823529411764706
V2-global,v2_global,0.75,0.7844350934028625,0.7844350934028625,0.0,0.001,200,200,200,gap_weighted,0.27582645416259766,0.15903401374816895,0.7977005404233932,0.9791105996015422,600,0,0,0,0,170,0.08588235294117648,0.34705882352941175,0.2838058045903703,0.4,0.06058823529411765,0.484313725490196,0.33200431269927994,0.5352941176470588
V2-global,v2_global,0.75,0.7928152084350586,0.7928152084350586,0.0,0.005,50,50,50,gap_weighted,0.2734842598438263,0.1577114313840866,0.7981896825631459,0.9790112212518125,600,0,0,0,0,170,0.08588235294117648,0.34705882352941175,0.28327704579101853,0.4,0.060000000000000005,0.4784313725490196,0.3292109402053151,0.5294117647058824
V2-global,v2_global,0.75,0.8180046081542969,0.8045697212219238,0.0,0.005,100,66,86,gap_weighted,0.27026718854904175,0.15589383244514465,0.7989135883251826,0.9789586401541757,600,0,0,0,0,170,0.08470588235294117,0.34411764705882353,0.2815659511399064,0.4,0.058823529411764705,0.4696078431372549,0.325752599192326,0.5176470588235295
V2-global,v2_global,0.75,0.8180046081542969,0.8045697212219238,0.0,0.005,200,66,86,gap_weighted,0.27026718854904175,0.15589383244514465,0.7989135883251826,0.9789586401541757,600,0,0,0,0,170,0.08470588235294117,0.34411764705882353,0.2815659511399064,0.4,0.058823529411764705,0.4696078431372549,0.325752599192326,0.5176470588235295
V2-global,v2_global,0.75,0.828001856803894,0.8052974343299866,0.0,0.01,50,33,50,gap_weighted,0.2700706422328949,0.15578271448612213,0.7989584046602249,0.9789587112176134,600,0,0,0,0,170,0.08470588235294117,0.34411764705882353,0.2813081643702661,0.4,0.058823529411764705,0.4696078431372549,0.3255589811546186,0.5176470588235295
V2-global,v2_global,0.75,0.8316184878349304,0.8052974343299866,0.0,0.01,100,33,53,gap_weighted,0.2700706422328949,0.15578271448612213,0.7989584046602249,0.9789587112176134,600,0,0,0,0,170,0.08470588235294117,0.34411764705882353,0.2813081643702661,0.4,0.058823529411764705,0.4696078431372549,0.3255589811546186,0.5176470588235295
V2-global,v2_global,0.75,0.8316184878349304,0.8052974343299866,0.0,0.01,200,33,53,gap_weighted,0.2700706422328949,0.15578271448612213,0.7989584046602249,0.9789587112176134,600,0,0,0,0,170,0.08470588235294117,0.34411764705882353,0.2813081643702661,0.4,0.058823529411764705,0.4696078431372549,0.3255589811546186,0.5176470588235295
V2-global,v2_global,0.75,0.9062420725822449,0.8016511797904968,0.0,0.05,50,6,26,gap_weighted,0.2710585296154022,0.1563410758972168,0.7987338491280873,0.97896223685181,600,0,0,0,0,170,0.08470588235294117,0.34411764705882353,0.2817237038935327,0.4,0.05941176470588235,0.47549019607843135,0.327610733277234,0.5235294117647059
V2-global,v2_global,0.75,0.9062420725822449,0.8016511797904968,0.0,0.05,100,6,26,gap_weighted,0.2710585296154022,0.1563410758972168,0.7987338491280873,0.97896223685181,600,0,0,0,0,170,0.08470588235294117,0.34411764705882353,0.2817237038935327,0.4,0.05941176470588235,0.47549019607843135,0.327610733277234,0.5235294117647059
V2-global,v2_global,0.75,0.9062420725822449,0.8016511797904968,0.0,0.05,200,6,26,gap_weighted,0.2710585296154022,0.1563410758972168,0.7987338491280873,0.97896223685181,600,0,0,0,0,170,0.08470588235294117,0.34411764705882353,0.2817237038935327,0.4,0.05941176470588235,0.47549019607843135,0.327610733277234,0.5235294117647059
V2-global,v2_global,0.75,0.7592100501060486,0.7592100501060486,0.01,0.001,50,50,50,gap_weighted,0.2831211984157562,0.16315428912639618,0.7963482401768367,0.9797204687682918,600,0,0,0,0,170,0.08705882352941177,0.35294117647058826,0.29020860883418287,0.40588235294117647,0.06588235294117646,0.5333333333333333,0.3527881123183985,0.5823529411764706
V2-global,v2_global,0.75,0.7680181264877319,0.7680181264877319,0.01,0.001,100,100,100,gap_weighted,0.2805323302745819,0.16169138252735138,0.796791286667188,0.9794545391205198,600,0,0,0,0,170,0.08588235294117648,0.34705882352941175,0.2877749428516074,0.4,0.06588235294117646,0.5333333333333333,0.35152477569162166,0.5823529411764706
V2-global,v2_global,0.75,0.7844350934028625,0.7844350934028625,0.01,0.001,200,200,200,gap_weighted,0.27582645416259766,0.15903401374816895,0.7977005404233932,0.9791105996015422,600,0,0,0,0,170,0.08588235294117648,0.34705882352941175,0.2838058045903703,0.4,0.06058823529411765,0.484313725490196,0.33200431269927994,0.5352941176470588
V2-global,v2_global,0.75,0.7928150296211243,0.7928150296211243,0.01,0.005,50,50,50,gap_weighted,0.27348431944847107,0.157711461186409,0.7981896690527598,0.9790112227558119,600,0,0,0,0,170,0.08588235294117648,0.34705882352941175,0.28327704579101853,0.4,0.060000000000000005,0.4784313725490196,0.3292109402053151,0.5294117647058824
V2-global,v2_global,0.75,0.8180046081542969,0.8045695424079895,0.01,0.005,100,66,86,gap_weighted,0.2702672481536865,0.15589386224746704,0.7989135833581289,0.978958639422203,600,0,0,0,0,170,0.08470588235294117,0.34411764705882353,0.2815659511399064,0.4,0.058823529411764705,0.4696078431372549,0.325752599192326,0.5176470588235295
V2-global,v2_global,0.75,0.8180046081542969,0.8045695424079895,0.01,0.005,200,66,86,gap_weighted,0.2702672481536865,0.15589386224746704,0.7989135833581289,0.978958639422203,600,0,0,0,0,170,0.08470588235294117,0.34411764705882353,0.2815659511399064,0.4,0.058823529411764705,0.4696078431372549,0.325752599192326,0.5176470588235295
V2-global,v2_global,0.75,0.828001856803894,0.8052973747253418,0.01,0.01,50,33,50,gap_weighted,0.2700706720352173,0.15578272938728333,0.7989584026734035,0.9789587175484895,600,0,0,0,0,170,0.08470588235294117,0.34411764705882353,0.2813081643702661,0.4,0.058823529411764705,0.4696078431372549,0.3255589811546186,0.5176470588235295
V2-global,v2_global,0.75,0.8316185474395752,0.8052973747253418,0.01,0.01,100,33,53,gap_weighted,0.2700706720352173,0.15578272938728333,0.7989584026734035,0.9789587175484895,600,0,0,0,0,170,0.08470588235294117,0.34411764705882353,0.2813081643702661,0.4,0.058823529411764705,0.4696078431372549,0.3255589811546186,0.5176470588235295
V2-global,v2_global,0.75,0.8316185474395752,0.8052973747253418,0.01,0.01,200,33,53,gap_weighted,0.2700706720352173,0.15578272938728333,0.7989584026734035,0.9789587175484895,600,0,0,0,0,170,0.08470588235294117,0.34411764705882353,0.2813081643702661,0.4,0.058823529411764705,0.4696078431372549,0.3255589811546186,0.5176470588235295
V2-global,v2_global,0.75,0.9062437415122986,0.801651120185852,0.01,0.05,50,6,26,gap_weighted,0.2710585296154022,0.156341090798378,0.798733843366305,0.9789622349080137,600,0,0,0,0,170,0.08470588235294117,0.34411764705882353,0.2817237038935327,0.4,0.05941176470588235,0.47549019607843135,0.327610733277234,0.5235294117647059
V2-global,v2_global,0.75,0.9062437415122986,0.801651120185852,0.01,0.05,100,6,26,gap_weighted,0.2710585296154022,0.156341090798378,0.798733843366305,0.9789622349080137,600,0,0,0,0,170,0.08470588235294117,0.34411764705882353,0.2817237038935327,0.4,0.05941176470588235,0.47549019607843135,0.327610733277234,0.5235294117647059
V2-global,v2_global,0.75,0.9062437415122986,0.801651120185852,0.01,0.05,200,6,26,gap_weighted,0.2710585296154022,0.156341090798378,0.798733843366305,0.9789622349080137,600,0,0,0,0,170,0.08470588235294117,0.34411764705882353,0.2817237038935327,0.4,0.05941176470588235,0.47549019607843135,0.327610733277234,0.5235294117647059
V2-global,v2_global,0.75,0.7592100501060486,0.7592100501060486,0.05,0.001,50,50,50,gap_weighted,0.2831211984157562,0.16315428912639618,0.7963482401768367,0.9797204687682918,600,0,0,0,0,170,0.08705882352941177,0.35294117647058826,0.29020860883418287,0.40588235294117647,0.06588235294117646,0.5333333333333333,0.3527881123183985,0.5823529411764706
V2-global,v2_global,0.75,0.7680178880691528,0.7680178880691528,0.05,0.001,100,100,100,gap_weighted,0.2805323898792267,0.16169142723083496,0.7967912729581197,0.9794545413059582,600,0,0,0,0,170,0.08588235294117648,0.34705882352941175,0.2877749428516074,0.4,0.06588235294117646,0.5333333333333333,0.35152477569162166,0.5823529411764706
V2-global,v2_global,0.75,0.7844346761703491,0.7844346761703491,0.05,0.001,200,200,200,gap_weighted,0.2758266031742096,0.15903408825397491,0.7977005207538604,0.9791106132816104,600,0,0,0,0,170,0.08588235294117648,0.34705882352941175,0.2838058045903703,0.4,0.06058823529411765,0.484313725490196,0.33200431269927994,0.5352941176470588
V2-global,v2_global,0.75,0.7928147315979004,0.7928147315979004,0.05,0.005,50,50,50,gap_weighted,0.27348440885543823,0.15771150588989258,0.7981896565357844,0.9790112332450375,600,0,0,0,0,170,0.08588235294117648,0.34705882352941175,0.28327704579101853,0.4,0.060000000000000005,0.4784313725490196,0.3292109402053151,0.5294117647058824
V2-global,v2_global,0.75,0.8180045485496521,0.8045692443847656,0.05,0.005,100,66,86,gap_weighted,0.2702673375606537,0.15589390695095062,0.798913560907046,0.9789586384594404,600,0,0,0,0,170,0.08470588235294117,0.34411764705882353,0.2815659511399064,0.4,0.058823529411764705,0.4696078431372549,0.325752599192326,0.5176470588235295
V2-global,v2_global,0.75,0.8180045485496521,0.8045692443847656,0.05,0.005,200,66,86,gap_weighted,0.2702673375606537,0.15589390695095062,0.798913560907046,0.9789586384594404,600,0,0,0,0,170,0.08470588235294117,0.34411764705882353,0.2815659511399064,0.4,0.058823529411764705,0.4696078431372549,0.325752599192326,0.5176470588235295
V2-global,v2_global,0.75,0.828001856803894,0.8052971363067627,0.05,0.01,50,33,50,gap_weighted,0.27007073163986206,0.1557827740907669,0.7989583931366603,0.9789587199298458,600,0,0,0,0,170,0.08470588235294117,0.34411764705882353,0.2813081643702661,0.4,0.058823529411764705,0.4696078431372549,0.3255589811546186,0.5176470588235295
V2-global,v2_global,0.75,0.8316187262535095,0.8052971363067627,0.05,0.01,100,33,53,gap_weighted,0.27007073163986206,0.1557827740907669,0.7989583931366603,0.9789587199298458,600,0,0,0,0,170,0.08470588235294117,0.34411764705882353,0.2813081643702661,0.4,0.058823529411764705,0.4696078431372549,0.3255589811546186,0.5176470588235295
V2-global,v2_global,0.75,0.8316187262535095,0.8052971363067627,0.05,0.01,200,33,53,gap_weighted,0.27007073163986206,0.1557827740907669,0.7989583931366603,0.9789587199298458,600,0,0,0,0,170,0.08470588235294117,0.34411764705882353,0.2813081643702661,0.4,0.058823529411764705,0.4696078431372549,0.3255589811546186,0.5176470588235295
V2-global,v2_global,0.75,0.9062501192092896,0.8016510605812073,0.05,0.05,50,6,26,gap_weighted,0.2710585594177246,0.15634110569953918,0.7987338437636693,0.9789622431964583,600,0,0,0,0,170,0.08470588235294117,0.34411764705882353,0.2817237038935327,0.4,0.05941176470588235,0.47549019607843135,0.327610733277234,0.5235294117647059
V2-global,v2_global,0.75,0.9062501192092896,0.8016510605812073,0.05,0.05,100,6,26,gap_weighted,0.2710585594177246,0.15634110569953918,0.7987338437636693,0.9789622431964583,600,0,0,0,0,170,0.08470588235294117,0.34411764705882353,0.2817237038935327,0.4,0.05941176470588235,0.47549019607843135,0.327610733277234,0.5235294117647059
V2-global,v2_global,0.75,0.9062501192092896,0.8016510605812073,0.05,0.05,200,6,26,gap_weighted,0.2710585594177246,0.15634110569953918,0.7987338437636693,0.9789622431964583,600,0,0,0,0,170,0.08470588235294117,0.34411764705882353,0.2817237038935327,0.4,0.05941176470588235,0.47549019607843135,0.327610733277234,0.5235294117647059
V2-global,v2_global,0.75,0.759209930896759,0.759209930896759,0.1,0.001,50,50,50,gap_weighted,0.2831212282180786,0.16315430402755737,0.7963482262690862,0.9797204643878761,600,0,0,0,0,170,0.08705882352941177,0.35294117647058826,0.29020860883418287,0.40588235294117647,0.06588235294117646,0.5333333333333333,0.3527881123183985,0.5823529411764706
V2-global,v2_global,0.75,0.7680177688598633,0.7680177688598633,0.1,0.001,100,100,100,gap_weighted,0.28053244948387146,0.16169145703315735,0.7967912652095159,0.9794545442823468,600,0,0,0,0,170,0.08588235294117648,0.34705882352941175,0.2877749428516074,0.4,0.06588235294117646,0.5333333333333333,0.35152477569162166,0.5823529411764706
V2-global,v2_global,0.75,0.7844342589378357,0.7844342589378357,0.1,0.001,200,200,200,gap_weighted,0.27582672238349915,0.1590341478586197,0.7977004794279734,0.9791106059183448,600,0,0,0,0,170,0.08588235294117648,0.34705882352941175,0.2838058045903703,0.4,0.06058823529411765,0.484313725490196,0.33200431269927994,0.5352941176470588
V2-global,v2_global,0.75,0.7928144335746765,0.7928144335746765,0.1,0.005,50,50,50,gap_weighted,0.2734844982624054,0.15771156549453735,0.7981896318991979,0.979011228131745,600,0,0,0,0,170,0.08588235294117648,0.34705882352941175,0.28327704579101853,0.4,0.060000000000000005,0.4784313725490196,0.3292109402053151,0.5294117647058824
V2-global,v2_global,0.75,0.818004310131073,0.804568886756897,0.1,0.005,100,66,86,gap_weighted,0.27026739716529846,0.1558939516544342,0.7989135424296061,0.9789586426559476,600,0,0,0,0,170,0.08470588235294117,0.34411764705882353,0.2815659511399064,0.4,0.058823529411764705,0.4696078431372549,0.325752599192326,0.5176470588235295
V2-global,v2_global,0.75,0.818004310131073,0.804568886756897,0.1,0.005,200,66,86,gap_weighted,0.27026739716529846,0.1558939516544342,0.7989135424296061,0.9789586426559476,600,0,0,0,0,170,0.08470588235294117,0.34411764705882353,0.2815659511399064,0.4,0.058823529411764705,0.4696078431372549,0.325752599192326,0.5176470588235295
V2-global,v2_global,0.75,0.8280019760131836,0.805296778678894,0.1,0.01,50,33,50,gap_weighted,0.2700708508491516,0.1557828187942505,0.7989583681027095,0.9789587197174852,600,0,0,0,0,170,0.08470588235294117,0.34411764705882353,0.2813081643702661,0.4,0.058823529411764705,0.4696078431372549,0.3255589811546186,0.5176470588235295
V2-global,v2_global,0.75,0.8316189646720886,0.805296778678894,0.1,0.01,100,33,53,gap_weighted,0.2700708508491516,0.1557828187942505,0.7989583681027095,0.9789587197174852,600,0,0,0,0,170,0.08470588235294117,0.34411764705882353,0.2813081643702661,0.4,0.058823529411764705,0.4696078431372549,0.3255589811546186,0.5176470588235295
V2-global,v2_global,0.75,0.8316189646720886,0.805296778678894,0.1,0.01,200,33,53,gap_weighted,0.2700708508491516,0.1557828187942505,0.7989583681027095,0.9789587197174852,600,0,0,0,0,170,0.08470588235294117,0.34411764705882353,0.2813081643702661,0.4,0.058823529411764705,0.4696078431372549,0.3255589811546186,0.5176470588235295
V2-global,v2_global,0.75,0.9062576293945312,0.801650881767273,0.1,0.05,50,6,26,gap_weighted,0.2710586190223694,0.15634112060070038,0.7987338282664617,0.9789622379318843,600,0,0,0,0,170,0.08470588235294117,0.34411764705882353,0.2817237038935327,0.4,0.05941176470588235,0.47549019607843135,0.327610733277234,0.5235294117647059
V2-global,v2_global,0.75,0.9062576293945312,0.801650881767273,0.1,0.05,100,6,26,gap_weighted,0.2710586190223694,0.15634112060070038,0.7987338282664617,0.9789622379318843,600,0,0,0,0,170,0.08470588235294117,0.34411764705882353,0.2817237038935327,0.4,0.05941176470588235,0.47549019607843135,0.327610733277234,0.5235294117647059
V2-global,v2_global,0.75,0.9062576293945312,0.801650881767273,0.1,0.05,200,6,26,gap_weighted,0.2710586190223694,0.15634112060070038,0.7987338282664617,0.9789622379318843,600,0,0,0,0,170,0.08470588235294117,0.34411764705882353,0.2817237038935327,0.4,0.05941176470588235,0.47549019607843135,0.327610733277234,0.5235294117647059
V2-global,v2_global,0.75,0.7592098116874695,0.7592098116874695,0.25,0.001,50,50,50,gap_weighted,0.2831212878227234,0.16315433382987976,0.7963482302427292,0.9797204751897285,600,0,0,0,0,170,0.08705882352941177,0.35294117647058826,0.29020860883418287,0.40588235294117647,0.06588235294117646,0.5333333333333333,0.3527881123183985,0.5823529411764706
V2-global,v2_global,0.75,0.7680174112319946,0.7680174112319946,0.25,0.001,100,100,100,gap_weighted,0.2805325388908386,0.16169151663780212,0.7967912445465724,0.9794545514506722,600,0,0,0,0,170,0.08588235294117648,0.34705882352941175,0.2877749428516074,0.4,0.06588235294117646,0.5333333333333333,0.35152477569162166,0.5823529411764706
V2-global,v2_global,0.75,0.7844330072402954,0.7844330072402954,0.25,0.001,200,200,200,gap_weighted,0.2758270502090454,0.1590343564748764,0.7977004106839498,0.979110632341158,600,0,0,0,0,170,0.08588235294117648,0.34705882352941175,0.2838058045903703,0.4,0.06058823529411765,0.484313725490196,0.33200431269927994,0.5352941176470588
V2-global,v2_global,0.75,0.7928134202957153,0.7928134202957153,0.25,0.005,50,50,50,gap_weighted,0.2734847664833069,0.15771172940731049,0.7981895786523819,0.9790112460681046,600,0,0,0,0,170,0.08588235294117648,0.34705882352941175,0.28327704579101853,0.4,0.060000000000000005,0.4784313725490196,0.3292109402053151,0.5294117647058824
V2-global,v2_global,0.75,0.81800377368927,0.8045676350593567,0.25,0.005,100,66,86,gap_weighted,0.2702677547931671,0.15589414536952972,0.798913458387057,0.9789586375605195,600,0,0,0,0,170,0.08470588235294117,0.34411764705882353,0.2815659511399064,0.4,0.058823529411764705,0.4696078431372549,0.325752599192326,0.5176470588235295
V2-global,v2_global,0.75,0.81800377368927,0.8045676350593567,0.25,0.005,200,66,86,gap_weighted,0.2702677547931671,0.15589414536952972,0.798913458387057,0.9789586375605195,600,0,0,0,0,170,0.08470588235294117,0.34411764705882353,0.2815659511399064,0.4,0.058823529411764705,0.4696078431372549,0.325752599192326,0.5176470588235295
V2-global,v2_global,0.75,0.8280022144317627,0.8052958846092224,0.25,0.01,50,33,50,gap_weighted,0.2700710594654083,0.15578295290470123,0.7989583098888398,0.9789587105376784,600,0,0,0,0,170,0.08470588235294117,0.34411764705882353,0.2813081643702661,0.4,0.058823529411764705,0.4696078431372549,0.3255589811546186,0.5176470588235295
V2-global,v2_global,0.75,0.8316197395324707,0.8052958846092224,0.25,0.01,100,33,53,gap_weighted,0.2700710594654083,0.15578295290470123,0.7989583098888398,0.9789587105376784,600,0,0,0,0,170,0.08470588235294117,0.34411764705882353,0.2813081643702661,0.4,0.058823529411764705,0.4696078431372549,0.3255589811546186,0.5176470588235295
V2-global,v2_global,0.75,0.8316197395324707,0.8052958846092224,0.25,0.01,200,33,53,gap_weighted,0.2700710594654083,0.15578295290470123,0.7989583098888398,0.9789587105376784,600,0,0,0,0,170,0.08470588235294117,0.34411764705882353,0.2813081643702661,0.4,0.058823529411764705,0.4696078431372549,0.3255589811546186,0.5176470588235295
V2-global,v2_global,0.75,0.9062780141830444,0.8016505837440491,0.25,0.05,50,6,26,gap_weighted,0.27105867862701416,0.15634116530418396,0.7987338181336721,0.9789622452067442,600,0,0,0,0,170,0.08470588235294117,0.34411764705882353,0.2817237038935327,0.4,0.05941176470588235,0.47549019607843135,0.327610733277234,0.5235294117647059
V2-global,v2_global,0.75,0.9062780141830444,0.8016505837440491,0.25,0.05,100,6,26,gap_weighted,0.27105867862701416,0.15634116530418396,0.7987338181336721,0.9789622452067442,600,0,0,0,0,170,0.08470588235294117,0.34411764705882353,0.2817237038935327,0.4,0.05941176470588235,0.47549019607843135,0.327610733277234,0.5235294117647059
V2-global,v2_global,0.75,0.9062780141830444,0.8016505837440491,0.25,0.05,200,6,26,gap_weighted,0.27105867862701416,0.15634116530418396,0.7987338181336721,0.9789622452067442,600,0,0,0,0,170,0.08470588235294117,0.34411764705882353,0.2817237038935327,0.4,0.05941176470588235,0.47549019607843135,0.327610733277234,0.5235294117647059
V2-global,v2_global,0.75,0.7592096924781799,0.7592096924781799,0.5,0.001,50,50,50,gap_weighted,0.2831212878227234,0.16315434873104095,0.796348220705986,0.979720477638716,600,0,0,0,0,170,0.08705882352941177,0.35294117647058826,0.29020860883418287,0.40588235294117647,0.06588235294117646,0.5333333333333333,0.3527881123183985,0.5823529411764706
V2-global,v2_global,0.75,0.7680167555809021,0.7680167555809021,0.5,0.001,100,100,100,gap_weighted,0.28053274750709534,0.1616916060447693,0.7967912149429321,0.9794545740029621,600,0,0,0,0,170,0.08588235294117648,0.34705882352941175,0.2877749428516074,0.4,0.06588235294117646,0.5333333333333333,0.35152477569162166,0.5823529411764706
V2-global,v2_global,0.75,0.7844312787055969,0.7844312787055969,0.5,0.001,200,200,200,gap_weighted,0.275827556848526,0.1590346246957779,0.7977003169059753,0.9791106595014757,600,0,0,0,0,170,0.08588235294117648,0.34705882352941175,0.2838058045903703,0.4,0.06058823529411765,0.484313725490196,0.33200431269927994,0.5352941176470588
V2-global,v2_global,0.75,0.7928119897842407,0.7928119897842407,0.5,0.005,50,50,50,gap_weighted,0.2734851837158203,0.1577119380235672,0.798189484278361,0.9790112565351122,600,0,0,0,0,170,0.08588235294117648,0.34705882352941175,0.28327704579101853,0.4,0.060000000000000005,0.4784313725490196,0.3292109402053151,0.5294117647058824
V2-global,v2_global,0.75,0.8180029392242432,0.8045660853385925,0.5,0.005,100,66,86,gap_weighted,0.27026817202568054,0.15589438378810883,0.7989133656024933,0.978958640330472,600,0,0,0,0,170,0.08470588235294117,0.34411764705882353,0.2815659511399064,0.4,0.058823529411764705,0.4696078431372549,0.325752599192326,0.5176470588235295
V2-global,v2_global,0.75,0.8180029392242432,0.8045660853385925,0.5,0.005,200,66,86,gap_weighted,0.27026817202568054,0.15589438378810883,0.7989133656024933,0.978958640330472,600,0,0,0,0,170,0.08470588235294117,0.34411764705882353,0.2815659511399064,0.4,0.058823529411764705,0.4696078431372549,0.325752599192326,0.5176470588235295
V2-global,v2_global,0.75,0.8280024528503418,0.8052946925163269,0.5,0.01,50,33,50,gap_weighted,0.2700713872909546,0.15578313171863556,0.7989582345883052,0.9789587158053987,600,0,0,0,0,170,0.08470588235294117,0.34411764705882353,0.2813081643702661,0.4,0.058823529411764705,0.4696078431372549,0.3255589811546186,0.5176470588235295
V2-global,v2_global,0.75,0.8316206336021423,0.8052946925163269,0.5,0.01,100,33,53,gap_weighted,0.2700713872909546,0.15578313171863556,0.7989582345883052,0.9789587158053987,600,0,0,0,0,170,0.08470588235294117,0.34411764705882353,0.2813081643702661,0.4,0.058823529411764705,0.4696078431372549,0.3255589811546186,0.5176470588235295
V2-global,v2_global,0.75,0.8316206336021423,0.8052946925163269,0.5,0.01,200,33,53,gap_weighted,0.2700713872909546,0.15578313171863556,0.7989582345883052,0.9789587158053987,600,0,0,0,0,170,0.08470588235294117,0.34411764705882353,0.2813081643702661,0.4,0.058823529411764705,0.4696078431372549,0.3255589811546186,0.5176470588235295
V2-global,v2_global,0.75,0.9063060283660889,0.8016501069068909,0.5,0.05,50,6,26,gap_weighted,0.2710588276386261,0.15634125471115112,0.7987337817748388,0.9789622331108072,600,0,0,0,0,170,0.08470588235294117,0.34411764705882353,0.2817237038935327,0.4,0.05941176470588235,0.47549019607843135,0.327610733277234,0.5235294117647059
V2-global,v2_global,0.75,0.9063060283660889,0.8016501069068909,0.5,0.05,100,6,26,gap_weighted,0.2710588276386261,0.15634125471115112,0.7987337817748388,0.9789622331108072,600,0,0,0,0,170,0.08470588235294117,0.34411764705882353,0.2817237038935327,0.4,0.05941176470588235,0.47549019607843135,0.327610733277234,0.5235294117647059
V2-global,v2_global,0.75,0.9063060283660889,0.8016501069068909,0.5,0.05,200,6,26,gap_weighted,0.2710588276386261,0.15634125471115112,0.7987337817748388,0.9789622331108072,600,0,0,0,0,170,0.08470588235294117,0.34411764705882353,0.2817237038935327,0.4,0.05941176470588235,0.47549019607843135,0.327610733277234,0.5235294117647059
V2-global,v2_global,0.75,0.7592095732688904,0.7592095732688904,1.0,0.001,50,50,50,gap_weighted,0.28312134742736816,0.16315437853336334,0.7963482127587,0.9797204764672047,600,0,0,0,0,170,0.08705882352941177,0.35294117647058826,0.29020860883418287,0.40588235294117647,0.06588235294117646,0.5333333333333333,0.3527881123183985,0.5823529411764706
V2-global,v2_global,0.75,0.7680159211158752,0.7680159211158752,1.0,0.001,100,100,100,gap_weighted,0.28053295612335205,0.16169174015522003,0.7967911730209987,0.9794545987989723,600,0,0,0,0,170,0.08588235294117648,0.34705882352941175,0.2877749428516074,0.4,0.06588235294117646,0.5333333333333333,0.35152477569162166,0.5823529411764706
V2-global,v2_global,0.75,0.7844288349151611,0.7844288349151611,1.0,0.001,200,200,200,gap_weighted,0.2758282423019409,0.15903501212596893,0.7977001750469208,0.9791106966519835,600,0,0,0,0,170,0.08588235294117648,0.34705882352941175,0.2838058045903703,0.4,0.06058823529411765,0.484313725490196,0.33200431269927994,0.5352941176470588
V2-global,v2_global,0.75,0.7928100824356079,0.7928100824356079,1.0,0.005,50,50,50,gap_weighted,0.2734856903553009,0.15771225094795227,0.7981893734137218,0.9790112743909456,600,0,0,0,0,170,0.08588235294117648,0.34705882352941175,0.28327704579101853,0.4,0.060000000000000005,0.4784313725490196,0.3292109402053151,0.5294117647058824
V2-global,v2_global,0.75,0.8180019855499268,0.8045637607574463,1.0,0.005,100,66,86,gap_weighted,0.27026882767677307,0.15589474141597748,0.7989132245381673,0.9789586397669389,600,0,0,0,0,170,0.08470588235294117,0.34411764705882353,0.2815659511399064,0.4,0.058823529411764705,0.4696078431372549,0.325752599192326,0.5176470588235295
V2-global,v2_global,0.75,0.8180019855499268,0.8045637607574463,1.0,0.005,200,66,86,gap_weighted,0.27026882767677307,0.15589474141597748,0.7989132245381673,0.9789586397669389,600,0,0,0,0,170,0.08470588235294117,0.34411764705882353,0.2815659511399064,0.4,0.058823529411764705,0.4696078431372549,0.325752599192326,0.5176470588235295
V2-global,v2_global,0.75,0.8280029296875,0.8052929639816284,1.0,0.01,50,33,50,gap_weighted,0.2700718343257904,0.15578339993953705,0.7989581298828125,0.9789587119782864,600,0,0,0,0,170,0.08470588235294117,0.34411764705882353,0.2813081643702661,0.4,0.058823529411764705,0.4696078431372549,0.3255589811546186,0.5176470588235295
V2-global,v2_global,0.75,0.8316221237182617,0.8052929639816284,1.0,0.01,100,33,53,gap_weighted,0.2700718343257904,0.15578339993953705,0.7989581298828125,0.9789587119782864,600,0,0,0,0,170,0.08470588235294117,0.34411764705882353,0.2813081643702661,0.4,0.058823529411764705,0.4696078431372549,0.3255589811546186,0.5176470588235295
V2-global,v2_global,0.75,0.8316221237182617,0.8052929639816284,1.0,0.01,200,33,53,gap_weighted,0.2700718343257904,0.15578339993953705,0.7989581298828125,0.9789587119782864,600,0,0,0,0,170,0.08470588235294117,0.34411764705882353,0.2813081643702661,0.4,0.058823529411764705,0.4696078431372549,0.3255589811546186,0.5176470588235295
V2-global,v2_global,0.75,0.9063466191291809,0.8016493320465088,1.0,0.05,50,6,26,gap_weighted,0.2710590362548828,0.15634137392044067,0.7987337340911229,0.9789622367338079,600,0,0,0,0,170,0.08470588235294117,0.34411764705882353,0.2817237038935327,0.4,0.05941176470588235,0.47549019607843135,0.327610733277234,0.5235294117647059
V2-global,v2_global,0.75,0.9063466191291809,0.8016493320465088,1.0,0.05,100,6,26,gap_weighted,0.2710590362548828,0.15634137392044067,0.7987337340911229,0.9789622367338079,600,0,0,0,0,170,0.08470588235294117,0.34411764705882353,0.2817237038935327,0.4,0.05941176470588235,0.47549019607843135,0.327610733277234,0.5235294117647059
V2-global,v2_global,0.75,0.9063466191291809,0.8016493320465088,1.0,0.05,200,6,26,gap_weighted,0.2710590362548828,0.15634137392044067,0.7987337340911229,0.9789622367338079,600,0,0,0,0,170,0.08470588235294117,0.34411764705882353,0.2817237038935327,0.4,0.05941176470588235,0.47549019607843135,0.327610733277234,0.5235294117647059
V2-global,v2_global,0.9,0.9018716812133789,0.9000899791717529,0.0,0.001,50,1,21,gap_weighted,0.24707938730716705,0.14261627197265625,0.805633047024409,0.9822847905140113,600,0,0,0,0,170,0.07411764705882354,0.2901960784313725,0.2348365326078272,0.35294117647058826,0.05117647058823529,0.4,0.27388700565197077,0.45294117647058824
V2-global,v2_global,0.9,0.9018716812133789,0.9000899791717529,0.0,0.001,100,1,21,gap_weighted,0.24707938730716705,0.14261627197265625,0.805633047024409,0.9822847905140113,600,0,0,0,0,170,0.07411764705882354,0.2901960784313725,0.2348365326078272,0.35294117647058826,0.05117647058823529,0.4,0.27388700565197077,0.45294117647058824
V2-global,v2_global,0.9,0.9018716812133789,0.9000899791717529,0.0,0.001,200,1,21,gap_weighted,0.24707938730716705,0.14261627197265625,0.805633047024409,0.9822847905140113,600,0,0,0,0,170,0.07411764705882354,0.2901960784313725,0.2348365326078272,0.35294117647058826,0.05117647058823529,0.4,0.27388700565197077,0.45294117647058824
V2-global,v2_global,0.9,0.9090012311935425,0.9004490971565247,0.0,0.005,50,1,21,gap_weighted,0.24700213968753815,0.14257097244262695,0.8056698304414749,0.9823098645092112,600,0,0,0,0,170,0.07411764705882354,0.2901960784313725,0.2348365326078272,0.35294117647058826,0.05117647058823529,0.4,0.27388700565197077,0.45294117647058824
V2-global,v2_global,0.9,0.9090012311935425,0.9004490971565247,0.0,0.005,100,1,21,gap_weighted,0.24700213968753815,0.14257097244262695,0.8056698304414749,0.9823098645092112,600,0,0,0,0,170,0.07411764705882354,0.2901960784313725,0.2348365326078272,0.35294117647058826,0.05117647058823529,0.4,0.27388700565197077,0.45294117647058824
V2-global,v2_global,0.9,0.9090012311935425,0.9004490971565247,0.0,0.005,200,1,21,gap_weighted,0.24700213968753815,0.14257097244262695,0.8056698304414749,0.9823098645092112,600,0,0,0,0,170,0.07411764705882354,0.2901960784313725,0.2348365326078272,0.35294117647058826,0.05117647058823529,0.4,0.27388700565197077,0.45294117647058824
V2-global,v2_global,0.9,0.9171526432037354,0.900896430015564,0.0,0.01,50,1,21,gap_weighted,0.24690604209899902,0.14251461625099182,0.8057156332333882,0.982341219521514,600,0,0,0,0,170,0.07411764705882354,0.2901960784313725,0.2348365326078272,0.35294117647058826,0.05117647058823529,0.4,0.27375245357094324,0.45294117647058824
V2-global,v2_global,0.9,0.9171526432037354,0.900896430015564,0.0,0.01,100,1,21,gap_weighted,0.24690604209899902,0.14251461625099182,0.8057156332333882,0.982341219521514,600,0,0,0,0,170,0.07411764705882354,0.2901960784313725,0.2348365326078272,0.35294117647058826,0.05117647058823529,0.4,0.27375245357094324,0.45294117647058824
V2-global,v2_global,0.9,0.9171526432037354,0.900896430015564,0.0,0.01,200,1,21,gap_weighted,0.24690604209899902,0.14251461625099182,0.8057156332333882,0.982341219521514,600,0,0,0,0,170,0.07411764705882354,0.2901960784313725,0.2348365326078272,0.35294117647058826,0.05117647058823529,0.4,0.27375245357094324,0.45294117647058824
V2-global,v2_global,0.9,0.9595468640327454,0.9044108986854553,0.0,0.05,50,1,21,gap_weighted,0.24615487456321716,0.14207352697849274,0.8060755612452825,0.9825926642090846,600,0,0,0,0,170,0.07411764705882354,0.2901960784313725,0.2343643019557577,0.35294117647058826,0.05117647058823529,0.4,0.2730607597724241,0.45294117647058824
V2-global,v2_global,0.9,0.9595468640327454,0.9044108986854553,0.0,0.05,100,1,21,gap_weighted,0.24615487456321716,0.14207352697849274,0.8060755612452825,0.9825926642090846,600,0,0,0,0,170,0.07411764705882354,0.2901960784313725,0.2343643019557577,0.35294117647058826,0.05117647058823529,0.4,0.2730607597724241,0.45294117647058824
V2-global,v2_global,0.9,0.9595468640327454,0.9044108986854553,0.0,0.05,200,1,21,gap_weighted,0.24615487456321716,0.14207352697849274,0.8060755612452825,0.9825926642090846,600,0,0,0,0,170,0.07411764705882354,0.2901960784313725,0.2343643019557577,0.35294117647058826,0.05117647058823529,0.4,0.2730607597724241,0.45294117647058824
V2-global,v2_global,0.9,0.9018716812133789,0.9000899791717529,0.01,0.001,50,1,21,gap_weighted,0.24707938730716705,0.14261627197265625,0.805633047024409,0.9822847905140113,600,0,0,0,0,170,0.07411764705882354,0.2901960784313725,0.2348365326078272,0.35294117647058826,0.05117647058823529,0.4,0.27388700565197077,0.45294117647058824
V2-global,v2_global,0.9,0.9018716812133789,0.9000899791717529,0.01,0.001,100,1,21,gap_weighted,0.24707938730716705,0.14261627197265625,0.805633047024409,0.9822847905140113,600,0,0,0,0,170,0.07411764705882354,0.2901960784313725,0.2348365326078272,0.35294117647058826,0.05117647058823529,0.4,0.27388700565197077,0.45294117647058824
V2-global,v2_global,0.9,0.9018716812133789,0.9000899791717529,0.01,0.001,200,1,21,gap_weighted,0.24707938730716705,0.14261627197265625,0.805633047024409,0.9822847905140113,600,0,0,0,0,170,0.07411764705882354,0.2901960784313725,0.2348365326078272,0.35294117647058826,0.05117647058823529,0.4,0.27388700565197077,0.45294117647058824
V2-global,v2_global,0.9,0.909001350402832,0.9004490971565247,0.01,0.005,50,1,21,gap_weighted,0.24700213968753815,0.14257097244262695,0.8056698304414749,0.9823098645092112,600,0,0,0,0,170,0.07411764705882354,0.2901960784313725,0.2348365326078272,0.35294117647058826,0.05117647058823529,0.4,0.27388700565197077,0.45294117647058824
V2-global,v2_global,0.9,0.909001350402832,0.9004490971565247,0.01,0.005,100,1,21,gap_weighted,0.24700213968753815,0.14257097244262695,0.8056698304414749,0.9823098645092112,600,0,0,0,0,170,0.07411764705882354,0.2901960784313725,0.2348365326078272,0.35294117647058826,0.05117647058823529,0.4,0.27388700565197077,0.45294117647058824
V2-global,v2_global,0.9,0.909001350402832,0.9004490971565247,0.01,0.005,200,1,21,gap_weighted,0.24700213968753815,0.14257097244262695,0.8056698304414749,0.9823098645092112,600,0,0,0,0,170,0.07411764705882354,0.2901960784313725,0.2348365326078272,0.35294117647058826,0.05117647058823529,0.4,0.27388700565197077,0.45294117647058824
V2-global,v2_global,0.9,0.9171527028083801,0.900896430015564,0.01,0.01,50,1,21,gap_weighted,0.24690604209899902,0.14251461625099182,0.8057156332333882,0.982341219521514,600,0,0,0,0,170,0.07411764705882354,0.2901960784313725,0.2348365326078272,0.35294117647058826,0.05117647058823529,0.4,0.27375245357094324,0.45294117647058824
V2-global,v2_global,0.9,0.9171527028083801,0.900896430015564,0.01,0.01,100,1,21,gap_weighted,0.24690604209899902,0.14251461625099182,0.8057156332333882,0.982341219521514,600,0,0,0,0,170,0.07411764705882354,0.2901960784313725,0.2348365326078272,0.35294117647058826,0.05117647058823529,0.4,0.27375245357094324,0.45294117647058824
V2-global,v2_global,0.9,0.9171527028083801,0.900896430015564,0.01,0.01,200,1,21,gap_weighted,0.24690604209899902,0.14251461625099182,0.8057156332333882,0.982341219521514,600,0,0,0,0,170,0.07411764705882354,0.2901960784313725,0.2348365326078272,0.35294117647058826,0.05117647058823529,0.4,0.27375245357094324,0.45294117647058824
V2-global,v2_global,0.9,0.9595479369163513,0.9044108986854553,0.01,0.05,50,1,21,gap_weighted,0.24615487456321716,0.14207352697849274,0.8060755612452825,0.9825926642090846,600,0,0,0,0,170,0.07411764705882354,0.2901960784313725,0.2343643019557577,0.35294117647058826,0.05117647058823529,0.4,0.2730607597724241,0.45294117647058824
V2-global,v2_global,0.9,0.9595479369163513,0.9044108986854553,0.01,0.05,100,1,21,gap_weighted,0.24615487456321716,0.14207352697849274,0.8060755612452825,0.9825926642090846,600,0,0,0,0,170,0.07411764705882354,0.2901960784313725,0.2343643019557577,0.35294117647058826,0.05117647058823529,0.4,0.2730607597724241,0.45294117647058824
V2-global,v2_global,0.9,0.9595479369163513,0.9044108986854553,0.01,0.05,200,1,21,gap_weighted,0.24615487456321716,0.14207352697849274,0.8060755612452825,0.9825926642090846,600,0,0,0,0,170,0.07411764705882354,0.2901960784313725,0.2343643019557577,0.35294117647058826,0.05117647058823529,0.4,0.2730607597724241,0.45294117647058824
V2-global,v2_global,0.9,0.9018716812133789,0.9000899791717529,0.05,0.001,50,1,21,gap_weighted,0.24707938730716705,0.14261627197265625,0.805633047024409,0.9822847905140113,600,0,0,0,0,170,0.07411764705882354,0.2901960784313725,0.2348365326078272,0.35294117647058826,0.05117647058823529,0.4,0.27388700565197077,0.45294117647058824
V2-global,v2_global,0.9,0.9018716812133789,0.9000899791717529,0.05,0.001,100,1,21,gap_weighted,0.24707938730716705,0.14261627197265625,0.805633047024409,0.9822847905140113,600,0,0,0,0,170,0.07411764705882354,0.2901960784313725,0.2348365326078272,0.35294117647058826,0.05117647058823529,0.4,0.27388700565197077,0.45294117647058824
V2-global,v2_global,0.9,0.9018716812133789,0.9000899791717529,0.05,0.001,200,1,21,gap_weighted,0.24707938730716705,0.14261627197265625,0.805633047024409,0.9822847905140113,600,0,0,0,0,170,0.07411764705882354,0.2901960784313725,0.2348365326078272,0.35294117647058826,0.05117647058823529,0.4,0.27388700565197077,0.45294117647058824
V2-global,v2_global,0.9,0.909001350402832,0.9004490971565247,0.05,0.005,50,1,21,gap_weighted,0.24700213968753815,0.14257097244262695,0.8056698304414749,0.9823098645092112,600,0,0,0,0,170,0.07411764705882354,0.2901960784313725,0.2348365326078272,0.35294117647058826,0.05117647058823529,0.4,0.27388700565197077,0.45294117647058824
V2-global,v2_global,0.9,0.909001350402832,0.9004490971565247,0.05,0.005,100,1,21,gap_weighted,0.24700213968753815,0.14257097244262695,0.8056698304414749,0.9823098645092112,600,0,0,0,0,170,0.07411764705882354,0.2901960784313725,0.2348365326078272,0.35294117647058826,0.05117647058823529,0.4,0.27388700565197077,0.45294117647058824
V2-global,v2_global,0.9,0.909001350402832,0.9004490971565247,0.05,0.005,200,1,21,gap_weighted,0.24700213968753815,0.14257097244262695,0.8056698304414749,0.9823098645092112,600,0,0,0,0,170,0.07411764705882354,0.2901960784313725,0.2348365326078272,0.35294117647058826,0.05117647058823529,0.4,0.27388700565197077,0.45294117647058824
V2-global,v2_global,0.9,0.917153000831604,0.900896430015564,0.05,0.01,50,1,21,gap_weighted,0.24690604209899902,0.14251461625099182,0.8057156332333882,0.982341219521514,600,0,0,0,0,170,0.07411764705882354,0.2901960784313725,0.2348365326078272,0.35294117647058826,0.05117647058823529,0.4,0.27375245357094324,0.45294117647058824
V2-global,v2_global,0.9,0.917153000831604,0.900896430015564,0.05,0.01,100,1,21,gap_weighted,0.24690604209899902,0.14251461625099182,0.8057156332333882,0.982341219521514,600,0,0,0,0,170,0.07411764705882354,0.2901960784313725,0.2348365326078272,0.35294117647058826,0.05117647058823529,0.4,0.27375245357094324,0.45294117647058824
V2-global,v2_global,0.9,0.917153000831604,0.900896430015564,0.05,0.01,200,1,21,gap_weighted,0.24690604209899902,0.14251461625099182,0.8057156332333882,0.982341219521514,600,0,0,0,0,170,0.07411764705882354,0.2901960784313725,0.2348365326078272,0.35294117647058826,0.05117647058823529,0.4,0.27375245357094324,0.45294117647058824
V2-global,v2_global,0.9,0.9595523476600647,0.9044108986854553,0.05,0.05,50,1,21,gap_weighted,0.24615487456321716,0.14207352697849274,0.8060755612452825,0.9825926642090846,600,0,0,0,0,170,0.07411764705882354,0.2901960784313725,0.2343643019557577,0.35294117647058826,0.05117647058823529,0.4,0.2730607597724241,0.45294117647058824
V2-global,v2_global,0.9,0.9595523476600647,0.9044108986854553,0.05,0.05,100,1,21,gap_weighted,0.24615487456321716,0.14207352697849274,0.8060755612452825,0.9825926642090846,600,0,0,0,0,170,0.07411764705882354,0.2901960784313725,0.2343643019557577,0.35294117647058826,0.05117647058823529,0.4,0.2730607597724241,0.45294117647058824
V2-global,v2_global,0.9,0.9595523476600647,0.9044108986854553,0.05,0.05,200,1,21,gap_weighted,0.24615487456321716,0.14207352697849274,0.8060755612452825,0.9825926642090846,600,0,0,0,0,170,0.07411764705882354,0.2901960784313725,0.2343643019557577,0.35294117647058826,0.05117647058823529,0.4,0.2730607597724241,0.45294117647058824
V2-global,v2_global,0.9,0.9018716812133789,0.9000899791717529,0.1,0.001,50,1,21,gap_weighted,0.24707938730716705,0.14261627197265625,0.805633047024409,0.9822847905140113,600,0,0,0,0,170,0.07411764705882354,0.2901960784313725,0.2348365326078272,0.35294117647058826,0.05117647058823529,0.4,0.27388700565197077,0.45294117647058824
V2-global,v2_global,0.9,0.9018716812133789,0.9000899791717529,0.1,0.001,100,1,21,gap_weighted,0.24707938730716705,0.14261627197265625,0.805633047024409,0.9822847905140113,600,0,0,0,0,170,0.07411764705882354,0.2901960784313725,0.2348365326078272,0.35294117647058826,0.05117647058823529,0.4,0.27388700565197077,0.45294117647058824
V2-global,v2_global,0.9,0.9018716812133789,0.9000899791717529,0.1,0.001,200,1,21,gap_weighted,0.24707938730716705,0.14261627197265625,0.805633047024409,0.9822847905140113,600,0,0,0,0,170,0.07411764705882354,0.2901960784313725,0.2348365326078272,0.35294117647058826,0.05117647058823529,0.4,0.27388700565197077,0.45294117647058824
V2-global,v2_global,0.9,0.9090014696121216,0.9004490971565247,0.1,0.005,50,1,21,gap_weighted,0.24700213968753815,0.14257097244262695,0.8056698304414749,0.9823098645092112,600,0,0,0,0,170,0.07411764705882354,0.2901960784313725,0.2348365326078272,0.35294117647058826,0.05117647058823529,0.4,0.27388700565197077,0.45294117647058824
V2-global,v2_global,0.9,0.9090014696121216,0.9004490971565247,0.1,0.005,100,1,21,gap_weighted,0.24700213968753815,0.14257097244262695,0.8056698304414749,0.9823098645092112,600,0,0,0,0,170,0.07411764705882354,0.2901960784313725,0.2348365326078272,0.35294117647058826,0.05117647058823529,0.4,0.27388700565197077,0.45294117647058824
V2-global,v2_global,0.9,0.9090014696121216,0.9004490971565247,0.1,0.005,200,1,21,gap_weighted,0.24700213968753815,0.14257097244262695,0.8056698304414749,0.9823098645092112,600,0,0,0,0,170,0.07411764705882354,0.2901960784313725,0.2348365326078272,0.35294117647058826,0.05117647058823529,0.4,0.27388700565197077,0.45294117647058824
V2-global,v2_global,0.9,0.9171534180641174,0.900896430015564,0.1,0.01,50,1,21,gap_weighted,0.24690604209899902,0.14251461625099182,0.8057156332333882,0.982341219521514,600,0,0,0,0,170,0.07411764705882354,0.2901960784313725,0.2348365326078272,0.35294117647058826,0.05117647058823529,0.4,0.27375245357094324,0.45294117647058824
V2-global,v2_global,0.9,0.9171534180641174,0.900896430015564,0.1,0.01,100,1,21,gap_weighted,0.24690604209899902,0.14251461625099182,0.8057156332333882,0.982341219521514,600,0,0,0,0,170,0.07411764705882354,0.2901960784313725,0.2348365326078272,0.35294117647058826,0.05117647058823529,0.4,0.27375245357094324,0.45294117647058824
V2-global,v2_global,0.9,0.9171534180641174,0.900896430015564,0.1,0.01,200,1,21,gap_weighted,0.24690604209899902,0.14251461625099182,0.8057156332333882,0.982341219521514,600,0,0,0,0,170,0.07411764705882354,0.2901960784313725,0.2348365326078272,0.35294117647058826,0.05117647058823529,0.4,0.27375245357094324,0.45294117647058824
V2-global,v2_global,0.9,0.9595577120780945,0.9044108986854553,0.1,0.05,50,1,21,gap_weighted,0.24615487456321716,0.14207352697849274,0.8060755612452825,0.9825926642090846,600,0,0,0,0,170,0.07411764705882354,0.2901960784313725,0.2343643019557577,0.35294117647058826,0.05117647058823529,0.4,0.2730607597724241,0.45294117647058824
V2-global,v2_global,0.9,0.9595577120780945,0.9044108986854553,0.1,0.05,100,1,21,gap_weighted,0.24615487456321716,0.14207352697849274,0.8060755612452825,0.9825926642090846,600,0,0,0,0,170,0.07411764705882354,0.2901960784313725,0.2343643019557577,0.35294117647058826,0.05117647058823529,0.4,0.2730607597724241,0.45294117647058824
V2-global,v2_global,0.9,0.9595577120780945,0.9044108986854553,0.1,0.05,200,1,21,gap_weighted,0.24615487456321716,0.14207352697849274,0.8060755612452825,0.9825926642090846,600,0,0,0,0,170,0.07411764705882354,0.2901960784313725,0.2343643019557577,0.35294117647058826,0.05117647058823529,0.4,0.2730607597724241,0.45294117647058824
V2-global,v2_global,0.9,0.9018716812133789,0.9000899791717529,0.25,0.001,50,1,21,gap_weighted,0.24707938730716705,0.14261627197265625,0.805633047024409,0.9822847905140113,600,0,0,0,0,170,0.07411764705882354,0.2901960784313725,0.2348365326078272,0.35294117647058826,0.05117647058823529,0.4,0.27388700565197077,0.45294117647058824
V2-global,v2_global,0.9,0.9018716812133789,0.9000899791717529,0.25,0.001,100,1,21,gap_weighted,0.24707938730716705,0.14261627197265625,0.805633047024409,0.9822847905140113,600,0,0,0,0,170,0.07411764705882354,0.2901960784313725,0.2348365326078272,0.35294117647058826,0.05117647058823529,0.4,0.27388700565197077,0.45294117647058824
V2-global,v2_global,0.9,0.9018716812133789,0.9000899791717529,0.25,0.001,200,1,21,gap_weighted,0.24707938730716705,0.14261627197265625,0.805633047024409,0.9822847905140113,600,0,0,0,0,170,0.07411764705882354,0.2901960784313725,0.2348365326078272,0.35294117647058826,0.05117647058823529,0.4,0.27388700565197077,0.45294117647058824
V2-global,v2_global,0.9,0.9090017080307007,0.9004490971565247,0.25,0.005,50,1,21,gap_weighted,0.24700213968753815,0.14257097244262695,0.8056698304414749,0.9823098645092112,600,0,0,0,0,170,0.07411764705882354,0.2901960784313725,0.2348365326078272,0.35294117647058826,0.05117647058823529,0.4,0.27388700565197077,0.45294117647058824
V2-global,v2_global,0.9,0.9090017080307007,0.9004490971565247,0.25,0.005,100,1,21,gap_weighted,0.24700213968753815,0.14257097244262695,0.8056698304414749,0.9823098645092112,600,0,0,0,0,170,0.07411764705882354,0.2901960784313725,0.2348365326078272,0.35294117647058826,0.05117647058823529,0.4,0.27388700565197077,0.45294117647058824
V2-global,v2_global,0.9,0.9090017080307007,0.9004490971565247,0.25,0.005,200,1,21,gap_weighted,0.24700213968753815,0.14257097244262695,0.8056698304414749,0.9823098645092112,600,0,0,0,0,170,0.07411764705882354,0.2901960784313725,0.2348365326078272,0.35294117647058826,0.05117647058823529,0.4,0.27388700565197077,0.45294117647058824
V2-global,v2_global,0.9,0.9171544313430786,0.900896430015564,0.25,0.01,50,1,21,gap_weighted,0.24690604209899902,0.14251461625099182,0.8057156332333882,0.982341219521514,600,0,0,0,0,170,0.07411764705882354,0.2901960784313725,0.2348365326078272,0.35294117647058826,0.05117647058823529,0.4,0.27375245357094324,0.45294117647058824
V2-global,v2_global,0.9,0.9171544313430786,0.900896430015564,0.25,0.01,100,1,21,gap_weighted,0.24690604209899902,0.14251461625099182,0.8057156332333882,0.982341219521514,600,0,0,0,0,170,0.07411764705882354,0.2901960784313725,0.2348365326078272,0.35294117647058826,0.05117647058823529,0.4,0.27375245357094324,0.45294117647058824
V2-global,v2_global,0.9,0.9171544313430786,0.900896430015564,0.25,0.01,200,1,21,gap_weighted,0.24690604209899902,0.14251461625099182,0.8057156332333882,0.982341219521514,600,0,0,0,0,170,0.07411764705882354,0.2901960784313725,0.2348365326078272,0.35294117647058826,0.05117647058823529,0.4,0.27375245357094324,0.45294117647058824
V2-global,v2_global,0.9,0.959571897983551,0.9044108986854553,0.25,0.05,50,1,21,gap_weighted,0.24615487456321716,0.14207352697849274,0.8060755612452825,0.9825926642090846,600,0,0,0,0,170,0.07411764705882354,0.2901960784313725,0.2343643019557577,0.35294117647058826,0.05117647058823529,0.4,0.2730607597724241,0.45294117647058824
V2-global,v2_global,0.9,0.959571897983551,0.9044108986854553,0.25,0.05,100,1,21,gap_weighted,0.24615487456321716,0.14207352697849274,0.8060755612452825,0.9825926642090846,600,0,0,0,0,170,0.07411764705882354,0.2901960784313725,0.2343643019557577,0.35294117647058826,0.05117647058823529,0.4,0.2730607597724241,0.45294117647058824
V2-global,v2_global,0.9,0.959571897983551,0.9044108986854553,0.25,0.05,200,1,21,gap_weighted,0.24615487456321716,0.14207352697849274,0.8060755612452825,0.9825926642090846,600,0,0,0,0,170,0.07411764705882354,0.2901960784313725,0.2343643019557577,0.35294117647058826,0.05117647058823529,0.4,0.2730607597724241,0.45294117647058824
V2-global,v2_global,0.9,0.9018716812133789,0.9000899791717529,0.5,0.001,50,1,21,gap_weighted,0.24707938730716705,0.14261627197265625,0.805633047024409,0.9822847905140113,600,0,0,0,0,170,0.07411764705882354,0.2901960784313725,0.2348365326078272,0.35294117647058826,0.05117647058823529,0.4,0.27388700565197077,0.45294117647058824
V2-global,v2_global,0.9,0.9018716812133789,0.9000899791717529,0.5,0.001,100,1,21,gap_weighted,0.24707938730716705,0.14261627197265625,0.805633047024409,0.9822847905140113,600,0,0,0,0,170,0.07411764705882354,0.2901960784313725,0.2348365326078272,0.35294117647058826,0.05117647058823529,0.4,0.27388700565197077,0.45294117647058824
V2-global,v2_global,0.9,0.9018716812133789,0.9000899791717529,0.5,0.001,200,1,21,gap_weighted,0.24707938730716705,0.14261627197265625,0.805633047024409,0.9822847905140113,600,0,0,0,0,170,0.07411764705882354,0.2901960784313725,0.2348365326078272,0.35294117647058826,0.05117647058823529,0.4,0.27388700565197077,0.45294117647058824
V2-global,v2_global,0.9,0.9090021252632141,0.9004490971565247,0.5,0.005,50,1,21,gap_weighted,0.24700213968753815,0.14257097244262695,0.8056698304414749,0.9823098645092112,600,0,0,0,0,170,0.07411764705882354,0.2901960784313725,0.2348365326078272,0.35294117647058826,0.05117647058823529,0.4,0.27388700565197077,0.45294117647058824
V2-global,v2_global,0.9,0.9090021252632141,0.9004490971565247,0.5,0.005,100,1,21,gap_weighted,0.24700213968753815,0.14257097244262695,0.8056698304414749,0.9823098645092112,600,0,0,0,0,170,0.07411764705882354,0.2901960784313725,0.2348365326078272,0.35294117647058826,0.05117647058823529,0.4,0.27388700565197077,0.45294117647058824
V2-global,v2_global,0.9,0.9090021252632141,0.9004490971565247,0.5,0.005,200,1,21,gap_weighted,0.24700213968753815,0.14257097244262695,0.8056698304414749,0.9823098645092112,600,0,0,0,0,170,0.07411764705882354,0.2901960784313725,0.2348365326078272,0.35294117647058826,0.05117647058823529,0.4,0.27388700565197077,0.45294117647058824
V2-global,v2_global,0.9,0.9171558022499084,0.900896430015564,0.5,0.01,50,1,21,gap_weighted,0.24690604209899902,0.14251461625099182,0.8057156332333882,0.982341219521514,600,0,0,0,0,170,0.07411764705882354,0.2901960784313725,0.2348365326078272,0.35294117647058826,0.05117647058823529,0.4,0.27375245357094324,0.45294117647058824
V2-global,v2_global,0.9,0.9171558022499084,0.900896430015564,0.5,0.01,100,1,21,gap_weighted,0.24690604209899902,0.14251461625099182,0.8057156332333882,0.982341219521514,600,0,0,0,0,170,0.07411764705882354,0.2901960784313725,0.2348365326078272,0.35294117647058826,0.05117647058823529,0.4,0.27375245357094324,0.45294117647058824
V2-global,v2_global,0.9,0.9171558022499084,0.900896430015564,0.5,0.01,200,1,21,gap_weighted,0.24690604209899902,0.14251461625099182,0.8057156332333882,0.982341219521514,600,0,0,0,0,170,0.07411764705882354,0.2901960784313725,0.2348365326078272,0.35294117647058826,0.05117647058823529,0.4,0.27375245357094324,0.45294117647058824
V2-global,v2_global,0.9,0.9595912098884583,0.9044108986854553,0.5,0.05,50,1,21,gap_weighted,0.24615487456321716,0.14207352697849274,0.8060755612452825,0.9825926642090846,600,0,0,0,0,170,0.07411764705882354,0.2901960784313725,0.2343643019557577,0.35294117647058826,0.05117647058823529,0.4,0.2730607597724241,0.45294117647058824
V2-global,v2_global,0.9,0.9595912098884583,0.9044108986854553,0.5,0.05,100,1,21,gap_weighted,0.24615487456321716,0.14207352697849274,0.8060755612452825,0.9825926642090846,600,0,0,0,0,170,0.07411764705882354,0.2901960784313725,0.2343643019557577,0.35294117647058826,0.05117647058823529,0.4,0.2730607597724241,0.45294117647058824
V2-global,v2_global,0.9,0.9595912098884583,0.9044108986854553,0.5,0.05,200,1,21,gap_weighted,0.24615487456321716,0.14207352697849274,0.8060755612452825,0.9825926642090846,600,0,0,0,0,170,0.07411764705882354,0.2901960784313725,0.2343643019557577,0.35294117647058826,0.05117647058823529,0.4,0.2730607597724241,0.45294117647058824
V2-global,v2_global,0.9,0.9018716812133789,0.9000899791717529,1.0,0.001,50,1,21,gap_weighted,0.24707938730716705,0.14261627197265625,0.805633047024409,0.9822847905140113,600,0,0,0,0,170,0.07411764705882354,0.2901960784313725,0.2348365326078272,0.35294117647058826,0.05117647058823529,0.4,0.27388700565197077,0.45294117647058824
V2-global,v2_global,0.9,0.9018716812133789,0.9000899791717529,1.0,0.001,100,1,21,gap_weighted,0.24707938730716705,0.14261627197265625,0.805633047024409,0.9822847905140113,600,0,0,0,0,170,0.07411764705882354,0.2901960784313725,0.2348365326078272,0.35294117647058826,0.05117647058823529,0.4,0.27388700565197077,0.45294117647058824
V2-global,v2_global,0.9,0.9018716812133789,0.9000899791717529,1.0,0.001,200,1,21,gap_weighted,0.24707938730716705,0.14261627197265625,0.805633047024409,0.9822847905140113,600,0,0,0,0,170,0.07411764705882354,0.2901960784313725,0.2348365326078272,0.35294117647058826,0.05117647058823529,0.4,0.27388700565197077,0.45294117647058824
V2-global,v2_global,0.9,0.9090026021003723,0.9004490971565247,1.0,0.005,50,1,21,gap_weighted,0.24700213968753815,0.14257097244262695,0.8056698304414749,0.9823098645092112,600,0,0,0,0,170,0.07411764705882354,0.2901960784313725,0.2348365326078272,0.35294117647058826,0.05117647058823529,0.4,0.27388700565197077,0.45294117647058824
V2-global,v2_global,0.9,0.9090026021003723,0.9004490971565247,1.0,0.005,100,1,21,gap_weighted,0.24700213968753815,0.14257097244262695,0.8056698304414749,0.9823098645092112,600,0,0,0,0,170,0.07411764705882354,0.2901960784313725,0.2348365326078272,0.35294117647058826,0.05117647058823529,0.4,0.27388700565197077,0.45294117647058824
V2-global,v2_global,0.9,0.9090026021003723,0.9004490971565247,1.0,0.005,200,1,21,gap_weighted,0.24700213968753815,0.14257097244262695,0.8056698304414749,0.9823098645092112,600,0,0,0,0,170,0.07411764705882354,0.2901960784313725,0.2348365326078272,0.35294117647058826,0.05117647058823529,0.4,0.27388700565197077,0.45294117647058824
V2-global,v2_global,0.9,0.9171578288078308,0.900896430015564,1.0,0.01,50,1,21,gap_weighted,0.24690604209899902,0.14251461625099182,0.8057156332333882,0.982341219521514,600,0,0,0,0,170,0.07411764705882354,0.2901960784313725,0.2348365326078272,0.35294117647058826,0.05117647058823529,0.4,0.27375245357094324,0.45294117647058824
V2-global,v2_global,0.9,0.9171578288078308,0.900896430015564,1.0,0.01,100,1,21,gap_weighted,0.24690604209899902,0.14251461625099182,0.8057156332333882,0.982341219521514,600,0,0,0,0,170,0.07411764705882354,0.2901960784313725,0.2348365326078272,0.35294117647058826,0.05117647058823529,0.4,0.27375245357094324,0.45294117647058824
V2-global,v2_global,0.9,0.9171578288078308,0.900896430015564,1.0,0.01,200,1,21,gap_weighted,0.24690604209899902,0.14251461625099182,0.8057156332333882,0.982341219521514,600,0,0,0,0,170,0.07411764705882354,0.2901960784313725,0.2348365326078272,0.35294117647058826,0.05117647058823529,0.4,0.27375245357094324,0.45294117647058824
V2-global,v2_global,0.9,0.9596189856529236,0.9044108986854553,1.0,0.05,50,1,21,gap_weighted,0.24615487456321716,0.14207352697849274,0.8060755612452825,0.9825926642090846,600,0,0,0,0,170,0.07411764705882354,0.2901960784313725,0.2343643019557577,0.35294117647058826,0.05117647058823529,0.4,0.2730607597724241,0.45294117647058824
V2-global,v2_global,0.9,0.9596189856529236,0.9044108986854553,1.0,0.05,100,1,21,gap_weighted,0.24615487456321716,0.14207352697849274,0.8060755612452825,0.9825926642090846,600,0,0,0,0,170,0.07411764705882354,0.2901960784313725,0.2343643019557577,0.35294117647058826,0.05117647058823529,0.4,0.2730607597724241,0.45294117647058824
V2-global,v2_global,0.9,0.9596189856529236,0.9044108986854553,1.0,0.05,200,1,21,gap_weighted,0.24615487456321716,0.14207352697849274,0.8060755612452825,0.9825926642090846,600,0,0,0,0,170,0.07411764705882354,0.2901960784313725,0.2343643019557577,0.35294117647058826,0.05117647058823529,0.4,0.2730607597724241,0.45294117647058824
